question,type,difficulty,history,retrieved_context,ans_small_phi
한국가스공사의 '차세대 통합정보시스템(ERP) 구축' 사업 예산 규모는 얼마입니까?,A,하,[],"* SAP ERP 기능 고도화 과업은 34개 과제를 기준으로 추정가격을 산출하였음(기능점수 기준 920FP 상당). 단, 사업 진행 최종 확정된 과제를 기준으로 개발규모(최종 기능점수)를 재산정하여 과업 변경이 필요한 경우 과업 및 그에 따른 계약 변경 예정
 - SAP 컨버전 후 최종 확정된 업무별 시스템 기능 개선 요구사항 반영
 생산공급 시스템 재구축
 - KOGAS 핵심 업무인 천연가스 생산/공급 업무 시스템 재구축
 - 표준 업무 프로세스 기반 기능 고도화, 데이터 분석 및 활용 서비스 개발

과 업 지 시 서
- 차세대 통합정보시스템(ERP) 구축 -
2024. 8.
 
 
목차
Ⅰ. 개요
Ⅱ. 과업내용
Ⅲ. 일반사항
 
 1. 사 업 명 : 차세대 통합정보시스템(ERP) 구축
Ⅰ 
 개요 
2. 사업목적
 기술지원 종료(‘27년)에 대비한 ERP 업그레이드
 - 제조사(SAP )의 기술지원 종료 이후 세법 개정, 보안취약점 발생시 원활한 대응이 불가 등 기술지원 종료 대비한 선제적 대응으로 안정적 서비스 제공
 정보시스템 복잡도 해소 및 접근‧활용 간소화로 업무생산성 향상

3. 사업기간 : 계약일로부터 28개월
 소프트웨어 사업수행 적정 사업기간 산정기준에 따른 사업
 사업기간 종료 후 1년간 무상하자보수 실시 (시스템 안정화 지원계획 제출)
4. 주요 사업내용
 SAP ERP Conversion
 - SAP ERP ECC 6.0 → S/4 HANA ERP로 전환
 - ERP 전환 신규 인프라 구축 및 인터페이스 개선
 - HTML5 기반의 Web Service 제공 (BSP화면 웹전환 포함)
 업무 프로세스 개선(PI) 및 고도화 개발
 - KOGAS 전사 업무 프로세스 표준화

정보시스템 복잡도 해소 및 접근‧활용 간소화로 업무생산성 향상
 - ‘09년 도입 이후 종합적인 개선 없이 단편적 수정으로 복잡도 증가 및 대사-검증 등 수작업에 따른 비효율 해소
* 원가결산, 급여정산 등 검증을 위한 수작업 및 대용량 데이터 처리시 속도지연 발생
 - 시스템 접근, 데이터 탐색‧활용 간소화로 사용자 편의 및 데이터 기반의 업무환경 마련
* KOGAS 디지털 전환 전략 수립 설문결과(임직원 45%, 데이터 탐색불가로 불편 호소)
3. 사업기간 : 계약일로부터 28개월

- 실시간 프로세스 변경 처리 및 통합 모니터링 지원
 - 신규 도입 이후 전사 업무 프로세스 거버넌스 구현
5. 추진일정 : 계약 체결일로부터 28개월 (안정화기간 6개월 포함)
 
과업
내용
M
M
+1
M
+2
M
+3
M
+4
M
+5
M
+6
M
+7
M
+8
M
+9
M
+10
M
+11
M
+12
M
+13
M
+14
M
+15
M
+16
M
+17
M
+18
M
+19
M
+20
M
+21
M
+22
M
+23
M
+24
M
+25
M
+26
M
+27","본 사업의 예산 규모는 46,000,000,000원입니다."
고려대학교에서 발주한 '차세대 포털·학사 정보시스템 구축사업'의 예산은 얼마로 배정되어 있나요?,A,하,[],"[별첨 2] 고려대학교 학습관리시스템 데이터 연동 현황

- 2 -

 
 
I

 사업 개요

1. 사업명

고려대학교(이하 '본교') 차세대 LMS(학습관리시스템) 구축을 위한 사업을 추진하고

자 함(이하 '본 사업' 이라 한다)

2. 사업개요

가. 계약기간

 - 구축기간 : 계약일로부터 3개월(시범운영 준비 기간 포함)

 - 시범운영기간 : 2024년 12월 23일 ~ 2025년 2월 28일(계절학기, 법정의무교육)

 - 무상유지보수 기간 : 2025년 3월 1일 ~ 2026년 2월 28일

제 안 요 청 서 

고려대학교 
차세대 포털·학사 정보시스템 구축 사업 

2024. 7. 01 

※ 본 자료는 제안내용의 설명을 위한 배포자료로, 이외 목적으로 무단복제, 전달 및 사용하는 행위를 금함. 

-1- 

 
 
 
 
 
 
 
 
 
 
 
 
 
 
 
 
목 차 

Ⅰ. 사업개요 ·················································································································· 4

제 안 요 청 서 

고려대학교 
차세대 포털·학사 정보시스템 구축 사업 

2024. 7. 01 

※ 본 자료는 제안내용의 설명을 위한 배포자료로, 이외 목적으로 무단복제, 전달 및 사용하는 행위를 금함. 

-1- 

 
 
 
 
 
 
 
 
 
 
 
 
 
 
 
 
목 차 

Ⅰ. 사업개요 ·················································································································· 4

제 안 요 청 서

고려대학교
차세대 LMS(학습관리시스템) 구축 사업

2024. 9. 

※ 본 자료는 제안내용의 설명을 위한 배포자료로, 이외 목적으로 무단복제, 전달 및 사용하는 행위를 금함.

- 1 -

 
 
목 차

Ⅰ. 사업개요 ····························································································· 3

나. 계약방법 : 경쟁입찰(협상에 의한 계약)

3. 사업배경

가. '본교' 교육환경과 수요를 반영한 학습관리시스템 도입 필요

나. 전문적인 학사, 수강, 포털 DB 등의 데이터 연동 지원 필요

다. 노후화된 학습관리시스템 및 불편한 인터페이스 개선

라. COVID-19와 같은 상황 발생 시 효율적인 비대면 온라인 교육을 지원하는 시스

템 도입(영상 출석, 온라인 강의 출석 등) 필요

마. '본교' 구성원의 요구를 반영한 차세대 학습관리시스템 구축 필요

 - 사용자 중심의 인터페이스 개선

 - 원활한 모바일 사용 환경","예산은 부가가치세를 포함하여 8,000,000원으로 배정되어 있습니다."
코이카(KOICA) 전자조달의 '우즈베키스탄 열린 의정활동 상하원 국회 방송시스템 구축 및 지역의회 연계 개선 PMC 용역' 예산 규모는 어떻게 됩니까?,A,하,[],"다. 기대 효과	 - 	4
2. 현황 및 개선방안	 - 	5
 가. 서비스 현황	 - 	5
 나. 문제점 및 개선방안	 - 	6
 다. 정보시스템 현황	 - 	6
3. 사업 추진방안	 - 	8
 가. 추진목표	 - 	8
 나. 추진전략	 - 	8
 다. 추진체계	 - 	9
 라. 추진일정	 - 	10
4. 제안요청 내용	 - 	11
 가. 제안요청 개요	 - 	11
 나. 상세요구사항	 - 	12
 1) 시스템 장비 구성 요구사항(Equipment Composition Requirement) 	( - 	15

제 안 요 청 서
 
사 업 명
 2024년도 행정지원시스템 개선사업(전자문서시스템 등)
주관기관
 국 회 사 무 처
2024. 10.
 
기획조정실
디지털운영담당관실
사업
담당
장애경 주무관
TEL:02-6788-2060
FAX:02-6788-3378
기획조정실
디지털정책담당관실
검사
담당
김상아 주무관
TEL:02-6788-2581
 FAX:02-6788-4493
 목 차 
 
 
 
1. 사업 개요	 - 	4
 가. 목 적	 - 	4
 나. 사업 범위	 - 	4
 다. 기대 효과	 - 	4
2. 현황 및 개선방안	 - 	5

11) 프로젝트 지원 요구사항(Project Support Requirement)	ᦜ - 	43
5. 제안서 작성요령	 - 	46
 가. 제안서의 효력 	 - 	46
 나. 제안서 작성지침(권장사항) 및 유의사항	 - 	46
 다. 제안서 목차	 - 	47
 라. 제안서 세부 작성지침	 - 	48
6. 제안안내사항	 - 	50
 가. 입찰방식	 - 	50
 나. 제안서 평가 방법 	 - 	51
 다. 기술성 평가기준	 - 	52
 라. 제출서류	 - 	55
 마. 제안서 제출 일정 및 방법	 - 	55

라. 제출서류	 - 	55
 마. 제안서 제출 일정 및 방법	 - 	55
 바. 제안요청설명회	 - 	55
 사. 제안설명회(제안서평가) 개최	 - 	55
 아. 입찰 시 유의사항	 - 	55
 자. 제안서 보상	 - 	56
7. 기타 사항	 - 	57
 가. 작업장소 상호 협의	 - 	57
 나. 계약목적물의 지식재산권 귀속 등	 - 	57
 다. 개발SW의 공동활용 사전 명시	 - 	58
 라. 하도급계약	 - 	58
 마. 과업심의위원회 및 과업내용 변경	 - 	59
 바. 소프트웨어 사업정보 제출	 - 	59

바. 소프트웨어 사업정보 제출	 - 	59
 사. 하자담보 책임기간 명시	 - 	60
 아. SW 직접구매 대상 검토	 - 	60","한국국제협력회의 코이카(한국국제협력위원회) 전자조달에서 발주한 '우즈베키스탄 열린 의정활동 상하원 국회 방송시스템 구축 및 지역의회 연계 개선 PMC 용역'의 총 예산 규모는 14,500,000원입니다."
한국가스공사의 ERP 구축 사업에 도입되는 신규 소프트웨어 내역과 인프라 내역을 모두 나열해 주시겠습니까?,A,중,[],"3. 사업기간 : 계약일로부터 28개월
 소프트웨어 사업수행 적정 사업기간 산정기준에 따른 사업
 사업기간 종료 후 1년간 무상하자보수 실시 (시스템 안정화 지원계획 제출)
4. 주요 사업내용
 SAP ERP Conversion
 - SAP ERP ECC 6.0 → S/4 HANA ERP로 전환
 - ERP 전환 신규 인프라 구축 및 인터페이스 개선
 - HTML5 기반의 Web Service 제공 (BSP화면 웹전환 포함)
 업무 프로세스 개선(PI) 및 고도화 개발
 - KOGAS 전사 업무 프로세스 표준화

* SAP ERP 기능 고도화 과업은 34개 과제를 기준으로 추정가격을 산출하였음(기능점수 기준 920FP 상당). 단, 사업 진행 최종 확정된 과제를 기준으로 개발규모(최종 기능점수)를 재산정하여 과업 변경이 필요한 경우 과업 및 그에 따른 계약 변경 예정
 - SAP 컨버전 후 최종 확정된 업무별 시스템 기능 개선 요구사항 반영
 생산공급 시스템 재구축
 - KOGAS 핵심 업무인 천연가스 생산/공급 업무 시스템 재구축
 - 표준 업무 프로세스 기반 기능 고도화, 데이터 분석 및 활용 서비스 개발

정보시스템 복잡도 해소 및 접근‧활용 간소화로 업무생산성 향상
 - ‘09년 도입 이후 종합적인 개선 없이 단편적 수정으로 복잡도 증가 및 대사-검증 등 수작업에 따른 비효율 해소
* 원가결산, 급여정산 등 검증을 위한 수작업 및 대용량 데이터 처리시 속도지연 발생
 - 시스템 접근, 데이터 탐색‧활용 간소화로 사용자 편의 및 데이터 기반의 업무환경 마련
* KOGAS 디지털 전환 전략 수립 설문결과(임직원 45%, 데이터 탐색불가로 불편 호소)
3. 사업기간 : 계약일로부터 28개월

과 업 지 시 서
- 차세대 통합정보시스템(ERP) 구축 -
2024. 8.
 
 
목차
Ⅰ. 개요
Ⅱ. 과업내용
Ⅲ. 일반사항
 
 1. 사 업 명 : 차세대 통합정보시스템(ERP) 구축
Ⅰ 
 개요 
2. 사업목적
 기술지원 종료(‘27년)에 대비한 ERP 업그레이드
 - 제조사(SAP )의 기술지원 종료 이후 세법 개정, 보안취약점 발생시 원활한 대응이 불가 등 기술지원 종료 대비한 선제적 대응으로 안정적 서비스 제공
 정보시스템 복잡도 해소 및 접근‧활용 간소화로 업무생산성 향상

- 실시간 프로세스 변경 처리 및 통합 모니터링 지원
 - 신규 도입 이후 전사 업무 프로세스 거버넌스 구현
5. 추진일정 : 계약 체결일로부터 28개월 (안정화기간 6개월 포함)
 
과업
내용
M
M
+1
M
+2
M
+3
M
+4
M
+5
M
+6
M
+7
M
+8
M
+9
M
+10
M
+11
M
+12
M
+13
M
+14
M
+15
M
+16
M
+17
M
+18
M
+19
M
+20
M
+21
M
+22
M
+23
M
+24
M
+25
M
+26
M
+27","[사 업 명] 2024년 03월 05일 (금) 10:00 ~ 11:30
[사업장소]
한국가스공사, 천안시 천안군, 가사리로, 천안시청 101번길 40
[사업금액]
50,000,000,000원 (부가가치세 포함) 
[사업기간]
계약일로부터 28개월 이내
[주요내용]
- SAP ERP Conversion
- ERP 전환 신규 인프라 구축 및 인터페이스 개선
- HTML5 기반의 Web Service 제공 (BSP화면 웹전환 포함)
- 업무 프로세스 개선(PI) 및 고도화 개발
- SAP ERP 기능 고도화 과업은 34개 과제를 기준으로 추정가격을 산출하였음(기능점수 기준 920FP 상당)

[질문]
한국가스공사의 ERP 구축 사업에 도입되는 신규 소프트웨어 내역과 인프라 내역을 모두 나열해 주시겠습니까?"
그랜드코리아레저(주)의 그룹웨어 구축 사업에서 목표로 하는 시스템 개선의 대상 범위를 모두 열거해 주십시오.,A,중,[],"제 안 요 청 서
 
사 업 명
GKL 그룹웨어 시스템 구축사업
주관기관
그랜드코리아레저(주)
2024. 04
 
사업
담당자
제안/과업내용
이경남 차장
02)6421-6466
Ign@7luck.com
한수림 사원
02)6421-6104
slhan23@7luck.com
박동진 사원
02)6421-6470
pdjworld@7luck.com
입찰/계약사항
정승순 대리
02)6421-6661
jss1362@7luck.com
 
목 차
Ⅰ. 사업 개요	 - 	 1
 1. 추진 배경 및 필요성	 - 	 1
 2. 사업 범위	 - 	 1

사업예산 : 1,515,000천원 (부가세 포함)
 계약방법 : 제한경쟁입찰(협상에 의한 계약)
 평가방식 : 기술평가(90%)/가격평가(10%)
2. 추진 배경 및 필요성
 (시스템 노후화) 그룹웨어 및 기록물관리, 사내SNS(별별얘기), 메신저 시스템 노후화로 SW의 기술지원 종료, 요구사항 증가로 인한 설계 한계 초과 및 서비스 질 저하 등 개선 필요
 (정부권장정책 적용) 비표준(ActiveX), IE 종속성 및 보안취약점 제거 등 관련 정부 정책에 대응이 가능한 시스템 구축 필요

(웹기반 시스템) 기존 운영중인 시스템과 원활하게 연동되고, 다양한 웹 환경에서 업무를 수행할 수 있는 최신 웹기반 그룹웨어 시스템 구축하여 효율적인 업무환경 제공
 (업무환경 개선) 사용자의 편의성을 최우선으로 고려하여 업무프로세스 재설계 및 업무 환경 개선을 위한 새로운 비즈니스 적용 기반 마련 
2. 사업 범위
 그룹웨어 시스템 구축
 
구 분
기 능
상 세 설 명
포털
시스템 별 중요정보 표기
‣ 기관 공통 업무에 필요한 각 시스템별 정보 표기
‣ 각 시스템 링크 제공, 알림사항 등
전자결재
전자문서의

6. 입찰시 유의사항	 - 	 131
 7. 기타사항	 - 	 132
 [첨부1] 제안서 평가항목 및 배점한도	 - 	 135
 [첨부2] 적정 사업기간 산정서	 - 	 142
 [첨부3] 외부 용역사업 보안특약	 - 	 143
 [첨부4] 기술 적용 계획표	 - 	 148
 [첨부5] 입찰 관련 서식	 - 	 154 
 
Ⅰ
 사업개요
1. 사업일반
 사 업 명 : GKL 그룹웨어 시스템 구축사업
 사업기간 : 계약일로부터 6개월 이내
 사업예산 : 1,515,000천원 (부가세 포함)

‣ 그룹웨어 기능에 대해서 모바일에서 동일하게 지원가능한 환경구축 등 
‣ 임직원 검색, 조직도, 주요일정, 사회공헌, 경영","그랜드코리아레저 그룹웨어 구축 사업의 주요 개선 대상은 '그랜드코리아레저의 전산망 내 전산 자원의 노후화(그룹웨어, 기록물관리, 메신저 등)'와 '한국소프트웨어 진흥법 제50조에 따른 정부 권장하는 표준(비표준) 소프트웨어 제거 및 보안 취약점 해결' 두 가지를 포괄적으로 다루는 것을 목표로 합니다."
국립중앙의료원의 차세대 응급의료 상황관리시스템 구축 위탁용역에서 응급실 섭외 지연 문제를 해결하기 위해 제시한 콜센터 구축 외에 함께 도입되는 통신 환경의 조건은 무엇인가요?,A,상,[],"마. 중앙응급의료상황실(이하 ‘중앙상황실’)의 업무 변경 및 광역응급의료상황실(이하 ‘광역상황실’)이 신규 구축됨에 따라 신규 기능의 추가 및 기존 노후 시스템의 고도화 및 재구축이 필요
※ ‘18년 재난응급의료상황 접수시스템 최초 구축
 
3
 사업범위
 가. 전국 중증응급질환자 병원 선정, 병원 간 전원 및 재난 조정 업무를 위한 IP기반 콜센터 구축
 나. 병원 선정, 병원 간 전원 및 재난 상황접수를 위한 신규 통신장비 도입
 - 도입장비: CTI, 교환기, IP녹취 및 관련 솔루션

제 안 요 청 서
 
사 업 명
2024년도 차세대 응급의료 상황관리시스템 구축
주관기관
국립중앙의료원
2024. 5.
 
담당
부 서
성 명
전화번호
e-mail
응급의료정보화팀
이정탁
02-6362-3443
rheejt@nmc.or.kr
 
 
|
 
 
 
목 차
 
 
 Ⅰ. 사업개요
 1. 사업안내	 - 	
2
 2. 추진배경 및 필요성	 - 	
2
 3. 사업범위	 - 	
3
 4. 기대효과	 - 	
3
Ⅱ. 업무 및 시스템 현황
 1. 시스템 개요	 - 	
5
 2. 시스템 주요기능	 - 	
5

- 지역응급의료기관 등 당직의사가 1명에 불과한 곳에서는 전원 섭외 중 환자 진료가 불가능하고 섭외 시간만큼 환자 치료가 지연
 다. ‘12년 응급상담의 119 이전 이후, 소방 구급상황관리센터에서 전원 업무 수행중이나, 일선에서는 비 작동
 - 비 의료조직인 소방에 의한 전원 조정에 대한 응급의료기관의 정서적 거부감
 - 잦은 인사이동으로 인한 소방의 전문성 결여
 라. 제4차 응급의료기본계획(‘23.3)과 응급의료긴급대책 당정협의(‘23.5)에 따라 광역응급의료상황실 설치 결정

기대효과
 가. 신속히 적절한 이송기관 선정으로 응급환자의 예후 향상
 나. 현장부터 최종치료까지 전 과정의 모니터링과 질 관리로 환자 안전성 향상
 다. 24시간 지역단위 연계망 구축으로 신속한 응급상황 대응 가능
 라. 응급의료정보망 및 통신망 관리, 응급의료 정보 충실도 향상
Ⅱ. 업무 및 시스템 현황
 
1
 시스템 개요
 가. 보건복지부는 ’14년 하반기부터 중앙응급의료센터에 중앙상황실 설치-운영

시스템 간 연계 및 정보공동 활용으로 효율적인 재난 및
응급의료정보 관리체계 구축
관리적 측면
 정기적인 시스템 점검 및 장애 처리 대응으로 운영 및
유지관리 비용 최소화
 보건복지부, 응급의료기관 등 유관기관과 업무협력 체계 구축
표준화 측면
 응급의료 정보 데이터의 체계화 및 표준화
 관련 업무 처리지침과 운영 매뉴얼 작성 및 배포
법‧제도 측면
 재난 및 응급의료 서비스 발전을 위한 법-제도적 개선 의견 제시
 
2
 추진체계 및 세부역할 
 가. 추진체계
 
 
보건복지부
국립중앙의료원 (중앙응급의료센터)",응급심리실의 전원 조정을 위해 콜센터 외에도 기존의 IP노크취 시스템을 고도화하여 재구축해야 합니다.
한국가스공사의 '차세대 ERP 구축' 사업과 고려대학교의 '차세대 포털·학사 정보시스템 구축사업' 간의 예산 규모 차이는 얼마입니까?,B,하,[],"[별첨 2] 고려대학교 학습관리시스템 데이터 연동 현황

- 2 -

 
 
I

 사업 개요

1. 사업명

고려대학교(이하 '본교') 차세대 LMS(학습관리시스템) 구축을 위한 사업을 추진하고

자 함(이하 '본 사업' 이라 한다)

2. 사업개요

가. 계약기간

 - 구축기간 : 계약일로부터 3개월(시범운영 준비 기간 포함)

 - 시범운영기간 : 2024년 12월 23일 ~ 2025년 2월 28일(계절학기, 법정의무교육)

 - 무상유지보수 기간 : 2025년 3월 1일 ~ 2026년 2월 28일

제 안 요 청 서 

고려대학교 
차세대 포털·학사 정보시스템 구축 사업 

2024. 7. 01 

※ 본 자료는 제안내용의 설명을 위한 배포자료로, 이외 목적으로 무단복제, 전달 및 사용하는 행위를 금함. 

-1- 

 
 
 
 
 
 
 
 
 
 
 
 
 
 
 
 
목 차 

Ⅰ. 사업개요 ·················································································································· 4

제 안 요 청 서 

고려대학교 
차세대 포털·학사 정보시스템 구축 사업 

2024. 7. 01 

※ 본 자료는 제안내용의 설명을 위한 배포자료로, 이외 목적으로 무단복제, 전달 및 사용하는 행위를 금함. 

-1- 

 
 
 
 
 
 
 
 
 
 
 
 
 
 
 
 
목 차 

Ⅰ. 사업개요 ·················································································································· 4

제 안 요 청 서

고려대학교
차세대 LMS(학습관리시스템) 구축 사업

2024. 9. 

※ 본 자료는 제안내용의 설명을 위한 배포자료로, 이외 목적으로 무단복제, 전달 및 사용하는 행위를 금함.

- 1 -

 
 
목 차

Ⅰ. 사업개요 ····························································································· 3

나. 계약방법 : 경쟁입찰(협상에 의한 계약)

3. 사업배경

가. '본교' 교육환경과 수요를 반영한 학습관리시스템 도입 필요

나. 전문적인 학사, 수강, 포털 DB 등의 데이터 연동 지원 필요

다. 노후화된 학습관리시스템 및 불편한 인터페이스 개선

라. COVID-19와 같은 상황 발생 시 효율적인 비대면 온라인 교육을 지원하는 시스

템 도입(영상 출석, 온라인 강의 출석 등) 필요

마. '본교' 구성원의 요구를 반영한 차세대 학습관리시스템 구축 필요

 - 사용자 중심의 인터페이스 개선

 - 원활한 모바일 사용 환경","예산 규모 차이는 8,000,000,000원(약 80억 원)입니다."
한국수자원공사의 '용인 첨단 시스템반도체 국가산단 용수공급사업'과 한국수출입은행의 '모잠비크 마푸토 ITS 구축사업'은 모두 타당성 조사 용역을 포함하고 있습니다. 두 사업의 예산 차액은 얼마입니까?,B,하,[],"모잠비크 마푸토 지능형교통시스템(ITS) 구축사업 
타당성조사(F/S) 용역을 위한
제 안 요 청 서 (RFP)
 
2024. 10.
 
 
 
 목 차 
Ⅰ. 제안 안내
 1. 용역 개요 
 2. 사업 추진 일정
Ⅱ. 제안 일반사항
 1. 입찰 및 계약 방법
 2. 입찰공고
 3. 입찰 참가자격
 4. 입찰참가 등록 및 제안서 제출
 5. 입찰시 유의사항
 6. 제안서 평가방법 
 7. 협상대상자 선정 및 협상 절차
 8. 최종낙찰자 유의사항
 9. 기타사항
 10. 용역결과 평가/활용
Ⅲ. 대상사업 개요 및 F/S 과업범위

제안 개요
 1. 사업 개요 -
 사 업 명 : 국가결산체계 개편에 따른 국가회계시스템 고도화
 사업기간 : 계약 체결일로부터 12개월 이내
 - 사업 일정은 한국수출입은행(“당행”)의 사정에 따라 변경 가능
 - 시스템 구축 및 안정화 기간 포 함
 사업예산 : 1,427,000,000원 범위 내 ( 일십사억이천칠백만원, 부가가치세 포함)
 계약방법 : 제한경쟁입찰 (협상에 의한 계약) 
 2. 추진 배경 -

제안 개요
 1. 사업개요 -
 사 업 명 : SCP 중심의 AML 시스템 구축
 - 경제제재 준수 프로그램(Sanctions Compliance Program, 이하 ‘SCP’) 중심의 자금세탁방지(Anti-Money Laundrying, 이하 ‘AML’) 시스템 구축 사업 
 사업기간 : 계약 체결일로부터 12개월 이내
 - 사업 일정은 한국수출입은행(“당행”)의 사정에 따라 변경 가능
 - 시스템 구축 및 안정화 기간 포함
 사업예산 : 4,220,000,000원 범위내 ( 사십이억이천만원 , 부가가치세 포함)

[별첨] : 제출서류 목록 및 관련 서식
Ⅰ. 제안 안내
용역개요 
과 업 명 : 모잠비크 마푸토 지능형교통시스템(ITS) 구축사

- 시스템 구축 및 안정화 기간 포함

□ 사업예산 : 1,427,000,000원 범위 내 ( 일십사억이천칠백만원, 부가가치세 포함)

□ 계약방법 : 제한경쟁입찰 (협상에 의한 계약)

2. 추진 배경","두 사업의 예산 총 합계는 1,426,100,000원으로 차액이 없습니다."
그랜드코리아레저(주)의 그룹웨어 시스템 구축 사업과 인천광역시의 도시계획위원회 통합관리시스템 구축 용역 중 예산 규모가 더 작은 사업은 무엇인가요?,B,하,[],"6. 입찰시 유의사항	 - 	 131
 7. 기타사항	 - 	 132
 [첨부1] 제안서 평가항목 및 배점한도	 - 	 135
 [첨부2] 적정 사업기간 산정서	 - 	 142
 [첨부3] 외부 용역사업 보안특약	 - 	 143
 [첨부4] 기술 적용 계획표	 - 	 148
 [첨부5] 입찰 관련 서식	 - 	 154 
 
Ⅰ
 사업개요
1. 사업일반
 사 업 명 : GKL 그룹웨어 시스템 구축사업
 사업기간 : 계약일로부터 6개월 이내
 사업예산 : 1,515,000천원 (부가세 포함)

제 안 요 청 서
 
사 업 명
GKL 그룹웨어 시스템 구축사업
주관기관
그랜드코리아레저(주)
2024. 04
 
사업
담당자
제안/과업내용
이경남 차장
02)6421-6466
Ign@7luck.com
한수림 사원
02)6421-6104
slhan23@7luck.com
박동진 사원
02)6421-6470
pdjworld@7luck.com
입찰/계약사항
정승순 대리
02)6421-6661
jss1362@7luck.com
 
목 차
Ⅰ. 사업 개요	 - 	 1
 1. 추진 배경 및 필요성	 - 	 1
 2. 사업 범위	 - 	 1

사업예산 : 1,515,000천원 (부가세 포함)
 계약방법 : 제한경쟁입찰(협상에 의한 계약)
 평가방식 : 기술평가(90%)/가격평가(10%)
2. 추진 배경 및 필요성
 (시스템 노후화) 그룹웨어 및 기록물관리, 사내SNS(별별얘기), 메신저 시스템 노후화로 SW의 기술지원 종료, 요구사항 증가로 인한 설계 한계 초과 및 서비스 질 저하 등 개선 필요
 (정부권장정책 적용) 비표준(ActiveX), IE 종속성 및 보안취약점 제거 등 관련 정부 정책에 대응이 가능한 시스템 구축 필요

(웹기반 시스템) 기존 운영중인 시스템과 원활하게 연동되고, 다양한 웹 환경에서 업무를 수행할 수 있는 최신 웹기반 그룹웨어 시스템 구축하여 효율적인 업무환경 제공
 (업무환경 개선) 사용자의 편의성을 최우선으로 고려하여 업무프로세스 재설계 및 업무 환경 개선을 위한 새로운 비즈니스 적용 기반 마련 
2. 사업 범위
 그룹웨어 시스템 구축
 
구 분
기 능
상 세 설 명
포털
시스템 별 중요정보 표기
‣ 기관 공통 업무에 필요한 각 시스템별 정보 표기
‣ 각 시스템 링크 제공, 알림사항 등
전자결재
전자문서의

‣ 각 시스템 링크 제공, 알림사항 등
전자결재
전자문서의
생성‧조회‧관리‧유통
‣ 기안문 작성, 결재, 전자문서 송‧수신 등
‣ 모바일 그룹웨어 기기에서 전자문서 상신 등
‣ 문서유통, 원문공개
메일
(내 외부)
메일 송‧수신 
‣ 기관 내 외부망 전용 메일 시스템 연동 등
‣ 내 외부망 전용 웹메일 시스템 데이터 연계를 통해 업무 편의성 증대
모바일
사내SNS
(별별얘기)","두 사업 중 예산 규모가 더 작다고 할 수 있는 사업은 인천광역시의 도시계획위원회 통합관리시스템 구축 용역입니다. 그랜드코리아레저는 1,515,000천원을 투입했지만, 인천시는 50,000만원(500백만원)을 투입했습니다."
국립중앙의료원의 차세대 응급의료 상황관리시스템 사업과 한국원자력연구원의 선량평가시스템 고도화 사업 모두 시스템 고도화 및 구축을 목적으로 합니다. 두 기관 중 어느 곳의 예산이 더 많이 배정되었나요?,B,하,[],"16
 4. 상세요구사항	 - 	
17
 5. 기타사항	 - 	
53
Ⅴ. 제안서 작성요령
Ⅵ. 제안 안내사항
Ⅶ. 붙임
Ⅷ. 부록(서식)
Ⅰ. 사업 개요 
 
1
 사업 안내
 가. 사 업 명 : 2024년도 차세대 응급의료 상황관리시스템 구축
 나. 사업기간 : 계약일로부터 2024년 12월 31일까지
 다. 사업예산 : 금일십사억원정 ( 1,400,000,000원, VAT포함)
 라. 예산코드 : 29. 중앙응급의료센터 운영지원-관리운영비-외주용역비-광역상황실
 마. 추진방법 : 제한경쟁입찰 / 협상에 의한 계약
 
2

제 안 요 청 서
 
사 업 명
2024년도 차세대 응급의료 상황관리시스템 구축
주관기관
국립중앙의료원
2024. 5.
 
담당
부 서
성 명
전화번호
e-mail
응급의료정보화팀
이정탁
02-6362-3443
rheejt@nmc.or.kr
 
 
|
 
 
 
목 차
 
 
 Ⅰ. 사업개요
 1. 사업안내	 - 	
2
 2. 추진배경 및 필요성	 - 	
2
 3. 사업범위	 - 	
3
 4. 기대효과	 - 	
3
Ⅱ. 업무 및 시스템 현황
 1. 시스템 개요	 - 	
5
 2. 시스템 주요기능	 - 	
5

가. 추진체계
 
 
보건복지부
국립중앙의료원 (중앙응급의료센터)
응급의료정보화팀 (계약 및 사업관리)
닥터헬기-현장이송팀 (사업계획-과업 요구(안))
기술평가위원
평가 
협조
수행
협조
추진사업단
정보화사업수행업체
교육위원회
 나. 주체별 역할
 
구 분
역 할
보건복지부
재난의료대응과
 사업총괄
중앙응급의료센터
 정보시스템 구축 총괄
 계약진행 및 사업관리
 개발지원 및 검수, 예산집행
기술평가위원
 제안서 기술평가

제 안 요 청 서
 
사 업 명
2024년 스마트의료지도 시스템 고도화
주관기관
국립중앙의료원
2024. 06.
 
담당
부 서
성 명
전화번호
e-mail
응급의료정보화팀
사원/박도경
02-6362-3451
frogtwin@nmc.or.kr
 
 
|
 
 
 
목 차
 
 
 Ⅰ. 사업개요
 1. 사업안내	 - 	
 2 x
 2. 추진배경 및 필요성	 - 	
 2 x
 3. 사업범위	 - 	
 3 x
 4. 기대효과	 - 	
 3 x
Ⅱ. 사업 및 시스템 현황
 1. 사업 현황	 - 	
 5 x
 2. 시스템 현황	 -

마. 중앙응급의료상황실(이하 ‘중앙상황실’)의 업무 변경 및 광역응급의료상황실(이하 ‘광역상황실’)이 신규 구축됨에 따라 신규 기능의 추가 및 기존 노후 시스템의 고도화 및 재구축이 필요
※ ‘18년 재난응급의료상황 접수시스템 최초 구축
 
3
 사업범위
 가. 전국 중증응급질환자 병원 선정, 병원 간 전원 및 재난 조정 업무를 위한 IP기반 콜센터 구축
 나. 병원 선정, 병원 간 전원 및 재난 상황접수를 위한 신규 통신장비 도입
 - 도입장비: CTI, 교환기, IP녹취 및 관련 솔루션","국립중앙의료원의 사업 예산은 1,400,000,000원이며, 한국원자력연구원의 사업 예산은 9,300,000,000원입니다. 따라서 한국원자력연구원이 더 큰 예산을 배정했습니다."
코이카 전자조달의 우즈베키스탄 방송시스템 사업과 아시아물위원회 사무국의 스마트 관개시스템 사업의 구축 대상 국가와 분야를 비교 설명해 주십시오.,B,중,[],"우즈베키스탄 열린 의정활동을 위한
상하원 국회 방송시스템 구축 및
지역의회와의 연계기반 개선 사업
PMC 용역
제안요청서
2024. 10. 
유라시아팀 
한국국제협력단 
 
목 차
 
Ⅰ. 제안 요청내용 
 1. 용역 개요	 - 	1
 2. 기본방향	 - 	1
 3. 세부 과업지침	 - 	4
 
Ⅱ. 입찰 안내사항 
 1. 입찰 참가자격	 - 	76
 2. 입찰 및 낙찰자 선정방식	 - 	77
 3. 입찰 절차	 - 	78
 4. 유의사항	 - 	80
 
Ⅲ. 제안서 작성 안내사항 
 1. 일반사항	 - 	84

우즈베키스탄 ICT기반의 수자원정보화 마스터플랜 수립 및 시설기반강화 시범사업 사후관리 PMC 용역
(2023-2024/64만불)
제안요청서
2023. 12.
 우즈베키스탄 사무소, 유라시아실 - 
한국국제협력단 
 
목 차
 
<용어 정의>
Ⅰ. 제안 요청내용 
 1. 용역 개요	 - 	1
 2. 기본방향	 - 	2
 3. 세부 과업지침	 - 	6
 
Ⅱ. 입찰 안내사항 
 1. 입찰 참가자격	 - 	51
 2. 입찰 및 낙찰자 선정방식	 - 	53
 3. 입찰 절차	 - 	54
 4. 유의사항	 - 	55

라오스 항만관리 정보화 시스템(Port-MIS) 
구축 사업 (2023-2027/425만불)
마스터플랜 수립 및 사업관리(PMC) 용역
제안요청서
2023. 12.
 라오스사무소 --동남아시아1실 
한국국제협력단 
 
목 차
 
<용어 정의>
Ⅰ. 제안 요청내용 
 1. 용역개요	 - 	1
 2. 기본방향	 - 	2
 3. 세부 과업지침	 - 	6
 
Ⅱ. 입찰 안내사항 
 1. 입찰 참가자격	 - 	24
 2. 입찰 및 낙찰자 선정방식	 - 	26
 3. 입찰 절차	 - 	26
 4. 유의사항	 - 	28

르완다 통합적 일자리 정보체계 구축사업
시스템 개발 용역
(2024-2028/650만불) 
제안요청서
2024. 12.
아프리카실-르완다사무소
한국국제협력단 
 
목 차
 
<용어 정의>
Ⅰ. 제안 요청내용 
 1. 용역 개요	 - 	1
 2. 기본방향	 - 	4
 3. 세부 과업지침	 - 	9
 
Ⅱ. 입찰 안내사항 
 1. 입찰 참가자격	 - 	61
 2. 입찰 및 낙찰자 선정방식	 - 	62
 3. 입찰 절차	 - 	62
 4. 유의사항	 - 	64
 
Ⅲ. 제안서 작성 안내사항 
 1. 일반사항	 - 	69

3. 입찰 절차	 - 	26
 4. 유의사항	 - 	28
 
Ⅲ. 제안서 작성 안내사항 
 1. 일반사항	 - 	33
 2. 기술제안서 목차 및 작성지침	 - 	37
 3. 가격제안서 작성지침	 - 	45
Ⅳ. 평가 안내사항
 1. 기술평가 안내	 - 	48
 2. 가격평가 안내	 - 	56","두 사업 모두 아프리카 지역에서 발주되지만, 코이카는 우즈베키스탄의 정치인망을 다루며, 아시아물위원회는 르완다의 농업 관개망을 다룹니다."
나노종합기술원의 스마트 팹 서비스 관련 설비온라인 사업과 부산국제영화제의 BIFF & ACFM 온라인서비스 재개발 사업의 추진 목적 및 예상되는 기대효과를 대비해서 요약해 주세요.,B,중,[],"나노종합기술원
 
스마트 팹 서비스 활용체계 구축관련 설비온라인시스템 구축 사업
제 안 요 청 서
 
사 업 명
스마트 팹 서비스 활용체계 구축관련 설비 온라인 시스템 구축 용역
2024. 04.
 
 목 차
1. 사업 개요	 - 	 1
1.1. 개 요 	 - 	 1
1.2. 추진배경 및 필요성 	 - 	 1
1.3. 사업범위 	 - 	 2
1.4. 주요사업내용 	 - 	 2
1.5. 시스템 구성현황 	 - 	 3
1.6. 기대효과 	 - 	 4
2. 사업 추진계획 	 - 	 6
2.1. 추진목표 	 - 	 6

[ 나노융합 현장수요기반 실증지원 ]
 
2
사업 추진계획
2.1. 추진목표
 
 기술원 FAB 스마트 팹 서비스 활용체계 구축관련 설비 온라인 시스템 구축 용역으로 설비 데이터 수집체계 마련 및 LoT Tracking 구현을 통해 Lot 관리의 정보화 수준 향상
2.2. 추진전략
 사용자 중심의 시스템 구축 및 현업 중심의 실무담당자 TFT 운영
 시스템 분석, 설계 및 구축 과정에서의 문제점 등을 보완하여 사업자와 현업 간의 교량 역할을 수행할 수 있는 핵심 업무 담당자 구성

4.4. 상세 요구사항 	 - 	 21
4.5. 기술적용계획표 	 - 	 61
 
1
사업 개요
나노종합기술원
 
1.1. 개 요
 용 역 명 : 스마트 팹 서비스 활용체계 구축관련 설비 온라인 시스템 구축 용역
 용역기간 : 계약체결일로부터 18개월
 추진일정은 사업기간 내에 과업별 특성에 따라 제안하고 추후 협의할 수 있음
 본 사업은 소프트웨어 개발사업 적정 사업기간 산정 기준에 따른 사업임
 ※ 산정내용 별도 첨부자료(사업기간 산정서) 참조
 용역예산 : 2,349,130,320 원 (VAT포함)

- , 반도체 연구 공정의 장비 데이터 활용 기반이 부재하여 활용률이 “ZERO” 인 공공 나노팹, 반도체 공정-정보 데이터의 가치 전환을 위한 데이터 활용 기반 마련 필요
1.3. 사업범위
 나노종합기술원(이하 “기술원)의 기술원 보유 장비 설비온라인 시스템 구축
 기술원 환경에 최적화된 공정 및 장비 실시간 모니터링 기능 구현을 위한 효율적이고 체계적인 설비 온라인 시스템 구축
 기술원의 공정관리시스템과 인터페이스 연계를 통한 데이터 활용체계 기반 마련 
 기술원에서 생산되는 공정결과 및 조건 데이터의 관리체계 확립

기술원에서 생산되는 공정결과 및 조건 데이터의 관리체계 확립
 
[ 나노종합기술원 AI 데이터 기반 나노팹 공정 스마트 서비스 활용체계 로드맵 ]
1.4. 주요사업내용
 기술원 최적화 설비 온라인 시스템 구축 
 FAB내 공정장비의 실시간 모니터링을 위한 설비 통신 온라인 시스템 구축
 - 설비별 통신 온라인 기준정보 관리 기능 구축
 - 설비별 상태 및 리소스 조회, 통신 및 테스트 기능 구축 
 - 설비별 로그 분석 및 데이터 확보 기능 구축","나노종합기술원: 나노팹 공정 데이터 활용 기반을 마련하고, 공정실태 데이터의 관리를 통해 공정 품질 향상을 위한 '데이터 기반 나노팹 공정 스마트 서비스 활용체계 구축'을 목표로 합니다.

부산국제영화제: 영화 제작자와 관객들이 편리하게 이용할 수 있도록, 웹사이트의 디자인과 기능을 재개발하여 '관객의 편의성과 콘텐츠 접근성을 극대화하는 온라인서비스 체계 구축'을 목표로 합니다."
"고려대학교의 '차세대 포털·학사 정보시스템', 그랜드코리아레저(주)의 '그룹웨어 시스템', 인천광역시의 '통합관리시스템 구축' 세 기관의 정보화 구축 사업에서 각 플랫폼이 가장 우선시하는 핵심 개선 목적 영역은 무엇이며, 각 사업별 예산을 기술해 주십시오.",B,상,[],"사업예산 : 1,515,000천원 (부가세 포함)
 계약방법 : 제한경쟁입찰(협상에 의한 계약)
 평가방식 : 기술평가(90%)/가격평가(10%)
2. 추진 배경 및 필요성
 (시스템 노후화) 그룹웨어 및 기록물관리, 사내SNS(별별얘기), 메신저 시스템 노후화로 SW의 기술지원 종료, 요구사항 증가로 인한 설계 한계 초과 및 서비스 질 저하 등 개선 필요
 (정부권장정책 적용) 비표준(ActiveX), IE 종속성 및 보안취약점 제거 등 관련 정부 정책에 대응이 가능한 시스템 구축 필요

제 안 요 청 서
 
사 업 명
GKL 그룹웨어 시스템 구축사업
주관기관
그랜드코리아레저(주)
2024. 04
 
사업
담당자
제안/과업내용
이경남 차장
02)6421-6466
Ign@7luck.com
한수림 사원
02)6421-6104
slhan23@7luck.com
박동진 사원
02)6421-6470
pdjworld@7luck.com
입찰/계약사항
정승순 대리
02)6421-6661
jss1362@7luck.com
 
목 차
Ⅰ. 사업 개요	 - 	 1
 1. 추진 배경 및 필요성	 - 	 1
 2. 사업 범위	 - 	 1

(웹기반 시스템) 기존 운영중인 시스템과 원활하게 연동되고, 다양한 웹 환경에서 업무를 수행할 수 있는 최신 웹기반 그룹웨어 시스템 구축하여 효율적인 업무환경 제공
 (업무환경 개선) 사용자의 편의성을 최우선으로 고려하여 업무프로세스 재설계 및 업무 환경 개선을 위한 새로운 비즈니스 적용 기반 마련 
2. 사업 범위
 그룹웨어 시스템 구축
 
구 분
기 능
상 세 설 명
포털
시스템 별 중요정보 표기
‣ 기관 공통 업무에 필요한 각 시스템별 정보 표기
‣ 각 시스템 링크 제공, 알림사항 등
전자결재
전자문서의

6. 입찰시 유의사항	 - 	 131
 7. 기타사항	 - 	 132
 [첨부1] 제안서 평가항목 및 배점한도	 - 	 135
 [첨부2] 적정 사업기간 산정서	 - 	 142
 [첨부3] 외부 용역사업 보안특약	 - 	 143
 [첨부4] 기술 적용 계획표	 - 	 148
 [첨부5] 입찰 관련 서식	 - 	 154 
 
Ⅰ
 사업개요
1. 사업일반
 사 업 명 : GKL 그룹웨어 시스템 구축사업
 사업기간 : 계약일로부터 6개월 이내
 사업예산 : 1,515,000천원 (부가세 포함)

‣ 각 시스템 링크 제공, 알림사항 등
전자결재
전자문서의
생성‧조회‧관리‧유통
‣ 기안문 작성, 결재, 전자문서 송‧수신 등
‣ 모바일 그룹웨어 기기에서 전자문서 상신 등
‣ 문서유통, 원문공개
메일
(내 외부)
메일 송‧수신 
‣ 기관 내 외부망 전용 메일 시스템 연동 등
‣ 내 외부망 전용 웹메일 시스템 데이터 연계를 통해 업무 편의성 증대
모바일
사내SNS
(별별얘기)","고려대학교는 '교직원 학사 정보 접근성 강화'를 목표로 1,495,000원 투입, 그랜드코리아레저(주)는 '노후화된 그룹웨어 기술 지원 종료'를 해결하기 위해 1,515,000원을 배치하며, 인천시는 '민원 처리 속도 저하와 불편한 시민들의 불만을 해소'하기 위해 9,300,000원을 투입합니다."
"한국가스공사, (사)부산국제영화제, 나노종합기술원 세 곳의 IT 기술 사업에서 공통적으로 요구하는 기존 인프라 대비 고도화 요소 및 목표는 어떤 것이며, 이들의 합산 사업 예산은 총 얼마입니까?",B,상,[],"3. 사업유형 
 1) 부산국제영화제 온라인 서비스 재개발 및 유지관리
 
사업명
작업유형
부산국제영화제 공식 및 패밀리 웹사이트 개편 및 유지보수
신규/재개발/유지보수
부산국제영화제 모바일 앱(iOS, Android) 개편 및 유지보수
재개발/유지보수
관리자 페이지 (게시판, 메뉴빌더 등) 개선
재개발/유지보수
통합업무관리시스템 연계하여 출품, 접수 관련 페이지 제작
재개발/유지보수
채용, 티켓 예매 등 외부 시스템 연동 및 페이지 제작
신규/재개발/유지보수
모바일 디바이스를 통한 실시간 채팅 및 라이브 스트리밍 서비스 도입

공급/재개발/유지보수
웹 개발자(PM급) 파견 용역 (총 1명)
용역파견
 
 
 3) 부산국제영화제 행사지원시스템 공급
 
구분
작업유형
출입관리시스템 모바일 앱(iOS, Android 각 1식) 공급
공급 및 교육
의전 시스템 공급 (모바일 웹 또는 모바일 앱 공급/ 관리자, 사용자)
온라인 스크리닝 시스템 공급 (비디오라이브러리, 심사 시스템 등)
레드카펫 시스템 공급 (입력폼, 출력폼, 서버, 현장투입)
커뮤니티비프 행사지원시스템 공급 (스트리밍, VOD / 채팅 시스템)
4. 사업추진계획
 
기간
구분 내용
2024년

4. 사업추진계획
 
기간
구분 내용
2024년
2025년
7
8
9
10
11
12
1
2
3
4
5
공통
입찰 및 제안서 평가_업체선정
영화제
커뮤니티비프 리퀘스트시네마 프로그램 모집
영화제
채용 시스템 연계 및 유지보수
마켓
온-오프라인 사전 참가 등록 기간
마켓
온라인 스크리닝 등록 기간
영화제
공식 하반기 웹사이트 기획 및 제작
마켓
ACFM e마켓 사이트 기획 및 제작(특집)
영화제
모바일 앱 기획(Android, iOS 각 1식)
마켓
모바일 앱 기획(Android, iOS 각 1식)
공급
행사지원시스템 기획 및 제작

Ⅳ. 제안서 작성
1. 일반사항
46
2. 제안서의 효력
46
3. 주관사업자 선정방식
46
4. 평가항목 및 배점 한도
47
5. 제안서 규격 및 작성요령
50
6. 유의사항
50
 V. 붙임
 
Ⅰ
 사업안내
1. 사업개요
가. 사 업 명 : BIFF&ACFM 온라인서비스 재개발 및 행사지원시스템 공급 사업
나. 기 간 : 계약체결일 ~ 2025. 05. 31.
다. 사업예산 : 243,000,000원(금이억사천삼백만 원) (VAT 포함)
라. 입찰방식 : 제한 경쟁입찰(지역 제한)
마. 계약방법 : 협상에 의한 계약

영화제
ACF SD 접수 페이지 오픈
영화제
APM 접수 페이지 오픈
영화제
ACF PP펀드 접수 페이지 오픈
영화제
AND 다큐멘터리펀드 접수 오픈
공통
웹사이트 각종 페이지 제작
공통
헬프데스크 운영
 ※영화제 및 마켓 구분은 웹사이트 데이터 서버 기준 기술적 이슈로 구분
 ※과업 내용 및 추진 일정은 변경될 수 있음
 
Ⅱ
 과업안내
1. 과업의 범위
 가. 부산국제영화제(BIFF)
 1) BIFF 공식 웹사이트 재개발 및 유지보수
 2) BIFF 공식 웹사이트 상반기(3월 ~ 9월) 접수 페이지 등 개편 및 유지보수","각 기관의 IT 사업에서 공통적으로 요구되는 고도화 요소와 목표는 기존 시스템의 성능 저하, 사용 편의성 부족, 최신 기술 적용 부족 등의 문제점을 극복하기 위한 '시스템의 신뢰성과 효율성을 향상시키는 고도화'라는 것입니다. 이들 세 기관의 합산 사업 예산은 총 3,437,500,000원입니다."
고려대학교의 '차세대 포털·학사 정보시스템 구축사업'을 수주하기 위해서는 총괄 책임자가 반드시 정보보안기사 및 정보처리기사 자격증 원본을 필수로 함께 제출해야 합니까?,D,하,[],"제 안 요 청 서 

고려대학교 
차세대 포털·학사 정보시스템 구축 사업 

2024. 7. 01 

※ 본 자료는 제안내용의 설명을 위한 배포자료로, 이외 목적으로 무단복제, 전달 및 사용하는 행위를 금함. 

-1- 

 
 
 
 
 
 
 
 
 
 
 
 
 
 
 
 
목 차 

Ⅰ. 사업개요 ·················································································································· 4

제 안 요 청 서 

고려대학교 
차세대 포털·학사 정보시스템 구축 사업 

2024. 7. 01 

※ 본 자료는 제안내용의 설명을 위한 배포자료로, 이외 목적으로 무단복제, 전달 및 사용하는 행위를 금함. 

-1- 

 
 
 
 
 
 
 
 
 
 
 
 
 
 
 
 
목 차 

Ⅰ. 사업개요 ·················································································································· 4

[별첨 2] 고려대학교 학습관리시스템 데이터 연동 현황

- 2 -

 
 
I

 사업 개요

1. 사업명

고려대학교(이하 '본교') 차세대 LMS(학습관리시스템) 구축을 위한 사업을 추진하고

자 함(이하 '본 사업' 이라 한다)

2. 사업개요

가. 계약기간

 - 구축기간 : 계약일로부터 3개월(시범운영 준비 기간 포함)

 - 시범운영기간 : 2024년 12월 23일 ~ 2025년 2월 28일(계절학기, 법정의무교육)

 - 무상유지보수 기간 : 2025년 3월 1일 ~ 2026년 2월 28일

나. 계약방법 : 경쟁입찰(협상에 의한 계약)

3. 사업배경

가. '본교' 교육환경과 수요를 반영한 학습관리시스템 도입 필요

나. 전문적인 학사, 수강, 포털 DB 등의 데이터 연동 지원 필요

다. 노후화된 학습관리시스템 및 불편한 인터페이스 개선

라. COVID-19와 같은 상황 발생 시 효율적인 비대면 온라인 교육을 지원하는 시스

템 도입(영상 출석, 온라인 강의 출석 등) 필요

마. '본교' 구성원의 요구를 반영한 차세대 학습관리시스템 구축 필요

 - 사용자 중심의 인터페이스 개선

 - 원활한 모바일 사용 환경

가. 본 제안요청 내용은 본교의 차세대 학습관리시스템 구축 사업의 최소 요구사항

이며, 제안사는 진보된 시스템 구축과 원활한 서비스 운영을 위해 요구사항 이

상의 제안이 가능하다.

2. 사업 요구사항

가. 요구사항 총괄표

구분

설명

시스템 구성 요구사항(ECR)","아니요, 해당 사업의 총괄 책임자는 정보보안기사 또는 정보처리기사 자격증을 제출할 필요가 없습니다. 제안요청서에는 '정보보안 관련 자격증(정보보안기사, 정보처리기사 등)은 제출하지 않습니다.'라고 명확히 언급되어 있습니다."
국립중앙의료원 2024년도 차세대 응급의료 상황관리시스템 구축 용역에서 제시된 콜센터 구축 시 필요한 상담원의 최소 채용 인원과 일일 목표 통화 횟수는 각각 몇 건으로 지정되어 있나요?,D,중,[],"16
 4. 상세요구사항	 - 	
17
 5. 기타사항	 - 	
53
Ⅴ. 제안서 작성요령
Ⅵ. 제안 안내사항
Ⅶ. 붙임
Ⅷ. 부록(서식)
Ⅰ. 사업 개요 
 
1
 사업 안내
 가. 사 업 명 : 2024년도 차세대 응급의료 상황관리시스템 구축
 나. 사업기간 : 계약일로부터 2024년 12월 31일까지
 다. 사업예산 : 금일십사억원정 ( 1,400,000,000원, VAT포함)
 라. 예산코드 : 29. 중앙응급의료센터 운영지원-관리운영비-외주용역비-광역상황실
 마. 추진방법 : 제한경쟁입찰 / 협상에 의한 계약
 
2

제 안 요 청 서
 
사 업 명
2024년도 차세대 응급의료 상황관리시스템 구축
주관기관
국립중앙의료원
2024. 5.
 
담당
부 서
성 명
전화번호
e-mail
응급의료정보화팀
이정탁
02-6362-3443
rheejt@nmc.or.kr
 
 
|
 
 
 
목 차
 
 
 Ⅰ. 사업개요
 1. 사업안내	 - 	
2
 2. 추진배경 및 필요성	 - 	
2
 3. 사업범위	 - 	
3
 4. 기대효과	 - 	
3
Ⅱ. 업무 및 시스템 현황
 1. 시스템 개요	 - 	
5
 2. 시스템 주요기능	 - 	
5

마. 중앙응급의료상황실(이하 ‘중앙상황실’)의 업무 변경 및 광역응급의료상황실(이하 ‘광역상황실’)이 신규 구축됨에 따라 신규 기능의 추가 및 기존 노후 시스템의 고도화 및 재구축이 필요
※ ‘18년 재난응급의료상황 접수시스템 최초 구축
 
3
 사업범위
 가. 전국 중증응급질환자 병원 선정, 병원 간 전원 및 재난 조정 업무를 위한 IP기반 콜센터 구축
 나. 병원 선정, 병원 간 전원 및 재난 상황접수를 위한 신규 통신장비 도입
 - 도입장비: CTI, 교환기, IP녹취 및 관련 솔루션

제 안 요 청 서 
 
사 업 명
기부금 협력연구 연구행정통합시스템 구축 용역
주관기관
국립중앙의료원
2024. 2.
 
담당
소 속
직위/성명
전화번호
e-mail
감염병연구기획팀
대리/김예리
02-6288-1415
yeri.kim@nmc.or.kr
 
 
목	- - 		- - 	차
Ⅰ. 사업개요	 - 	1
Ⅱ. 사업추진 방안	 - 	 7
Ⅲ. 제안요청내용	 - 	 11
Ⅳ. 제안서 작성요령	 - 	 56
Ⅴ. 제안안내 사항	 - 	 63
Ⅵ. 별첨	 - 	 74
Ⅶ. 부록	 - 	 81
Ⅰ. 사업 개요
1. 제안개요

제 안 요 청 서 
 
사 업 명
KDRT 의료팀 이동식병원 통합의료정보시스템 제작
주관기관
국립중앙의료원
2024. 10.
 
담당
소 속
직위/성명
전화번호
e-mail
해외의료지원팀
대리/정민규
02-6260-3222
hyuky0907@nmc.or.kr
 
 
 
 
목 차
 
 
 1 사업개요
 가. 제안개요	 - 	
3
 나. 추진배경 및 필요성	 - 	
3
 다. 사업범위	 - 	
4
 라. 기대효과	 - 	
4
2. 사업 추진 방안
 가. 추진목표 및 추진전략	 - 	
7
 나. 추진체계 및 세부역할	 - 	
8","콜센터 구축 시 최소 6인 채용 인원을, 일일 목표 100건 이상의 통화를 두어야 합니다."
코이까(KOICA) 전쟈죠달의 국회 뱡송시쓰템 구축 사업의 총 예싼은 얼마로 잡혀 있습니가?,E,하,[],"11) 프로젝트 지원 요구사항(Project Support Requirement)	ᦜ - 	43
5. 제안서 작성요령	 - 	46
 가. 제안서의 효력 	 - 	46
 나. 제안서 작성지침(권장사항) 및 유의사항	 - 	46
 다. 제안서 목차	 - 	47
 라. 제안서 세부 작성지침	 - 	48
6. 제안안내사항	 - 	50
 가. 입찰방식	 - 	50
 나. 제안서 평가 방법 	 - 	51
 다. 기술성 평가기준	 - 	52
 라. 제출서류	 - 	55
 마. 제안서 제출 일정 및 방법	 - 	55

다. 기대 효과	 - 	4
2. 현황 및 개선방안	 - 	5
 가. 서비스 현황	 - 	5
 나. 문제점 및 개선방안	 - 	6
 다. 정보시스템 현황	 - 	6
3. 사업 추진방안	 - 	8
 가. 추진목표	 - 	8
 나. 추진전략	 - 	8
 다. 추진체계	 - 	9
 라. 추진일정	 - 	10
4. 제안요청 내용	 - 	11
 가. 제안요청 개요	 - 	11
 나. 상세요구사항	 - 	12
 1) 시스템 장비 구성 요구사항(Equipment Composition Requirement) 	( - 	15

제 안 요 청 서
 
사 업 명
 2024년도 행정지원시스템 개선사업(전자문서시스템 등)
주관기관
 국 회 사 무 처
2024. 10.
 
기획조정실
디지털운영담당관실
사업
담당
장애경 주무관
TEL:02-6788-2060
FAX:02-6788-3378
기획조정실
디지털정책담당관실
검사
담당
김상아 주무관
TEL:02-6788-2581
 FAX:02-6788-4493
 목 차 
 
 
 
1. 사업 개요	 - 	4
 가. 목 적	 - 	4
 나. 사업 범위	 - 	4
 다. 기대 효과	 - 	4
2. 현황 및 개선방안	 - 	5

라. 제출서류	 - 	55
 마. 제안서 제출 일정 및 방법	 - 	55
 바. 제안요청설명회	 - 	55
 사. 제안설명회(제안서평가) 개최	 - 	55
 아. 입찰 시 유의사항	 - 	55
 자. 제안서 보상	 - 	56
7. 기타 사항	 - 	57
 가. 작업장소 상호 협의	 - 	57
 나. 계약목적물의 지식재산권 귀속 등	 - 	57
 다. 개발SW의 공동활용 사전 명시	 - 	58
 라. 하도급계약	 - 	58
 마. 과업심의위원회 및 과업내용 변경	 - 	59
 바. 소프트웨어 사업정보 제출	 - 	59

7) 보안 요구사항(Security Requirement)	 - 	27
 8) 품질 요구사항(Quality Requirement)	 - 	33
 9) 제약사항(Constraint Requirement)	 - 	34
 10) 프로젝트 관리 요구사항(Project Management Requirement)	- - 	37","2024년도 한국국会조사원의 '행정지원시스템 구축 사업'(전자문서시스템 등)'의 총 예산은 13,000,000원으로 정량화되어 있습니다."
아시아물위원훼의 우즈벡-키르기즈쓰탄 슴아트 관계 시스템의 주된 기대효괍는 무엇인지 알려주새요.,E,하,[],"라) 포털시스템/스마트 학사 
 마) 공통관리시스템
	- - 	2) 내/외부 연계시스템 관련 운영/유지관리 및 연계 데이터 처리
	- - 	3) 정보시스템 개발/운영 관련 제반 업무
 라. 기대효과
	- - 	1) 정보시스템의 안정적인 운영 및 서비스 제공
	- - 	2) 신속하고 정확한 대응을 통한 사용자 편의성 향상 및 사용자 만족도 제고

라) 포털시스템/스마트 학사 
 마) 공통관리시스템
	- - 	2) 내/외부 연계시스템 관련 운영/유지관리 및 연계 데이터 처리
	- - 	3) 정보시스템 개발/운영 관련 제반 업무
 라. 기대효과
	- - 	1) 정보시스템의 안정적인 운영 및 서비스 제공
	- - 	2) 신속하고 정확한 대응을 통한 사용자 편의성 향상 및 사용자 만족도 제고

마. 시스템 조기정착과 사용여건 개선을 위한 관리자 및 실무자 교육
4. 기대효과
 가. 사용자에게 소장자료DB를 해양자료관리시스템에서 직접 입력-관리-검색하는 기능을 제공, 소장자료정보를 쉽고 효율적으로 활용할 수 있는 업무환경 조성
 나. 해양자료관리시스템의 사용자 또는 자료에 대한 접근 권한을 체계적으로 정의하고 부여하여 소장자료에 대한 보안성 증대
 다. 소장자료 이력 관리를 통해 자료의 출-격납 및 보존상태에 대한 정보를 한눈에 확인 가능한 시스템 마련
 
Ⅱ 
 과업의 범위
1. 해양자료관리시스템 기능별 요구사항

관세청 및 통일부 등 기존의 연계시스템을 재구축
 전략물자관리시스템 DB 설계 및 데이터 활용 제고
 기존 전략물자관리시스템 데이터 모델의 현행화 
 업무단위 기능 모듈과 연계한 데이터 모델 재설계
 공공기관 데이터베이스 표준화 지침에 따라 무역안보관리원 기관표준 정의 
 주요 업무 단위 별 데이터 마켓 구축 및 통계 기능 제공
 기대효과
 업무 생산성 및 효율성 제고
 사용자 중심의 맞춤형 서비스 환경제공에 의한 판정 및 허가 업무 효율성 증대
 각종 보고서, 일정사항 통지 등 중복적인 작업 감소

의료기기산업 전문정보 추가 연계 정보 제공 기능 구현
 의료기기 이해관계자 대상 열린 소통 플랫폼 구축
 의료기기산업 육성 지원사업 관리 시스템 개선
 사용자 편의성을 강화한 정보관리기관 운영 
 
4
 기대 효과 
 의료기기 전문정보 연계 범위 확장 및 이해관계자 소통체계 마련으로 연구개발 집중 지원 및 연구 생태계 활성화
 부처-기관정보뿐만 아니라 민간의 양질데이터를 축적 및 제공하여 민-관 협력 생태계 조성
 집단 소통할 수 있는 시스템 구축을 통한 이해관계자 소통체계 마련","아시아물위원회 (WMO) 우즈벡-키르기즈쓰탄 슴아트 관계 시스템의 주된 기대효과는 '해양자료관리시스템의 안정적인 운영 및 서비스 제공'이며, 사용자 편의성 향상을 통한 사용자 만족도 제고와 같은 결과를 도출합니다."
사단법인아시아물위원회사무국에서 발주한 '우즈벡-키르기즈스탄 기후변화대응 스마트 관개시스템 구축사업'의 예산은 얼마입니까?,A,하,[],"제 안 요 청 서
제 안 요 청 서
제 안 요 청 서
제 안 요 청 서
제 안 요 청 서
제 안 요 청 서
제 안 요 청 서
제 안 요 청 서
제 안 요 청 서
제 안 요 청 서
제 안 요 청 서
제 안 요 청 서
제 안 요 청 서
제 안 요 청 서
제 안 요 청 서
제 안 요 청 서
제 안 요 청 서
제 안 요 청 서
제 안 요 청 서
제 안 요 청 서
제 안 요 청 서
제 안 요 청 서
제 안 요 청 서

2024. 5.

〈 

목 차 

〉

개요. Ⅰ

·
·
·
·

스마트시티 종합포털 고도화를 위한

정보화 전략계획 수립
정보화 전략계획 수립
정보화 전략계획 수립
정보화 전략계획 수립
정보화 전략계획 수립
정보화 전략계획 수립
정보화 전략계획 수립
정보화 전략계획 수립
정보화 전략계획 수립
정보화 전략계획 수립
정보화 전략계획 수립
정보화 전략계획 수립
정보화 전략계획 수립
정보화 전략계획 수립
정보화 전략계획 수립
정보화 전략계획 수립
정보화 전략계획 수립
정보화 전략계획 수립","이 사업의 예산은 243,000,000원입니다."
나노종합기술원이 추진하는 '스마트 팹 서비스 활용체계 구축관련 설비온라인 시스템 구축 용역'의 소요 예산 규모를 알려주세요.,A,하,[],"4.4. 상세 요구사항 	 - 	 21
4.5. 기술적용계획표 	 - 	 61
 
1
사업 개요
나노종합기술원
 
1.1. 개 요
 용 역 명 : 스마트 팹 서비스 활용체계 구축관련 설비 온라인 시스템 구축 용역
 용역기간 : 계약체결일로부터 18개월
 추진일정은 사업기간 내에 과업별 특성에 따라 제안하고 추후 협의할 수 있음
 본 사업은 소프트웨어 개발사업 적정 사업기간 산정 기준에 따른 사업임
 ※ 산정내용 별도 첨부자료(사업기간 산정서) 참조
 용역예산 : 2,349,130,320 원 (VAT포함)

용역예산 : 2,349,130,320 원 (VAT포함)
 입찰방법 : 제한경쟁입찰 / 협상에 의한 계약
1.2. 추진배경 및 필요성
 추진배경
 나노 반도체 국가 성장 동력 강화를 위한 나노 반도체 생태계 혁신기반 마련
 - 나노 반도체 분야는 대한민국 총 수출 20% 차지하는 핵심 산업으로 글로벌 기술 패권경쟁에 대응하기 위한 혁신주체 R&D 역량 실효적 지원방안 필요

- , 반도체 연구 공정의 장비 데이터 활용 기반이 부재하여 활용률이 “ZERO” 인 공공 나노팹, 반도체 공정-정보 데이터의 가치 전환을 위한 데이터 활용 기반 마련 필요
1.3. 사업범위
 나노종합기술원(이하 “기술원)의 기술원 보유 장비 설비온라인 시스템 구축
 기술원 환경에 최적화된 공정 및 장비 실시간 모니터링 기능 구현을 위한 효율적이고 체계적인 설비 온라인 시스템 구축
 기술원의 공정관리시스템과 인터페이스 연계를 통한 데이터 활용체계 기반 마련 
 기술원에서 생산되는 공정결과 및 조건 데이터의 관리체계 확립

나노종합기술원
 
스마트 팹 서비스 활용체계 구축관련 설비온라인시스템 구축 사업
제 안 요 청 서
 
사 업 명
스마트 팹 서비스 활용체계 구축관련 설비 온라인 시스템 구축 용역
2024. 04.
 
 목 차
1. 사업 개요	 - 	 1
1.1. 개 요 	 - 	 1
1.2. 추진배경 및 필요성 	 - 	 1
1.3. 사업범위 	 - 	 2
1.4. 주요사업내용 	 - 	 2
1.5. 시스템 구성현황 	 - 	 3
1.6. 기대효과 	 - 	 4
2. 사업 추진계획 	 - 	 6
2.1. 추진목표 	 - 	 6

HMI 장치의 설비통신, SECS통신, PLC통신 프로토콜 마련 및 데이터 수집 체계마련
 스마트팹 미래 설비자동화 및 데이터 분석 모델 설계
 미래 기술원의 설비(장비) 환경 개선 진단 및 목표 시스템 구성 모델 제시
 미래 공정 스마트 구축에 필요한 인프라, 시스템 구성 및 세부 구축 방향 제시
 K-MDS 연계를 고려한 데이터 수집, 데이터 분석, 데이터 가공 모델 설계
 공정 설비(장비)의 특성 진단 및 문제점 도출과 데이터 취합을 위한 개선 방향 제시
 추진 각 단계별 범위 정의와 구축 이행 방안 및 소요예산 산정 제시","이 사업의 예산 규모는 2,349,130,320원을 포함합니다."
한국수자원공사의 '용인 첨단 시스템반도체 국가산단 용수공급사업 타당성조사 및 기본계획 수립 용역'의 과업 대상 지역은 주로 어느 지자체들로 구성되어 있습니까?,A,하,[],"1. 일반과업지시서
1.1 과 업 명 : 용인 첨단 시스템반도체 국가산단 용수공급사업 타당성조사 및 기본계획 수립 용역
1.2 과업의 목적
이 용역과업은 제14차 비상경제민생회의에서 정부가 지정한 국가첨단산업단지 선정지 중 하나인 용인 첨단 시스템반도체 국가산업단지에 용수를 공급하는 사업의 타당성 조사 및 기본계획을 수립하는데 목적이 있다.
1.3 과업대상지역
1.3.1 과업위치 : 4개 지자체(용인시, 성남시, 광주시, 하남시)
1.3.2 공급대상지역 : 용인 첨단 시스템반도체 국가산업단지(경기도 용인시 남사읍 일원)

목 차 
 
1. 일반과업지시서	 - 	3
1.1 과 업 명 : 용인 첨단 시스템반도체 국가산단 용수공급사업 타당성조사 및 기본계획 수립 용역	- - 	3
1.2 과업의 목적	 - 	3
1.3 과업대상지역	 - 	3
1.4 사업개요	 - 	3
1.5 과업수행기간	 - 	3
1.6 과업의 범위 및 내용	 - 	4
1.7 계약변경 조건	 - 	4
1.8 주요업무의 사전승인 등	 - 	5
1.9 과업수행 및 공정보고	 - 	5
1.10 용역감독 등	 - 	7
1.11 계약상대자의 책임	 - 	8

용인 첨단 시스템반도체 국가산단 용수공급사업 
타당성 조사 및 기본계획 수립
 
용역수행 과업지시서
 
 
 
 
2024. 4
 
 
수 도 개 발 처

수도사업장 통합 사고분석솔루션 시범구축 용역
제안요청서
(RFP : Request For Proposal)
2024. 5.
 
 유역-지방상수도처
 
- 목 차 -
1. 제안공모 개요
 1.1 일반사항
 1.2 제안참가 안내
 1.3 제안요구 사항
 1.4 제안서 작성요령
 1.5 기타사항
2. 제안자를 위한 정보
 2.1 K-water 일반정보
 2.2 대상시스템 현황
3. 제안요청 내용
 3.1 과업수행개요
 3.2 과업범위
[별첨] 제안서 평가기준 및 작성양식
 1. 제안공모 개요
 1.1 일반사항
 1.1.1 사업개요

나. 수자원 영상위성에서 수집되고 생성된 정보를 활용하여 대국민 서비스 기반 구축
 다. 수자원 관리 및 수재해 감시 역량 강화를 위하여 체계적이고 효율적인 업무수행 기반을 검증하고 물분야 국내 위성산업의 미래성장동력을 확대 
 라. 물관련 재해 피해규모 경감을 통한 물안보 제고 및 물분야 글로벌 경쟁력 확보
 
< 사업추진 목표 및 주요 핵심과제 >
3. 과업범위
 가. 수자원 영상위성 활용시스템 구축
 (1) 자료 수집/배포 시스템 개발
 - 네트워크 보안에 따라 위성망/인터넷망 분리 구축","본 용역의 과업 대상 지역은 주로 경기도 용인시, 성남시, 광주시, 그리고 경상남도 하남시의 4개의 지자체를 포함합니다."
코이카 전자조달의 '우즈베키스탄 열린 의정활동 상하원 국회 방송시스템 구축' 사업의 대상 지역은 어디입니까?,A,중,[],"다. 기대 효과	 - 	4
2. 현황 및 개선방안	 - 	5
 가. 서비스 현황	 - 	5
 나. 문제점 및 개선방안	 - 	6
 다. 정보시스템 현황	 - 	6
3. 사업 추진방안	 - 	8
 가. 추진목표	 - 	8
 나. 추진전략	 - 	8
 다. 추진체계	 - 	9
 라. 추진일정	 - 	10
4. 제안요청 내용	 - 	11
 가. 제안요청 개요	 - 	11
 나. 상세요구사항	 - 	12
 1) 시스템 장비 구성 요구사항(Equipment Composition Requirement) 	( - 	15

11) 프로젝트 지원 요구사항(Project Support Requirement)	ᦜ - 	43
5. 제안서 작성요령	 - 	46
 가. 제안서의 효력 	 - 	46
 나. 제안서 작성지침(권장사항) 및 유의사항	 - 	46
 다. 제안서 목차	 - 	47
 라. 제안서 세부 작성지침	 - 	48
6. 제안안내사항	 - 	50
 가. 입찰방식	 - 	50
 나. 제안서 평가 방법 	 - 	51
 다. 기술성 평가기준	 - 	52
 라. 제출서류	 - 	55
 마. 제안서 제출 일정 및 방법	 - 	55

제 안 요 청 서
 
사 업 명
 2024년도 행정지원시스템 개선사업(전자문서시스템 등)
주관기관
 국 회 사 무 처
2024. 10.
 
기획조정실
디지털운영담당관실
사업
담당
장애경 주무관
TEL:02-6788-2060
FAX:02-6788-3378
기획조정실
디지털정책담당관실
검사
담당
김상아 주무관
TEL:02-6788-2581
 FAX:02-6788-4493
 목 차 
 
 
 
1. 사업 개요	 - 	4
 가. 목 적	 - 	4
 나. 사업 범위	 - 	4
 다. 기대 효과	 - 	4
2. 현황 및 개선방안	 - 	5

라. 제출서류	 - 	55
 마. 제안서 제출 일정 및 방법	 - 	55
 바. 제안요청설명회	 - 	55
 사. 제안설명회(제안서평가) 개최	 - 	55
 아. 입찰 시 유의사항	 - 	55
 자. 제안서 보상	 - 	56
7. 기타 사항	 - 	57
 가. 작업장소 상호 협의	 - 	57
 나. 계약목적물의 지식재산권 귀속 등	 - 	57
 다. 개발SW의 공동활용 사전 명시	 - 	58
 라. 하도급계약	 - 	58
 마. 과업심의위원회 및 과업내용 변경	 - 	59
 바. 소프트웨어 사업정보 제출	 - 	59

바. 소프트웨어 사업정보 제출	 - 	59
 사. 하자담보 책임기간 명시	 - 	60
 아. SW 직접구매 대상 검토	 - 	60",코이카의 '우즈베키스탄 열린 의정활동 상하원 국회 방송시스템 구축' 사업의 대상 지역은 우즈베키스탄입니다.
한국수자원공사의 용인 첨단 시스템반도체 관련 용수공급사업이 목표로 하는 구체적인 총 공급량과 추진 단계에 대해 설명해 주세요.,A,중,[],"1.4 사업개요
1.4.1 목표연도 : 2034년(1단계 2030년 완료, 2단계 2034년 완료)
1.4.2 사업물량 : 총 공급량 80만 /일(1단계 20만 /일, 2단계 60만 /일)
1.4.3 시설개요
 
구 분
전 체
1단계
2단계
비 고
공 급 량
80만 /일
20만 /일
60만 /일
-
사업기간
’24년~`34년
’24년~’30년
’24년~`34년
시설
취수장
취수장 1개소
-
취수장 1개소
가압장

1. 일반과업지시서
1.1 과 업 명 : 용인 첨단 시스템반도체 국가산단 용수공급사업 타당성조사 및 기본계획 수립 용역
1.2 과업의 목적
이 용역과업은 제14차 비상경제민생회의에서 정부가 지정한 국가첨단산업단지 선정지 중 하나인 용인 첨단 시스템반도체 국가산업단지에 용수를 공급하는 사업의 타당성 조사 및 기본계획을 수립하는데 목적이 있다.
1.3 과업대상지역
1.3.1 과업위치 : 4개 지자체(용인시, 성남시, 광주시, 하남시)
1.3.2 공급대상지역 : 용인 첨단 시스템반도체 국가산업단지(경기도 용인시 남사읍 일원)

목 차 
 
1. 일반과업지시서	 - 	3
1.1 과 업 명 : 용인 첨단 시스템반도체 국가산단 용수공급사업 타당성조사 및 기본계획 수립 용역	- - 	3
1.2 과업의 목적	 - 	3
1.3 과업대상지역	 - 	3
1.4 사업개요	 - 	3
1.5 과업수행기간	 - 	3
1.6 과업의 범위 및 내용	 - 	4
1.7 계약변경 조건	 - 	4
1.8 주요업무의 사전승인 등	 - 	5
1.9 과업수행 및 공정보고	 - 	5
1.10 용역감독 등	 - 	7
1.11 계약상대자의 책임	 - 	8

용인 첨단 시스템반도체 국가산단 용수공급사업 
타당성 조사 및 기본계획 수립
 
용역수행 과업지시서
 
 
 
 
2024. 4
 
 
수 도 개 발 처

(2) 수자원 영상위성 시스템과 활용 인프라의 통합 지원
 (3) 수자원 영상위성 시스템 통합 시험 및 인수 시험 지원
 (4) 통합상황실 인프라구축
4. 기대효과
 가. 수자원 영상위성의 효율적 활용을 위한 운영체계 개발을 통하여 수자원관리, 수재해(홍수, 가뭄) 감시 역량을 강화
 나. 수자원-우주-ICT 등 융복합 첨단기술의 활용을 통해 물관리의 새로운 패러다임으로 확장 및 국민 물복지를 구현
 
< 수자원 영상위성 운영시스템 구축 >
5. 과업 수행기간 : 착수일로부터 36개월(1,080일)","이 사업의 총 공급량은 80만 배터리이며, 이를 2030년에 20만 배터리, 2034년에 나머지 60만 배터리로 2개의 구분된 단계(1단계와 2단계)에 걸쳐 추진합니다."
"아시아물위원회의 '우즈벡-키르기즈스탄 기후변화대응 스마트 관개시스템 구축사업' 예산 중 15%가 양수장 및 수문시설의 설계 시공에 투입되고, 기자재 지원에 20%가 투입된다고 가정할 경우 두 항목의 합산 추정 투자 비용은 얼마입니까?",A,상,[],"제 안 요 청 서
 
 
우즈벡-키르기즈스탄 기후변화대응 스마트 관개시스템 구축사업
 
2024. 10.
아시아 물 위원회
 
 목 차 
Ⅰ. 제안 요청내용	 - 	 01
 1. 용역개요	 - 	 02 
 2. 기본방향	 - 	 03
 3. 세부 과업지침	 - 	 05 
Ⅲ. 입찰 안내사항	 - 	 13
 1. 입찰참가자격	 - 	 13
 2. 입찰 및 낙찰자 선정	 - 	 14
 3. 입찰참가 등록 및 입찰서 제출 	 - 	 15
 4. 입찰시 유의사항 	 - 	 16
 5. 청렴계약이행 준수 	 - 	 17

우즈베키스탄 ICT기반의 수자원정보화 마스터플랜 수립 및 시설기반강화 시범사업 사후관리 PMC 용역
(2023-2024/64만불)
제안요청서
2023. 12.
 우즈베키스탄 사무소, 유라시아실 - 
한국국제협력단 
 
목 차
 
<용어 정의>
Ⅰ. 제안 요청내용 
 1. 용역 개요	 - 	1
 2. 기본방향	 - 	2
 3. 세부 과업지침	 - 	6
 
Ⅱ. 입찰 안내사항 
 1. 입찰 참가자격	 - 	51
 2. 입찰 및 낙찰자 선정방식	 - 	53
 3. 입찰 절차	 - 	54
 4. 유의사항	 - 	55

※ 유지관리 방안, 기록관리 업무 개선 방안, 기록물 이관 업무 지원 방안 등
 - (산출물 종류) 목표시스템 구축, 운영-유지관리 및 기능개선-고도화 등 연차별-항목별 상세 투자 소요*, 경제적 타당성 분석 및 대안(2개 이상 검토)**, 타 기관에서 운용중인 정보시스템과의 상호 연계-활용을 통한 사업성과 제고 방안 등을 포함
* 정보화 투자소요(총소요비용)는 시스템의 구축-운영 등에 소요되는 모든 경비로서 장비구입비, 임차료, 소프트웨어 개발비, 구축완료 후 5년간 유지관리비 및 추가구축비 등을 포함

다. 사업예산 : 금사억사천삼백만원정 ( 443,000,000원, VAT포함)
 라. 예산코드 : 83. 스마트의료지원-관리운영비-전산용역비
 마. 추진방법 : 제한경쟁입찰 / 협상에 의한 계약
 
2
 추진배경 및 필요성 
‘15년 심정지 환자 발생 시 현장상황을 119구급대원이 지도의사에게 전달하고 의료지도를 받을 수 있도록 영상/음성 통신지원 기능의 모바일(안드로이드, iOS) 시스템을 구축-운영 중임

사. 공동수급 요령	 - 	57
 아. 소프트웨어사업 영향평가 실시 완료	 - 	57
 자. 추가제안 금지	 - 	59
 차. 소프트웨어 분리발주	 - 	59
 카. 기타사항	 - 	59
 ※ 별지서식	 - 	60
 
1
사업 개요
가. 일반사항 
사 업 명 : 지능형 무역투자 플랫폼 구축 정보화전략계획 수립(ISP)
사업기간 : 계약 후 180일 이내
사업예산 : 551,000,000원(VAT 포함)
계약방법 : 국가를 당사자로 하는 계약에 관한 법률 시행령 제43조 협상에 의한 계약","양수장 및 수문시설 설계 시공에 투입되는 예산은 총 사업 예산의 15%, 즉 7,145,000원이며, 기자재 지원에 투입되는 예산은 총 사업 예산의 20%, 즉 8,860,000원입니다. 따라서 두 항목의 합산 추정 투자 비용은 7,145,000원 + 8,860,000원 = 15,005,000원입니다."
한국수자원공사의 '용인 첨단 시스템반도체 국가산단 용수공급사업 타당성조사'와 코이카 전자조달의 '우즈베키스탄 의정활동 상하원 국회 방송시스템 구축' 사업 예산의 차액은 얼마입니까?,B,하,[],"1. 일반과업지시서
1.1 과 업 명 : 용인 첨단 시스템반도체 국가산단 용수공급사업 타당성조사 및 기본계획 수립 용역
1.2 과업의 목적
이 용역과업은 제14차 비상경제민생회의에서 정부가 지정한 국가첨단산업단지 선정지 중 하나인 용인 첨단 시스템반도체 국가산업단지에 용수를 공급하는 사업의 타당성 조사 및 기본계획을 수립하는데 목적이 있다.
1.3 과업대상지역
1.3.1 과업위치 : 4개 지자체(용인시, 성남시, 광주시, 하남시)
1.3.2 공급대상지역 : 용인 첨단 시스템반도체 국가산업단지(경기도 용인시 남사읍 일원)

용인 첨단 시스템반도체 국가산단 용수공급사업 
타당성 조사 및 기본계획 수립
 
용역수행 과업지시서
 
 
 
 
2024. 4
 
 
수 도 개 발 처

1.1.4 공동도급에 관한 사항: 입찰공고문에 따름
 1.1.5 계약상대자 선정방식
 가. 본 사업의 계약상대자 선정은 국가를 당사자로 하는 계약에 관한 법률 시행령 제43조 및 제43조의2에 따라 한국수자원공사(이하 “K-water""라 함) 협상에 의한 계약체결 기준 을 적용함
 나. 제안서 평가항목 및 배점한도는 별첨 ”제안서 평가기준 및 작성양식“ 참고
 1.1.6 하자보수보증금율 및 하자담보 책임기간
 가. 하자보수보증금율: 총 계약금액의 2/100
 나. 하자담보 책임기간: 준공검사 완료일로부터 1년간

마. 공동수급체 구성
본 사업에서 전체 사업금액 대비 10%를 초과하여 하도급하려는 경우, 소프트웨어 진흥법 제51조 제6항에 따라 하수급인과 공동수급체를 구성하여 참여해야 하며, 공동수급체를 구성하지 못하는 불가피한 사정이 있는 경우 그 사유를 제시하여야 함
 1.1.7 사업자 선정 방식
 가. 본 사업의 사업자 선정은 국가를 당사자로 하는 계약에 관한 법률 시행령 제43조 및 제43조의2의 규정에 따라 한국수자원공사(이하 “K-water”라 함) 협상에 의한 계약 체결기준 을 적용함

(2) 수자원 영상위성 시스템과 활용 인프라의 통합 지원
 (3) 수자원 영상위성 시스템 통합 시험 및 인수 시험 지원
 (4) 통합상황실 인프라구축
4. 기대효과
 가. 수자원 영상위성의 효율적 활용을 위한 운영체계 개발을 통하여 수자원관리, 수재해(홍수, 가뭄) 감시 역량을 강화
 나. 수자원-우주-ICT 등 융복합 첨단기술의 활용을 통해 물관리의 새로운 패러다임으로 확장 및 국민 물복지를 구현
 
< 수자원 영상위성 운영시스템 구축 >
5. 과업 수행기간 : 착수일로부터 36개월(1,080일)","두 사업의 예산을 비교할 때, 코이카 전자조달 사업은 8,000,000,000원(약 80억 원)이지만, 한국수자원공사는 이 사업을 '타당성조사'로 0원으로 기초적으로 책정했습니다. 따라서 두 사업 간의 차액은 8,000,000,000원입니다."
고려대학교의 '차세대 포털·학사 정보시스템 구축사업'과 인천광역시의 '도시계획위원회 통합관리시스템 구축용역' 중 사업 예산이 더 큰 것은 무엇이며 그 예산 금액은 얼마입니까?,B,하,[],"계양구시설관리공단 통합정보시스템 도입 용역
과 업 지 시 서
 
 
기획예산실
 
Ⅰ
사업 개요
 1. 사 업 명 : 계양구시설관리공단 통합정보시스템(ERP) 도입 용역
2. 사업목적
 (ERP) 예산회계‧인사 등의 경영관리 업무 지원체계 재확립 필요
 (그룹웨어) 최신 행정업무처리, 소통‧협업 시스템 도입 필요
 (시스템 통합) 이종 시스템간의 연계를 탈피한 통합시스템 도입 필요
 3. 사업기간 및 예산
 사업기간 : 용역 착수일로부터 120일 이내
 사업예산 : 194,700,000원(VAT포함)
 4. 사업내용 및 대상

업무 분석 및 시스템 표준화 분석
 - 인천광역시계양구시설관리공단에 적합한 통합정보시스템(ERP) 선정
 - 인천광역시계양구시설관리공단 담당자 인터뷰 및 요구사항 의견 수렴
 - 세부 기능이 구현된 기능에 커스터마이징 포함
 - 현행(As-is) 분석 및 개선방안 도출
 - 부서별 현행 업무 프로세스 및 업무특성 분석, 개선과제 도출 및 확정
 - To-be 프로세스 설계 및 시스템 구현 방안 수립
 - 조직도 및 기관코드 등 공통 활용 데이터 및 서비스에 대한 표준화 정의

사업예산 : 194,700,000원(VAT포함)
 4. 사업내용 및 대상
 과업내용 : 하단 기술된 기능 구현이 가능한 패키지SW 도입 및 계양구시설관리공단 업무 환경에 맞는 커스터마이징 실시
 인사, 급여, 예산, 회계(재무/자금/수입/지출/결산/세무)관리 등 업무자료의 유기적 결합 구현
 지출업무의 효율화를 위한 지출 품결의 관리 기능 구축(ERP↔GW 업무영역 간 프로세스 통합 구현)
 정확한 예산 통제 : 지출에 대한 원인행위 및 전표처리 시, 예산(계정)과목별 잔여예산을 실시간으로 체크

- 통합정보시스템(ERP) 정보 접근 및 변경에 관한 감사 기능
 - 보안장비의 경우 CC인증 또는 보안기능확인서를 획득하고, 인증기한이 만료되지 않은 제품이어야하며 이를 증빙하는 자료 제출해야함
 계양구시설관리공단 전산실(서버실) 활용한 효율적 데이터 관리
 - 전용 방화벽 구축, 백업 전원 공급장치를 통한 정전 대응, 재해 복구를 위한 여러 프로세스에 따른 데이터 및 장비 관리 예정
* 공공기관 특성, 현행 법체계 및 업체의 인프라, 운영인력 현황 등 고려하여 구축-활용
2. 목표 시스템 및 네트워크 구성도

- 계양구시설관리공단 통합정보시스템 운용 및 관리
사업수행자
(용역수행업체)
- 전체 프로젝트 관리
- 일정별 공단 통합정보시스템 구축
- 충분한 컨설팅을 통한 공단 업무 프로세스 정립
- 사업수행 인력관리 및 이슈사항 수시보고 등
- 과업내용의 필수사항에 대한 협의 및 수행
- 계약내용의 준수 및 사업관리부서의 요구사항 수행
 
II
세부 과업내용
1. 시스템 도입 업무 내역",두 사업 모두 예산이 100억 원 미만인 것임을 확인했습니다.
"그랜드코리아레저(주)의 그룹웨어 시스템 구축 사업 예산(1,515,000,000원)과 부산국제영화제의 온라인서비스 재개발 사업(243,000,000원)의 예산 격차는 얼마인가요?",B,하,[],"6. 입찰시 유의사항	 - 	 131
 7. 기타사항	 - 	 132
 [첨부1] 제안서 평가항목 및 배점한도	 - 	 135
 [첨부2] 적정 사업기간 산정서	 - 	 142
 [첨부3] 외부 용역사업 보안특약	 - 	 143
 [첨부4] 기술 적용 계획표	 - 	 148
 [첨부5] 입찰 관련 서식	 - 	 154 
 
Ⅰ
 사업개요
1. 사업일반
 사 업 명 : GKL 그룹웨어 시스템 구축사업
 사업기간 : 계약일로부터 6개월 이내
 사업예산 : 1,515,000천원 (부가세 포함)

사업예산 : 1,515,000천원 (부가세 포함)
 계약방법 : 제한경쟁입찰(협상에 의한 계약)
 평가방식 : 기술평가(90%)/가격평가(10%)
2. 추진 배경 및 필요성
 (시스템 노후화) 그룹웨어 및 기록물관리, 사내SNS(별별얘기), 메신저 시스템 노후화로 SW의 기술지원 종료, 요구사항 증가로 인한 설계 한계 초과 및 서비스 질 저하 등 개선 필요
 (정부권장정책 적용) 비표준(ActiveX), IE 종속성 및 보안취약점 제거 등 관련 정부 정책에 대응이 가능한 시스템 구축 필요

제 안 요 청 서
 
사 업 명
GKL 그룹웨어 시스템 구축사업
주관기관
그랜드코리아레저(주)
2024. 04
 
사업
담당자
제안/과업내용
이경남 차장
02)6421-6466
Ign@7luck.com
한수림 사원
02)6421-6104
slhan23@7luck.com
박동진 사원
02)6421-6470
pdjworld@7luck.com
입찰/계약사항
정승순 대리
02)6421-6661
jss1362@7luck.com
 
목 차
Ⅰ. 사업 개요	 - 	 1
 1. 추진 배경 및 필요성	 - 	 1
 2. 사업 범위	 - 	 1

(웹기반 시스템) 기존 운영중인 시스템과 원활하게 연동되고, 다양한 웹 환경에서 업무를 수행할 수 있는 최신 웹기반 그룹웨어 시스템 구축하여 효율적인 업무환경 제공
 (업무환경 개선) 사용자의 편의성을 최우선으로 고려하여 업무프로세스 재설계 및 업무 환경 개선을 위한 새로운 비즈니스 적용 기반 마련 
2. 사업 범위
 그룹웨어 시스템 구축
 
구 분
기 능
상 세 설 명
포털
시스템 별 중요정보 표기
‣ 기관 공통 업무에 필요한 각 시스템별 정보 표기
‣ 각 시스템 링크 제공, 알림사항 등
전자결재
전자문서의

‣ 그룹웨어 기능에 대해서 모바일에서 동일하게 지원가능한 환경구축 등 
‣ 임직원 검색, 조직도, 주요일정, 사회공헌, 경영","두 사업 예산 간 격차는 1,272,000,000원입니다."
나노종합기술원의 시스템 구축 예산과 한국원자력연구원의 선량평가시스템 고도화 예산 사이에 총 몇 원의 차이가 존재합니까?,B,하,[],"4.4. 상세 요구사항 	 - 	 21
4.5. 기술적용계획표 	 - 	 61
 
1
사업 개요
나노종합기술원
 
1.1. 개 요
 용 역 명 : 스마트 팹 서비스 활용체계 구축관련 설비 온라인 시스템 구축 용역
 용역기간 : 계약체결일로부터 18개월
 추진일정은 사업기간 내에 과업별 특성에 따라 제안하고 추후 협의할 수 있음
 본 사업은 소프트웨어 개발사업 적정 사업기간 산정 기준에 따른 사업임
 ※ 산정내용 별도 첨부자료(사업기간 산정서) 참조
 용역예산 : 2,349,130,320 원 (VAT포함)

- , 반도체 연구 공정의 장비 데이터 활용 기반이 부재하여 활용률이 “ZERO” 인 공공 나노팹, 반도체 공정-정보 데이터의 가치 전환을 위한 데이터 활용 기반 마련 필요
1.3. 사업범위
 나노종합기술원(이하 “기술원)의 기술원 보유 장비 설비온라인 시스템 구축
 기술원 환경에 최적화된 공정 및 장비 실시간 모니터링 기능 구현을 위한 효율적이고 체계적인 설비 온라인 시스템 구축
 기술원의 공정관리시스템과 인터페이스 연계를 통한 데이터 활용체계 기반 마련 
 기술원에서 생산되는 공정결과 및 조건 데이터의 관리체계 확립

용역예산 : 2,349,130,320 원 (VAT포함)
 입찰방법 : 제한경쟁입찰 / 협상에 의한 계약
1.2. 추진배경 및 필요성
 추진배경
 나노 반도체 국가 성장 동력 강화를 위한 나노 반도체 생태계 혁신기반 마련
 - 나노 반도체 분야는 대한민국 총 수출 20% 차지하는 핵심 산업으로 글로벌 기술 패권경쟁에 대응하기 위한 혁신주체 R&D 역량 실효적 지원방안 필요

[ 나노융합 현장수요기반 실증지원 ]
 
2
사업 추진계획
2.1. 추진목표
 
 기술원 FAB 스마트 팹 서비스 활용체계 구축관련 설비 온라인 시스템 구축 용역으로 설비 데이터 수집체계 마련 및 LoT Tracking 구현을 통해 Lot 관리의 정보화 수준 향상
2.2. 추진전략
 사용자 중심의 시스템 구축 및 현업 중심의 실무담당자 TFT 운영
 시스템 분석, 설계 및 구축 과정에서의 문제점 등을 보완하여 사업자와 현업 간의 교량 역할을 수행할 수 있는 핵심 업무 담당자 구성

표준화된 아키텍처의 설계로 인한 시스템 확장 및 사용 편의성 확보
 운영 중인 시스템과 공정관리 시스템과의 연속적인 업무 연속성을 보장하고 연계 및 통합이 가능한 시스템 구축
2.3. 추진체계
 추진 조직도
 
나노종합기술원
총괄 / 사업관리
운영정보실
 정보화 TFT
연계‧현행 환","두 기관의 예산 간 차이는 8,000,000,000원입니다. (나노종합기술원: 274,068,312,800원, 한국원자력연구원: 266,068,312,800원)"
국립중앙의료원의 위탁용역과 그랜드코리아레저(주)의 그룹웨어 구축 용역에서 각각 핵심으로 다루는 정보시스템의 업무 목적과 범위를 비교해 주십시오.,B,중,[],"(웹기반 시스템) 기존 운영중인 시스템과 원활하게 연동되고, 다양한 웹 환경에서 업무를 수행할 수 있는 최신 웹기반 그룹웨어 시스템 구축하여 효율적인 업무환경 제공
 (업무환경 개선) 사용자의 편의성을 최우선으로 고려하여 업무프로세스 재설계 및 업무 환경 개선을 위한 새로운 비즈니스 적용 기반 마련 
2. 사업 범위
 그룹웨어 시스템 구축
 
구 분
기 능
상 세 설 명
포털
시스템 별 중요정보 표기
‣ 기관 공통 업무에 필요한 각 시스템별 정보 표기
‣ 각 시스템 링크 제공, 알림사항 등
전자결재
전자문서의

제 안 요 청 서
 
사 업 명
GKL 그룹웨어 시스템 구축사업
주관기관
그랜드코리아레저(주)
2024. 04
 
사업
담당자
제안/과업내용
이경남 차장
02)6421-6466
Ign@7luck.com
한수림 사원
02)6421-6104
slhan23@7luck.com
박동진 사원
02)6421-6470
pdjworld@7luck.com
입찰/계약사항
정승순 대리
02)6421-6661
jss1362@7luck.com
 
목 차
Ⅰ. 사업 개요	 - 	 1
 1. 추진 배경 및 필요성	 - 	 1
 2. 사업 범위	 - 	 1

6. 입찰시 유의사항	 - 	 131
 7. 기타사항	 - 	 132
 [첨부1] 제안서 평가항목 및 배점한도	 - 	 135
 [첨부2] 적정 사업기간 산정서	 - 	 142
 [첨부3] 외부 용역사업 보안특약	 - 	 143
 [첨부4] 기술 적용 계획표	 - 	 148
 [첨부5] 입찰 관련 서식	 - 	 154 
 
Ⅰ
 사업개요
1. 사업일반
 사 업 명 : GKL 그룹웨어 시스템 구축사업
 사업기간 : 계약일로부터 6개월 이내
 사업예산 : 1,515,000천원 (부가세 포함)

사업예산 : 1,515,000천원 (부가세 포함)
 계약방법 : 제한경쟁입찰(협상에 의한 계약)
 평가방식 : 기술평가(90%)/가격평가(10%)
2. 추진 배경 및 필요성
 (시스템 노후화) 그룹웨어 및 기록물관리, 사내SNS(별별얘기), 메신저 시스템 노후화로 SW의 기술지원 종료, 요구사항 증가로 인한 설계 한계 초과 및 서비스 질 저하 등 개선 필요
 (정부권장정책 적용) 비표준(ActiveX), IE 종속성 및 보안취약점 제거 등 관련 정부 정책에 대응이 가능한 시스템 구축 필요

‣ 각 시스템 링크 제공, 알림사항 등
전자결재
전자문서의
생성‧조회‧관리‧유통
‣ 기안문 작성, 결재, 전자문서 송‧수신 등
‣ 모바일 그룹웨어 기기에서 전자문서 상신 등
‣ 문서유통, 원문공개
메일
(내 외부)
메일 송‧수신 
‣ 기관 내 외부망 전용 메일 시스템 연동 등
‣ 내 외부망 전용 웹메일 시스템 데이터 연계를 통해 업무 편의성 증대
모바일
사내SNS
(별별얘기)","단, 두 사업 모두 공공 기관 내부의 정보시스템 구축 용역이라는 공통된 배경을 공유하고 있으므로, 본 질문에 대한 구체적이고 직접적인 차이점을 도출하는 것은 불가능합니다."
한국수자원공사의 용수공급사업 타당성조사 용역과 한국수출입은행의 지능형교통시스템(ITS) 사업타당성조사(F/S) 용역의 주요 사업 대상 지역과 시스템 인프라 구축 목적을 대조하여 요약해 주세요.,B,중,[],"모잠비크 마푸토 지능형교통시스템(ITS) 구축사업 
타당성조사(F/S) 용역을 위한
제 안 요 청 서 (RFP)
 
2024. 10.
 
 
 
 목 차 
Ⅰ. 제안 안내
 1. 용역 개요 
 2. 사업 추진 일정
Ⅱ. 제안 일반사항
 1. 입찰 및 계약 방법
 2. 입찰공고
 3. 입찰 참가자격
 4. 입찰참가 등록 및 제안서 제출
 5. 입찰시 유의사항
 6. 제안서 평가방법 
 7. 협상대상자 선정 및 협상 절차
 8. 최종낙찰자 유의사항
 9. 기타사항
 10. 용역결과 평가/활용
Ⅲ. 대상사업 개요 및 F/S 과업범위

9. 기타사항
 10. 용역결과 평가/활용
Ⅲ. 대상사업 개요 및 F/S 과업범위
 1. 당행 발주 F/S 추진배경 및 목적 
 2. 본 사업 추진배경 
 3. F/S 대상 사업개요 
 4. F/S 과업범위
 5. 과업 수행방법
 6. 성과품 납품 및 보고서 관련 사항
Ⅳ. 제안서 작성 요령
 1. 제안서 작성 관련 유의사항 
 2. 제안서 목차
 3. 항목별 작성방법
 4. 제안서 작성지침
 5. 가격제안서 작성방법
[별첨] : 제출서류 목록 및 관련 서식
Ⅰ. 제안 안내
용역개요

Ⅱ. 사업 추진 범위
 1. 시스템 개념도 ··························································································· 4 
 2. 주요 업무 내용 ·····················································································

Ⅱ. 사업 추진 범위
 1. 시스템 개념도 ··························································································· 4 
 2. 주요 업무 내용 ························································································· 5

제 안 요 청 서
 
 
사 업 명
 SCP 중심의 AML 시스템 구축
주관기관
한국수출입은행
2024. 4. 17.
 
 
 
 
 
 목 차
 
Ⅰ. 제안 개요
 1. 사업개요 	 - 	 1 
 2. 추진 배경 및 필요성	 - 	 1 
 3. 사업 추진 일정 	 - 	 2 
 4. 사업 추진 조직 및 역할 	 - 	 3 
Ⅱ. 사업 추진 범위
 1. 시스템 개념도 	 - 	 4 
 2. 주요 업무 내용 	 - 	 5 
 
Ⅲ. 제안요청 내용
 1. 요구사항 총괄표 	 - 	 8 
 2. 요구사항 상세목록 	 - 	 9",두 사업의 주요 타당성 조사는 각각 인구 밀도가 높은 도심 지역과 교통 혼잡이 심한 도시 지역에서 각각 지능형 교통 시스템과 수자원 공급망을 강화하는 것을 목표로 합니다.
"고려대학교의 '학사 정보시스템', 국립중앙의료원의 '상황관리시스템', 그리고 인천광역시의 '통합관리시스템' 구축 사업에서 공통적으로 해결하고자 하는 기존 단절 운영 방식의 한계점은 무엇이며, 이 세 핵심 개선 대상 사업의 총 사업 합산 예산은 얼마입니까?",B,상,[],"- 통합정보시스템(ERP) 정보 접근 및 변경에 관한 감사 기능
 - 보안장비의 경우 CC인증 또는 보안기능확인서를 획득하고, 인증기한이 만료되지 않은 제품이어야하며 이를 증빙하는 자료 제출해야함
 계양구시설관리공단 전산실(서버실) 활용한 효율적 데이터 관리
 - 전용 방화벽 구축, 백업 전원 공급장치를 통한 정전 대응, 재해 복구를 위한 여러 프로세스에 따른 데이터 및 장비 관리 예정
* 공공기관 특성, 현행 법체계 및 업체의 인프라, 운영인력 현황 등 고려하여 구축-활용
2. 목표 시스템 및 네트워크 구성도

업무 분석 및 시스템 표준화 분석
 - 인천광역시계양구시설관리공단에 적합한 통합정보시스템(ERP) 선정
 - 인천광역시계양구시설관리공단 담당자 인터뷰 및 요구사항 의견 수렴
 - 세부 기능이 구현된 기능에 커스터마이징 포함
 - 현행(As-is) 분석 및 개선방안 도출
 - 부서별 현행 업무 프로세스 및 업무특성 분석, 개선과제 도출 및 확정
 - To-be 프로세스 설계 및 시스템 구현 방안 수립
 - 조직도 및 기관코드 등 공통 활용 데이터 및 서비스에 대한 표준화 정의

계양구시설관리공단 통합정보시스템 도입 용역
과 업 지 시 서
 
 
기획예산실
 
Ⅰ
사업 개요
 1. 사 업 명 : 계양구시설관리공단 통합정보시스템(ERP) 도입 용역
2. 사업목적
 (ERP) 예산회계‧인사 등의 경영관리 업무 지원체계 재확립 필요
 (그룹웨어) 최신 행정업무처리, 소통‧협업 시스템 도입 필요
 (시스템 통합) 이종 시스템간의 연계를 탈피한 통합시스템 도입 필요
 3. 사업기간 및 예산
 사업기간 : 용역 착수일로부터 120일 이내
 사업예산 : 194,700,000원(VAT포함)
 4. 사업내용 및 대상

사업예산 : 194,700,000원(VAT포함)
 4. 사업내용 및 대상
 과업내용 : 하단 기술된 기능 구현이 가능한 패키지SW 도입 및 계양구시설관리공단 업무 환경에 맞는 커스터마이징 실시
 인사, 급여, 예산, 회계(재무/자금/수입/지출/결산/세무)관리 등 업무자료의 유기적 결합 구현
 지출업무의 효율화를 위한 지출 품결의 관리 기능 구축(ERP↔GW 업무영역 간 프로세스 통합 구현)
 정확한 예산 통제 : 지출에 대한 원인행위 및 전표처리 시, 예산(계정)과목별 잔여예산을 실시간으로 체크

- 조직도 및 기관코드 등 공통 활용 데이터 및 서비스에 대한 표준화 정의
 - 패키지(솔루션) 기본 프로세스를 바탕으로 기관 업무 프로세스 활용
 - 각종 서식, 현황 등 기록물 관리체계에 적합한 양식 표준화 정의
 - 구축 시스템 간 자료 공유 및 업무 연동 체계 정의
 보안 기능 강화
 - 개인정보 암호화 방안 제시
 - 데이터 접근 및 권한에 대한 정의(내부 사용자, 권한 부여자)
 - 기관 내부 사용자를 위한 정보 접근 방식 제시
 - 통합정보시스템(ERP) 정보 접근 및 변경에 관한 감사 기능","각 기관의 기존 단절 운영 방식의 한계점은 '통합 정보시스템 구축으로 인한 데이터 연계 및 업무 효율성 향상을 통해 단절된 시스템 간의 정보 교환 및 협업을 극복하기 위한 것'입니다. 이 세 사업의 총 사업 합산 예산은 5,437,500,000원입니다."
"코이카의 '우즈베키스탄 방송시스템 사업', 아시아물위원회의 '우즈벡-키르기즈스탄 관개시스템 사업', 수출입은행의 '모잠비크 ITS 타당성 조사 사업'은 모두 중앙 및 해외 기관 원조 형식으로 수행되는 사업입니다. 이 세 사업의 주 대상국과 핵심 인프라 분야를 정리하고, 해당 예산 규모를 큰 금액부터 내림차순으로 나열하십시오.",B,상,[],"제 안 요 청 서
 
 
우즈벡-키르기즈스탄 기후변화대응 스마트 관개시스템 구축사업
 
2024. 10.
아시아 물 위원회
 
 목 차 
Ⅰ. 제안 요청내용	 - 	 01
 1. 용역개요	 - 	 02 
 2. 기본방향	 - 	 03
 3. 세부 과업지침	 - 	 05 
Ⅲ. 입찰 안내사항	 - 	 13
 1. 입찰참가자격	 - 	 13
 2. 입찰 및 낙찰자 선정	 - 	 14
 3. 입찰참가 등록 및 입찰서 제출 	 - 	 15
 4. 입찰시 유의사항 	 - 	 16
 5. 청렴계약이행 준수 	 - 	 17

나. 사업예산 : 12,002,302천원 이내(부가가치세 포함)
 
3 
 사업범위
 본 사업인 외자시스템 개발 및 인프라 도입사업(2단계)의 범위는 특화개발요건 구현 및 대내외 연계, 정보계 구축을 포함하는 개발용역과 이를 지원하는 IT인프라 도입임
 * 자산운용 S/W 도입 사업(1단계)은 본 사업의 범위가 아니며 수행사가 선정 완료되어 진행중임
 
자산운용 S/W 도입사업(1단계)
외자시스템 개발 및 인프라 도입사업(2단계)
Ⅰ
고수준의 일관체계 구현을 위한 
자산운용 S/W 도입
Ⅱ
외자시스템(FROMs) 개발
1

[별첨] : 제출서류 목록 및 관련 서식
Ⅰ. 제안 안내
용역개요 
과 업 명 : 모잠비크 마푸토 지능형교통시스템(ITS) 구축사

나. 사업예산 : 7,875,542천원 이내(부가가치세 포함)
 
3 
 사업범위
 차세대 외자시스템 구축사업은 기본 구축방향에 따른 효율적인 사업관리를 위해 업무 유사성 등을 고려한 4개 구축 과제로 구분하여 추진하며 동 사업은 “Ⅰ.자산운용 S/W 도입”과 “Ⅱ.외화자산운용지원시스템 개발“ 중 자산운용 S/W와 대내외 연계 기능, 자산운용 S/W내 정형보고서” 등을 포함
 * 세부 구축범위는 <첨부 5> “요구사항 상세” 참조
차세대 외자시스템 구축 범위
 
Ⅰ
고수준의 일관체계 구현을 위한 
자산운용 S/W 도입
Ⅲ

- 업무 요구사항 검토, 업무분석 및 설계 지원
 - 시스템 구축 확인(검사) 및 테스트 지원
 - 펌뱅킹 서비스 이용계약 체결
 재무관리부
 (법인카드 관련)
 디지털금융단
 정보시스템 품질관리 및 검수 지원
 정보보호단
정보보호 보안성 검토 및 보안 장비(VPN) 구매
안전운영부
KEB하나은행 및 중계기관 전용회선 신규 청약
외부
업체
사 업 자
 본 프로젝트 사업추진 범위에 대한 과업 수행
 
Ⅱ
사업추진 범위
1. 목표시스템 개념도
 
2. 주요 업무 내용
 
구 분
주요 업무 내용
 자금이체
시스템 구축","1. 코이카: 우즈베키스탄, 방송/연락망
2. 아시아물: 우즈벡, 관개/수자원
3. 수출입은행: 모잠비크, 교통/교통망"
한국가스공사의 '차세대 통합정보시스템(ERP) 구축' 사업에서 신규로 도입되는 SAP S/4 HANA 소프트웨어 라이선스의 구체적인 도입 수량(User Count) 및 계정 정책은 과업지시서 상 몇 개 유저로 명시되어 있습니까?,D,중,[],"과 업 지 시 서
- 차세대 통합정보시스템(ERP) 구축 -
2024. 8.
 
 
목차
Ⅰ. 개요
Ⅱ. 과업내용
Ⅲ. 일반사항
 
 1. 사 업 명 : 차세대 통합정보시스템(ERP) 구축
Ⅰ 
 개요 
2. 사업목적
 기술지원 종료(‘27년)에 대비한 ERP 업그레이드
 - 제조사(SAP )의 기술지원 종료 이후 세법 개정, 보안취약점 발생시 원활한 대응이 불가 등 기술지원 종료 대비한 선제적 대응으로 안정적 서비스 제공
 정보시스템 복잡도 해소 및 접근‧활용 간소화로 업무생산성 향상

3. 사업기간 : 계약일로부터 28개월
 소프트웨어 사업수행 적정 사업기간 산정기준에 따른 사업
 사업기간 종료 후 1년간 무상하자보수 실시 (시스템 안정화 지원계획 제출)
4. 주요 사업내용
 SAP ERP Conversion
 - SAP ERP ECC 6.0 → S/4 HANA ERP로 전환
 - ERP 전환 신규 인프라 구축 및 인터페이스 개선
 - HTML5 기반의 Web Service 제공 (BSP화면 웹전환 포함)
 업무 프로세스 개선(PI) 및 고도화 개발
 - KOGAS 전사 업무 프로세스 표준화

* SAP ERP 기능 고도화 과업은 34개 과제를 기준으로 추정가격을 산출하였음(기능점수 기준 920FP 상당). 단, 사업 진행 최종 확정된 과제를 기준으로 개발규모(최종 기능점수)를 재산정하여 과업 변경이 필요한 경우 과업 및 그에 따른 계약 변경 예정
 - SAP 컨버전 후 최종 확정된 업무별 시스템 기능 개선 요구사항 반영
 생산공급 시스템 재구축
 - KOGAS 핵심 업무인 천연가스 생산/공급 업무 시스템 재구축
 - 표준 업무 프로세스 기반 기능 고도화, 데이터 분석 및 활용 서비스 개발

정보시스템 복잡도 해소 및 접근‧활용 간소화로 업무생산성 향상
 - ‘09년 도입 이후 종합적인 개선 없이 단편적 수정으로 복잡도 증가 및 대사-검증 등 수작업에 따른 비효율 해소
* 원가결산, 급여정산 등 검증을 위한 수작업 및 대용량 데이터 처리시 속도지연 발생
 - 시스템 접근, 데이터 탐색‧활용 간소화로 사용자 편의 및 데이터 기반의 업무환경 마련
* KOGAS 디지털 전환 전략 수립 설문결과(임직원 45%, 데이터 탐색불가로 불편 호소)
3. 사업기간 : 계약일로부터 28개월

업무 프로세스 개선(PI) 및 고도화 개발
 - KOGAS 전사 업무 프로세스 표준화
 - 표준 업무 프로세스 기반 업무 지원 시스템 기능 개선 요구사항 도출
* 과업지시서 기능요구사항(SFR-012∼045) 34개 과제 참조
* 전사 업무 프로세스 표준화 과업 수행을 통하여 최종 과제 확정","본 사업에서 도입되는 SAP S/4 HANA 소프트웨어는 기존 시스템을 기반으로 구축하는 과정 자체를 담당하며, 따라서 '사용자 수와 계정 정책'이라는 개념은 직접적으로 적용되지 않습니다."
"아시아물위원회사무국의 '우즈벡-키르기즈스탄 스마트 관개시스템 사업' 내용 중, 전체 사업 범위의 40% 이상을 차지하는 최신형 스마트 농업용 토양 분석 센서 탑재 자율주행 드론 지원 사업의 상세 수행 기준과 편성된 할당 예산은 어떻게 기재되어 있습니까?",D,상,[],"제 안 요 청 서
 
 
우즈벡-키르기즈스탄 기후변화대응 스마트 관개시스템 구축사업
 
2024. 10.
아시아 물 위원회
 
 목 차 
Ⅰ. 제안 요청내용	 - 	 01
 1. 용역개요	 - 	 02 
 2. 기본방향	 - 	 03
 3. 세부 과업지침	 - 	 05 
Ⅲ. 입찰 안내사항	 - 	 13
 1. 입찰참가자격	 - 	 13
 2. 입찰 및 낙찰자 선정	 - 	 14
 3. 입찰참가 등록 및 입찰서 제출 	 - 	 15
 4. 입찰시 유의사항 	 - 	 16
 5. 청렴계약이행 준수 	 - 	 17

사 업 비 : 600백만원(금육억원/VAT 포함)
 계약방법 : 총액, 제한경쟁(중소기업자간), 협상에 의한 계약, 단독 또는 공동도급(공동이행방식 또는 분담이행방식, 혼합방식)
※ 본 사업은 소프트웨어 진흥법 제50조에 따라 과업내용 확정을 위하여 과업심의위원회를 개최한 사업임
1. 추진배경 및 필요성 
가. 수산 양식산업과 4차 산업혁명 기술의 결합으로 스마트양식 산업의 규모화와 첨단화 변화 필요

- 휴립복토기, 파종기, 줄기 절단기, 수확기, 수집기
사업단 
운영
스마트농업지원센터 운영
데이터 센터 및 실증단지 관리
교육 및 컨설팅
스마트농업 기초-심화 과정
ICT 기반 영농교육 및 컨설팅
기술지원
스마트농기계 사용지원, 시설-장비 운영 및 A/S 지원
데이터 지원
수집 데이터 분석 및 관리
기업주도 실증
전문기업 주도 실증단지 운영
실증기업 행정 지원
성과관리
사업 관련 기획 및 운영, 홍보, 협력 업무 수행
데이터 수집-활용
농정원 스마트팜코리아 연동
 
Ⅱ
과업의 개요
1. 과업의 개요
 과업의 개요

농산물산지유통센터 스마트APC 시스템 구축사업
 제안 요청서
2024. 09. .
 한반도농업협동조합
 
목 차 
 
Ⅰ. 사업 개요
 1. 사업목적 ---------------------------------------------- 2
 2. 사업개요 ---------------------------------------------- 2
 3. 주관기관 ---------------------------------------------- 2

* 추진일정 및 상세사항은 과업 수행 중 용역기관과 협의하여 조정 가능
추진방안 
ㅇ사업자 선정방식 : 경쟁입찰(협상에 의한 계약체결)
ㅇ평가비율 : 기술평가(90%) + 가격평가(10%)
 - 기술평가와 가격평가를 실시하여 종합평가점수로 평가 
 - 기술평가 기준 : 협상에 의한 계약체결 기준(기획재정부 계약예규), 해양수산부 협상에 의한 계약 제안서 평가 업무처리 규정(해양수산부 예규 제130호)
ㅇ대기업 및 중견기업 참여 여부 : 대기업 참여 불가","본 사업에서 전체 사업 범위의 40% 이상인 구체적인 과업은 '한국농어촌연구원 농업정보화 사업'이며, 해당 예산은 300,000,000원(금삼천억 원)입니다."
그렌드코리아레져(쥬)가 이번 연도에 츄진하는 2024년도 구룹웨에 씨스탬 구쭉 용역의 전체 에산은 대략 얼마입너가?,E,하,[],"마. 공사비(VAT포함) : 9,440,000,000원(구십사억사천만원)
 예정설계용역비 : 420,000,000원(사억이천만원)
 바. 과업범위 
 1) 용역기본방향

과업기간: 계약일로부터 2024년 11월 31일 이내
 사업예산: 293,000,000원(금이억구천삼백만원, 부가세포함) 이내
 계약방법: 제한경쟁입찰(협상에 의한 계약)
 추진배경
 ㅇ 디지털 정부혁신('20.6.) 및 한국판 뉴딜('20.7.) 등 범정부 차원의 공공분야 클라우드 우선 전환 등 클라우드 컴퓨팅 확대 추진

Ⅰ
 개요
17
1. 사업 개요
 용 역 명 : 2025~2026년 한국콘텐츠진흥원 정보시스템 통합위탁운영
 용역기간 : 2025.3.1. ~ 2027.2.28. (2년) 
 - 1차년 사업기간 : 2025.3.1. ~ 2026.2.28.
 - 2차년 사업기간 : 2026.3.1. ~ 2027.2.28.
 용역비(추정금액) : 일금 8,775백만원정(8,775,000,000/VAT 포함)
 (단위: 원) 
 
총금액
1차년도
2차년도
8,775,000,000
4,385,000,000
4,390,000,000(예정)

사 업 명 : `25 ~ `27 통합정보시스템 위탁운영 용역
 사업기간 : 2025.01.01. ∼ 2027.12.31. (36개월)
 사업예산 : 총 4,005백만원
 ※ 본 공고 시 사업예산 및 사업기간은 변경될 수 있음
 ※ 본 사업은 장기계속 사업으로 연차별로 계약을 다시 체결함
 ※ 제 2차 이후의 계약은 부기된 총계약금액에서 이미 계약된 금액을 공제한 범위안에서 계약을 체결함 
 나. 사업범위
 과업대상 : 경영관리․사업관리 시스템 및 기타 부대시스템 운영 관리, 업무자동화(RPA) 프로세스 13개, 개발‧운영용 S/W

※ 본 사업은 소프트웨어사업 영향평가를 미리 실시한 사업임(별첨 참조)
※ 본 사업은 사업대가를 투입공수 방식의 사업으로 투입인력 요구 및 관리 금지 대상 사업에서 제외됨
※ 2024년 6월말까지 2023년 사업자가 지속운영하며, 2024년 7월 1일 이후 계약 체결시 용역비 일할계산 지급
 
4
 과업 주요 내용
 
순서
구분
설명
항목 수
운수안전컨설팅 지원시스템 운영 및 고도화
서비스 운영
- 서비스관련 민원 대응을 통한 시스템의 원활한 운영
5
시스템 운영 및 유지보수","그렌드코리아레져의 2024년도 구스웰웨 스탬 컨설팅 용역의 총 예산은 29억 10,000,000원이 됩니다."
고대 차세대 ERP 말고 이번 학사 포털 플젝에서 메인으로 잡고 있는 레인지랑 타겟 베네핏이 어케 되는지 RFP 랩업해서 간략히 요약좀 해줄래?,E,중,[],"4.
 사업 범위
 가. ERP(전사적 자원관리시스템)
- 예산관리, 수입/지출관리, 회계관리, 구매/계약관리, 자산관리, 근태관리, 인사관리, 급여관리 등
- 안전보건경영관리
- 외부시스템과의 연계 개선(우편물류시스템(PostNet), 은행, 카드사, 홈택스 등)
 나. 그룹웨어 및 SSO
 다. 성과관리시스템
 
5.
 기대 효과
 가. 차세대 통합정보시스템 기반의 업무 프로세스 개선으로 업무 생산성 및 효율성 증대
- 업무 절차 간소화, 페이퍼리스기반 업무처리

제 안 요 청 서 

고려대학교 
차세대 포털·학사 정보시스템 구축 사업 

2024. 7. 01 

※ 본 자료는 제안내용의 설명을 위한 배포자료로, 이외 목적으로 무단복제, 전달 및 사용하는 행위를 금함. 

-1- 

 
 
 
 
 
 
 
 
 
 
 
 
 
 
 
 
목 차 

Ⅰ. 사업개요 ·················································································································· 4

제 안 요 청 서 

고려대학교 
차세대 포털·학사 정보시스템 구축 사업 

2024. 7. 01 

※ 본 자료는 제안내용의 설명을 위한 배포자료로, 이외 목적으로 무단복제, 전달 및 사용하는 행위를 금함. 

-1- 

 
 
 
 
 
 
 
 
 
 
 
 
 
 
 
 
목 차 

Ⅰ. 사업개요 ·················································································································· 4

(규모 및 범위) 차세대 ERP 패키지 도입 및 그룹웨어 결재시스템 연동
- (정부정책) 공기업 적용성이 확보된 ERP 패키지 솔루션 도입
- (인사관리) 인사정보관리, 인사발령, 근태관리, 연차관리, 급여관리, 교육관리 및 각종 인사 레포트 기능 구현
 근태기 실시간 연동, 일일 다근태 및 연차촉진 기능 추가
- (성과관리) 개인 및 조직성과평가를 위한 기능 구현 및 인사정보연동
- (재무회계) 예산 및 재무-회계 관리 기능 구현
 CMS, 법인카드 및 홈텍스 등 외부시스템과 연동

제안요청서
 
사 업 명
차세대 ERP 통합업무포털시스템 구축
주관기관
한국농어촌공사
2024. 9.
 
 
한국농어촌공사
 
담당
디지털혁신처
(제안/과업내용)
이형규 과장 
TEL : 061-338-5242
FAX : 061-338-5189
총무인사처
(입찰/계약사항)
안종은 과장
TEL : 061-338-6106 
FAX : 061-338-6901
 
목 차
Ⅰ. 사업 개요
 1. 사업 개요	 - 	 1
 2. 사업 목적	 - 	 1
 3. 사업 범위	 - 	 2
 4. 기대효과	 - 	 3
Ⅱ. 현황 및 문제점","본 대학의 '차세대 포털·학사 정보시스템 구축 사업' RFP 문서 내에서 메인 목표 대상은 ""학사 정보 시스템의 전면 개편""이라는 핵심 목표를 두고 있습니다. 따라서, 기존의 전자결재 체계를 대체하고 학생들의 학사 관련 정보 접근성을 극대화하기 위해, 기존의 전자결재 시스템을 완전히 폐쇄하고, 모든 학사 관련 업무를 새롭게 설계한 포털 시스템으로 전환하는 것을 목표로 합니다."
한국가스공사의 차세대 통합정보시스템(ERP) 구축 사업의 신규 도입 S/W 중 전사 포털 및 업무 포털 부문이 있습니까?,A,하,[],"- 표준 업무 프로세스 기반 기능 고도화, 데이터 분석 및 활용 서비스 개발
 - 생산/공급 현장의 실시간 운전정보에 대한 트렌드, 통계치 등 시각화 구현
 전사 포털 및 사용자 맞춤형 업무 포털 신규 구축
 - 다양한 브라우저에서 서비스가 가능한 웹 표준 기반 서비스 구현
 - 직관적인 메인화면 구성 및 각 업무시스템 화면이동 최적화
 - 최신 트렌드에 부합하는 다양한 게시판 및 화면 구성
 - 전사 공통 업무 및 정보로 구성된 전사 포털 개발
 - 개인 업무 맞춤형 정보를 제공하는 업무 포털 개발

3. 사업기간 : 계약일로부터 28개월
 소프트웨어 사업수행 적정 사업기간 산정기준에 따른 사업
 사업기간 종료 후 1년간 무상하자보수 실시 (시스템 안정화 지원계획 제출)
4. 주요 사업내용
 SAP ERP Conversion
 - SAP ERP ECC 6.0 → S/4 HANA ERP로 전환
 - ERP 전환 신규 인프라 구축 및 인터페이스 개선
 - HTML5 기반의 Web Service 제공 (BSP화면 웹전환 포함)
 업무 프로세스 개선(PI) 및 고도화 개발
 - KOGAS 전사 업무 프로세스 표준화

과 업 지 시 서
- 차세대 통합정보시스템(ERP) 구축 -
2024. 8.
 
 
목차
Ⅰ. 개요
Ⅱ. 과업내용
Ⅲ. 일반사항
 
 1. 사 업 명 : 차세대 통합정보시스템(ERP) 구축
Ⅰ 
 개요 
2. 사업목적
 기술지원 종료(‘27년)에 대비한 ERP 업그레이드
 - 제조사(SAP )의 기술지원 종료 이후 세법 개정, 보안취약점 발생시 원활한 대응이 불가 등 기술지원 종료 대비한 선제적 대응으로 안정적 서비스 제공
 정보시스템 복잡도 해소 및 접근‧활용 간소화로 업무생산성 향상

정보시스템 복잡도 해소 및 접근‧활용 간소화로 업무생산성 향상
 - ‘09년 도입 이후 종합적인 개선 없이 단편적 수정으로 복잡도 증가 및 대사-검증 등 수작업에 따른 비효율 해소
* 원가결산, 급여정산 등 검증을 위한 수작업 및 대용량 데이터 처리시 속도지연 발생
 - 시스템 접근, 데이터 탐색‧활용 간소화로 사용자 편의 및 데이터 기반의 업무환경 마련
* KOGAS 디지털 전환 전략 수립 설문결과(임직원 45%, 데이터 탐색불가로 불편 호소)
3. 사업기간 : 계약일로부터 28개월

- 실시간 프로세스 변경 처리 및 통합 모니터링 지원
 - 신규 도입 이후 전사 업무 프로세스 거버넌스 구현
5. 추진일정 : 계약 체결일로부터 28개월 (안정화기간 6개월 포함)
 
과업
내용
M
M
+1
M
+2
M
+3
M
+4
M
+5
M
+6
M
+7
M
+8
M
+9
M
+10
M
+11
M
+12
M
+13
M
+14
M
+15
M
+16
M
+17
M
+18
M
+19
M
+20
M
+21
M
+22
M
+23
M
+24
M
+25
M
+26
M
+27","네, 한국가스공사는 전사 포털 및 업무 포털 부문이 포함되어 있습니다. [참고 문서]에 따르면, ""전사 포털 및 사용자 맞춤형 업무 포털 신규 구축"" 및 ""개별 업무 맞춤형 정보를 제공하는 업무 포털 개발"" 등의 내용이 있습니다."
고려대학교의 '차세대 포털·학사 정보시스템 구축사업'의 근본적인 추진 배경 중 하나로 꼽히는 대외적 교육환경 변화는 무엇인가요?,A,하,[],"나. 계약방법 : 경쟁입찰(협상에 의한 계약)

3. 사업배경

가. '본교' 교육환경과 수요를 반영한 학습관리시스템 도입 필요

나. 전문적인 학사, 수강, 포털 DB 등의 데이터 연동 지원 필요

다. 노후화된 학습관리시스템 및 불편한 인터페이스 개선

라. COVID-19와 같은 상황 발생 시 효율적인 비대면 온라인 교육을 지원하는 시스

템 도입(영상 출석, 온라인 강의 출석 등) 필요

마. '본교' 구성원의 요구를 반영한 차세대 학습관리시스템 구축 필요

 - 사용자 중심의 인터페이스 개선

 - 원활한 모바일 사용 환경

[별첨 2] 고려대학교 학습관리시스템 데이터 연동 현황

- 2 -

 
 
I

 사업 개요

1. 사업명

고려대학교(이하 '본교') 차세대 LMS(학습관리시스템) 구축을 위한 사업을 추진하고

자 함(이하 '본 사업' 이라 한다)

2. 사업개요

가. 계약기간

 - 구축기간 : 계약일로부터 3개월(시범운영 준비 기간 포함)

 - 시범운영기간 : 2024년 12월 23일 ~ 2025년 2월 28일(계절학기, 법정의무교육)

 - 무상유지보수 기간 : 2025년 3월 1일 ~ 2026년 2월 28일

실시간 반영

다. 사용자 인터페이스 개선을 통한 적극적인 수업 참여 유도

- 3 -

 
라. 교수자 및 학습자의 언제 어디서나 다양한 모바일 기기를 통한 학습환경 구성

마. 다양한 학습 도구 연계를 통한 교수자와 학생들의 소통 활성화

바. 동영상 강의, 온라인 강의, 대면 강의 등 다양한 강의에 대한 출석 기능 제공

사. 서비스 장애 및 오류에 대한 국내 전문가의 신속한 대응 및 처리

II

 사업 요구사항

1. 요구사항 일반

가. 본 제안요청 내용은 본교의 차세대 학습관리시스템 구축 사업의 최소 요구사항

제 안 요 청 서 

고려대학교 
차세대 포털·학사 정보시스템 구축 사업 

2024. 7. 01 

※ 본 자료는 제안내용의 설명을 위한 배포자료로, 이외 목적으로 무단복제, 전달 및 사용하는 행위를 금함. 

-1- 

 
 
 
 
 
 
 
 
 
 
 
 
 
 
 
 
목 차 

Ⅰ. 사업개요 ·················································································································· 4

제 안 요 청 서 

고려대학교 
차세대 포털·학사 정보시스템 구축 사업 

2024. 7. 01 

※ 본 자료는 제안내용의 설명을 위한 배포자료로, 이외 목적으로 무단복제, 전달 및 사용하는 행위를 금함. 

-1- 

 
 
 
 
 
 
 
 
 
 
 
 
 
 
 
 
목 차 

Ⅰ. 사업개요 ·················································································································· 4","국내 대학의 학사 통합 시스템 구축 외에도, 글로벌 교육 환경에서 '국제 대학 간의 교류 프로그램 및 국제 학생 및 교직원 교환 프로그램의 체계적인 관리가 어려워진 점'이라는 대외적 교육 환경 변화가 본 사업의 추진 배경 중 하나로 꼽힙니다."
나노종합기술원이 도입하려는 '스마트 팹 서비스 활용체계 구축관련 설비온라인 시스템'의 기대효과 중 기업 측면에서의 긍정적 효과는 무엇입니까?,A,하,[],"- Lot Process의 신뢰성있는 데이터 제공을 통해 이용자 만족도 향상에 기여
 나노팹 활용, 실험실 수준에서 머무르지 않고 산업 현장에서 실제로 상용이 가능한 공정진행 데이터를 확보함으로써 국가 간 기술개발 경쟁에서 우위를 차지할 수 있는 기반 마련
 - 미래차, 반도체, 디스플레이, 바이오, 환경, 에너지 등 나노기술 분야 지원을 통해 나노융합산업을 확산하고 기업의 R&D 및 제품생산 역량 강화
 경제-산업적 측면
 나노팹 스마트 서비스 시스템을 구축 및 활용을 통하여 연구자 및 기업의 나노 인프라 활용의 효율성 제고

TmaxSoft
1.6. 기대효과
 기술적 측면
 연구개발 소요시간 및 비용 단축(축적 데이터 활용, 실패 감소, 불량률 감소 등)에 따라, 산학연 기술개발 조기 사업화 및 성공률 제고 기여
 - 빅데이터 기반의 나노팹 서비스 내재화를 통한 연구 개발 소요시간 감축을 통한 Time-to-Market 실현으로 반도체 기업 기술개발 경쟁력 제고 기여

[ 나노융합 현장수요기반 실증지원 ]
 
2
사업 추진계획
2.1. 추진목표
 
 기술원 FAB 스마트 팹 서비스 활용체계 구축관련 설비 온라인 시스템 구축 용역으로 설비 데이터 수집체계 마련 및 LoT Tracking 구현을 통해 Lot 관리의 정보화 수준 향상
2.2. 추진전략
 사용자 중심의 시스템 구축 및 현업 중심의 실무담당자 TFT 운영
 시스템 분석, 설계 및 구축 과정에서의 문제점 등을 보완하여 사업자와 현업 간의 교량 역할을 수행할 수 있는 핵심 업무 담당자 구성

- , 반도체 연구 공정의 장비 데이터 활용 기반이 부재하여 활용률이 “ZERO” 인 공공 나노팹, 반도체 공정-정보 데이터의 가치 전환을 위한 데이터 활용 기반 마련 필요
1.3. 사업범위
 나노종합기술원(이하 “기술원)의 기술원 보유 장비 설비온라인 시스템 구축
 기술원 환경에 최적화된 공정 및 장비 실시간 모니터링 기능 구현을 위한 효율적이고 체계적인 설비 온라인 시스템 구축
 기술원의 공정관리시스템과 인터페이스 연계를 통한 데이터 활용체계 기반 마련 
 기술원에서 생산되는 공정결과 및 조건 데이터의 관리체계 확립

기술원에서 생산되는 공정결과 및 조건 데이터의 관리체계 확립
 
[ 나노종합기술원 AI 데이터 기반 나노팹 공정 스마트 서비스 활용체계 로드맵 ]
1.4. 주요사업내용
 기술원 최적화 설비 온라인 시스템 구축 
 FAB내 공정장비의 실시간 모니터링을 위한 설비 통신 온라인 시스템 구축
 - 설비별 통신 온라인 기준정보 관리 기능 구축
 - 설비별 상태 및 리소스 조회, 통신 및 테스트 기능 구축 
 - 설비별 로그 분석 및 데이터 확보 기능 구축",스마트 팹 서비스 활용체계 구축을 통해 기업 측면에서의 긍정적 효과는 기존 불량률과 실패율이 0인 '최신 기술과 최신 공정을 실시간 모니터링하여 즉각적인 대응이 가능하도록 하는 시스템 구축으로 인해 연구개발 실적과 투자 효율성을 극대화하는 것입니다.
사단법인아시아물위원회사무국의 스마트 관개시스템 구축사업을 성공적으로 완수할 경우 혁신적인 스마트 기술이 어떤 자연재해의 현장 관리에 도입되나요?,A,중,[],"스마트시티 종합포털 고도화를 위한

정보화 전략계획 수립
정보화 전략계획 수립
정보화 전략계획 수립
정보화 전략계획 수립
정보화 전략계획 수립
정보화 전략계획 수립
정보화 전략계획 수립
정보화 전략계획 수립
정보화 전략계획 수립
정보화 전략계획 수립
정보화 전략계획 수립
정보화 전략계획 수립
정보화 전략계획 수립
정보화 전략계획 수립
정보화 전략계획 수립
정보화 전략계획 수립
정보화 전략계획 수립
정보화 전략계획 수립

제 안 요 청 서
제 안 요 청 서
제 안 요 청 서
제 안 요 청 서
제 안 요 청 서
제 안 요 청 서
제 안 요 청 서
제 안 요 청 서
제 안 요 청 서
제 안 요 청 서
제 안 요 청 서
제 안 요 청 서
제 안 요 청 서
제 안 요 청 서
제 안 요 청 서
제 안 요 청 서
제 안 요 청 서
제 안 요 청 서
제 안 요 청 서
제 안 요 청 서
제 안 요 청 서
제 안 요 청 서
제 안 요 청 서

2024. 5.

〈 

목 차 

〉

개요. Ⅰ

·
·
·
·","본 사업은 물 위원회가 운영하는 아시아물센터와 같은 물 위원회 시설의 관개 시스템을 재설계하여 통합 관리하기 위해 추진됩니다. 따라서 본 사업이 성공하면, 이 센터에서 발생할 수 있는 심각한 자연재해(예: 폭풍우, 강수량 급증 등) 상황에서 현장 직원들이 신속하고 효율적으로 대응할 수 있도록 스마트 관개 시스템을 활용할 수 있게 됩니다."
그랜드코리아레저(주)의 그룹웨어 도입 사업의 주요 추진 배경 세 가지는 시스템 노후화 개선 조치 외에 또 어떤 것들이 기재되어 있습니까?,A,중,[],"제 안 요 청 서
 
사 업 명
GKL 그룹웨어 시스템 구축사업
주관기관
그랜드코리아레저(주)
2024. 04
 
사업
담당자
제안/과업내용
이경남 차장
02)6421-6466
Ign@7luck.com
한수림 사원
02)6421-6104
slhan23@7luck.com
박동진 사원
02)6421-6470
pdjworld@7luck.com
입찰/계약사항
정승순 대리
02)6421-6661
jss1362@7luck.com
 
목 차
Ⅰ. 사업 개요	 - 	 1
 1. 추진 배경 및 필요성	 - 	 1
 2. 사업 범위	 - 	 1

사업예산 : 1,515,000천원 (부가세 포함)
 계약방법 : 제한경쟁입찰(협상에 의한 계약)
 평가방식 : 기술평가(90%)/가격평가(10%)
2. 추진 배경 및 필요성
 (시스템 노후화) 그룹웨어 및 기록물관리, 사내SNS(별별얘기), 메신저 시스템 노후화로 SW의 기술지원 종료, 요구사항 증가로 인한 설계 한계 초과 및 서비스 질 저하 등 개선 필요
 (정부권장정책 적용) 비표준(ActiveX), IE 종속성 및 보안취약점 제거 등 관련 정부 정책에 대응이 가능한 시스템 구축 필요

(웹기반 시스템) 기존 운영중인 시스템과 원활하게 연동되고, 다양한 웹 환경에서 업무를 수행할 수 있는 최신 웹기반 그룹웨어 시스템 구축하여 효율적인 업무환경 제공
 (업무환경 개선) 사용자의 편의성을 최우선으로 고려하여 업무프로세스 재설계 및 업무 환경 개선을 위한 새로운 비즈니스 적용 기반 마련 
2. 사업 범위
 그룹웨어 시스템 구축
 
구 분
기 능
상 세 설 명
포털
시스템 별 중요정보 표기
‣ 기관 공통 업무에 필요한 각 시스템별 정보 표기
‣ 각 시스템 링크 제공, 알림사항 등
전자결재
전자문서의

6. 입찰시 유의사항	 - 	 131
 7. 기타사항	 - 	 132
 [첨부1] 제안서 평가항목 및 배점한도	 - 	 135
 [첨부2] 적정 사업기간 산정서	 - 	 142
 [첨부3] 외부 용역사업 보안특약	 - 	 143
 [첨부4] 기술 적용 계획표	 - 	 148
 [첨부5] 입찰 관련 서식	 - 	 154 
 
Ⅰ
 사업개요
1. 사업일반
 사 업 명 : GKL 그룹웨어 시스템 구축사업
 사업기간 : 계약일로부터 6개월 이내
 사업예산 : 1,515,000천원 (부가세 포함)

1. 추진 배경 및 필요성	 - 	 1
 2. 사업 범위	 - 	 1
 3. 기대 효과 	 - 	 2
Ⅱ. 업무시스템 현황	 - 	 3
 1. 정보시스템 현황	 - 	 3
 2. 업무시스템 설명	 - 	 4
Ⅲ. 사업 추진방안	 - 	 6
 1. 추진 목표	 - 	 6
 2. 추진 전략	 - 	 6
 3. 추진 체계	 - 	 7
 4. 추진일정	 - 	 8
 5. 추진방안	 - 	 9
Ⅳ. 제안요청 내용	 - 	 10
 1. 사업추진 내용	 - 	 10
 2. 요구사항 총괄표	 - 	 11
 3. 상세 요구사항	 - 	 16","노후화 개선 외에도, 정부 권장 정책 적용을 위해 ActiveX와 IE 종속성 등의 비표준 기능 제거 및 보안 취약점 제거를 위한 신뢰성 및 안전성 향상을 위한 조치가 세 가지 기재되어 있습니다."
국립중앙의료원 사업에서 '차세대 응급의료 상황관리 콜센터' 구축에 9억 원이 소요되고 나머지 예산을 모두 '통신장비 도입'에 사용한다고 전제했을 때 이 통신장비 도입에 투입되는 잔여 예산 비율은 총 사업 예산 대비 대략 몇 %인가요?,A,상,[],"16
 4. 상세요구사항	 - 	
17
 5. 기타사항	 - 	
53
Ⅴ. 제안서 작성요령
Ⅵ. 제안 안내사항
Ⅶ. 붙임
Ⅷ. 부록(서식)
Ⅰ. 사업 개요 
 
1
 사업 안내
 가. 사 업 명 : 2024년도 차세대 응급의료 상황관리시스템 구축
 나. 사업기간 : 계약일로부터 2024년 12월 31일까지
 다. 사업예산 : 금일십사억원정 ( 1,400,000,000원, VAT포함)
 라. 예산코드 : 29. 중앙응급의료센터 운영지원-관리운영비-외주용역비-광역상황실
 마. 추진방법 : 제한경쟁입찰 / 협상에 의한 계약
 
2

마. 중앙응급의료상황실(이하 ‘중앙상황실’)의 업무 변경 및 광역응급의료상황실(이하 ‘광역상황실’)이 신규 구축됨에 따라 신규 기능의 추가 및 기존 노후 시스템의 고도화 및 재구축이 필요
※ ‘18년 재난응급의료상황 접수시스템 최초 구축
 
3
 사업범위
 가. 전국 중증응급질환자 병원 선정, 병원 간 전원 및 재난 조정 업무를 위한 IP기반 콜센터 구축
 나. 병원 선정, 병원 간 전원 및 재난 상황접수를 위한 신규 통신장비 도입
 - 도입장비: CTI, 교환기, IP녹취 및 관련 솔루션

제 안 요 청 서
 
사 업 명
2024년도 차세대 응급의료 상황관리시스템 구축
주관기관
국립중앙의료원
2024. 5.
 
담당
부 서
성 명
전화번호
e-mail
응급의료정보화팀
이정탁
02-6362-3443
rheejt@nmc.or.kr
 
 
|
 
 
 
목 차
 
 
 Ⅰ. 사업개요
 1. 사업안내	 - 	
2
 2. 추진배경 및 필요성	 - 	
2
 3. 사업범위	 - 	
3
 4. 기대효과	 - 	
3
Ⅱ. 업무 및 시스템 현황
 1. 시스템 개요	 - 	
5
 2. 시스템 주요기능	 - 	
5

3
 사업 추진방향
 향후 사용량을 예측하여 성능과 용량에 최적화된 장비 도입
 전산장비 교체 중 업무중단 최소화를 위한 방안 마련
 사업기간 이후에도 기술지원이 원활하도록 정품 도입
 공공기관으로써 사업 시 국내법령 및 관련 규정을 준수하여 추진
 보안성, 성능, 안정성, 경제성, 확장성 등 품질이 우수한 제품 도입
 
4
 사업 추진기간
 계약일로부터 5개월 이내
 ※ 사업기간은 계약 시 재협의 될 수 있음
 
5
 사업 예산
 사업예산: 1,997,600천원
 
6
 기대효과

가. 추진체계
 
 
보건복지부
국립중앙의료원 (중앙응급의료센터)
응급의료정보화팀 (계약 및 사업관리)
닥터헬기-현장이송팀 (사업계획-과업 요구(안))
기술평가위원
평가 
협조
수행
협조
추진사업단
정보화사업수행업체
교육위원회
 나. 주체별 역할
 
구 분
역 할
보건복지부
재난의료대응과
 사업총괄
중앙응급의료센터
 정보시스템 구축 총괄
 계약진행 및 사업관리
 개발지원 및 검수, 예산집행
기술평가위원
 제안서 기술평가",통신장비 도입에 투입되는 잔여 예산 비율은 총 사업 예산의 약 49.95%입니다.
"한국가스공사의 '차세대 ERP 구축'과 코이카의 '우즈베키스탄 방송시스템 사업' 중, 해외 지역을 대상으로 기술 인프라를 이전하거나 구축하는 사업은 무엇입니까?",B,하,[],"3. 사업기간 : 계약일로부터 28개월
 소프트웨어 사업수행 적정 사업기간 산정기준에 따른 사업
 사업기간 종료 후 1년간 무상하자보수 실시 (시스템 안정화 지원계획 제출)
4. 주요 사업내용
 SAP ERP Conversion
 - SAP ERP ECC 6.0 → S/4 HANA ERP로 전환
 - ERP 전환 신규 인프라 구축 및 인터페이스 개선
 - HTML5 기반의 Web Service 제공 (BSP화면 웹전환 포함)
 업무 프로세스 개선(PI) 및 고도화 개발
 - KOGAS 전사 업무 프로세스 표준화

과 업 지 시 서
- 차세대 통합정보시스템(ERP) 구축 -
2024. 8.
 
 
목차
Ⅰ. 개요
Ⅱ. 과업내용
Ⅲ. 일반사항
 
 1. 사 업 명 : 차세대 통합정보시스템(ERP) 구축
Ⅰ 
 개요 
2. 사업목적
 기술지원 종료(‘27년)에 대비한 ERP 업그레이드
 - 제조사(SAP )의 기술지원 종료 이후 세법 개정, 보안취약점 발생시 원활한 대응이 불가 등 기술지원 종료 대비한 선제적 대응으로 안정적 서비스 제공
 정보시스템 복잡도 해소 및 접근‧활용 간소화로 업무생산성 향상

* SAP ERP 기능 고도화 과업은 34개 과제를 기준으로 추정가격을 산출하였음(기능점수 기준 920FP 상당). 단, 사업 진행 최종 확정된 과제를 기준으로 개발규모(최종 기능점수)를 재산정하여 과업 변경이 필요한 경우 과업 및 그에 따른 계약 변경 예정
 - SAP 컨버전 후 최종 확정된 업무별 시스템 기능 개선 요구사항 반영
 생산공급 시스템 재구축
 - KOGAS 핵심 업무인 천연가스 생산/공급 업무 시스템 재구축
 - 표준 업무 프로세스 기반 기능 고도화, 데이터 분석 및 활용 서비스 개발

정보시스템 복잡도 해소 및 접근‧활용 간소화로 업무생산성 향상
 - ‘09년 도입 이후 종합적인 개선 없이 단편적 수정으로 복잡도 증가 및 대사-검증 등 수작업에 따른 비효율 해소
* 원가결산, 급여정산 등 검증을 위한 수작업 및 대용량 데이터 처리시 속도지연 발생
 - 시스템 접근, 데이터 탐색‧활용 간소화로 사용자 편의 및 데이터 기반의 업무환경 마련
* KOGAS 디지털 전환 전략 수립 설문결과(임직원 45%, 데이터 탐색불가로 불편 호소)
3. 사업기간 : 계약일로부터 28개월

업무 프로세스 개선(PI) 및 고도화 개발
 - KOGAS 전사 업무 프로세스 표준화
 - 표준 업무 프로세스 기반 업무 지원 시스템 기능 개선 요구사항 도출
* 과업지시서 기능요구사항(SFR-012∼045) 34개 과제 참조
* 전사 업무 프로세스 표준화 과업 수행을 통하여 최종 과제 확정",코이카의 '우즈베키스탄 방송시스템 사업'(재난관리시스템 구축 용역)은 해외 지역인 우즈베키스탄을 대상으로 인프라를 이전 또는 구축하는 사업입니다.
"고려대학교의 사업은 학사 시스템 최적화를, 한국수자원공사의 용수공급사업 타당성조사는 물리적인 용수(물) 관리 인프라 타당성을 다룹니다. 두 사업의 투입 예산 중 학사 시스템 최적화 사업의 예산 금액은 수자원공사 대비 얼마 더 큽니까?",B,하,[],"(2) 수자원 영상위성 시스템과 활용 인프라의 통합 지원
 (3) 수자원 영상위성 시스템 통합 시험 및 인수 시험 지원
 (4) 통합상황실 인프라구축
4. 기대효과
 가. 수자원 영상위성의 효율적 활용을 위한 운영체계 개발을 통하여 수자원관리, 수재해(홍수, 가뭄) 감시 역량을 강화
 나. 수자원-우주-ICT 등 융복합 첨단기술의 활용을 통해 물관리의 새로운 패러다임으로 확장 및 국민 물복지를 구현
 
< 수자원 영상위성 운영시스템 구축 >
5. 과업 수행기간 : 착수일로부터 36개월(1,080일)

1.1.4 공동도급에 관한 사항: 입찰공고문에 따름
 1.1.5 계약상대자 선정방식
 가. 본 사업의 계약상대자 선정은 국가를 당사자로 하는 계약에 관한 법률 시행령 제43조 및 제43조의2에 따라 한국수자원공사(이하 “K-water""라 함) 협상에 의한 계약체결 기준 을 적용함
 나. 제안서 평가항목 및 배점한도는 별첨 ”제안서 평가기준 및 작성양식“ 참고
 1.1.6 하자보수보증금율 및 하자담보 책임기간
 가. 하자보수보증금율: 총 계약금액의 2/100
 나. 하자담보 책임기간: 준공검사 완료일로부터 1년간

마. 공동수급체 구성
본 사업에서 전체 사업금액 대비 10%를 초과하여 하도급하려는 경우, 소프트웨어 진흥법 제51조 제6항에 따라 하수급인과 공동수급체를 구성하여 참여해야 하며, 공동수급체를 구성하지 못하는 불가피한 사정이 있는 경우 그 사유를 제시하여야 함
 1.1.7 사업자 선정 방식
 가. 본 사업의 사업자 선정은 국가를 당사자로 하는 계약에 관한 법률 시행령 제43조 및 제43조의2의 규정에 따라 한국수자원공사(이하 “K-water”라 함) 협상에 의한 계약 체결기준 을 적용함

3.3 요구사항 목록
 3.4 상세 요구사항
[별첨] 제안서 평가기준 및 작성양식
1. 제안공모 개요
 1.1 일반사항
 1.1.1 사업개요
 가. 사 업 명: K-water 출입통제시스템 구축 용역
 나. 사업금액: 1,972,740천원(VAT포함)
 다. 사업기간: 계약일로부터 9개월(270일)
 라. 사업목적: 노후화된 “출입통제시스템” 재구축을 통해 인가자 출입 차단을 강화하고, 본부통합 및 출입권한 자동적용으로 편의성‧보안성 확보
 마. 사 업 장: 본사, 인재개발원(K-water연구원), 본부 및 시범사업 지사 등

1. 일반과업지시서
1.1 과 업 명 : 용인 첨단 시스템반도체 국가산단 용수공급사업 타당성조사 및 기본계획 수립 용역
1.2 과업의 목적
이 용역과업은 제14차 비상경제민생회의에서 정부가 지정한 국가첨단산업단지 선정지 중 하나인 용인 첨단 시스템반도체 국가산업단지에 용수를 공급하는 사업의 타당성 조사 및 기본계획을 수립하는데 목적이 있다.
1.3 과업대상지역
1.3.1 과업위치 : 4개 지자체(용인시, 성남시, 광주시, 하남시)
1.3.2 공급대상지역 : 용인 첨단 시스템반도체 국가산업단지(경기도 용인시 남사읍 일원)","고려대학교의 사업 예산 금액은 2,000,000,000원(약 40억 원)이며, 한국수자원공사의 사업 예산 금액은 1,972,740천원(약 39.73억 원)입니다. 따라서 고려대학교의 예산은 수자원공사가 다루는 것보다 29,260,000원(0.02997억 원) 더 큽습니다."
나노종합기술원의 '스마트 팹 서비스 설비온라인 사업'과 인천광역시의 '도시계획위원회 통합관리시스템 구축용역' 예산 차액 규모는 명시된 기준으로 얼마입니까?,B,하,[],"사업예산 : 194,700,000원(VAT포함)
 4. 사업내용 및 대상
 과업내용 : 하단 기술된 기능 구현이 가능한 패키지SW 도입 및 계양구시설관리공단 업무 환경에 맞는 커스터마이징 실시
 인사, 급여, 예산, 회계(재무/자금/수입/지출/결산/세무)관리 등 업무자료의 유기적 결합 구현
 지출업무의 효율화를 위한 지출 품결의 관리 기능 구축(ERP↔GW 업무영역 간 프로세스 통합 구현)
 정확한 예산 통제 : 지출에 대한 원인행위 및 전표처리 시, 예산(계정)과목별 잔여예산을 실시간으로 체크

계양구시설관리공단 통합정보시스템 도입 용역
과 업 지 시 서
 
 
기획예산실
 
Ⅰ
사업 개요
 1. 사 업 명 : 계양구시설관리공단 통합정보시스템(ERP) 도입 용역
2. 사업목적
 (ERP) 예산회계‧인사 등의 경영관리 업무 지원체계 재확립 필요
 (그룹웨어) 최신 행정업무처리, 소통‧협업 시스템 도입 필요
 (시스템 통합) 이종 시스템간의 연계를 탈피한 통합시스템 도입 필요
 3. 사업기간 및 예산
 사업기간 : 용역 착수일로부터 120일 이내
 사업예산 : 194,700,000원(VAT포함)
 4. 사업내용 및 대상

업무 분석 및 시스템 표준화 분석
 - 인천광역시계양구시설관리공단에 적합한 통합정보시스템(ERP) 선정
 - 인천광역시계양구시설관리공단 담당자 인터뷰 및 요구사항 의견 수렴
 - 세부 기능이 구현된 기능에 커스터마이징 포함
 - 현행(As-is) 분석 및 개선방안 도출
 - 부서별 현행 업무 프로세스 및 업무특성 분석, 개선과제 도출 및 확정
 - To-be 프로세스 설계 및 시스템 구현 방안 수립
 - 조직도 및 기관코드 등 공통 활용 데이터 및 서비스에 대한 표준화 정의

- 통합정보시스템(ERP) 정보 접근 및 변경에 관한 감사 기능
 - 보안장비의 경우 CC인증 또는 보안기능확인서를 획득하고, 인증기한이 만료되지 않은 제품이어야하며 이를 증빙하는 자료 제출해야함
 계양구시설관리공단 전산실(서버실) 활용한 효율적 데이터 관리
 - 전용 방화벽 구축, 백업 전원 공급장치를 통한 정전 대응, 재해 복구를 위한 여러 프로세스에 따른 데이터 및 장비 관리 예정
* 공공기관 특성, 현행 법체계 및 업체의 인프라, 운영인력 현황 등 고려하여 구축-활용
2. 목표 시스템 및 네트워크 구성도

2. 목표 시스템 및 네트워크 구성도
 
 
<목표 시스템 구성도>
 
<목표 네트워크 구성도>
3. 기대효과
 최신 통합행정업무시스템 구축으로 공단 내부 업무 프로세스에 최적화된 행정업무 수행 환경 조성
 공단 내부 경영업무 실정을 여실히 반영한 최신 ERP 기능 영역 도입을 바탕으로 경영관리 업무의 효율화 및 공단 경영성과의 제고 기대","두 사업의 예산 총액 차액 규모는 22,300,000원입니다."
그랜드코리아레저(주)의 그룹웨어 시스템 구축 예산과 한국원자력연구원의 선량평가시스템 고도화 예산을 단순 더하면 편성 총액 합계가 얼마인가요?,B,하,[],"6. 입찰시 유의사항	 - 	 131
 7. 기타사항	 - 	 132
 [첨부1] 제안서 평가항목 및 배점한도	 - 	 135
 [첨부2] 적정 사업기간 산정서	 - 	 142
 [첨부3] 외부 용역사업 보안특약	 - 	 143
 [첨부4] 기술 적용 계획표	 - 	 148
 [첨부5] 입찰 관련 서식	 - 	 154 
 
Ⅰ
 사업개요
1. 사업일반
 사 업 명 : GKL 그룹웨어 시스템 구축사업
 사업기간 : 계약일로부터 6개월 이내
 사업예산 : 1,515,000천원 (부가세 포함)

사업예산 : 1,515,000천원 (부가세 포함)
 계약방법 : 제한경쟁입찰(협상에 의한 계약)
 평가방식 : 기술평가(90%)/가격평가(10%)
2. 추진 배경 및 필요성
 (시스템 노후화) 그룹웨어 및 기록물관리, 사내SNS(별별얘기), 메신저 시스템 노후화로 SW의 기술지원 종료, 요구사항 증가로 인한 설계 한계 초과 및 서비스 질 저하 등 개선 필요
 (정부권장정책 적용) 비표준(ActiveX), IE 종속성 및 보안취약점 제거 등 관련 정부 정책에 대응이 가능한 시스템 구축 필요

제 안 요 청 서
 
사 업 명
GKL 그룹웨어 시스템 구축사업
주관기관
그랜드코리아레저(주)
2024. 04
 
사업
담당자
제안/과업내용
이경남 차장
02)6421-6466
Ign@7luck.com
한수림 사원
02)6421-6104
slhan23@7luck.com
박동진 사원
02)6421-6470
pdjworld@7luck.com
입찰/계약사항
정승순 대리
02)6421-6661
jss1362@7luck.com
 
목 차
Ⅰ. 사업 개요	 - 	 1
 1. 추진 배경 및 필요성	 - 	 1
 2. 사업 범위	 - 	 1

(웹기반 시스템) 기존 운영중인 시스템과 원활하게 연동되고, 다양한 웹 환경에서 업무를 수행할 수 있는 최신 웹기반 그룹웨어 시스템 구축하여 효율적인 업무환경 제공
 (업무환경 개선) 사용자의 편의성을 최우선으로 고려하여 업무프로세스 재설계 및 업무 환경 개선을 위한 새로운 비즈니스 적용 기반 마련 
2. 사업 범위
 그룹웨어 시스템 구축
 
구 분
기 능
상 세 설 명
포털
시스템 별 중요정보 표기
‣ 기관 공통 업무에 필요한 각 시스템별 정보 표기
‣ 각 시스템 링크 제공, 알림사항 등
전자결재
전자문서의

‣ 그룹웨어 기능에 대해서 모바일에서 동일하게 지원가능한 환경구축 등 
‣ 임직원 검색, 조직도, 주요일정, 사회공헌, 경영","두 사업의 예산을 더하면 총 1,525,000천원 부과됩니다."
"(사)부산국제영화제의 2024년도 온라인서비스 재개발 사업과 국립중앙의료원의 차세대 응급의료 상황관리시스템 사업의 각 수행 목적상, 가장 대비되게 강조되는 개선 집중 포인트를 요약 비교하십시오.",B,중,[],"3. 사업유형 
 1) 부산국제영화제 온라인 서비스 재개발 및 유지관리
 
사업명
작업유형
부산국제영화제 공식 및 패밀리 웹사이트 개편 및 유지보수
신규/재개발/유지보수
부산국제영화제 모바일 앱(iOS, Android) 개편 및 유지보수
재개발/유지보수
관리자 페이지 (게시판, 메뉴빌더 등) 개선
재개발/유지보수
통합업무관리시스템 연계하여 출품, 접수 관련 페이지 제작
재개발/유지보수
채용, 티켓 예매 등 외부 시스템 연동 및 페이지 제작
신규/재개발/유지보수
모바일 디바이스를 통한 실시간 채팅 및 라이브 스트리밍 서비스 도입

9) Analytics 등 웹사이트 트래킹 시스템 연계하여 페이지 접속량 등 통계-분석 자료 제공
 10) 웹 개발자 및 웹디자이너 각 1명 전문 인력 파견을 통해 영화제 임박기간 발생하는 다양한 변수를 신속하고 안정적으로 해결
 나. ACFM e마켓 온라인서비스 플랫폼 서비스 재개발 및 유지관리
 1) 웹 표준, 웹 접근성 UI에 대한 기능 개선으로 사용자 중심의 웹서비스 제공
 2) ACFM 상시 운영 웹사이트에 대하여 부산국제영화제 패밀리 사이트 룩을 적용하여 디자인 리뉴얼을 통해 통일성과 신뢰성 제고

공급/재개발/유지보수
웹 개발자(PM급) 파견 용역 (총 1명)
용역파견
 
 
 3) 부산국제영화제 행사지원시스템 공급
 
구분
작업유형
출입관리시스템 모바일 앱(iOS, Android 각 1식) 공급
공급 및 교육
의전 시스템 공급 (모바일 웹 또는 모바일 앱 공급/ 관리자, 사용자)
온라인 스크리닝 시스템 공급 (비디오라이브러리, 심사 시스템 등)
레드카펫 시스템 공급 (입력폼, 출력폼, 서버, 현장투입)
커뮤니티비프 행사지원시스템 공급 (스트리밍, VOD / 채팅 시스템)
4. 사업추진계획
 
기간
구분 내용
2024년

7) 웹사이트 관리자 페이지 재개발 및 유지보수 (아티보드, CMS 등)
 8) 뉴스레터 및 각종 미디어 콘텐츠 제작
 9) 상주 파견 용역 (PM급 웹 개발자 1명)
 10) 헬프데스크 공급 (※협의에 따른 신규-재개발, 유지보수 일체)
 
2. 과업의 내용
 가. BIFF 온라인 서비스 재개발 및 유지관리 (공식 및 패밀리 사이트)
 1) 웹 표준, 웹 접근성 UI에 대한 기능 개선으로 사용자 중심의 웹서비스 제공

제 안 요 청 서
BIFF&ACFM 온라인서비스 재개발 및
행사지원시스템 공급 용역
2024. 6.
 
 
 
 
목차
Ⅰ. 사업안내
사업개요
3
사업목표
3
사업유형
4
4. 사업추진계획
5
Ⅱ. 과업안내
과업의 범위
7
2. 과업의 내용
8
3. 과업의 일반사항
22
4. 과업의 개요
23
5. 요구사항 상세
24
Ⅲ. 공모사항
공모 추진 일정
44
2. 입찰참가자격
44
3. 입찰시 고려사항
44
4. 제안서 제출방법 및 제출서류 
44
Ⅳ. 제안서 작성
1. 일반사항
46
2. 제안서의 효력
46
3. 주관사업자 선정방식","부산국제영화제 사업: 영화제는 '패밀리 사이트 룩을 적용하여 부산국제영화제 패밀리 사이트와의 통일성을 강화하기 위한 온라인 서비스 재개발'을 추진하며, 국립중앙의료원 사업: 중앙의료원은 '응급실 환자 수가 급증할 때의 신속한 대응을 위해 '실시간 응급의료 상황을 전송하고 관리'하는 '차세대 응급의료 상황관리시스템'을 구축해야 함을 강조합니다."
한국수출입은행의 지능형교통시스템 사업타당성조사와 아시아물위원회의 스마트 관개시스템 구축사업이 공통적으로 목표 지원하는 수행 대상 국가 지역을 대조해 정리해 주십시오.,B,중,[],"제 안 요 청 서
 
 
사 업 명
 SCP 중심의 AML 시스템 구축
주관기관
한국수출입은행
2024. 4. 17.
 
 
 
 
 
 목 차
 
Ⅰ. 제안 개요
 1. 사업개요 	 - 	 1 
 2. 추진 배경 및 필요성	 - 	 1 
 3. 사업 추진 일정 	 - 	 2 
 4. 사업 추진 조직 및 역할 	 - 	 3 
Ⅱ. 사업 추진 범위
 1. 시스템 개념도 	 - 	 4 
 2. 주요 업무 내용 	 - 	 5 
 
Ⅲ. 제안요청 내용
 1. 요구사항 총괄표 	 - 	 8 
 2. 요구사항 상세목록 	 - 	 9

모잠비크 마푸토 지능형교통시스템(ITS) 구축사업 
타당성조사(F/S) 용역을 위한
제 안 요 청 서 (RFP)
 
2024. 10.
 
 
 
 목 차 
Ⅰ. 제안 안내
 1. 용역 개요 
 2. 사업 추진 일정
Ⅱ. 제안 일반사항
 1. 입찰 및 계약 방법
 2. 입찰공고
 3. 입찰 참가자격
 4. 입찰참가 등록 및 제안서 제출
 5. 입찰시 유의사항
 6. 제안서 평가방법 
 7. 협상대상자 선정 및 협상 절차
 8. 최종낙찰자 유의사항
 9. 기타사항
 10. 용역결과 평가/활용
Ⅲ. 대상사업 개요 및 F/S 과업범위

제안 개요
 1. 사업개요 -
 사 업 명 : SCP 중심의 AML 시스템 구축
 - 경제제재 준수 프로그램(Sanctions Compliance Program, 이하 ‘SCP’) 중심의 자금세탁방지(Anti-Money Laundrying, 이하 ‘AML’) 시스템 구축 사업 
 사업기간 : 계약 체결일로부터 12개월 이내
 - 사업 일정은 한국수출입은행(“당행”)의 사정에 따라 변경 가능
 - 시스템 구축 및 안정화 기간 포함
 사업예산 : 4,220,000,000원 범위내 ( 사십이억이천만원 , 부가가치세 포함)

기금 결산 업무 지원
3. 시스템구축
분석-설계
개발 및 테스트
가동, 안정화 및 결산 지원
 ※ 기획재정부 국가결산보고서 개편 시스템 구축사업 에 따른 당행의 ’25년도 국가회계 시범결산, 가결산 참여 지원 포함
 ※ 세부 일정은 사업추진 과정 및 기획재정부 국가결산보고서 개편 시스템 구축사업 추진 일정에 따라 일부 변경될 수 있음
4. 사업 추진 조직 및 역할
 
구 분
부 서 명
주 요 역 할
 한국
수출입
은행
 경협총괄부
 프로젝트 관리

시스템 구축
분석-설계
개발 및 테스트
가동 및 안정화
* 세부 일정은 사업 추진과정에서 일부 변경될 수 있음
4. 사업 추진 조직 및 역할
 
구 분
부서명
주요 역할
한국
수출입
은행
 정보시스템부
시스템 구축 사업 총괄 관리
 - 시스템 개발 요구사항 검토, 업무분석 및 설계
 - 시스템 구축 검증 및 단계별 산출물 검사
 - 이슈, 위험, 변경사항 등에 대한 의사결정 
 - 테스트 실시, 산출물 검토 및 프로젝트 검수
 자금결제부
업무요건 정의 및 펌뱅킹 서비스 계약 추진
 - 업무 요구사항 검토, 업무분석 및 설계 지원",두 사업의 공동 목표 지원 대상 국가 지역은 모두 중동 지역입니다.
"고려대학교(112억), 코이카(67억), 아시아물위원회(50억)의 3개 사업은 모두 50억 원을 상당하게 초과하는 대형 사업입니다. 이 세 공공형 사업의 과제 요약문을 토대로, 각기 어떠한 커다란 거시적 형태의 사회 변화나 기후-인프라 위기 현 상황을 극복 해결하려 핵심 기획되었는지 서술하고 예산 종합 금액을 밝혀 주십시오.",B,상,[],"3. 사업자 선정 방법	 - 	 65
4. 제안 설명회	 - 	 67
5. 평가 방식	 - 	 67
Ⅴ. 제안서 작성 방법	 - 	 72
1. 제안서 효력	 - 	 72
2. 제안서 작성 유의사항	 - 	 72
3. 제안서 목차 및 작성방법	 - 	 73
[별첨]	 - 	 77~113
 
I
 사업 개요
1. 사업개요
가. 사업명 : 고려대학교 공간관리 통합시스템구축 사업
나. 사업기간 : 계약 체결일로부터 5개월 이내
다. 입찰 및 계약 방법 : 제한 경쟁 입찰(협상에 의한 계약)
2. 사업 배경

3. 사업자 선정 방법	 - 	 65
4. 제안 설명회	 - 	 67
5. 평가 방식	 - 	 67
Ⅴ. 제안서 작성 방법	 - 	 72
1. 제안서 효력	 - 	 72
2. 제안서 작성 유의사항	 - 	 72
3. 제안서 목차 및 작성방법	 - 	 73
[별첨]	 - 	 77~113
 
I
 사업 개요
1. 사업개요
가. 사업명 : 고려대학교 공간관리 통합시스템구축 사업
나. 사업기간 : 계약 체결일로부터 5개월 이내
다. 입찰 및 계약 방법 : 제한 경쟁 입찰(협상에 의한 계약)
2. 사업 배경

3. 사업 범위 ·············································································································· 5 

4. 기대효과 ··············································································································· 7

제 안 요 청 서 

고려대학교 
차세대 포털·학사 정보시스템 구축 사업 

2024. 7. 01 

※ 본 자료는 제안내용의 설명을 위한 배포자료로, 이외 목적으로 무단복제, 전달 및 사용하는 행위를 금함. 

-1- 

 
 
 
 
 
 
 
 
 
 
 
 
 
 
 
 
목 차 

Ⅰ. 사업개요 ·················································································································· 4

제 안 요 청 서 

고려대학교 
차세대 포털·학사 정보시스템 구축 사업 

2024. 7. 01 

※ 본 자료는 제안내용의 설명을 위한 배포자료로, 이외 목적으로 무단복제, 전달 및 사용하는 행위를 금함. 

-1- 

 
 
 
 
 
 
 
 
 
 
 
 
 
 
 
 
목 차 

Ⅰ. 사업개요 ·················································································································· 4","고려대학교는 '국민의 교육권리와 대학의 민주적 자율성 보장'이라는 사회 변화를 극복하기 위해 '학생들의 학업 선택의 자유를 확립'하는 과제를 기획했고, 코이카는 '국가의 경제적 부동산 시장 안정화'를 위해 '중소기업의 금융 접근성을 강화'하는 과제를 기획했으며, 아시아물위원회는 '국가의 물 자원 공급망의 지속적인 안정화'를 위해 '수자원 기반의 에너지 수급 안정화'라는 과제를 기획했습니다. 총 합계 예산은 11,200,000,000원입니다."
"한국가스공사의 '차세대 통합정보시스템', 나노종합기술원의 '설비온라인 시스템', 그랜드코리아레저의 '그룹웨어 시스템' 3개 인프라 전산화 구축 사업의 사업 목적을 공통 관점에서 살펴보았을 때, 이들이 근원적으로 동일하게 쟁점화하고 전환 지향하고 있는 '업무적 궁극적 개선 효과'가 무엇인지 짚고 해당 세 기관 중 가장 낮은 예산을 투입하는 기관명만 정확히 기재하십시오.",B,상,[],"4.4. 상세 요구사항 	 - 	 21
4.5. 기술적용계획표 	 - 	 61
 
1
사업 개요
나노종합기술원
 
1.1. 개 요
 용 역 명 : 스마트 팹 서비스 활용체계 구축관련 설비 온라인 시스템 구축 용역
 용역기간 : 계약체결일로부터 18개월
 추진일정은 사업기간 내에 과업별 특성에 따라 제안하고 추후 협의할 수 있음
 본 사업은 소프트웨어 개발사업 적정 사업기간 산정 기준에 따른 사업임
 ※ 산정내용 별도 첨부자료(사업기간 산정서) 참조
 용역예산 : 2,349,130,320 원 (VAT포함)

[ 나노융합 현장수요기반 실증지원 ]
 
2
사업 추진계획
2.1. 추진목표
 
 기술원 FAB 스마트 팹 서비스 활용체계 구축관련 설비 온라인 시스템 구축 용역으로 설비 데이터 수집체계 마련 및 LoT Tracking 구현을 통해 Lot 관리의 정보화 수준 향상
2.2. 추진전략
 사용자 중심의 시스템 구축 및 현업 중심의 실무담당자 TFT 운영
 시스템 분석, 설계 및 구축 과정에서의 문제점 등을 보완하여 사업자와 현업 간의 교량 역할을 수행할 수 있는 핵심 업무 담당자 구성

- , 반도체 연구 공정의 장비 데이터 활용 기반이 부재하여 활용률이 “ZERO” 인 공공 나노팹, 반도체 공정-정보 데이터의 가치 전환을 위한 데이터 활용 기반 마련 필요
1.3. 사업범위
 나노종합기술원(이하 “기술원)의 기술원 보유 장비 설비온라인 시스템 구축
 기술원 환경에 최적화된 공정 및 장비 실시간 모니터링 기능 구현을 위한 효율적이고 체계적인 설비 온라인 시스템 구축
 기술원의 공정관리시스템과 인터페이스 연계를 통한 데이터 활용체계 기반 마련 
 기술원에서 생산되는 공정결과 및 조건 데이터의 관리체계 확립

나노종합기술원
 
스마트 팹 서비스 활용체계 구축관련 설비온라인시스템 구축 사업
제 안 요 청 서
 
사 업 명
스마트 팹 서비스 활용체계 구축관련 설비 온라인 시스템 구축 용역
2024. 04.
 
 목 차
1. 사업 개요	 - 	 1
1.1. 개 요 	 - 	 1
1.2. 추진배경 및 필요성 	 - 	 1
1.3. 사업범위 	 - 	 2
1.4. 주요사업내용 	 - 	 2
1.5. 시스템 구성현황 	 - 	 3
1.6. 기대효과 	 - 	 4
2. 사업 추진계획 	 - 	 6
2.1. 추진목표 	 - 	 6

기술원에서 생산되는 공정결과 및 조건 데이터의 관리체계 확립
 
[ 나노종합기술원 AI 데이터 기반 나노팹 공정 스마트 서비스 활용체계 로드맵 ]
1.4. 주요사업내용
 기술원 최적화 설비 온라인 시스템 구축 
 FAB내 공정장비의 실시간 모니터링을 위한 설비 통신 온라인 시스템 구축
 - 설비별 통신 온라인 기준정보 관리 기능 구축
 - 설비별 상태 및 리소스 조회, 통신 및 테스트 기능 구축 
 - 설비별 로그 분석 및 데이터 확보 기능 구축","이 3개 전자정부 인프라 전환 사업 모두 공공 기관 내부의 '데이터 접근 속도 저하 및 정보 유출 위험 등 불편한 업무 처리 지연'이라는 공통적인 불편을 해결하기 위해 전환하려는 궁극적 목표를 공유합니다. 특히 나노종합기술원은 기존의 '실증지원 데이터 수집 체계'를 혁신적으로 재구축하는 데 투자하며, 그랜드코리아레저는 '회원 정보 접근 속도를 극대화'하는 것과 같은 구체적인 목표를 다루며, 한국가스공사는 '통합된 정보망을 통해 재난 대응 능력을 강화'하는 것을 목표로 합니다. 따라서 세 기관 모두 공통적으로 지향하는 궁극적 개선 효과는 '데이터 접근 속도 저하 및 정보 유출 위험 등 불편한 업무 처리 지연'입니다."
한국수자원공사의 '용인 첨단 시스템반도체 국가산단 용수공급사업 타당성조사' 수주를 위해서 주관 입찰 제안사는 국가 계약 서류에 반드시 최근 3년 내 반도체 관련 산학 정부 포상 이력을 기명해야 합니까?,D,하,[],"1. 일반과업지시서
1.1 과 업 명 : 용인 첨단 시스템반도체 국가산단 용수공급사업 타당성조사 및 기본계획 수립 용역
1.2 과업의 목적
이 용역과업은 제14차 비상경제민생회의에서 정부가 지정한 국가첨단산업단지 선정지 중 하나인 용인 첨단 시스템반도체 국가산업단지에 용수를 공급하는 사업의 타당성 조사 및 기본계획을 수립하는데 목적이 있다.
1.3 과업대상지역
1.3.1 과업위치 : 4개 지자체(용인시, 성남시, 광주시, 하남시)
1.3.2 공급대상지역 : 용인 첨단 시스템반도체 국가산업단지(경기도 용인시 남사읍 일원)

용인 첨단 시스템반도체 국가산단 용수공급사업 
타당성 조사 및 기본계획 수립
 
용역수행 과업지시서
 
 
 
 
2024. 4
 
 
수 도 개 발 처

목 차 
 
1. 일반과업지시서	 - 	3
1.1 과 업 명 : 용인 첨단 시스템반도체 국가산단 용수공급사업 타당성조사 및 기본계획 수립 용역	- - 	3
1.2 과업의 목적	 - 	3
1.3 과업대상지역	 - 	3
1.4 사업개요	 - 	3
1.5 과업수행기간	 - 	3
1.6 과업의 범위 및 내용	 - 	4
1.7 계약변경 조건	 - 	4
1.8 주요업무의 사전승인 등	 - 	5
1.9 과업수행 및 공정보고	 - 	5
1.10 용역감독 등	 - 	7
1.11 계약상대자의 책임	 - 	8

1.1.4 공동도급에 관한 사항: 입찰공고문에 따름
 1.1.5 계약상대자 선정방식
 가. 본 사업의 계약상대자 선정은 국가를 당사자로 하는 계약에 관한 법률 시행령 제43조 및 제43조의2에 따라 한국수자원공사(이하 “K-water""라 함) 협상에 의한 계약체결 기준 을 적용함
 나. 제안서 평가항목 및 배점한도는 별첨 ”제안서 평가기준 및 작성양식“ 참고
 1.1.6 하자보수보증금율 및 하자담보 책임기간
 가. 하자보수보증금율: 총 계약금액의 2/100
 나. 하자담보 책임기간: 준공검사 완료일로부터 1년간

유의사항
 1) 제출자료는 상기 표에 명시된 자료만을 인정하며 제출자료 목록(세부내용에 있는 자료목록 포함)이외 자료는 인정하지 않으며, 제출자료를 제출기한까지 모두 제출하지 아니한 경우에는 평가대상에서 제외한다. 
 2) 질의사항은 반드시 서면질의하고 전화문의 또는 구두로 질의 응답한 사항은 법적 효력을 갖지 못한다.
 ※ 제안관련 문의 : K-water 유역-지방상수도처 김대경 과장 ( 042-629-5443)
 3) 제안된 일체의 자료는 반환하지 않으며, 본 제안과 관련한 일체의 소요비용은 제안사의 부담으로 한다.","아니요, 해당 입찰 제안서 규정에서는 해당 요구사항은 존재하지 않습니다."
나노종합기술원이 발주한 '스마트 팹 서비스 활용체계 구축관련 설비온라인 시스템 구축 용역'에 공동 참가 의향을 밝히는 IT 업계의 평균적인 최저 업력 제한 기간 법규나 지침이 존재하나요?,D,하,[],"4.4. 상세 요구사항 	 - 	 21
4.5. 기술적용계획표 	 - 	 61
 
1
사업 개요
나노종합기술원
 
1.1. 개 요
 용 역 명 : 스마트 팹 서비스 활용체계 구축관련 설비 온라인 시스템 구축 용역
 용역기간 : 계약체결일로부터 18개월
 추진일정은 사업기간 내에 과업별 특성에 따라 제안하고 추후 협의할 수 있음
 본 사업은 소프트웨어 개발사업 적정 사업기간 산정 기준에 따른 사업임
 ※ 산정내용 별도 첨부자료(사업기간 산정서) 참조
 용역예산 : 2,349,130,320 원 (VAT포함)

나노종합기술원
 
스마트 팹 서비스 활용체계 구축관련 설비온라인시스템 구축 사업
제 안 요 청 서
 
사 업 명
스마트 팹 서비스 활용체계 구축관련 설비 온라인 시스템 구축 용역
2024. 04.
 
 목 차
1. 사업 개요	 - 	 1
1.1. 개 요 	 - 	 1
1.2. 추진배경 및 필요성 	 - 	 1
1.3. 사업범위 	 - 	 2
1.4. 주요사업내용 	 - 	 2
1.5. 시스템 구성현황 	 - 	 3
1.6. 기대효과 	 - 	 4
2. 사업 추진계획 	 - 	 6
2.1. 추진목표 	 - 	 6

[ 나노융합 현장수요기반 실증지원 ]
 
2
사업 추진계획
2.1. 추진목표
 
 기술원 FAB 스마트 팹 서비스 활용체계 구축관련 설비 온라인 시스템 구축 용역으로 설비 데이터 수집체계 마련 및 LoT Tracking 구현을 통해 Lot 관리의 정보화 수준 향상
2.2. 추진전략
 사용자 중심의 시스템 구축 및 현업 중심의 실무담당자 TFT 운영
 시스템 분석, 설계 및 구축 과정에서의 문제점 등을 보완하여 사업자와 현업 간의 교량 역할을 수행할 수 있는 핵심 업무 담당자 구성

기술원에서 생산되는 공정결과 및 조건 데이터의 관리체계 확립
 
[ 나노종합기술원 AI 데이터 기반 나노팹 공정 스마트 서비스 활용체계 로드맵 ]
1.4. 주요사업내용
 기술원 최적화 설비 온라인 시스템 구축 
 FAB내 공정장비의 실시간 모니터링을 위한 설비 통신 온라인 시스템 구축
 - 설비별 통신 온라인 기준정보 관리 기능 구축
 - 설비별 상태 및 리소스 조회, 통신 및 테스트 기능 구축 
 - 설비별 로그 분석 및 데이터 확보 기능 구축

- , 반도체 연구 공정의 장비 데이터 활용 기반이 부재하여 활용률이 “ZERO” 인 공공 나노팹, 반도체 공정-정보 데이터의 가치 전환을 위한 데이터 활용 기반 마련 필요
1.3. 사업범위
 나노종합기술원(이하 “기술원)의 기술원 보유 장비 설비온라인 시스템 구축
 기술원 환경에 최적화된 공정 및 장비 실시간 모니터링 기능 구현을 위한 효율적이고 체계적인 설비 온라인 시스템 구축
 기술원의 공정관리시스템과 인터페이스 연계를 통한 데이터 활용체계 기반 마련 
 기술원에서 생산되는 공정결과 및 조건 데이터의 관리체계 확립",아닙니다. 해당 나노종합기술원 사업 관련 구체적인 법규나 지침에는 '최저 업력 제한 기간'이나 '평균적인 최저 업력이 필요한 업체 등'에 대한 규정이 포함되어 있지 않습니다.
물위원회 우즈백 키르기 스마트 관개 플젝 할때 양수장이랑 펌프 쪽 F/S 문서 리뷰만 말고 진짜 실제 시공이나 기자재 딜리버리도 찐으로 들어가나요 스코프에?,E,중,[],"제 안 요 청 서
 
 
우즈벡-키르기즈스탄 기후변화대응 스마트 관개시스템 구축사업
 
2024. 10.
아시아 물 위원회
 
 목 차 
Ⅰ. 제안 요청내용	 - 	 01
 1. 용역개요	 - 	 02 
 2. 기본방향	 - 	 03
 3. 세부 과업지침	 - 	 05 
Ⅲ. 입찰 안내사항	 - 	 13
 1. 입찰참가자격	 - 	 13
 2. 입찰 및 낙찰자 선정	 - 	 14
 3. 입찰참가 등록 및 입찰서 제출 	 - 	 15
 4. 입찰시 유의사항 	 - 	 16
 5. 청렴계약이행 준수 	 - 	 17

마. SW사업 영향평가	 - 	 58
바. 과업변경심의위원회 개최여부	 - 	 58
[붙임1] 직접구매대상 상용소프트웨어 구매계획	 - 	 59
[붙임2] 입찰 및 제안서 관련 서식	 - 	 60
 가. 일반현황 및 연혁 	 - 	 60
나. 자본금/ 매출액 및 주요사업실적 	 - 	 61
다. 투입인력 이력사항 	 - 	 62
라. 비밀 유지 서약서 	 - 	 63
[붙임3] 한국원자력연구원 정보화 용역사업 정보보호관리 사항 	ỿ - 	 64
가. 외주 용역사업 보안특약 	 - 	 64

나. 스마트도시 솔루션 실시설계
 다. 스마트도시 솔루션 서비스 구축 및 사업관리
 라. 통합플랫폼 등 연계(IoT풀랫폼 연계, KPI 등 사업관리를 위한 데이터 연계) 마. 기타 본 제안요청서에서 정하는 사항 및 당해 사업 수행에 있어 필요하다고인정되어 실시설계 및 구축 과정에서 “발주기관”이 요구하는 사항
참고사항
 가. 감리 사업자는 구축 용역사업자와 별도의 입찰 절차를 통해 선정(사업비 미포함)
 나. 전기공사는 실시설계완료 후 설계금액만큼 계약변경(감액)을 하고 별도 발주

제안요청서
 
사 업 명
2024년 스마트도시 솔루션 확산사업
주관기관
양평군
2024. 10.
 
양 평 군
데이터정보과
주 무 관 
지 유 리
 031-770-2987
FAX) 031-770-2839
[목 차]
 
Ⅰ. 사업 개요	 - 	4
 1. 사업의 배경 및 목적	 - 	4
 2. 사업개요	 - 	5
Ⅱ. 사업 세부 추진계획	 - 	7
 1. 현황조사	 - 	7
 2. 실시설계	 - 	7
 3. 스마트솔루션 설치	 - 	9
 4. 기타 업무지원	 - 	13
 5. 추진체계	 - 	13
 6. 사업운영 프로세스	 - 	14

소속부서
원자력환경실
(Fax) 042-863-1289
 
목 차
1. 사업 안내 	 - 	 1
1.1. 사업 개요 	 - 	 1
1.2. 추진배경 및 필요성 	 - 	 1
1.3. 사업 범위 	 - 	 2
1.4. 기대 효과 	 - 	 2
2. 대상 업무 현황 	 - 	 3
2.1. 외부 의뢰시료 시험분석 절차 	 - 	 3
2.2. 베타핵종 분석 외부 의뢰 현황 	 - 	 3
3. 사업 추진방안 	 - 	 4
3.1. 추진 목표 	 - 	 4
3.2 추진 체계 및 역할 	 - 	 4
3.3. 추진 일정 	 - 	 5","네, 본 사업은 소프트웨어(S/W) 개발 사업과 하드웨어(H/W) 물리적 시설(피팅, 펌프 등) 조달 사업을 모두 포함한 종합적인 사업입니다. 따라서 사업 수행에 필요한 물리적 장비, 펌프, 피팅 등 H/W 재료의 구매 및 공급 역시 사업의 전체적인 스토어 포인트에 포함됩니다."
KOICA 방송씨스톔 PMO 입촬서 보면. 투명 읭정 땜에 12개 쥬랑 카라칼팍쓰의 찌역의해두 같이 여끼는데 쟝비두 국회에서 메인으루 다이렉 투입함니꺼?,E,상,[],"11) 프로젝트 지원 요구사항(Project Support Requirement)	ᦜ - 	43
5. 제안서 작성요령	 - 	46
 가. 제안서의 효력 	 - 	46
 나. 제안서 작성지침(권장사항) 및 유의사항	 - 	46
 다. 제안서 목차	 - 	47
 라. 제안서 세부 작성지침	 - 	48
6. 제안안내사항	 - 	50
 가. 입찰방식	 - 	50
 나. 제안서 평가 방법 	 - 	51
 다. 기술성 평가기준	 - 	52
 라. 제출서류	 - 	55
 마. 제안서 제출 일정 및 방법	 - 	55

라. 제출서류	 - 	55
 마. 제안서 제출 일정 및 방법	 - 	55
 바. 제안요청설명회	 - 	55
 사. 제안설명회(제안서평가) 개최	 - 	55
 아. 입찰 시 유의사항	 - 	55
 자. 제안서 보상	 - 	56
7. 기타 사항	 - 	57
 가. 작업장소 상호 협의	 - 	57
 나. 계약목적물의 지식재산권 귀속 등	 - 	57
 다. 개발SW의 공동활용 사전 명시	 - 	58
 라. 하도급계약	 - 	58
 마. 과업심의위원회 및 과업내용 변경	 - 	59
 바. 소프트웨어 사업정보 제출	 - 	59

2) 기능 요구사항(System Function Requirement)	 - 	16
 3) 성능 요구사항(Performance Requirement)	 - 	21
 4) 인터페이스 요구사항(System Interface Requirement)	Ṕ - 	22
 5) 데이터 요구사항(Data Requirement)	 - 	24
 6) 테스트 요구사항(Test Requirement)	 - 	25
 7) 보안 요구사항(Security Requirement)	 - 	27

다. 기대 효과	 - 	4
2. 현황 및 개선방안	 - 	5
 가. 서비스 현황	 - 	5
 나. 문제점 및 개선방안	 - 	6
 다. 정보시스템 현황	 - 	6
3. 사업 추진방안	 - 	8
 가. 추진목표	 - 	8
 나. 추진전략	 - 	8
 다. 추진체계	 - 	9
 라. 추진일정	 - 	10
4. 제안요청 내용	 - 	11
 가. 제안요청 개요	 - 	11
 나. 상세요구사항	 - 	12
 1) 시스템 장비 구성 요구사항(Equipment Composition Requirement) 	( - 	15

제 안 요 청 서
 
사 업 명
 2024년도 행정지원시스템 개선사업(전자문서시스템 등)
주관기관
 국 회 사 무 처
2024. 10.
 
기획조정실
디지털운영담당관실
사업
담당
장애경 주무관
TEL:02-6788-2060
FAX:02-6788-3378
기획조정실
디지털정책담당관실
검사
담당
김상아 주무관
TEL:02-6788-2581
 FAX:02-6788-4493
 목 차 
 
 
 
1. 사업 개요	 - 	4
 가. 목 적	 - 	4
 나. 사업 범위	 - 	4
 다. 기대 효과	 - 	4
2. 현황 및 개선방안	 - 	5",한국국제협력단 (KOICA) 방송씨스톔 PMO 입찰에서 요구하는 투명 입찰 및 정량화 평가 기준 12개는 총 13개입니다. 이 중 하나는 '계약대상자 선정 및 배정 기준'입니다.
한국수자원공사의 '용인 첨단 시스템반도체 국가산단 용수공급사업 타당성조사'에 책정된 사업 예산은 총 얼마인가요?,A,하,[],"1. 일반과업지시서
1.1 과 업 명 : 용인 첨단 시스템반도체 국가산단 용수공급사업 타당성조사 및 기본계획 수립 용역
1.2 과업의 목적
이 용역과업은 제14차 비상경제민생회의에서 정부가 지정한 국가첨단산업단지 선정지 중 하나인 용인 첨단 시스템반도체 국가산업단지에 용수를 공급하는 사업의 타당성 조사 및 기본계획을 수립하는데 목적이 있다.
1.3 과업대상지역
1.3.1 과업위치 : 4개 지자체(용인시, 성남시, 광주시, 하남시)
1.3.2 공급대상지역 : 용인 첨단 시스템반도체 국가산업단지(경기도 용인시 남사읍 일원)

용인 첨단 시스템반도체 국가산단 용수공급사업 
타당성 조사 및 기본계획 수립
 
용역수행 과업지시서
 
 
 
 
2024. 4
 
 
수 도 개 발 처

목 차 
 
1. 일반과업지시서	 - 	3
1.1 과 업 명 : 용인 첨단 시스템반도체 국가산단 용수공급사업 타당성조사 및 기본계획 수립 용역	- - 	3
1.2 과업의 목적	 - 	3
1.3 과업대상지역	 - 	3
1.4 사업개요	 - 	3
1.5 과업수행기간	 - 	3
1.6 과업의 범위 및 내용	 - 	4
1.7 계약변경 조건	 - 	4
1.8 주요업무의 사전승인 등	 - 	5
1.9 과업수행 및 공정보고	 - 	5
1.10 용역감독 등	 - 	7
1.11 계약상대자의 책임	 - 	8

1.1.4 공동도급에 관한 사항: 입찰공고문에 따름
 1.1.5 계약상대자 선정방식
 가. 본 사업의 계약상대자 선정은 국가를 당사자로 하는 계약에 관한 법률 시행령 제43조 및 제43조의2에 따라 한국수자원공사(이하 “K-water""라 함) 협상에 의한 계약체결 기준 을 적용함
 나. 제안서 평가항목 및 배점한도는 별첨 ”제안서 평가기준 및 작성양식“ 참고
 1.1.6 하자보수보증금율 및 하자담보 책임기간
 가. 하자보수보증금율: 총 계약금액의 2/100
 나. 하자담보 책임기간: 준공검사 완료일로부터 1년간

마. 공동수급체 구성
본 사업에서 전체 사업금액 대비 10%를 초과하여 하도급하려는 경우, 소프트웨어 진흥법 제51조 제6항에 따라 하수급인과 공동수급체를 구성하여 참여해야 하며, 공동수급체를 구성하지 못하는 불가피한 사정이 있는 경우 그 사유를 제시하여야 함
 1.1.7 사업자 선정 방식
 가. 본 사업의 사업자 선정은 국가를 당사자로 하는 계약에 관한 법률 시행령 제43조 및 제43조의2의 규정에 따라 한국수자원공사(이하 “K-water”라 함) 협상에 의한 계약 체결기준 을 적용함","해당 용역 사업의 총 예산은 13,000,000,000원입니다."
KOICA 전자조달에서 진행하는 '우즈베키스탄 열린 의정활동 상하원 국회 방송시스템 구축' 용역 사업의 총 예산은 어떻게 됩니까?,A,하,[],"다. 기대 효과	 - 	4
2. 현황 및 개선방안	 - 	5
 가. 서비스 현황	 - 	5
 나. 문제점 및 개선방안	 - 	6
 다. 정보시스템 현황	 - 	6
3. 사업 추진방안	 - 	8
 가. 추진목표	 - 	8
 나. 추진전략	 - 	8
 다. 추진체계	 - 	9
 라. 추진일정	 - 	10
4. 제안요청 내용	 - 	11
 가. 제안요청 개요	 - 	11
 나. 상세요구사항	 - 	12
 1) 시스템 장비 구성 요구사항(Equipment Composition Requirement) 	( - 	15

제 안 요 청 서
 
사 업 명
 2024년도 행정지원시스템 개선사업(전자문서시스템 등)
주관기관
 국 회 사 무 처
2024. 10.
 
기획조정실
디지털운영담당관실
사업
담당
장애경 주무관
TEL:02-6788-2060
FAX:02-6788-3378
기획조정실
디지털정책담당관실
검사
담당
김상아 주무관
TEL:02-6788-2581
 FAX:02-6788-4493
 목 차 
 
 
 
1. 사업 개요	 - 	4
 가. 목 적	 - 	4
 나. 사업 범위	 - 	4
 다. 기대 효과	 - 	4
2. 현황 및 개선방안	 - 	5

11) 프로젝트 지원 요구사항(Project Support Requirement)	ᦜ - 	43
5. 제안서 작성요령	 - 	46
 가. 제안서의 효력 	 - 	46
 나. 제안서 작성지침(권장사항) 및 유의사항	 - 	46
 다. 제안서 목차	 - 	47
 라. 제안서 세부 작성지침	 - 	48
6. 제안안내사항	 - 	50
 가. 입찰방식	 - 	50
 나. 제안서 평가 방법 	 - 	51
 다. 기술성 평가기준	 - 	52
 라. 제출서류	 - 	55
 마. 제안서 제출 일정 및 방법	 - 	55

라. 제출서류	 - 	55
 마. 제안서 제출 일정 및 방법	 - 	55
 바. 제안요청설명회	 - 	55
 사. 제안설명회(제안서평가) 개최	 - 	55
 아. 입찰 시 유의사항	 - 	55
 자. 제안서 보상	 - 	56
7. 기타 사항	 - 	57
 가. 작업장소 상호 협의	 - 	57
 나. 계약목적물의 지식재산권 귀속 등	 - 	57
 다. 개발SW의 공동활용 사전 명시	 - 	58
 라. 하도급계약	 - 	58
 마. 과업심의위원회 및 과업내용 변경	 - 	59
 바. 소프트웨어 사업정보 제출	 - 	59

바. 소프트웨어 사업정보 제출	 - 	59
 사. 하자담보 책임기간 명시	 - 	60
 아. SW 직접구매 대상 검토	 - 	60","이 사업의 총 예산 금액은 49,000,000원입니다."
그랜드코리아레저(주)의 그룹웨어 시스템 구축 용역에서 교체 대상이 되는 시스템 세 가지는 각각 무엇입니까?,A,하,[],"사업예산 : 1,515,000천원 (부가세 포함)
 계약방법 : 제한경쟁입찰(협상에 의한 계약)
 평가방식 : 기술평가(90%)/가격평가(10%)
2. 추진 배경 및 필요성
 (시스템 노후화) 그룹웨어 및 기록물관리, 사내SNS(별별얘기), 메신저 시스템 노후화로 SW의 기술지원 종료, 요구사항 증가로 인한 설계 한계 초과 및 서비스 질 저하 등 개선 필요
 (정부권장정책 적용) 비표준(ActiveX), IE 종속성 및 보안취약점 제거 등 관련 정부 정책에 대응이 가능한 시스템 구축 필요

제 안 요 청 서
 
사 업 명
GKL 그룹웨어 시스템 구축사업
주관기관
그랜드코리아레저(주)
2024. 04
 
사업
담당자
제안/과업내용
이경남 차장
02)6421-6466
Ign@7luck.com
한수림 사원
02)6421-6104
slhan23@7luck.com
박동진 사원
02)6421-6470
pdjworld@7luck.com
입찰/계약사항
정승순 대리
02)6421-6661
jss1362@7luck.com
 
목 차
Ⅰ. 사업 개요	 - 	 1
 1. 추진 배경 및 필요성	 - 	 1
 2. 사업 범위	 - 	 1

6. 입찰시 유의사항	 - 	 131
 7. 기타사항	 - 	 132
 [첨부1] 제안서 평가항목 및 배점한도	 - 	 135
 [첨부2] 적정 사업기간 산정서	 - 	 142
 [첨부3] 외부 용역사업 보안특약	 - 	 143
 [첨부4] 기술 적용 계획표	 - 	 148
 [첨부5] 입찰 관련 서식	 - 	 154 
 
Ⅰ
 사업개요
1. 사업일반
 사 업 명 : GKL 그룹웨어 시스템 구축사업
 사업기간 : 계약일로부터 6개월 이내
 사업예산 : 1,515,000천원 (부가세 포함)

(웹기반 시스템) 기존 운영중인 시스템과 원활하게 연동되고, 다양한 웹 환경에서 업무를 수행할 수 있는 최신 웹기반 그룹웨어 시스템 구축하여 효율적인 업무환경 제공
 (업무환경 개선) 사용자의 편의성을 최우선으로 고려하여 업무프로세스 재설계 및 업무 환경 개선을 위한 새로운 비즈니스 적용 기반 마련 
2. 사업 범위
 그룹웨어 시스템 구축
 
구 분
기 능
상 세 설 명
포털
시스템 별 중요정보 표기
‣ 기관 공통 업무에 필요한 각 시스템별 정보 표기
‣ 각 시스템 링크 제공, 알림사항 등
전자결재
전자문서의

‣ 각 시스템 링크 제공, 알림사항 등
전자결재
전자문서의
생성‧조회‧관리‧유통
‣ 기안문 작성, 결재, 전자문서 송‧수신 등
‣ 모바일 그룹웨어 기기에서 전자문서 상신 등
‣ 문서유통, 원문공개
메일
(내 외부)
메일 송‧수신 
‣ 기관 내 외부망 전용 메일 시스템 연동 등
‣ 내 외부망 전용 웹메일 시스템 데이터 연계를 통해 업무 편의성 증대
모바일
사내SNS
(별별얘기)","그랜드코리아레저(주)가 주관하는 그룹웨어 시스템 구축 용역에서 교체 대상이 되는 세 가지 주요 시스템은 다음과 같습니다: (1) 그룹웨어 시스템, (2) 기록물관리 시스템, (3) 메신저 시스템입니다."
한국가스공사의 '차세대 통합정보시스템(ERP) 구축' 사업 추진 목적 중 하나인 생산공급 시스템의 재구축 및 전환 방향은 어떻게 명시되어 있습니까?,A,중,[],"* SAP ERP 기능 고도화 과업은 34개 과제를 기준으로 추정가격을 산출하였음(기능점수 기준 920FP 상당). 단, 사업 진행 최종 확정된 과제를 기준으로 개발규모(최종 기능점수)를 재산정하여 과업 변경이 필요한 경우 과업 및 그에 따른 계약 변경 예정
 - SAP 컨버전 후 최종 확정된 업무별 시스템 기능 개선 요구사항 반영
 생산공급 시스템 재구축
 - KOGAS 핵심 업무인 천연가스 생산/공급 업무 시스템 재구축
 - 표준 업무 프로세스 기반 기능 고도화, 데이터 분석 및 활용 서비스 개발

과 업 지 시 서
- 차세대 통합정보시스템(ERP) 구축 -
2024. 8.
 
 
목차
Ⅰ. 개요
Ⅱ. 과업내용
Ⅲ. 일반사항
 
 1. 사 업 명 : 차세대 통합정보시스템(ERP) 구축
Ⅰ 
 개요 
2. 사업목적
 기술지원 종료(‘27년)에 대비한 ERP 업그레이드
 - 제조사(SAP )의 기술지원 종료 이후 세법 개정, 보안취약점 발생시 원활한 대응이 불가 등 기술지원 종료 대비한 선제적 대응으로 안정적 서비스 제공
 정보시스템 복잡도 해소 및 접근‧활용 간소화로 업무생산성 향상

3. 사업기간 : 계약일로부터 28개월
 소프트웨어 사업수행 적정 사업기간 산정기준에 따른 사업
 사업기간 종료 후 1년간 무상하자보수 실시 (시스템 안정화 지원계획 제출)
4. 주요 사업내용
 SAP ERP Conversion
 - SAP ERP ECC 6.0 → S/4 HANA ERP로 전환
 - ERP 전환 신규 인프라 구축 및 인터페이스 개선
 - HTML5 기반의 Web Service 제공 (BSP화면 웹전환 포함)
 업무 프로세스 개선(PI) 및 고도화 개발
 - KOGAS 전사 업무 프로세스 표준화

정보시스템 복잡도 해소 및 접근‧활용 간소화로 업무생산성 향상
 - ‘09년 도입 이후 종합적인 개선 없이 단편적 수정으로 복잡도 증가 및 대사-검증 등 수작업에 따른 비효율 해소
* 원가결산, 급여정산 등 검증을 위한 수작업 및 대용량 데이터 처리시 속도지연 발생
 - 시스템 접근, 데이터 탐색‧활용 간소화로 사용자 편의 및 데이터 기반의 업무환경 마련
* KOGAS 디지털 전환 전략 수립 설문결과(임직원 45%, 데이터 탐색불가로 불편 호소)
3. 사업기간 : 계약일로부터 28개월

- 표준 업무 프로세스 기반 기능 고도화, 데이터 분석 및 활용 서비스 개발
 - 생산/공급 현장의 실시간 운전정보에 대한 트렌드, 통계치 등 시각화 구현
 전사 포털 및 사용자 맞춤형 업무 포털 신규 구축
 - 다양한 브라우저에서 서비스가 가능한 웹 표준 기반 서비스 구현
 - 직관적인 메인화면 구성 및 각 업무시스템 화면이동 최적화
 - 최신 트렌드에 부합하는 다양한 게시판 및 화면 구성
 - 전사 공통 업무 및 정보로 구성된 전사 포털 개발
 - 개인 업무 맞춤형 정보를 제공하는 업무 포털 개발",재구축 및 전환 방향은 'KOGAS 핵심 업무인 천연가스 생산/공급 업무 시스템 재구축' 및 'SAP ERP Function Enhancement(COD) → S/4 HANA ERP로 전환'이라고 명시되어 있습니다.
나노종합기술원의 23.4억 원 규모 '스마트 팹 서비스 설비온라인 시스템'을 통해 전체 예상 도입 효과의 40%가 연구개발 시간 단축에서 발생하고 60%가 제품생산 역량 증가에서 파생된다고 할 때 두 기대효과 요소가 산술적으로 기여하는 가상의 예산 가치는 각각 얼마입니까?,A,상,[],"TmaxSoft
1.6. 기대효과
 기술적 측면
 연구개발 소요시간 및 비용 단축(축적 데이터 활용, 실패 감소, 불량률 감소 등)에 따라, 산학연 기술개발 조기 사업화 및 성공률 제고 기여
 - 빅데이터 기반의 나노팹 서비스 내재화를 통한 연구 개발 소요시간 감축을 통한 Time-to-Market 실현으로 반도체 기업 기술개발 경쟁력 제고 기여

4.4. 상세 요구사항 	 - 	 21
4.5. 기술적용계획표 	 - 	 61
 
1
사업 개요
나노종합기술원
 
1.1. 개 요
 용 역 명 : 스마트 팹 서비스 활용체계 구축관련 설비 온라인 시스템 구축 용역
 용역기간 : 계약체결일로부터 18개월
 추진일정은 사업기간 내에 과업별 특성에 따라 제안하고 추후 협의할 수 있음
 본 사업은 소프트웨어 개발사업 적정 사업기간 산정 기준에 따른 사업임
 ※ 산정내용 별도 첨부자료(사업기간 산정서) 참조
 용역예산 : 2,349,130,320 원 (VAT포함)

나노종합기술원
 
스마트 팹 서비스 활용체계 구축관련 설비온라인시스템 구축 사업
제 안 요 청 서
 
사 업 명
스마트 팹 서비스 활용체계 구축관련 설비 온라인 시스템 구축 용역
2024. 04.
 
 목 차
1. 사업 개요	 - 	 1
1.1. 개 요 	 - 	 1
1.2. 추진배경 및 필요성 	 - 	 1
1.3. 사업범위 	 - 	 2
1.4. 주요사업내용 	 - 	 2
1.5. 시스템 구성현황 	 - 	 3
1.6. 기대효과 	 - 	 4
2. 사업 추진계획 	 - 	 6
2.1. 추진목표 	 - 	 6

- Lot Process의 신뢰성있는 데이터 제공을 통해 이용자 만족도 향상에 기여
 나노팹 활용, 실험실 수준에서 머무르지 않고 산업 현장에서 실제로 상용이 가능한 공정진행 데이터를 확보함으로써 국가 간 기술개발 경쟁에서 우위를 차지할 수 있는 기반 마련
 - 미래차, 반도체, 디스플레이, 바이오, 환경, 에너지 등 나노기술 분야 지원을 통해 나노융합산업을 확산하고 기업의 R&D 및 제품생산 역량 강화
 경제-산업적 측면
 나노팹 스마트 서비스 시스템을 구축 및 활용을 통하여 연구자 및 기업의 나노 인프라 활용의 효율성 제고

[ 나노융합 현장수요기반 실증지원 ]
 
2
사업 추진계획
2.1. 추진목표
 
 기술원 FAB 스마트 팹 서비스 활용체계 구축관련 설비 온라인 시스템 구축 용역으로 설비 데이터 수집체계 마련 및 LoT Tracking 구현을 통해 Lot 관리의 정보화 수준 향상
2.2. 추진전략
 사용자 중심의 시스템 구축 및 현업 중심의 실무담당자 TFT 운영
 시스템 분석, 설계 및 구축 과정에서의 문제점 등을 보완하여 사업자와 현업 간의 교량 역할을 수행할 수 있는 핵심 업무 담당자 구성","두 기대효과 요소가 합산되는 가상 예산 가치는 8,280,000,800원입니다."
"아시아물위원회사무국의 '우즈벡-키르기즈스탄 기후변화대응 스마트 관개시스템 구축사업' 예산(50억 3천 1백만 원)이 만약 타국의 유사 사업인 수출입은행 ITS 타당성조사 예산 규모(12억 4천 7백만 원) 수준으로 삭감 조율되어 집행된다고 가정했을 때, 해당 사업이 상실하게 될 예산 차액은 얼마입니까?",A,상,[],"제 안 요 청 서
 
 
우즈벡-키르기즈스탄 기후변화대응 스마트 관개시스템 구축사업
 
2024. 10.
아시아 물 위원회
 
 목 차 
Ⅰ. 제안 요청내용	 - 	 01
 1. 용역개요	 - 	 02 
 2. 기본방향	 - 	 03
 3. 세부 과업지침	 - 	 05 
Ⅲ. 입찰 안내사항	 - 	 13
 1. 입찰참가자격	 - 	 13
 2. 입찰 및 낙찰자 선정	 - 	 14
 3. 입찰참가 등록 및 입찰서 제출 	 - 	 15
 4. 입찰시 유의사항 	 - 	 16
 5. 청렴계약이행 준수 	 - 	 17

다. 사업기간 : 착수일로부터 7개월
 라. 대 상 지 : 의성군 일원
 마. 사업규모 : 스마트 횡단보도, 도로위험감지, 스마트 헬스케어, 스마트 폴, 관광키오스크, 통합플랫폼
 바. 참고사항
실시설계 완료 후 전기공사업법에 따른 검토후 설계금액에 해당되는 전기공사 도급금액을 별도 분리발주를 시행(본 사업 감액 설계변경)
본 사업은 예산 및 기금운용계획 집행지침 의 낙찰차액 불용 원칙을 따름
 2. 사업 배경
 가. 본사업은 국토교통부 공모사업 ‘2024년 스마트도시 솔루션 확산사업’에 선정된 사업임

[별첨12] 합의각서	 - 	 84
 [별첨13] 보안서약서	 - 	 85
 [별첨14] 자료 미보유 확약서	 - 	 86
 [별첨15] 비물유지계약서	 - 	 87
 [별첨16] 외주 용역사업 보안특약 조항	 - 	 91
 
 
 
 Ⅰ. 사업개요 
 
1
 사업일반
 사 업 명 : 감사시스템 재구축 사업
 사업기간 : 계약체결일로부터 6개월
 소요예산 : 290,075,000원(부가세 및 인지세 포함)
 ㅇ 사업예산 : 290,000,000원 / 인지세 : 75,000원
 예산과목 : 본부-본부사업-본부사업-연구개발비(감사팀)

다. 추진경과 및 계획
 ‘23.06월 ~ ‘23.11월 : 차세대 외자시스템 구축 컨설팅 사업
 ‘24.09월 ~ ‘26.03월 :차세대 외자시스템 자산운용S/W 도입사업
 ‘24.11월 ~ ‘26.03월 :차세대 외자시스템 개발 및 인프라 도입사업
 
2 
 사업기간 및 예산
가. 사업기간 : 계약일로부터 16개월 이내
나. 사업예산 : 12,002,302천원 이내(부가가치세 포함)
 
3 
 사업범위

- 2차 : 1차 종료 후 ~ 10개월(예산 : 600,000,000원(VAT포함)이내)
- 사업범위 : 통합테스트, 시범운영 및 개선사항 반영, 시스템 오픈 및 운영 안정화 등
 * 물류센터 건축공정 등 합리적 지연사유에 따라 용역기간 및 최종완료일은 변경될 수 있으며, 지급시기는 예산배정 등에 따라 변동될 수 있음
 사업예산 : 1,800,000,000원 이내 (부가세 포함)
 계약방법 : 제한경쟁입찰 (협상에 의한 계약)
2. 사업목적","이 사업에서 상실되는 예산 차액은 49,997,300,000원입니다."
고려대학교의 '차세대 포털·학사 정보시스템 구축사업'과 부산국제영화제의 '온라인서비스 재개발 시스템' 사업 예산의 산술적인 규모 격차는 얼마인가요?,B,하,[],"제 안 요 청 서 

고려대학교 
차세대 포털·학사 정보시스템 구축 사업 

2024. 7. 01 

※ 본 자료는 제안내용의 설명을 위한 배포자료로, 이외 목적으로 무단복제, 전달 및 사용하는 행위를 금함. 

-1- 

 
 
 
 
 
 
 
 
 
 
 
 
 
 
 
 
목 차 

Ⅰ. 사업개요 ·················································································································· 4

제 안 요 청 서 

고려대학교 
차세대 포털·학사 정보시스템 구축 사업 

2024. 7. 01 

※ 본 자료는 제안내용의 설명을 위한 배포자료로, 이외 목적으로 무단복제, 전달 및 사용하는 행위를 금함. 

-1- 

 
 
 
 
 
 
 
 
 
 
 
 
 
 
 
 
목 차 

Ⅰ. 사업개요 ·················································································································· 4

[별첨 2] 고려대학교 학습관리시스템 데이터 연동 현황

- 2 -

 
 
I

 사업 개요

1. 사업명

고려대학교(이하 '본교') 차세대 LMS(학습관리시스템) 구축을 위한 사업을 추진하고

자 함(이하 '본 사업' 이라 한다)

2. 사업개요

가. 계약기간

 - 구축기간 : 계약일로부터 3개월(시범운영 준비 기간 포함)

 - 시범운영기간 : 2024년 12월 23일 ~ 2025년 2월 28일(계절학기, 법정의무교육)

 - 무상유지보수 기간 : 2025년 3월 1일 ~ 2026년 2월 28일

제 안 요 청 서

고려대학교
차세대 LMS(학습관리시스템) 구축 사업

2024. 9. 

※ 본 자료는 제안내용의 설명을 위한 배포자료로, 이외 목적으로 무단복제, 전달 및 사용하는 행위를 금함.

- 1 -

 
 
목 차

Ⅰ. 사업개요 ····························································································· 3

나. 계약방법 : 경쟁입찰(협상에 의한 계약)

3. 사업배경

가. '본교' 교육환경과 수요를 반영한 학습관리시스템 도입 필요

나. 전문적인 학사, 수강, 포털 DB 등의 데이터 연동 지원 필요

다. 노후화된 학습관리시스템 및 불편한 인터페이스 개선

라. COVID-19와 같은 상황 발생 시 효율적인 비대면 온라인 교육을 지원하는 시스

템 도입(영상 출석, 온라인 강의 출석 등) 필요

마. '본교' 구성원의 요구를 반영한 차세대 학습관리시스템 구축 필요

 - 사용자 중심의 인터페이스 개선

 - 원활한 모바일 사용 환경","고려대학교의 사업 예산은 8,000,000원이며, 부산국제영화제의 사업 예산은 50,000,000원입니다. 두 사업 간의 예산 규모 격차는 41,999,990원입니다."
"그랜드코리아레저(주) 그룹웨어 구축 예산(1,515,000,000원)과 인천광역시의 도시계획 통합관리시스템 예산(150,000,000원)을 통합하여 발주할 경우 전체 예산은 총 얼마입니까?",B,하,[],"6. 입찰시 유의사항	 - 	 131
 7. 기타사항	 - 	 132
 [첨부1] 제안서 평가항목 및 배점한도	 - 	 135
 [첨부2] 적정 사업기간 산정서	 - 	 142
 [첨부3] 외부 용역사업 보안특약	 - 	 143
 [첨부4] 기술 적용 계획표	 - 	 148
 [첨부5] 입찰 관련 서식	 - 	 154 
 
Ⅰ
 사업개요
1. 사업일반
 사 업 명 : GKL 그룹웨어 시스템 구축사업
 사업기간 : 계약일로부터 6개월 이내
 사업예산 : 1,515,000천원 (부가세 포함)

사업예산 : 1,515,000천원 (부가세 포함)
 계약방법 : 제한경쟁입찰(협상에 의한 계약)
 평가방식 : 기술평가(90%)/가격평가(10%)
2. 추진 배경 및 필요성
 (시스템 노후화) 그룹웨어 및 기록물관리, 사내SNS(별별얘기), 메신저 시스템 노후화로 SW의 기술지원 종료, 요구사항 증가로 인한 설계 한계 초과 및 서비스 질 저하 등 개선 필요
 (정부권장정책 적용) 비표준(ActiveX), IE 종속성 및 보안취약점 제거 등 관련 정부 정책에 대응이 가능한 시스템 구축 필요

제 안 요 청 서
 
사 업 명
GKL 그룹웨어 시스템 구축사업
주관기관
그랜드코리아레저(주)
2024. 04
 
사업
담당자
제안/과업내용
이경남 차장
02)6421-6466
Ign@7luck.com
한수림 사원
02)6421-6104
slhan23@7luck.com
박동진 사원
02)6421-6470
pdjworld@7luck.com
입찰/계약사항
정승순 대리
02)6421-6661
jss1362@7luck.com
 
목 차
Ⅰ. 사업 개요	 - 	 1
 1. 추진 배경 및 필요성	 - 	 1
 2. 사업 범위	 - 	 1

(웹기반 시스템) 기존 운영중인 시스템과 원활하게 연동되고, 다양한 웹 환경에서 업무를 수행할 수 있는 최신 웹기반 그룹웨어 시스템 구축하여 효율적인 업무환경 제공
 (업무환경 개선) 사용자의 편의성을 최우선으로 고려하여 업무프로세스 재설계 및 업무 환경 개선을 위한 새로운 비즈니스 적용 기반 마련 
2. 사업 범위
 그룹웨어 시스템 구축
 
구 분
기 능
상 세 설 명
포털
시스템 별 중요정보 표기
‣ 기관 공통 업무에 필요한 각 시스템별 정보 표기
‣ 각 시스템 링크 제공, 알림사항 등
전자결재
전자문서의

‣ 그룹웨어 기능에 대해서 모바일에서 동일하게 지원가능한 환경구축 등 
‣ 임직원 검색, 조직도, 주요일정, 사회공헌, 경영","두 사업의 예산을 합하면 총 1,665,000,000원입니다."
국립중앙의료원의 차세대 응급의료 상황관리시스템 예산(14억)과 한국원자력연구원의 선량평가시스템 고도화 예산 사이에 발생하는 차액은 얼마입니까?,B,하,[],"16
 4. 상세요구사항	 - 	
17
 5. 기타사항	 - 	
53
Ⅴ. 제안서 작성요령
Ⅵ. 제안 안내사항
Ⅶ. 붙임
Ⅷ. 부록(서식)
Ⅰ. 사업 개요 
 
1
 사업 안내
 가. 사 업 명 : 2024년도 차세대 응급의료 상황관리시스템 구축
 나. 사업기간 : 계약일로부터 2024년 12월 31일까지
 다. 사업예산 : 금일십사억원정 ( 1,400,000,000원, VAT포함)
 라. 예산코드 : 29. 중앙응급의료센터 운영지원-관리운영비-외주용역비-광역상황실
 마. 추진방법 : 제한경쟁입찰 / 협상에 의한 계약
 
2

제 안 요 청 서
 
사 업 명
2024년도 차세대 응급의료 상황관리시스템 구축
주관기관
국립중앙의료원
2024. 5.
 
담당
부 서
성 명
전화번호
e-mail
응급의료정보화팀
이정탁
02-6362-3443
rheejt@nmc.or.kr
 
 
|
 
 
 
목 차
 
 
 Ⅰ. 사업개요
 1. 사업안내	 - 	
2
 2. 추진배경 및 필요성	 - 	
2
 3. 사업범위	 - 	
3
 4. 기대효과	 - 	
3
Ⅱ. 업무 및 시스템 현황
 1. 시스템 개요	 - 	
5
 2. 시스템 주요기능	 - 	
5

제 안 요 청 서
 
사 업 명
2024년 스마트의료지도 시스템 고도화
주관기관
국립중앙의료원
2024. 06.
 
담당
부 서
성 명
전화번호
e-mail
응급의료정보화팀
사원/박도경
02-6362-3451
frogtwin@nmc.or.kr
 
 
|
 
 
 
목 차
 
 
 Ⅰ. 사업개요
 1. 사업안내	 - 	
 2 x
 2. 추진배경 및 필요성	 - 	
 2 x
 3. 사업범위	 - 	
 3 x
 4. 기대효과	 - 	
 3 x
Ⅱ. 사업 및 시스템 현황
 1. 사업 현황	 - 	
 5 x
 2. 시스템 현황	 -

가. 추진체계
 
 
보건복지부
국립중앙의료원 (중앙응급의료센터)
응급의료정보화팀 (계약 및 사업관리)
닥터헬기-현장이송팀 (사업계획-과업 요구(안))
기술평가위원
평가 
협조
수행
협조
추진사업단
정보화사업수행업체
교육위원회
 나. 주체별 역할
 
구 분
역 할
보건복지부
재난의료대응과
 사업총괄
중앙응급의료센터
 정보시스템 구축 총괄
 계약진행 및 사업관리
 개발지원 및 검수, 예산집행
기술평가위원
 제안서 기술평가

가. 보건복지부는 ’14년 하반기부터 중앙응급의료센터에 중앙상황실 설치-운영
 나. 가용병상현황의 응급의료자원정보를 수집-관리-제공, 응급환자 병원 간 전원 조정 등 응급환자의 전체적인 흐름을 관리하는 기능 부여
 다. 재난 시 응급의료자원 확보 및 동원, 실시간 정보전파 등의 기능을 부여
 라. 전원 및 재난 시 사용할 수 있는 응급의료 상황접수시스템을 구축('18)
 
2
 시스템 주요기능
 
메뉴
기능
메뉴
기능
메뉴
기능
인트로
로그인
협진망
진료의뢰서_팝업
전원 상황판
전원 상황판_팝업
회원가입
상황실종료_팝업","국립중앙의료원의 차세대 응급의료 상황관리시스템 예산(14억)은 1,400,000,000원이며, 한국원자력연구원의 선량평가시스템 고도화 예산은 9,900,000,000원입니다. 이 두 사업 간의 차액은 10,500,000,000원으로 계산됩니다."
한국가스공사의 '차세대 ERP 구축'과 코이카의 '우즈베키스탄 의정활동 상하원 대외 방송시스템 구축' 예산 중 어느 기관의 사업 규모가 더 큽니까?,B,하,[],"과 업 지 시 서
- 차세대 통합정보시스템(ERP) 구축 -
2024. 8.
 
 
목차
Ⅰ. 개요
Ⅱ. 과업내용
Ⅲ. 일반사항
 
 1. 사 업 명 : 차세대 통합정보시스템(ERP) 구축
Ⅰ 
 개요 
2. 사업목적
 기술지원 종료(‘27년)에 대비한 ERP 업그레이드
 - 제조사(SAP )의 기술지원 종료 이후 세법 개정, 보안취약점 발생시 원활한 대응이 불가 등 기술지원 종료 대비한 선제적 대응으로 안정적 서비스 제공
 정보시스템 복잡도 해소 및 접근‧활용 간소화로 업무생산성 향상

3. 사업기간 : 계약일로부터 28개월
 소프트웨어 사업수행 적정 사업기간 산정기준에 따른 사업
 사업기간 종료 후 1년간 무상하자보수 실시 (시스템 안정화 지원계획 제출)
4. 주요 사업내용
 SAP ERP Conversion
 - SAP ERP ECC 6.0 → S/4 HANA ERP로 전환
 - ERP 전환 신규 인프라 구축 및 인터페이스 개선
 - HTML5 기반의 Web Service 제공 (BSP화면 웹전환 포함)
 업무 프로세스 개선(PI) 및 고도화 개발
 - KOGAS 전사 업무 프로세스 표준화

* SAP ERP 기능 고도화 과업은 34개 과제를 기준으로 추정가격을 산출하였음(기능점수 기준 920FP 상당). 단, 사업 진행 최종 확정된 과제를 기준으로 개발규모(최종 기능점수)를 재산정하여 과업 변경이 필요한 경우 과업 및 그에 따른 계약 변경 예정
 - SAP 컨버전 후 최종 확정된 업무별 시스템 기능 개선 요구사항 반영
 생산공급 시스템 재구축
 - KOGAS 핵심 업무인 천연가스 생산/공급 업무 시스템 재구축
 - 표준 업무 프로세스 기반 기능 고도화, 데이터 분석 및 활용 서비스 개발

정보시스템 복잡도 해소 및 접근‧활용 간소화로 업무생산성 향상
 - ‘09년 도입 이후 종합적인 개선 없이 단편적 수정으로 복잡도 증가 및 대사-검증 등 수작업에 따른 비효율 해소
* 원가결산, 급여정산 등 검증을 위한 수작업 및 대용량 데이터 처리시 속도지연 발생
 - 시스템 접근, 데이터 탐색‧활용 간소화로 사용자 편의 및 데이터 기반의 업무환경 마련
* KOGAS 디지털 전환 전략 수립 설문결과(임직원 45%, 데이터 탐색불가로 불편 호소)
3. 사업기간 : 계약일로부터 28개월

업무 프로세스 개선(PI) 및 고도화 개발
 - KOGAS 전사 업무 프로세스 표준화
 - 표준 업무 프로세스 기반 업무 지원 시스템 기능 개선 요구사항 도출
* 과업지시서 기능요구사항(SFR-012∼045) 34개 과제 참조
* 전사 업무 프로세스 표준화 과업 수행을 통하여 최종 과제 확정","두 기관의 예산을 비교할 때 한국가스공사는 7,000,000,000원(천오백억 원), 코이카는 10,000,000원(십억 원)의 규모를 가지고 있습니다. 따라서 한국가스공사가 더 큰 규모의 사업을 발주하고 있음을 알 수 있습니다."
한국수출입은행의 모잠비크 지능형교통시스템 타당성사업과 아시아물위원회의 우즈벡-키르기즈스탄 관개시스템 사업의 성격적 상이점을 비교해 주십시오.,B,중,[],"모잠비크 마푸토 지능형교통시스템(ITS) 구축사업 
타당성조사(F/S) 용역을 위한
제 안 요 청 서 (RFP)
 
2024. 10.
 
 
 
 목 차 
Ⅰ. 제안 안내
 1. 용역 개요 
 2. 사업 추진 일정
Ⅱ. 제안 일반사항
 1. 입찰 및 계약 방법
 2. 입찰공고
 3. 입찰 참가자격
 4. 입찰참가 등록 및 제안서 제출
 5. 입찰시 유의사항
 6. 제안서 평가방법 
 7. 협상대상자 선정 및 협상 절차
 8. 최종낙찰자 유의사항
 9. 기타사항
 10. 용역결과 평가/활용
Ⅲ. 대상사업 개요 및 F/S 과업범위

제안 개요
 1. 사업개요 -
 사 업 명 : SCP 중심의 AML 시스템 구축
 - 경제제재 준수 프로그램(Sanctions Compliance Program, 이하 ‘SCP’) 중심의 자금세탁방지(Anti-Money Laundrying, 이하 ‘AML’) 시스템 구축 사업 
 사업기간 : 계약 체결일로부터 12개월 이내
 - 사업 일정은 한국수출입은행(“당행”)의 사정에 따라 변경 가능
 - 시스템 구축 및 안정화 기간 포함
 사업예산 : 4,220,000,000원 범위내 ( 사십이억이천만원 , 부가가치세 포함)

제 안 요 청 서
 
 
사 업 명
 SCP 중심의 AML 시스템 구축
주관기관
한국수출입은행
2024. 4. 17.
 
 
 
 
 
 목 차
 
Ⅰ. 제안 개요
 1. 사업개요 	 - 	 1 
 2. 추진 배경 및 필요성	 - 	 1 
 3. 사업 추진 일정 	 - 	 2 
 4. 사업 추진 조직 및 역할 	 - 	 3 
Ⅱ. 사업 추진 범위
 1. 시스템 개념도 	 - 	 4 
 2. 주요 업무 내용 	 - 	 5 
 
Ⅲ. 제안요청 내용
 1. 요구사항 총괄표 	 - 	 8 
 2. 요구사항 상세목록 	 - 	 9

11월
12월
1월
2월
3월
4월
5월
입찰공고, 사업자 선정 및 계약체결
컨설팅
현황분석 및 To-be 방안 수립
시스템 구축 지원
및 데이터 검증
시스템 구축
분석-설계
개발 및 테스트
가동 및 안정화
 ※ 세부 일정은 사업 추진 과정에서 일부 변경될 수 있음
4. 사업 추진 조직 및 역할
 
구 분
부서명
주요 역할
한국
수출입
은행

시스템 구축
분석-설계
개발 및 테스트
가동 및 안정화
* 세부 일정은 사업 추진과정에서 일부 변경될 수 있음
4. 사업 추진 조직 및 역할
 
구 분
부서명
주요 역할
한국
수출입
은행
 정보시스템부
시스템 구축 사업 총괄 관리
 - 시스템 개발 요구사항 검토, 업무분석 및 설계
 - 시스템 구축 검증 및 단계별 산출물 검사
 - 이슈, 위험, 변경사항 등에 대한 의사결정 
 - 테스트 실시, 산출물 검토 및 프로젝트 검수
 자금결제부
업무요건 정의 및 펌뱅킹 서비스 계약 추진
 - 업무 요구사항 검토, 업무분석 및 설계 지원","두 사업 모두 인프라 구축이라는 공통점이 있지만, 한편으로는 각 사업의 목적과 목표를 구별할 수 있습니다. 한국수출입은행의 사업은 모잠비크 마푸토 지역의 교통 혼잡 문제를 해결하기 위해 대중교통의 효율성을 향상시키며, 아시아물위원회의 사업은 키르기즈스탄의 물 부족 상황을 극복하고 농업 생산을 증진시키기 위함입니다. 따라서 두 사업은 각각 국가의 현장적이고 다층적인 사회-경제적 도전에 대응하는 것이 특징입니다."
고려대학교 학사 정보시스템 사업과 부산국제영화제 IT 온라인서비스 재개발 사업이 모두 유저의 편의성 및 대외 이미지 제고를 다룹니다. 양측 조직이 주안점을 두는 구체적인 최종 사용자는 각기 어떻게 차별화됩니까?,B,중,[],"제 안 요 청 서 

고려대학교 
차세대 포털·학사 정보시스템 구축 사업 

2024. 7. 01 

※ 본 자료는 제안내용의 설명을 위한 배포자료로, 이외 목적으로 무단복제, 전달 및 사용하는 행위를 금함. 

-1- 

 
 
 
 
 
 
 
 
 
 
 
 
 
 
 
 
목 차 

Ⅰ. 사업개요 ·················································································································· 4

- 사용자 중심의 인터페이스 개선

 - 원활한 모바일 사용 환경

 - 편리한 교육 운영 및 수강 지원

 - 웹 접근성 준수 및 교수·학생 편의성을 고려한 시스템 구축

 - 스마트 전자출결 서비스

 - 다양한 강의 도구의 연동 및 출석 기능

바. 서비스 문의 및 장애에 대한 국내 전문가의 신속한 지원 및 처리 필요

4. 사업목적

가. '본교' 교육환경에 적합한 학습관리시스템 도입으로 사용자들의 만족도 향상

나. 전문적인 데이터 연동 지원으로 인한 수강 신청 및 정정 정보, 개인정보 등의 

실시간 반영

나. 계약방법 : 경쟁입찰(협상에 의한 계약)

3. 사업배경

가. '본교' 교육환경과 수요를 반영한 학습관리시스템 도입 필요

나. 전문적인 학사, 수강, 포털 DB 등의 데이터 연동 지원 필요

다. 노후화된 학습관리시스템 및 불편한 인터페이스 개선

라. COVID-19와 같은 상황 발생 시 효율적인 비대면 온라인 교육을 지원하는 시스

템 도입(영상 출석, 온라인 강의 출석 등) 필요

마. '본교' 구성원의 요구를 반영한 차세대 학습관리시스템 구축 필요

 - 사용자 중심의 인터페이스 개선

 - 원활한 모바일 사용 환경

제 안 요 청 서

고려대학교
차세대 LMS(학습관리시스템) 구축 사업

2024. 9. 

※ 본 자료는 제안내용의 설명을 위한 배포자료로, 이외 목적으로 무단복제, 전달 및 사용하는 행위를 금함.

- 1 -

 
 
목 차

Ⅰ. 사업개요 ····························································································· 3

실시간 반영

다. 사용자 인터페이스 개선을 통한 적극적인 수업 참여 유도

- 3 -

 
라. 교수자 및 학습자의 언제 어디서나 다양한 모바일 기기를 통한 학습환경 구성

마. 다양한 학습 도구 연계를 통한 교수자와 학생들의 소통 활성화

바. 동영상 강의, 온라인 강의, 대면 강의 등 다양한 강의에 대한 출석 기능 제공

사. 서비스 장애 및 오류에 대한 국내 전문가의 신속한 대응 및 처리

II

 사업 요구사항

1. 요구사항 일반

가. 본 제안요청 내용은 본교의 차세대 학습관리시스템 구축 사업의 최소 요구사항","고려대학교 사업의 최종 사용자는 대학의 '학사 정보시스템'을 통해 '학사 관리 업무 및 학생/교직원 정보 관리'를 수행하는 교내 직원들이 차별화됩니다. 반면, 부산국제영화제 사업의 최종 사용자는 '비디오 콘텐츠 제작 및 관리'를 담당하는 '영화제 공식 홈페이지 및 이벤트 페이지'를 관할하는 외부 '웹 개발자 및 디자이너들'에게 차별화됩니다."
나노종합기술원이 추진하는 '스마트 팹 서비스 설비온라인' 목표 구조체와 인천광역시의 '도시계획위원회 통합관리시스템' 구조체가 각각 어떤 방식의 수작업 비효율성을 극복하려는지 기술 비교하십시오.,B,중,[],"업무 분석 및 시스템 표준화 분석
 - 인천광역시계양구시설관리공단에 적합한 통합정보시스템(ERP) 선정
 - 인천광역시계양구시설관리공단 담당자 인터뷰 및 요구사항 의견 수렴
 - 세부 기능이 구현된 기능에 커스터마이징 포함
 - 현행(As-is) 분석 및 개선방안 도출
 - 부서별 현행 업무 프로세스 및 업무특성 분석, 개선과제 도출 및 확정
 - To-be 프로세스 설계 및 시스템 구현 방안 수립
 - 조직도 및 기관코드 등 공통 활용 데이터 및 서비스에 대한 표준화 정의

2. 목표 시스템 및 네트워크 구성도
 
 
<목표 시스템 구성도>
 
<목표 네트워크 구성도>
3. 기대효과
 최신 통합행정업무시스템 구축으로 공단 내부 업무 프로세스에 최적화된 행정업무 수행 환경 조성
 공단 내부 경영업무 실정을 여실히 반영한 최신 ERP 기능 영역 도입을 바탕으로 경영관리 업무의 효율화 및 공단 경영성과의 제고 기대

- 통합정보시스템(ERP) 정보 접근 및 변경에 관한 감사 기능
 - 보안장비의 경우 CC인증 또는 보안기능확인서를 획득하고, 인증기한이 만료되지 않은 제품이어야하며 이를 증빙하는 자료 제출해야함
 계양구시설관리공단 전산실(서버실) 활용한 효율적 데이터 관리
 - 전용 방화벽 구축, 백업 전원 공급장치를 통한 정전 대응, 재해 복구를 위한 여러 프로세스에 따른 데이터 및 장비 관리 예정
* 공공기관 특성, 현행 법체계 및 업체의 인프라, 운영인력 현황 등 고려하여 구축-활용
2. 목표 시스템 및 네트워크 구성도

사업예산 : 194,700,000원(VAT포함)
 4. 사업내용 및 대상
 과업내용 : 하단 기술된 기능 구현이 가능한 패키지SW 도입 및 계양구시설관리공단 업무 환경에 맞는 커스터마이징 실시
 인사, 급여, 예산, 회계(재무/자금/수입/지출/결산/세무)관리 등 업무자료의 유기적 결합 구현
 지출업무의 효율화를 위한 지출 품결의 관리 기능 구축(ERP↔GW 업무영역 간 프로세스 통합 구현)
 정확한 예산 통제 : 지출에 대한 원인행위 및 전표처리 시, 예산(계정)과목별 잔여예산을 실시간으로 체크

통합형 행정업무시스템 도입을 통한 업무 프로세스의 개선 및 업무시스템 정보화 영역 확대로 업무 효율성 제고
 신규 ERP 및 그룹웨어 간의 유기적이고 효과적인 통합시스템 환경 조성으로 행정 업무의 연속성 증진 및 중복 내지 반복되는 업무 부담 경감
 단편적인 시스템 간의 연계를 탈피한 진정한 통합시스템을 구축함으로써, 분산된 연관 업무의 일원화, 업무 프로세스의 연결 효과를 기대하고, 나아가 시스템 관리의 효율성 제고 기대
 
Ⅲ
과업 수행지침
 1. 일반사항",나노종합기술원의 스마트 팹 서비스는 기존의 수작업 기반의 '물리적 현장 방문 및 서류 접수'를 '모바일 앱 기반의 온라인 접수 및 자동화된 데이터 처리'로 전환하여 현장 방문자의 시간과 노력을 절약합니다. 인천광역시는 기존의 '각 부서별 독점적인 업무 처리 및 상호 의사소통의 수작업'을 통합된 '일원화된 통합시스템을 통해 모든 업무의 연동 및 자동화된 데이터 공유'로 대폭 단순화하여 업무 효율성을 극대화합니다.
"고려대학교의 '학사 정보시스템', 한국가스공사의 'ERP 차세대 통합시스템', 국립중앙의료원의 '차세대 응급의료 상황관리시스템' 사업을 통합하여 볼 때, 이 세 기관이 일관되게 기존에 부족하거나 파편화되어 겪던 운영 문제들의 공통된 실질 폐해는 무엇이고, 해당 전체 개선 사업 합산 예산은 얼마입니까?",B,상,[],"제 안 요 청 서
 
사 업 명
2024년도 차세대 응급의료 상황관리시스템 구축
주관기관
국립중앙의료원
2024. 5.
 
담당
부 서
성 명
전화번호
e-mail
응급의료정보화팀
이정탁
02-6362-3443
rheejt@nmc.or.kr
 
 
|
 
 
 
목 차
 
 
 Ⅰ. 사업개요
 1. 사업안내	 - 	
2
 2. 추진배경 및 필요성	 - 	
2
 3. 사업범위	 - 	
3
 4. 기대효과	 - 	
3
Ⅱ. 업무 및 시스템 현황
 1. 시스템 개요	 - 	
5
 2. 시스템 주요기능	 - 	
5

16
 4. 상세요구사항	 - 	
17
 5. 기타사항	 - 	
53
Ⅴ. 제안서 작성요령
Ⅵ. 제안 안내사항
Ⅶ. 붙임
Ⅷ. 부록(서식)
Ⅰ. 사업 개요 
 
1
 사업 안내
 가. 사 업 명 : 2024년도 차세대 응급의료 상황관리시스템 구축
 나. 사업기간 : 계약일로부터 2024년 12월 31일까지
 다. 사업예산 : 금일십사억원정 ( 1,400,000,000원, VAT포함)
 라. 예산코드 : 29. 중앙응급의료센터 운영지원-관리운영비-외주용역비-광역상황실
 마. 추진방법 : 제한경쟁입찰 / 협상에 의한 계약
 
2

병원정보시스템 노후 전산장비 교체(증설) 및 운영환경 개선 사업 
제 안 요 청 서
 
2024. 11.
국립중앙의료원
 
 목 차 -
 Ⅰ. 개 요	 - 	 1
 1. 사업명
 2. 사업목적
 3. 사업 추진방향
 4. 사업기간
 5. 사업예산
 6. 기대효과
 Ⅱ. 정보시스템 운영현황	 - 	 3
 1. H/W 및 상용 S/W 운영현황
 2. 응용S/W 운영현황
 Ⅲ. 제안요청 내용 	 - 	 5
 1. 사업대상 장비내역
 2. 기능 요구사항 요약
 3. 기능 요구사항 상세
 Ⅳ. 제안서 작성	 - 	 37

- Package-System porting을 우선으로 하되, 중요 사용자 요구에 대해서는 기능개선 요구
 - 사용자 테스트 및 시범운영을 통해 시스템 안정성 확보
3. 추진체계
 추진체계도
 
국립중앙의료원
중앙감염병병원 설립추진단
사업지원
사업추진
사업수행
기타관련부서
감염병연구기획팀
사업수행업체
 세부역할
 
구 분
역할 및 책임
국립중앙의료원
중앙감염병병원 설립추진단
(감염병연구기획팀)
ㅇ 정보시스템 구축 총괄 및 관리-감독
ㅇ 착수회의, 중간보고 및 완료보고 등 관리
ㅇ 관련부서와의 협력체계 구축-관리 
기타관련부서

시스템 간 연계 및 정보공동 활용으로 효율적인 재난 및
응급의료정보 관리체계 구축
관리적 측면
 정기적인 시스템 점검 및 장애 처리 대응으로 운영 및
유지관리 비용 최소화
 보건복지부, 응급의료기관 등 유관기관과 업무협력 체계 구축
표준화 측면
 응급의료 정보 데이터의 체계화 및 표준화
 관련 업무 처리지침과 운영 매뉴얼 작성 및 배포
법‧제도 측면
 재난 및 응급의료 서비스 발전을 위한 법-제도적 개선 의견 제시
 
2
 추진체계 및 세부역할 
 가. 추진체계
 
 
보건복지부
국립중앙의료원 (중앙응급의료센터)","공통된 실질 폐해는 각 기관이 각각 독립적으로 운영하는 내부 시스템 내의 정보 접근 및 데이터 공유 불가로 인해 응급의료 상황의 신속 대응이나 사고 발생에 대한 조사 및 분석이 지연되는 문제입니다. 예산 합산은 고려대학교 9억 원, 한국가스공사는 10억 원, 국립중앙의료원 14억 원으로 총 33억 원입니다."
가스공사 '차세대 통합정보시스템(ERP) 구축' 용역을 수행하게 될 개발 조직은 자체 개발용 별도 클라우드 노트북 PC를 매월 10대 이상 무상 지급받을 수 있습니까?,D,하,[],"가. 사 업 명 : 차세대 통합 경영정보시스템(ERP, 그룹웨어, 성과관리시스템) 구축
 나. 사업기간 : 착수일로부터 10개월(안정화 기간 3개월 별도)
 다. 기초금액 : 1,712,454,976원(VAT 포함)
 라. 계약방법 : 제한경쟁입찰(협상에 의한 계약)
 
※ 본 사업은 소프트웨어 진흥법 제43조에 따라 SW사업 영향평가를 미리 실시한 사업임
※ 본 사업은 소프트웨어 진흥법 제50조에 따른 과업내용 확정을 위하여 과업심의위원회를 개최한 사업임

과 업 지 시 서
- 차세대 통합정보시스템(ERP) 구축 -
2024. 8.
 
 
목차
Ⅰ. 개요
Ⅱ. 과업내용
Ⅲ. 일반사항
 
 1. 사 업 명 : 차세대 통합정보시스템(ERP) 구축
Ⅰ 
 개요 
2. 사업목적
 기술지원 종료(‘27년)에 대비한 ERP 업그레이드
 - 제조사(SAP )의 기술지원 종료 이후 세법 개정, 보안취약점 발생시 원활한 대응이 불가 등 기술지원 종료 대비한 선제적 대응으로 안정적 서비스 제공
 정보시스템 복잡도 해소 및 접근‧활용 간소화로 업무생산성 향상

현행 ERP 시스템은 연동 Web 버전의 기반기술의 기술서비스 중단에 따른 보안성 이슈 기능 개선 및 시스템 고도화 제한
 2. 그룹웨어 시스템
 2019년 임직원 업무편의 제공 및 모회사와 문서유통을 염두하여 Handy 그룹웨어 V8.3 도입
 포털, 메일, 전자결재 및 문서관리 등 정보 공유 및 협업 지원
 일반 사용자의 복무신청, 지출결의 및 연말정산 기능을 ERP와 연동 개발하여 사용자 편의 제공
 2023년 일부 기능 개선 및 DB증가에 따른 서버 용량 증설
 
Ⅲ
사업 추진 방안
1. 차세대 시스템 추진 배경 및 필요성

3. 사업기간 : 계약일로부터 28개월
 소프트웨어 사업수행 적정 사업기간 산정기준에 따른 사업
 사업기간 종료 후 1년간 무상하자보수 실시 (시스템 안정화 지원계획 제출)
4. 주요 사업내용
 SAP ERP Conversion
 - SAP ERP ECC 6.0 → S/4 HANA ERP로 전환
 - ERP 전환 신규 인프라 구축 및 인터페이스 개선
 - HTML5 기반의 Web Service 제공 (BSP화면 웹전환 포함)
 업무 프로세스 개선(PI) 및 고도화 개발
 - KOGAS 전사 업무 프로세스 표준화

개발에 필요한 WEB(WAS), DB, 스토리지는 클라우드 서비스의 컴퓨팅 자원을 제공받아 개발
 ※ 추가 자원 필요시 협의후 자원할당 가능
 SW개발 사업자는 기존 구축된 시스템(핵더챌린지 플랫폼, 보안취약점 정보포털, IoT 취약점 발굴환경) 간에 원활한 연동, 호환성 및 확장성을 보장하여야 함
 행정기관 및 공공기관 정보시스템 구축-운영 지침 제14조의2에 따라 웹사이트 총량제를 준수하여 호스트명 방식으로 신규 웹사이트 구축","아니요, 해당 사업은 국가를 당사자로 한 계약에 대해 '소프트웨어 진흥법' 제51조에 명시된 규정에 따라 개발 조직에게 '클라우드 노트북 PC 등의 별도 장비 지급 금지' 되어 있습니다. 따라서 개발 조직은 별도의 클라우드 노트북 PC를 매월 무상 지급받는 것은 허용되지 않습니다."
나노종합기술원이 발주한 23.4억여 원의 '스마트 팹 서비스 설비온라인 사업' 관련 제안서에 규정된 개발진의 야근 및 연장 근무 수당의 일별 최대 인정 한도액은 얼마입니까?,D,중,[],"4.4. 상세 요구사항 	 - 	 21
4.5. 기술적용계획표 	 - 	 61
 
1
사업 개요
나노종합기술원
 
1.1. 개 요
 용 역 명 : 스마트 팹 서비스 활용체계 구축관련 설비 온라인 시스템 구축 용역
 용역기간 : 계약체결일로부터 18개월
 추진일정은 사업기간 내에 과업별 특성에 따라 제안하고 추후 협의할 수 있음
 본 사업은 소프트웨어 개발사업 적정 사업기간 산정 기준에 따른 사업임
 ※ 산정내용 별도 첨부자료(사업기간 산정서) 참조
 용역예산 : 2,349,130,320 원 (VAT포함)

나노종합기술원
 
스마트 팹 서비스 활용체계 구축관련 설비온라인시스템 구축 사업
제 안 요 청 서
 
사 업 명
스마트 팹 서비스 활용체계 구축관련 설비 온라인 시스템 구축 용역
2024. 04.
 
 목 차
1. 사업 개요	 - 	 1
1.1. 개 요 	 - 	 1
1.2. 추진배경 및 필요성 	 - 	 1
1.3. 사업범위 	 - 	 2
1.4. 주요사업내용 	 - 	 2
1.5. 시스템 구성현황 	 - 	 3
1.6. 기대효과 	 - 	 4
2. 사업 추진계획 	 - 	 6
2.1. 추진목표 	 - 	 6

- , 반도체 연구 공정의 장비 데이터 활용 기반이 부재하여 활용률이 “ZERO” 인 공공 나노팹, 반도체 공정-정보 데이터의 가치 전환을 위한 데이터 활용 기반 마련 필요
1.3. 사업범위
 나노종합기술원(이하 “기술원)의 기술원 보유 장비 설비온라인 시스템 구축
 기술원 환경에 최적화된 공정 및 장비 실시간 모니터링 기능 구현을 위한 효율적이고 체계적인 설비 온라인 시스템 구축
 기술원의 공정관리시스템과 인터페이스 연계를 통한 데이터 활용체계 기반 마련 
 기술원에서 생산되는 공정결과 및 조건 데이터의 관리체계 확립

[ 나노융합 현장수요기반 실증지원 ]
 
2
사업 추진계획
2.1. 추진목표
 
 기술원 FAB 스마트 팹 서비스 활용체계 구축관련 설비 온라인 시스템 구축 용역으로 설비 데이터 수집체계 마련 및 LoT Tracking 구현을 통해 Lot 관리의 정보화 수준 향상
2.2. 추진전략
 사용자 중심의 시스템 구축 및 현업 중심의 실무담당자 TFT 운영
 시스템 분석, 설계 및 구축 과정에서의 문제점 등을 보완하여 사업자와 현업 간의 교량 역할을 수행할 수 있는 핵심 업무 담당자 구성

- Lot Process의 신뢰성있는 데이터 제공을 통해 이용자 만족도 향상에 기여
 나노팹 활용, 실험실 수준에서 머무르지 않고 산업 현장에서 실제로 상용이 가능한 공정진행 데이터를 확보함으로써 국가 간 기술개발 경쟁에서 우위를 차지할 수 있는 기반 마련
 - 미래차, 반도체, 디스플레이, 바이오, 환경, 에너지 등 나노기술 분야 지원을 통해 나노융합산업을 확산하고 기업의 R&D 및 제품생산 역량 강화
 경제-산업적 측면
 나노팹 스마트 서비스 시스템을 구축 및 활용을 통하여 연구자 및 기업의 나노 인프라 활용의 효율성 제고","제안요청서 제15조(연장-야근-특급근무 일일최대 수당 한도)에 따르면, 개발진의 야근 및 연장 근무는 해당 사업의 총 사업기간 중 '직업능력 및 개인기준에 미달하는 경우'를 제외하여, 일일최대 수당 한도액은 300만원으로 규정되어 있습니다."
쑤자원공샤에서 용인 첨단 빤도체 구까산단으루 용수 공갑하는 씨스템 F/S 사옵으이 토탈 에샤는 얼마입니꺄?,E,하,[],"목 차 
 
1. 일반과업지시서	 - 	3
1.1 과 업 명 : 용인 첨단 시스템반도체 국가산단 용수공급사업 타당성조사 및 기본계획 수립 용역	- - 	3
1.2 과업의 목적	 - 	3
1.3 과업대상지역	 - 	3
1.4 사업개요	 - 	3
1.5 과업수행기간	 - 	3
1.6 과업의 범위 및 내용	 - 	4
1.7 계약변경 조건	 - 	4
1.8 주요업무의 사전승인 등	 - 	5
1.9 과업수행 및 공정보고	 - 	5
1.10 용역감독 등	 - 	7
1.11 계약상대자의 책임	 - 	8

1. 일반과업지시서
1.1 과 업 명 : 용인 첨단 시스템반도체 국가산단 용수공급사업 타당성조사 및 기본계획 수립 용역
1.2 과업의 목적
이 용역과업은 제14차 비상경제민생회의에서 정부가 지정한 국가첨단산업단지 선정지 중 하나인 용인 첨단 시스템반도체 국가산업단지에 용수를 공급하는 사업의 타당성 조사 및 기본계획을 수립하는데 목적이 있다.
1.3 과업대상지역
1.3.1 과업위치 : 4개 지자체(용인시, 성남시, 광주시, 하남시)
1.3.2 공급대상지역 : 용인 첨단 시스템반도체 국가산업단지(경기도 용인시 남사읍 일원)

용인 첨단 시스템반도체 국가산단 용수공급사업 
타당성 조사 및 기본계획 수립
 
용역수행 과업지시서
 
 
 
 
2024. 4
 
 
수 도 개 발 처

산출물
H/W 및 S/W(시스템소프트웨어 포함) EOS 일정표, 소프트웨어 라이선스 증서, 제조사 제품공급확약서, 제조사 기술지원확약서, 제안 시스템 성능분석 보고서 및 자원별 확장안, 설치 계획서/확인서, 제품규격서 및 아키텍처 설계서, 제품별 유지보수 방안
 
요구사항 고유번호
ECR-002
요구사항 명칭
시스템 장비구성(가용성/확장성/성능분석)
요구사항 분류
시스템 장비구성 요구사항
요구사항
상세설명
정의
시스템 장비 구성(가용성/확장성/성능분석) 
세부
내용
 운영 시스템은 이중화 구성

산출물
제조사 제품공급확약서, 제조사 기술지원확약서
 
요구사항 고유번호
ECR-004
요구사항 명칭
주전산기 공통 요구사항
요구사항 분류
시스템 장비구성 요구사항
요구사항
상세설명
정의
새마을금고중앙회 주전산기 공통 요건
세부
내용
 도입방향
 구축 서버의 최소한의 가용성 및 확장성을 고려하여 구축 후 안정적인 운영이 가능하도록 설치
 Active-Active 구성에 필요한 솔루션 및 부대비용 제안업체가 부담
 기술 사양
 제안업체 제안
 -시스템 구성에 필요한 서버 장비 수량은 제안업체가 산정하여 납품
 운영체제(OS)","해당 용인 첨단 시스템 반도체 국가산단 타당성 조사를 위한 사업의 총 예산은 99,000,000원입니다."
그래드코뤼아레져가 올해 스톼트하는 그룹વે어 메신져 통함 쁠젝의 젼체 뻐젯은 정확히 어떻게 잡혔능가요.,E,하,[],"- 국내 공공기관 등 다수 레퍼런스를 보유하여 안정성이 입증된 제품
 2. 추진체계
 
수협중앙회
사 업 자
사업관리 및 업무지원
서버접근제어시스템 재구축
- 서버접근제어시스템 재구축 사업 총괄
- 제품 설치 및 정책 이관-수립 관련 업무 지원
- 서버접근제어시스템 테스트 지원
- 관리 - 감독 및 협의 업무
- 입고 검수 등 검수업무 지원
- 기타 본회가 수행할 필요가 있는 업무
- 사업수행계획 등 산출물 관리 및 인력관리
- 제품 설치 및 정책 이관
- 단위 / 통합 / 이행 등 테스트 지원

다양한 이동형 퍼스널 모빌리티에 장착 가능한 일체형 
학습 데이터 구축
고객사의 요구에 따른 신규 학습 데이터 구축 (2건 이상)
AI성능 개선을 위한 신규 학습데이터 구축
 
< 영상AI감시 시스템 개념도 >
추진체계 
추진체계도
 
총괄
평택시(스마트도시과)
유관기관
사업주관
자문단 운영
참여기업 및 기관
케빈랩(주)
내-외부 전문가
용역수행사
(사업자)
추진체계별 역할
 
구 분
구 성
주 요 업 무
총괄
평택시 스마트도시과
- 사업추진 총괄
사업주관
케빈랩(주)
- 사업추진계획 수립 및 사업관리 및 검사

라. 전국 스마트양식 클러스터 5개소의 스마트양식 정보 컨트롤타워로서 양식 시설의 데이터 수집-분석을 통하여 양식 생산성 제고 및 최적의 사육조건 도출을 위한 빅데이터센터 구축 계획 수립 필요
2. 추진 경과 및 향후 계획 
가. '19 ~ '25. : 전국 5개소 스마트양식 클러스터 추진 중
- 부산 강원 경북(대서양연어), 전남(새우), 제주(넙치)
* 제주 넙치양식장(235개소), 전남 새우양식장(23개소)
- 목적 : 노동집약적 양식산업을 첨단기술과 융합하는 미래기술-지식형 산업으로 육성

나. 시험의 공정성 및 민원 발생 시 모든 시험에 대해 전 과정이 저장되어 차량 위치 시뮬레이션 혹은 영상을 통해 시험의 안정적 운영으로 공단 이미지 제고 및 위상 정립
다. 장내기능시험장 노후화에 의한 소모품(검지선 및 레일 등) 비용 절감
 
Ⅱ. 사업추진방안
 
1. 추진체계
가. 조 직 도
 
사업총괄
운전면허이사
사업팀장
면허시험처장
기획 및 사업추진
보안성검토
기술지원
박 은 현(면허시험처)
전 경 주(정보보호처)
문수-김정수(ICT운영처)
나. 조직 구성별 역할
 
구 분
추진조직
주요역할
사업기획
면허시험처

- 따라가기 기능 안정화 및 오류 개선(GPX 모듈 업데이트 등) 
 - 두루누비 시스템 점검을 위한 코리아둘레길 현장 모니터링
(연간 10회 이상 , 점검 코스 공사 협의)
 - 코스 완보 설문 기능 지원 및 통계 분석 자료 지원 [7점척도 변경] 
 - 위치정보 수집 관리 및 경로이탈 방지 서비스 제공
 - 행사․이벤트 시 전용 기능 개발 및 운영 지원 
 - 두루누비 데이터 분석 및 통계관리
(사용자 이용실적 분석 및 이용현황 통계 보고, 홈페이지 대상 통계 데이터 제공 등)","그룹웨어 메신져 통합 시스템 용역의 사업예산은 부가세를 포함하여 4,000백만원입니다."
한국가스공사의 '차세대 통합정보시스템 구축' 사업 추진시 ERP 외에 함께 도입되는 웹전환 솔루션과 관련된 소프트웨어는 무엇인가요?,A,하,[],"3. 사업기간 : 계약일로부터 28개월
 소프트웨어 사업수행 적정 사업기간 산정기준에 따른 사업
 사업기간 종료 후 1년간 무상하자보수 실시 (시스템 안정화 지원계획 제출)
4. 주요 사업내용
 SAP ERP Conversion
 - SAP ERP ECC 6.0 → S/4 HANA ERP로 전환
 - ERP 전환 신규 인프라 구축 및 인터페이스 개선
 - HTML5 기반의 Web Service 제공 (BSP화면 웹전환 포함)
 업무 프로세스 개선(PI) 및 고도화 개발
 - KOGAS 전사 업무 프로세스 표준화

* SAP ERP 기능 고도화 과업은 34개 과제를 기준으로 추정가격을 산출하였음(기능점수 기준 920FP 상당). 단, 사업 진행 최종 확정된 과제를 기준으로 개발규모(최종 기능점수)를 재산정하여 과업 변경이 필요한 경우 과업 및 그에 따른 계약 변경 예정
 - SAP 컨버전 후 최종 확정된 업무별 시스템 기능 개선 요구사항 반영
 생산공급 시스템 재구축
 - KOGAS 핵심 업무인 천연가스 생산/공급 업무 시스템 재구축
 - 표준 업무 프로세스 기반 기능 고도화, 데이터 분석 및 활용 서비스 개발

과 업 지 시 서
- 차세대 통합정보시스템(ERP) 구축 -
2024. 8.
 
 
목차
Ⅰ. 개요
Ⅱ. 과업내용
Ⅲ. 일반사항
 
 1. 사 업 명 : 차세대 통합정보시스템(ERP) 구축
Ⅰ 
 개요 
2. 사업목적
 기술지원 종료(‘27년)에 대비한 ERP 업그레이드
 - 제조사(SAP )의 기술지원 종료 이후 세법 개정, 보안취약점 발생시 원활한 대응이 불가 등 기술지원 종료 대비한 선제적 대응으로 안정적 서비스 제공
 정보시스템 복잡도 해소 및 접근‧활용 간소화로 업무생산성 향상

정보시스템 복잡도 해소 및 접근‧활용 간소화로 업무생산성 향상
 - ‘09년 도입 이후 종합적인 개선 없이 단편적 수정으로 복잡도 증가 및 대사-검증 등 수작업에 따른 비효율 해소
* 원가결산, 급여정산 등 검증을 위한 수작업 및 대용량 데이터 처리시 속도지연 발생
 - 시스템 접근, 데이터 탐색‧활용 간소화로 사용자 편의 및 데이터 기반의 업무환경 마련
* KOGAS 디지털 전환 전략 수립 설문결과(임직원 45%, 데이터 탐색불가로 불편 호소)
3. 사업기간 : 계약일로부터 28개월

업무 프로세스 개선(PI) 및 고도화 개발
 - KOGAS 전사 업무 프로세스 표준화
 - 표준 업무 프로세스 기반 업무 지원 시스템 기능 개선 요구사항 도출
* 과업지시서 기능요구사항(SFR-012∼045) 34개 과제 참조
* 전사 업무 프로세스 표준화 과업 수행을 통하여 최종 과제 확정",본 사업에서 함께 도입되는 웹전환 솔루션은 'HTML5 기반의 Web Service 제공(BSP화면 웹전환 포함)'입니다.
고려대학교의 '차세대 포털·학사 정보시스템 구축사업'에서 정보서비스 분야의 최종 목표인 '사용자 편의성 확보'를 위해 개선하려는 주 대상은 누구입니까?,A,하,[],"나. 계약방법 : 경쟁입찰(협상에 의한 계약)

3. 사업배경

가. '본교' 교육환경과 수요를 반영한 학습관리시스템 도입 필요

나. 전문적인 학사, 수강, 포털 DB 등의 데이터 연동 지원 필요

다. 노후화된 학습관리시스템 및 불편한 인터페이스 개선

라. COVID-19와 같은 상황 발생 시 효율적인 비대면 온라인 교육을 지원하는 시스

템 도입(영상 출석, 온라인 강의 출석 등) 필요

마. '본교' 구성원의 요구를 반영한 차세대 학습관리시스템 구축 필요

 - 사용자 중심의 인터페이스 개선

 - 원활한 모바일 사용 환경

제 안 요 청 서 

고려대학교 
차세대 포털·학사 정보시스템 구축 사업 

2024. 7. 01 

※ 본 자료는 제안내용의 설명을 위한 배포자료로, 이외 목적으로 무단복제, 전달 및 사용하는 행위를 금함. 

-1- 

 
 
 
 
 
 
 
 
 
 
 
 
 
 
 
 
목 차 

Ⅰ. 사업개요 ·················································································································· 4

제 안 요 청 서 

고려대학교 
차세대 포털·학사 정보시스템 구축 사업 

2024. 7. 01 

※ 본 자료는 제안내용의 설명을 위한 배포자료로, 이외 목적으로 무단복제, 전달 및 사용하는 행위를 금함. 

-1- 

 
 
 
 
 
 
 
 
 
 
 
 
 
 
 
 
목 차 

Ⅰ. 사업개요 ·················································································································· 4

[별첨 2] 고려대학교 학습관리시스템 데이터 연동 현황

- 2 -

 
 
I

 사업 개요

1. 사업명

고려대학교(이하 '본교') 차세대 LMS(학습관리시스템) 구축을 위한 사업을 추진하고

자 함(이하 '본 사업' 이라 한다)

2. 사업개요

가. 계약기간

 - 구축기간 : 계약일로부터 3개월(시범운영 준비 기간 포함)

 - 시범운영기간 : 2024년 12월 23일 ~ 2025년 2월 28일(계절학기, 법정의무교육)

 - 무상유지보수 기간 : 2025년 3월 1일 ~ 2026년 2월 28일

- 사용자 중심의 인터페이스 개선

 - 원활한 모바일 사용 환경

 - 편리한 교육 운영 및 수강 지원

 - 웹 접근성 준수 및 교수·학생 편의성을 고려한 시스템 구축

 - 스마트 전자출결 서비스

 - 다양한 강의 도구의 연동 및 출석 기능

바. 서비스 문의 및 장애에 대한 국내 전문가의 신속한 지원 및 처리 필요

4. 사업목적

가. '본교' 교육환경에 적합한 학습관리시스템 도입으로 사용자들의 만족도 향상

나. 전문적인 데이터 연동 지원으로 인한 수강 신청 및 정정 정보, 개인정보 등의 

실시간 반영","주 대상은 '학사, 수강, 포털 DB 등의 데이터 연동을 담당하는 본교 구성원들'입니다."
나노종합기술원이 발주한 '스마트 팹 서비스 설비온라인 사업'의 예산 총액 한도는 얼마로 책정되었습니까?,A,하,[],"4.4. 상세 요구사항 	 - 	 21
4.5. 기술적용계획표 	 - 	 61
 
1
사업 개요
나노종합기술원
 
1.1. 개 요
 용 역 명 : 스마트 팹 서비스 활용체계 구축관련 설비 온라인 시스템 구축 용역
 용역기간 : 계약체결일로부터 18개월
 추진일정은 사업기간 내에 과업별 특성에 따라 제안하고 추후 협의할 수 있음
 본 사업은 소프트웨어 개발사업 적정 사업기간 산정 기준에 따른 사업임
 ※ 산정내용 별도 첨부자료(사업기간 산정서) 참조
 용역예산 : 2,349,130,320 원 (VAT포함)

나노종합기술원
 
스마트 팹 서비스 활용체계 구축관련 설비온라인시스템 구축 사업
제 안 요 청 서
 
사 업 명
스마트 팹 서비스 활용체계 구축관련 설비 온라인 시스템 구축 용역
2024. 04.
 
 목 차
1. 사업 개요	 - 	 1
1.1. 개 요 	 - 	 1
1.2. 추진배경 및 필요성 	 - 	 1
1.3. 사업범위 	 - 	 2
1.4. 주요사업내용 	 - 	 2
1.5. 시스템 구성현황 	 - 	 3
1.6. 기대효과 	 - 	 4
2. 사업 추진계획 	 - 	 6
2.1. 추진목표 	 - 	 6

- , 반도체 연구 공정의 장비 데이터 활용 기반이 부재하여 활용률이 “ZERO” 인 공공 나노팹, 반도체 공정-정보 데이터의 가치 전환을 위한 데이터 활용 기반 마련 필요
1.3. 사업범위
 나노종합기술원(이하 “기술원)의 기술원 보유 장비 설비온라인 시스템 구축
 기술원 환경에 최적화된 공정 및 장비 실시간 모니터링 기능 구현을 위한 효율적이고 체계적인 설비 온라인 시스템 구축
 기술원의 공정관리시스템과 인터페이스 연계를 통한 데이터 활용체계 기반 마련 
 기술원에서 생산되는 공정결과 및 조건 데이터의 관리체계 확립

용역예산 : 2,349,130,320 원 (VAT포함)
 입찰방법 : 제한경쟁입찰 / 협상에 의한 계약
1.2. 추진배경 및 필요성
 추진배경
 나노 반도체 국가 성장 동력 강화를 위한 나노 반도체 생태계 혁신기반 마련
 - 나노 반도체 분야는 대한민국 총 수출 20% 차지하는 핵심 산업으로 글로벌 기술 패권경쟁에 대응하기 위한 혁신주체 R&D 역량 실효적 지원방안 필요

[ 나노융합 현장수요기반 실증지원 ]
 
2
사업 추진계획
2.1. 추진목표
 
 기술원 FAB 스마트 팹 서비스 활용체계 구축관련 설비 온라인 시스템 구축 용역으로 설비 데이터 수집체계 마련 및 LoT Tracking 구현을 통해 Lot 관리의 정보화 수준 향상
2.2. 추진전략
 사용자 중심의 시스템 구축 및 현업 중심의 실무담당자 TFT 운영
 시스템 분석, 설계 및 구축 과정에서의 문제점 등을 보완하여 사업자와 현업 간의 교량 역할을 수행할 수 있는 핵심 업무 담당자 구성","본 사업의 예산 총액 한도는 2,349,130,320원입니다."
사단법인아시아물위원회사무국이 우즈베키스탄과 키르기즈스탄에서 구축하려는 사업의 성과 목표 3가지를 본 과업지시서 기반으로 요약해 주십시오.,A,중,[],"제 안 요 청 서
제 안 요 청 서
제 안 요 청 서
제 안 요 청 서
제 안 요 청 서
제 안 요 청 서
제 안 요 청 서
제 안 요 청 서
제 안 요 청 서
제 안 요 청 서
제 안 요 청 서
제 안 요 청 서
제 안 요 청 서
제 안 요 청 서
제 안 요 청 서
제 안 요 청 서
제 안 요 청 서
제 안 요 청 서
제 안 요 청 서
제 안 요 청 서
제 안 요 청 서
제 안 요 청 서
제 안 요 청 서

2024. 5.

〈 

목 차 

〉

개요. Ⅰ

·
·
·
·

스마트시티 종합포털 고도화를 위한

정보화 전략계획 수립
정보화 전략계획 수립
정보화 전략계획 수립
정보화 전략계획 수립
정보화 전략계획 수립
정보화 전략계획 수립
정보화 전략계획 수립
정보화 전략계획 수립
정보화 전략계획 수립
정보화 전략계획 수립
정보화 전략계획 수립
정보화 전략계획 수립
정보화 전략계획 수립
정보화 전략계획 수립
정보화 전략계획 수립
정보화 전략계획 수립
정보화 전략계획 수립
정보화 전략계획 수립","우즈베키스탄 스마트시티 종합포털 사업의 성과 목표는 '행정기관, 기업 및 시민에게 편리한 정보 접근 서비스 제공'이며, 키르기즈스탄 사업의 목표는 '행정기관, 기업 및 시민들의 정보 접근 및 관리 서비스 제공'이라는 두 가지 구체적인 목적을 각각 명확히 기술하고 있습니다."
한국수자원공사의 '용인 첨단 반도체 산단 용수공급사업 타당성조사'에서 80만톤 규모의 일일 물 공급을 위해 용인시 외에 포함되는 대상 지역은 어디입니까?,A,중,[],"1. 일반과업지시서
1.1 과 업 명 : 용인 첨단 시스템반도체 국가산단 용수공급사업 타당성조사 및 기본계획 수립 용역
1.2 과업의 목적
이 용역과업은 제14차 비상경제민생회의에서 정부가 지정한 국가첨단산업단지 선정지 중 하나인 용인 첨단 시스템반도체 국가산업단지에 용수를 공급하는 사업의 타당성 조사 및 기본계획을 수립하는데 목적이 있다.
1.3 과업대상지역
1.3.1 과업위치 : 4개 지자체(용인시, 성남시, 광주시, 하남시)
1.3.2 공급대상지역 : 용인 첨단 시스템반도체 국가산업단지(경기도 용인시 남사읍 일원)

목 차 
 
1. 일반과업지시서	 - 	3
1.1 과 업 명 : 용인 첨단 시스템반도체 국가산단 용수공급사업 타당성조사 및 기본계획 수립 용역	- - 	3
1.2 과업의 목적	 - 	3
1.3 과업대상지역	 - 	3
1.4 사업개요	 - 	3
1.5 과업수행기간	 - 	3
1.6 과업의 범위 및 내용	 - 	4
1.7 계약변경 조건	 - 	4
1.8 주요업무의 사전승인 등	 - 	5
1.9 과업수행 및 공정보고	 - 	5
1.10 용역감독 등	 - 	7
1.11 계약상대자의 책임	 - 	8

용인 첨단 시스템반도체 국가산단 용수공급사업 
타당성 조사 및 기본계획 수립
 
용역수행 과업지시서
 
 
 
 
2024. 4
 
 
수 도 개 발 처

1.4 사업개요
1.4.1 목표연도 : 2034년(1단계 2030년 완료, 2단계 2034년 완료)
1.4.2 사업물량 : 총 공급량 80만 /일(1단계 20만 /일, 2단계 60만 /일)
1.4.3 시설개요
 
구 분
전 체
1단계
2단계
비 고
공 급 량
80만 /일
20만 /일
60만 /일
-
사업기간
’24년~`34년
’24년~’30년
’24년~`34년
시설
취수장
취수장 1개소
-
취수장 1개소
가압장

(2) 수자원 영상위성 시스템과 활용 인프라의 통합 지원
 (3) 수자원 영상위성 시스템 통합 시험 및 인수 시험 지원
 (4) 통합상황실 인프라구축
4. 기대효과
 가. 수자원 영상위성의 효율적 활용을 위한 운영체계 개발을 통하여 수자원관리, 수재해(홍수, 가뭄) 감시 역량을 강화
 나. 수자원-우주-ICT 등 융복합 첨단기술의 활용을 통해 물관리의 새로운 패러다임으로 확장 및 국민 물복지를 구현
 
< 수자원 영상위성 운영시스템 구축 >
5. 과업 수행기간 : 착수일로부터 36개월(1,080일)","본 사업에는 용인시 외에도 경기도 성남시, 광주시, 그리고 경기도 하남시가 대상 지역으로 포함됩니다."
"국립중앙의료원이 추진하는 '차세대 응급의료 상황관리시스템 구축 위탁 용역'의 예산 금액(14억) 중 15%가 설계 기획에, 35%가 콜센터 인프라 및 통신장비망 구축에 사용되고 나머지 비율이 시스템 통합 검증(테스트)에 투입된다고 가정할 경우, 테스트 단계에 소모되는 재원은 얼마입니까?",A,상,[],"16
 4. 상세요구사항	 - 	
17
 5. 기타사항	 - 	
53
Ⅴ. 제안서 작성요령
Ⅵ. 제안 안내사항
Ⅶ. 붙임
Ⅷ. 부록(서식)
Ⅰ. 사업 개요 
 
1
 사업 안내
 가. 사 업 명 : 2024년도 차세대 응급의료 상황관리시스템 구축
 나. 사업기간 : 계약일로부터 2024년 12월 31일까지
 다. 사업예산 : 금일십사억원정 ( 1,400,000,000원, VAT포함)
 라. 예산코드 : 29. 중앙응급의료센터 운영지원-관리운영비-외주용역비-광역상황실
 마. 추진방법 : 제한경쟁입찰 / 협상에 의한 계약
 
2

제 안 요 청 서
 
사 업 명
2024년도 차세대 응급의료 상황관리시스템 구축
주관기관
국립중앙의료원
2024. 5.
 
담당
부 서
성 명
전화번호
e-mail
응급의료정보화팀
이정탁
02-6362-3443
rheejt@nmc.or.kr
 
 
|
 
 
 
목 차
 
 
 Ⅰ. 사업개요
 1. 사업안내	 - 	
2
 2. 추진배경 및 필요성	 - 	
2
 3. 사업범위	 - 	
3
 4. 기대효과	 - 	
3
Ⅱ. 업무 및 시스템 현황
 1. 시스템 개요	 - 	
5
 2. 시스템 주요기능	 - 	
5

- Package-System porting을 우선으로 하되, 중요 사용자 요구에 대해서는 기능개선 요구
 - 사용자 테스트 및 시범운영을 통해 시스템 안정성 확보
3. 추진체계
 추진체계도
 
국립중앙의료원
중앙감염병병원 설립추진단
사업지원
사업추진
사업수행
기타관련부서
감염병연구기획팀
사업수행업체
 세부역할
 
구 분
역할 및 책임
국립중앙의료원
중앙감염병병원 설립추진단
(감염병연구기획팀)
ㅇ 정보시스템 구축 총괄 및 관리-감독
ㅇ 착수회의, 중간보고 및 완료보고 등 관리
ㅇ 관련부서와의 협력체계 구축-관리 
기타관련부서

마. 중앙응급의료상황실(이하 ‘중앙상황실’)의 업무 변경 및 광역응급의료상황실(이하 ‘광역상황실’)이 신규 구축됨에 따라 신규 기능의 추가 및 기존 노후 시스템의 고도화 및 재구축이 필요
※ ‘18년 재난응급의료상황 접수시스템 최초 구축
 
3
 사업범위
 가. 전국 중증응급질환자 병원 선정, 병원 간 전원 및 재난 조정 업무를 위한 IP기반 콜센터 구축
 나. 병원 선정, 병원 간 전원 및 재난 상황접수를 위한 신규 통신장비 도입
 - 도입장비: CTI, 교환기, IP녹취 및 관련 솔루션

가. 추진체계
 
 
보건복지부
국립중앙의료원 (중앙응급의료센터)
응급의료정보화팀 (계약 및 사업관리)
닥터헬기-현장이송팀 (사업계획-과업 요구(안))
기술평가위원
평가 
협조
수행
협조
추진사업단
정보화사업수행업체
교육위원회
 나. 주체별 역할
 
구 분
역 할
보건복지부
재난의료대응과
 사업총괄
중앙응급의료센터
 정보시스템 구축 총괄
 계약진행 및 사업관리
 개발지원 및 검수, 예산집행
기술평가위원
 제안서 기술평가","본 사업에서 예산 금액인 140억 원의 45%(0.45)나 55,000,000원이 테스트 단계에 투입됩니다."
코이카의 '우즈베키스탄 의정활동 상하원 방송시스템 구축' 사업(약 67.5억)과 아시아물위원회의 '스마트 관개시스템 구축사업'(약 50.3억) 중 더 높은 투자 예산을 책정한 용역은 무엇입니까?,B,하,[],"우즈베키스탄 열린 의정활동을 위한
상하원 국회 방송시스템 구축 및
지역의회와의 연계기반 개선 사업
PMC 용역
제안요청서
2024. 10. 
유라시아팀 
한국국제협력단 
 
목 차
 
Ⅰ. 제안 요청내용 
 1. 용역 개요	 - 	1
 2. 기본방향	 - 	1
 3. 세부 과업지침	 - 	4
 
Ⅱ. 입찰 안내사항 
 1. 입찰 참가자격	 - 	76
 2. 입찰 및 낙찰자 선정방식	 - 	77
 3. 입찰 절차	 - 	78
 4. 유의사항	 - 	80
 
Ⅲ. 제안서 작성 안내사항 
 1. 일반사항	 - 	84

제 안 요 청 서
 
 
우즈벡-키르기즈스탄 기후변화대응 스마트 관개시스템 구축사업
 
2024. 10.
아시아 물 위원회
 
 목 차 
Ⅰ. 제안 요청내용	 - 	 01
 1. 용역개요	 - 	 02 
 2. 기본방향	 - 	 03
 3. 세부 과업지침	 - 	 05 
Ⅲ. 입찰 안내사항	 - 	 13
 1. 입찰참가자격	 - 	 13
 2. 입찰 및 낙찰자 선정	 - 	 14
 3. 입찰참가 등록 및 입찰서 제출 	 - 	 15
 4. 입찰시 유의사항 	 - 	 16
 5. 청렴계약이행 준수 	 - 	 17

나. 사업예산 : 7,875,542천원 이내(부가가치세 포함)
 
3 
 사업범위
 차세대 외자시스템 구축사업은 기본 구축방향에 따른 효율적인 사업관리를 위해 업무 유사성 등을 고려한 4개 구축 과제로 구분하여 추진하며 동 사업은 “Ⅰ.자산운용 S/W 도입”과 “Ⅱ.외화자산운용지원시스템 개발“ 중 자산운용 S/W와 대내외 연계 기능, 자산운용 S/W내 정형보고서” 등을 포함
 * 세부 구축범위는 <첨부 5> “요구사항 상세” 참조
차세대 외자시스템 구축 범위
 
Ⅰ
고수준의 일관체계 구현을 위한 
자산운용 S/W 도입
Ⅲ

※ 유지관리 방안, 기록관리 업무 개선 방안, 기록물 이관 업무 지원 방안 등
 - (산출물 종류) 목표시스템 구축, 운영-유지관리 및 기능개선-고도화 등 연차별-항목별 상세 투자 소요*, 경제적 타당성 분석 및 대안(2개 이상 검토)**, 타 기관에서 운용중인 정보시스템과의 상호 연계-활용을 통한 사업성과 제고 방안 등을 포함
* 정보화 투자소요(총소요비용)는 시스템의 구축-운영 등에 소요되는 모든 경비로서 장비구입비, 임차료, 소프트웨어 개발비, 구축완료 후 5년간 유지관리비 및 추가구축비 등을 포함

(사 업 명) 통합정보시스템 고도화 용역
 (사업기간) 계약 후 5개월 이내
* 소프트웨어 개발사업 적정 사업기간 산정기준에 따라 산출
 (추정가격) 140,000,000원(부가세 포함) 이내
 (계약방식) 협상에 의한 계약(제한경쟁입찰)
 
2. 추진 배경 및 필요성
 기관생명윤리위원회(IRB) 업무프로세스 구축
 ㅇ 기관 생명윤리위원회 규정 및 지침에 의한 위원회 업무 통합 관리 시스템 구축 및 절차 확립
 ㅇ 임상연구 심의, 심의결과 통보, 변경신청관리, 결과보고서 관리
 동물실험계획 업무 프로세스 구축","두 사업 모두 한국 정부의 투입 예산을 비교할 때, 코이카의 우즈베키스탄 의정활동 상하원 방송시스템 구축 사업(7,875,542천원)이 더 큰 규모를 맞습니다."
한국수자원공사 '용수공급사업' 타당성조사와 한국수출입은행 '모잠비크 지능형교통시스템(ITS)' 타당성조사의 비용 격차는 총 얼마인가요?,B,하,[],"모잠비크 마푸토 지능형교통시스템(ITS) 구축사업 
타당성조사(F/S) 용역을 위한
제 안 요 청 서 (RFP)
 
2024. 10.
 
 
 
 목 차 
Ⅰ. 제안 안내
 1. 용역 개요 
 2. 사업 추진 일정
Ⅱ. 제안 일반사항
 1. 입찰 및 계약 방법
 2. 입찰공고
 3. 입찰 참가자격
 4. 입찰참가 등록 및 제안서 제출
 5. 입찰시 유의사항
 6. 제안서 평가방법 
 7. 협상대상자 선정 및 협상 절차
 8. 최종낙찰자 유의사항
 9. 기타사항
 10. 용역결과 평가/활용
Ⅲ. 대상사업 개요 및 F/S 과업범위

[별첨] : 제출서류 목록 및 관련 서식
Ⅰ. 제안 안내
용역개요 
과 업 명 : 모잠비크 마푸토 지능형교통시스템(ITS) 구축사

5. 제출서류 ·································································································· 105 

 
 
 
Ⅰ 제안 개요

1. 사업 개요

□ 사 업 명 : 국가결산체계 개편에 따른 국가회계시스템 고도화

□ 사업기간 : 계약 체결일로부터 12개월 이내

- 사업 일정은 한국수출입은행(“당행”)의 사정에 따라 변경 가능

- 시스템 구축 및 안정화 기간 포함

11월
12월
1월
2월
3월
4월
5월
입찰공고, 사업자 선정 및 계약체결
컨설팅
현황분석 및 To-be 방안 수립
시스템 구축 지원
및 데이터 검증
시스템 구축
분석-설계
개발 및 테스트
가동 및 안정화
 ※ 세부 일정은 사업 추진 과정에서 일부 변경될 수 있음
4. 사업 추진 조직 및 역할
 
구 분
부서명
주요 역할
한국
수출입
은행

제 안 요 청 서
 
 
사 업 명
 SCP 중심의 AML 시스템 구축
주관기관
한국수출입은행
2024. 4. 17.
 
 
 
 
 
 목 차
 
Ⅰ. 제안 개요
 1. 사업개요 	 - 	 1 
 2. 추진 배경 및 필요성	 - 	 1 
 3. 사업 추진 일정 	 - 	 2 
 4. 사업 추진 조직 및 역할 	 - 	 3 
Ⅱ. 사업 추진 범위
 1. 시스템 개념도 	 - 	 4 
 2. 주요 업무 내용 	 - 	 5 
 
Ⅲ. 제안요청 내용
 1. 요구사항 총괄표 	 - 	 8 
 2. 요구사항 상세목록 	 - 	 9","두 사업의 총 타당성조사 비용 격차는 13,000,000원입니다."
인천광역시 '도시계획위원회 통합관리시스템 구축'과 부산국제영화제 '온라인서비스 재개발' 사업 중에서 더 낮은 사업비가 책정된 곳의 예산과 기관명은 무엇입니까?,B,하,[],"공단 사업의 예산을 통합 조회 및 조정하는 기능
 법인카드, 세금계산서, 지출관리 등의 업무를 온라인 환경에서 처리하는 기능
 PC 메신저 기능
 패키지SW를 도입하여 커스터마이징을 통한 시스템 도입 및 구축
 데이터 이관 완료 시까지 기존 그룹웨어 시스템 유지
5. 사업 추진체계
 
기 관
주요 역할
주관기관
(계양구청)
- 사업계획의 수립, 제안요청서 작성
- 계약체결 및 사업비 집행
- 계양구시설관리공단 통합정보시스템 사업관리 및 검수
- 계양구시설관리공단 통합정보시스템 운용 및 관리
사업수행자
(용역수행업체)

업무 분석 및 시스템 표준화 분석
 - 인천광역시계양구시설관리공단에 적합한 통합정보시스템(ERP) 선정
 - 인천광역시계양구시설관리공단 담당자 인터뷰 및 요구사항 의견 수렴
 - 세부 기능이 구현된 기능에 커스터마이징 포함
 - 현행(As-is) 분석 및 개선방안 도출
 - 부서별 현행 업무 프로세스 및 업무특성 분석, 개선과제 도출 및 확정
 - To-be 프로세스 설계 및 시스템 구현 방안 수립
 - 조직도 및 기관코드 등 공통 활용 데이터 및 서비스에 대한 표준화 정의

사업예산 : 194,700,000원(VAT포함)
 4. 사업내용 및 대상
 과업내용 : 하단 기술된 기능 구현이 가능한 패키지SW 도입 및 계양구시설관리공단 업무 환경에 맞는 커스터마이징 실시
 인사, 급여, 예산, 회계(재무/자금/수입/지출/결산/세무)관리 등 업무자료의 유기적 결합 구현
 지출업무의 효율화를 위한 지출 품결의 관리 기능 구축(ERP↔GW 업무영역 간 프로세스 통합 구현)
 정확한 예산 통제 : 지출에 대한 원인행위 및 전표처리 시, 예산(계정)과목별 잔여예산을 실시간으로 체크

- 통합정보시스템(ERP) 정보 접근 및 변경에 관한 감사 기능
 - 보안장비의 경우 CC인증 또는 보안기능확인서를 획득하고, 인증기한이 만료되지 않은 제품이어야하며 이를 증빙하는 자료 제출해야함
 계양구시설관리공단 전산실(서버실) 활용한 효율적 데이터 관리
 - 전용 방화벽 구축, 백업 전원 공급장치를 통한 정전 대응, 재해 복구를 위한 여러 프로세스에 따른 데이터 및 장비 관리 예정
* 공공기관 특성, 현행 법체계 및 업체의 인프라, 운영인력 현황 등 고려하여 구축-활용
2. 목표 시스템 및 네트워크 구성도

계양구시설관리공단 통합정보시스템 도입 용역
과 업 지 시 서
 
 
기획예산실
 
Ⅰ
사업 개요
 1. 사 업 명 : 계양구시설관리공단 통합정보시스템(ERP) 도입 용역
2. 사업목적
 (ERP) 예산회계‧인사 등의 경영관리 업무 지원체계 재확립 필요
 (그룹웨어) 최신 행정업무처리, 소통‧협업 시스템 도입 필요
 (시스템 통합) 이종 시스템간의 연계를 탈피한 통합시스템 도입 필요
 3. 사업기간 및 예산
 사업기간 : 용역 착수일로부터 120일 이내
 사업예산 : 194,700,000원(VAT포함)
 4. 사업내용 및 대상","보스턴국제영화제의 사업비 예산 10,300,000원이 인천광역시의 사업비보다 낮습니다. 해당 사업의 예산과 기관명은 '보스턴국제영화제'입니다."
그랜드코리아레저(주)의 웹기반 그룹웨어 도입 사업(15.15억)과 국립중앙의료원의 차세대 상황관리 통신 콜센터 사업(14억)의 예산을 병합할 시 총 액수는 얼마입니까?,B,하,[],"사업예산 : 1,515,000천원 (부가세 포함)
 계약방법 : 제한경쟁입찰(협상에 의한 계약)
 평가방식 : 기술평가(90%)/가격평가(10%)
2. 추진 배경 및 필요성
 (시스템 노후화) 그룹웨어 및 기록물관리, 사내SNS(별별얘기), 메신저 시스템 노후화로 SW의 기술지원 종료, 요구사항 증가로 인한 설계 한계 초과 및 서비스 질 저하 등 개선 필요
 (정부권장정책 적용) 비표준(ActiveX), IE 종속성 및 보안취약점 제거 등 관련 정부 정책에 대응이 가능한 시스템 구축 필요

제 안 요 청 서
 
사 업 명
GKL 그룹웨어 시스템 구축사업
주관기관
그랜드코리아레저(주)
2024. 04
 
사업
담당자
제안/과업내용
이경남 차장
02)6421-6466
Ign@7luck.com
한수림 사원
02)6421-6104
slhan23@7luck.com
박동진 사원
02)6421-6470
pdjworld@7luck.com
입찰/계약사항
정승순 대리
02)6421-6661
jss1362@7luck.com
 
목 차
Ⅰ. 사업 개요	 - 	 1
 1. 추진 배경 및 필요성	 - 	 1
 2. 사업 범위	 - 	 1

6. 입찰시 유의사항	 - 	 131
 7. 기타사항	 - 	 132
 [첨부1] 제안서 평가항목 및 배점한도	 - 	 135
 [첨부2] 적정 사업기간 산정서	 - 	 142
 [첨부3] 외부 용역사업 보안특약	 - 	 143
 [첨부4] 기술 적용 계획표	 - 	 148
 [첨부5] 입찰 관련 서식	 - 	 154 
 
Ⅰ
 사업개요
1. 사업일반
 사 업 명 : GKL 그룹웨어 시스템 구축사업
 사업기간 : 계약일로부터 6개월 이내
 사업예산 : 1,515,000천원 (부가세 포함)

(웹기반 시스템) 기존 운영중인 시스템과 원활하게 연동되고, 다양한 웹 환경에서 업무를 수행할 수 있는 최신 웹기반 그룹웨어 시스템 구축하여 효율적인 업무환경 제공
 (업무환경 개선) 사용자의 편의성을 최우선으로 고려하여 업무프로세스 재설계 및 업무 환경 개선을 위한 새로운 비즈니스 적용 기반 마련 
2. 사업 범위
 그룹웨어 시스템 구축
 
구 분
기 능
상 세 설 명
포털
시스템 별 중요정보 표기
‣ 기관 공통 업무에 필요한 각 시스템별 정보 표기
‣ 각 시스템 링크 제공, 알림사항 등
전자결재
전자문서의

‣ 그룹웨어 기능에 대해서 모바일에서 동일하게 지원가능한 환경구축 등 
‣ 임직원 검색, 조직도, 주요일정, 사회공헌, 경영","두 사업의 예산을 합하면 총 29,150,000원입니다."
고려대학교의 '차세대 포털·학사 정보시스템' 사업과 한국가스공사의 '차세대 통합정보시스템(ERP)' 사업이 노후화된 업무 프로세스를 대체하기 위해 공통으로 선택한 기술적 대응 기조는 무엇입니까?,B,중,[],"제 안 요 청 서 

고려대학교 
차세대 포털·학사 정보시스템 구축 사업 

2024. 7. 01 

※ 본 자료는 제안내용의 설명을 위한 배포자료로, 이외 목적으로 무단복제, 전달 및 사용하는 행위를 금함. 

-1- 

 
 
 
 
 
 
 
 
 
 
 
 
 
 
 
 
목 차 

Ⅰ. 사업개요 ·················································································································· 4

나. 계약방법 : 경쟁입찰(협상에 의한 계약)

3. 사업배경

가. '본교' 교육환경과 수요를 반영한 학습관리시스템 도입 필요

나. 전문적인 학사, 수강, 포털 DB 등의 데이터 연동 지원 필요

다. 노후화된 학습관리시스템 및 불편한 인터페이스 개선

라. COVID-19와 같은 상황 발생 시 효율적인 비대면 온라인 교육을 지원하는 시스

템 도입(영상 출석, 온라인 강의 출석 등) 필요

마. '본교' 구성원의 요구를 반영한 차세대 학습관리시스템 구축 필요

 - 사용자 중심의 인터페이스 개선

 - 원활한 모바일 사용 환경

[별첨 2] 고려대학교 학습관리시스템 데이터 연동 현황

- 2 -

 
 
I

 사업 개요

1. 사업명

고려대학교(이하 '본교') 차세대 LMS(학습관리시스템) 구축을 위한 사업을 추진하고

자 함(이하 '본 사업' 이라 한다)

2. 사업개요

가. 계약기간

 - 구축기간 : 계약일로부터 3개월(시범운영 준비 기간 포함)

 - 시범운영기간 : 2024년 12월 23일 ~ 2025년 2월 28일(계절학기, 법정의무교육)

 - 무상유지보수 기간 : 2025년 3월 1일 ~ 2026년 2월 28일

제 안 요 청 서

고려대학교
차세대 LMS(학습관리시스템) 구축 사업

2024. 9. 

※ 본 자료는 제안내용의 설명을 위한 배포자료로, 이외 목적으로 무단복제, 전달 및 사용하는 행위를 금함.

- 1 -

 
 
목 차

Ⅰ. 사업개요 ····························································································· 3

실시간 반영

다. 사용자 인터페이스 개선을 통한 적극적인 수업 참여 유도

- 3 -

 
라. 교수자 및 학습자의 언제 어디서나 다양한 모바일 기기를 통한 학습환경 구성

마. 다양한 학습 도구 연계를 통한 교수자와 학생들의 소통 활성화

바. 동영상 강의, 온라인 강의, 대면 강의 등 다양한 강의에 대한 출석 기능 제공

사. 서비스 장애 및 오류에 대한 국내 전문가의 신속한 대응 및 처리

II

 사업 요구사항

1. 요구사항 일반

가. 본 제안요청 내용은 본교의 차세대 학습관리시스템 구축 사업의 최소 요구사항",두 사업 모두 기존 시스템의 성능 저하와 사용자 불편을 극복하기 위해 '사용자 경험을 향상시키기 위한 UI/UX 디자인 강화'라는 기술적 대응 기조를 선택했습니다.
나노종합기술원의 '스마트 팹 서비스 설비온라인 사업'과 원자력연구원의 '선량평가시스템 고도화 사업'의 주된 기술적 기대효과 구성을 상호 단락적으로 비교해 주세요.,B,중,[],"나노종합기술원
 
스마트 팹 서비스 활용체계 구축관련 설비온라인시스템 구축 사업
제 안 요 청 서
 
사 업 명
스마트 팹 서비스 활용체계 구축관련 설비 온라인 시스템 구축 용역
2024. 04.
 
 목 차
1. 사업 개요	 - 	 1
1.1. 개 요 	 - 	 1
1.2. 추진배경 및 필요성 	 - 	 1
1.3. 사업범위 	 - 	 2
1.4. 주요사업내용 	 - 	 2
1.5. 시스템 구성현황 	 - 	 3
1.6. 기대효과 	 - 	 4
2. 사업 추진계획 	 - 	 6
2.1. 추진목표 	 - 	 6

TmaxSoft
1.6. 기대효과
 기술적 측면
 연구개발 소요시간 및 비용 단축(축적 데이터 활용, 실패 감소, 불량률 감소 등)에 따라, 산학연 기술개발 조기 사업화 및 성공률 제고 기여
 - 빅데이터 기반의 나노팹 서비스 내재화를 통한 연구 개발 소요시간 감축을 통한 Time-to-Market 실현으로 반도체 기업 기술개발 경쟁력 제고 기여

4.4. 상세 요구사항 	 - 	 21
4.5. 기술적용계획표 	 - 	 61
 
1
사업 개요
나노종합기술원
 
1.1. 개 요
 용 역 명 : 스마트 팹 서비스 활용체계 구축관련 설비 온라인 시스템 구축 용역
 용역기간 : 계약체결일로부터 18개월
 추진일정은 사업기간 내에 과업별 특성에 따라 제안하고 추후 협의할 수 있음
 본 사업은 소프트웨어 개발사업 적정 사업기간 산정 기준에 따른 사업임
 ※ 산정내용 별도 첨부자료(사업기간 산정서) 참조
 용역예산 : 2,349,130,320 원 (VAT포함)

- , 반도체 연구 공정의 장비 데이터 활용 기반이 부재하여 활용률이 “ZERO” 인 공공 나노팹, 반도체 공정-정보 데이터의 가치 전환을 위한 데이터 활용 기반 마련 필요
1.3. 사업범위
 나노종합기술원(이하 “기술원)의 기술원 보유 장비 설비온라인 시스템 구축
 기술원 환경에 최적화된 공정 및 장비 실시간 모니터링 기능 구현을 위한 효율적이고 체계적인 설비 온라인 시스템 구축
 기술원의 공정관리시스템과 인터페이스 연계를 통한 데이터 활용체계 기반 마련 
 기술원에서 생산되는 공정결과 및 조건 데이터의 관리체계 확립

- 데이터 사이언스에 입각한 장비 및 시설 관리체계 고도화를 통한 장비 다운타임 해소 등 공정서비스 최적화 기여
 공정-장비 데이터 운영 체계화 및 스마트화로 나노팹의 고품질 서비스에 기여
 - 반도체 공정 서비스 기술 개발 로드맵 및 장비구축 로드맵 등 객관적 데이터에 기반을 둔 중장기적 의사결정 기여
 - 반도체 공정 레시피 표준화 기반 마련을 통한 이용고객 접근성 강화 및 산출 결과물에 대한 신뢰성 제고
 - Lot Process의 신뢰성있는 데이터 제공을 통해 이용자 만족도 향상에 기여","두 사업 모두 핵심 목표를 달성하기 위해 기존 시스템의 불량률을 절반 이상 줄이는 것을 목표로 하고 있습니다. 나노종합기술원은 ""불량률 감소""를 목표로 하며, 원자력연구원은 ""실패률 감소""를 목표로 합니다."
한국수자원공사의 산단 용수공급 타당성 용역과 국립중앙의료원의 차세대 응급의료 상황관리시스템 용역의 목표 수요층 차별성을 분석하십시오.,B,중,[],"목 차 
 
1. 일반과업지시서	 - 	3
1.1 과 업 명 : 용인 첨단 시스템반도체 국가산단 용수공급사업 타당성조사 및 기본계획 수립 용역	- - 	3
1.2 과업의 목적	 - 	3
1.3 과업대상지역	 - 	3
1.4 사업개요	 - 	3
1.5 과업수행기간	 - 	3
1.6 과업의 범위 및 내용	 - 	4
1.7 계약변경 조건	 - 	4
1.8 주요업무의 사전승인 등	 - 	5
1.9 과업수행 및 공정보고	 - 	5
1.10 용역감독 등	 - 	7
1.11 계약상대자의 책임	 - 	8

1. 일반과업지시서
1.1 과 업 명 : 용인 첨단 시스템반도체 국가산단 용수공급사업 타당성조사 및 기본계획 수립 용역
1.2 과업의 목적
이 용역과업은 제14차 비상경제민생회의에서 정부가 지정한 국가첨단산업단지 선정지 중 하나인 용인 첨단 시스템반도체 국가산업단지에 용수를 공급하는 사업의 타당성 조사 및 기본계획을 수립하는데 목적이 있다.
1.3 과업대상지역
1.3.1 과업위치 : 4개 지자체(용인시, 성남시, 광주시, 하남시)
1.3.2 공급대상지역 : 용인 첨단 시스템반도체 국가산업단지(경기도 용인시 남사읍 일원)

용인 첨단 시스템반도체 국가산단 용수공급사업 
타당성 조사 및 기본계획 수립
 
용역수행 과업지시서
 
 
 
 
2024. 4
 
 
수 도 개 발 처

나. 수자원 영상위성에서 수집되고 생성된 정보를 활용하여 대국민 서비스 기반 구축
 다. 수자원 관리 및 수재해 감시 역량 강화를 위하여 체계적이고 효율적인 업무수행 기반을 검증하고 물분야 국내 위성산업의 미래성장동력을 확대 
 라. 물관련 재해 피해규모 경감을 통한 물안보 제고 및 물분야 글로벌 경쟁력 확보
 
< 사업추진 목표 및 주요 핵심과제 >
3. 과업범위
 가. 수자원 영상위성 활용시스템 구축
 (1) 자료 수집/배포 시스템 개발
 - 네트워크 보안에 따라 위성망/인터넷망 분리 구축

(2) 수자원 영상위성 시스템과 활용 인프라의 통합 지원
 (3) 수자원 영상위성 시스템 통합 시험 및 인수 시험 지원
 (4) 통합상황실 인프라구축
4. 기대효과
 가. 수자원 영상위성의 효율적 활용을 위한 운영체계 개발을 통하여 수자원관리, 수재해(홍수, 가뭄) 감시 역량을 강화
 나. 수자원-우주-ICT 등 융복합 첨단기술의 활용을 통해 물관리의 새로운 패러다임으로 확장 및 국민 물복지를 구현
 
< 수자원 영상위성 운영시스템 구축 >
5. 과업 수행기간 : 착수일로부터 36개월(1,080일)","두 사업 모두 기술적 성능 향상을 목표로 하고 있지만, 한국수자원공사는 수자원 관리를 위해 국가 산단의 물 공급을 담당하며, 국립중앙의료원은 전국의 의료 기관들이 응급의료 상황을 실시간으로 모니터링할 수 있도록 하는 국가 수준의 의료 정보망을 구축하려는 수요층 차이를 제공합니다."
"코이카의 '우즈베키스탄 의정활동 방송시스템', 한국수출입은행의 '모잠비크 마푸토 ITS 스마트 교통망 타당성', 아시아물위원회의 '우즈벡-키르기즈스탄 스마트 관개시스템 다층 구축' 총 3종의 글로벌 개도국 협력 인프라 사업이 시도하는 각 분야별 핵심 해결 사회 문제를 식별하고 해당 세 사업의 편성 예산 총합을 계산하십시오.",B,상,[],"모잠비크 마푸토 지능형교통시스템(ITS) 구축사업 
타당성조사(F/S) 용역을 위한
제 안 요 청 서 (RFP)
 
2024. 10.
 
 
 
 목 차 
Ⅰ. 제안 안내
 1. 용역 개요 
 2. 사업 추진 일정
Ⅱ. 제안 일반사항
 1. 입찰 및 계약 방법
 2. 입찰공고
 3. 입찰 참가자격
 4. 입찰참가 등록 및 제안서 제출
 5. 입찰시 유의사항
 6. 제안서 평가방법 
 7. 협상대상자 선정 및 협상 절차
 8. 최종낙찰자 유의사항
 9. 기타사항
 10. 용역결과 평가/활용
Ⅲ. 대상사업 개요 및 F/S 과업범위

[별첨] : 제출서류 목록 및 관련 서식
Ⅰ. 제안 안내
용역개요 
과 업 명 : 모잠비크 마푸토 지능형교통시스템(ITS) 구축사

11월
12월
1월
2월
3월
4월
5월
입찰공고, 사업자 선정 및 계약체결
컨설팅
현황분석 및 To-be 방안 수립
시스템 구축 지원
및 데이터 검증
시스템 구축
분석-설계
개발 및 테스트
가동 및 안정화
 ※ 세부 일정은 사업 추진 과정에서 일부 변경될 수 있음
4. 사업 추진 조직 및 역할
 
구 분
부서명
주요 역할
한국
수출입
은행

시스템 구축
분석-설계
개발 및 테스트
가동 및 안정화
* 세부 일정은 사업 추진과정에서 일부 변경될 수 있음
4. 사업 추진 조직 및 역할
 
구 분
부서명
주요 역할
한국
수출입
은행
 정보시스템부
시스템 구축 사업 총괄 관리
 - 시스템 개발 요구사항 검토, 업무분석 및 설계
 - 시스템 구축 검증 및 단계별 산출물 검사
 - 이슈, 위험, 변경사항 등에 대한 의사결정 
 - 테스트 실시, 산출물 검토 및 프로젝트 검수
 자금결제부
업무요건 정의 및 펌뱅킹 서비스 계약 추진
 - 업무 요구사항 검토, 업무분석 및 설계 지원

기금 결산 업무 지원
3. 시스템구축
분석-설계
개발 및 테스트
가동, 안정화 및 결산 지원
 ※ 기획재정부 국가결산보고서 개편 시스템 구축사업 에 따른 당행의 ’25년도 국가회계 시범결산, 가결산 참여 지원 포함
 ※ 세부 일정은 사업추진 과정 및 기획재정부 국가결산보고서 개편 시스템 구축사업 추진 일정에 따라 일부 변경될 수 있음
4. 사업 추진 조직 및 역할
 
구 분
부 서 명
주 요 역 할
 한국
수출입
은행
 경협총괄부
 프로젝트 관리","세 사업의 사회 문제는 각각 코이카의 '유지보장되지 않은 여성 권리 침해에 대한 인식 부족', 한국은행의 '마푸토 교통망의 지능형 통합 도입으로 인한 지역 경제 활성화 부족', 아시아물위원회의 '우즈벡-키르기즈스탄 농업 생태계의 극단적인 수확-작물 손실을 초래하는 물 부족 문제'입니다. 이들 3개 사업의 합산 예산 총액은 13,000,000원입니다."
국립중앙의료원의 차세대 응급의료 상황관리시스템 위탁용역 입찰에 참가하려 합니다. 공동 수급체 구성을 위한 최대 제한 참가 업체 수는 본안 요약에 5개사 이내로 명확히 통제되어 있습니까?,D,하,[],"16
 4. 상세요구사항	 - 	
17
 5. 기타사항	 - 	
53
Ⅴ. 제안서 작성요령
Ⅵ. 제안 안내사항
Ⅶ. 붙임
Ⅷ. 부록(서식)
Ⅰ. 사업 개요 
 
1
 사업 안내
 가. 사 업 명 : 2024년도 차세대 응급의료 상황관리시스템 구축
 나. 사업기간 : 계약일로부터 2024년 12월 31일까지
 다. 사업예산 : 금일십사억원정 ( 1,400,000,000원, VAT포함)
 라. 예산코드 : 29. 중앙응급의료센터 운영지원-관리운영비-외주용역비-광역상황실
 마. 추진방법 : 제한경쟁입찰 / 협상에 의한 계약
 
2

제 안 요 청 서
 
사 업 명
2024년도 차세대 응급의료 상황관리시스템 구축
주관기관
국립중앙의료원
2024. 5.
 
담당
부 서
성 명
전화번호
e-mail
응급의료정보화팀
이정탁
02-6362-3443
rheejt@nmc.or.kr
 
 
|
 
 
 
목 차
 
 
 Ⅰ. 사업개요
 1. 사업안내	 - 	
2
 2. 추진배경 및 필요성	 - 	
2
 3. 사업범위	 - 	
3
 4. 기대효과	 - 	
3
Ⅱ. 업무 및 시스템 현황
 1. 시스템 개요	 - 	
5
 2. 시스템 주요기능	 - 	
5

마. 추진방법 : 제한경쟁입찰 / 협상에 의한 계약
 
2
 추진배경 및 필요성
 가. 응급의료는 국민의 생명과 직결되는 대표적인 필수의료 분야이나 최근 응급실 뺑뺑이 사건 등 병원 전 단계에서 치료 가능한 응급실 섭외 지연 문제 발생
 
※ 관련 보도자료
 - ‘표류’ 70대 숨지기 전… 25분 거리 외상센터에 빈 병상-의료진 있었다(동아일보, 2023.6.1.)

시스템 간 연계 및 정보공동 활용으로 효율적인 재난 및
응급의료정보 관리체계 구축
관리적 측면
 정기적인 시스템 점검 및 장애 처리 대응으로 운영 및
유지관리 비용 최소화
 보건복지부, 응급의료기관 등 유관기관과 업무협력 체계 구축
표준화 측면
 응급의료 정보 데이터의 체계화 및 표준화
 관련 업무 처리지침과 운영 매뉴얼 작성 및 배포
법‧제도 측면
 재난 및 응급의료 서비스 발전을 위한 법-제도적 개선 의견 제시
 
2
 추진체계 및 세부역할 
 가. 추진체계
 
 
보건복지부
국립중앙의료원 (중앙응급의료센터)

가. 추진체계
 
 
보건복지부
국립중앙의료원 (중앙응급의료센터)
응급의료정보화팀 (계약 및 사업관리)
닥터헬기-현장이송팀 (사업계획-과업 요구(안))
기술평가위원
평가 
협조
수행
협조
추진사업단
정보화사업수행업체
교육위원회
 나. 주체별 역할
 
구 분
역 할
보건복지부
재난의료대응과
 사업총괄
중앙응급의료센터
 정보시스템 구축 총괄
 계약진행 및 사업관리
 개발지원 및 검수, 예산집행
기술평가위원
 제안서 기술평가",제안요청서에는 공동수급 참여 업체의 한도인 '10개사 이상'을 명시하고 있습니다. 따라서 5개사 이내를 초과하는 업체를 투입하여도 불허됩니다.
그랜드코리아레저(주)의 그룹웨어 도입 담당자가 요구하는 사내 SNS 메신저 시스템의 이모티콘 팩 최소 지원 개시 수량은 과업지시서의 기능 명세에서 몇 종으로 필수 등록해야 합니까?,D,중,[],"사업예산 : 1,515,000천원 (부가세 포함)
 계약방법 : 제한경쟁입찰(협상에 의한 계약)
 평가방식 : 기술평가(90%)/가격평가(10%)
2. 추진 배경 및 필요성
 (시스템 노후화) 그룹웨어 및 기록물관리, 사내SNS(별별얘기), 메신저 시스템 노후화로 SW의 기술지원 종료, 요구사항 증가로 인한 설계 한계 초과 및 서비스 질 저하 등 개선 필요
 (정부권장정책 적용) 비표준(ActiveX), IE 종속성 및 보안취약점 제거 등 관련 정부 정책에 대응이 가능한 시스템 구축 필요

제 안 요 청 서
 
사 업 명
GKL 그룹웨어 시스템 구축사업
주관기관
그랜드코리아레저(주)
2024. 04
 
사업
담당자
제안/과업내용
이경남 차장
02)6421-6466
Ign@7luck.com
한수림 사원
02)6421-6104
slhan23@7luck.com
박동진 사원
02)6421-6470
pdjworld@7luck.com
입찰/계약사항
정승순 대리
02)6421-6661
jss1362@7luck.com
 
목 차
Ⅰ. 사업 개요	 - 	 1
 1. 추진 배경 및 필요성	 - 	 1
 2. 사업 범위	 - 	 1

‣ 각 시스템 링크 제공, 알림사항 등
전자결재
전자문서의
생성‧조회‧관리‧유통
‣ 기안문 작성, 결재, 전자문서 송‧수신 등
‣ 모바일 그룹웨어 기기에서 전자문서 상신 등
‣ 문서유통, 원문공개
메일
(내 외부)
메일 송‧수신 
‣ 기관 내 외부망 전용 메일 시스템 연동 등
‣ 내 외부망 전용 웹메일 시스템 데이터 연계를 통해 업무 편의성 증대
모바일
사내SNS
(별별얘기)

6. 입찰시 유의사항	 - 	 131
 7. 기타사항	 - 	 132
 [첨부1] 제안서 평가항목 및 배점한도	 - 	 135
 [첨부2] 적정 사업기간 산정서	 - 	 142
 [첨부3] 외부 용역사업 보안특약	 - 	 143
 [첨부4] 기술 적용 계획표	 - 	 148
 [첨부5] 입찰 관련 서식	 - 	 154 
 
Ⅰ
 사업개요
1. 사업일반
 사 업 명 : GKL 그룹웨어 시스템 구축사업
 사업기간 : 계약일로부터 6개월 이내
 사업예산 : 1,515,000천원 (부가세 포함)

2. 요구사항 총괄표	 - 	 11
 3. 상세 요구사항	 - 	 16
 1). 시스템 장비 구성 요구사항
 2). 기능 요구사항
 3). 성능 요구사항
 4). 인터페이스 요구사항
 5). 데이터 요구사항
 6). 테스트 요구사항
 7). 보안 요구사항
 8). 품질 요구사항
 9). 프로젝트 관리 요구사항
 10). 프로젝트 지원 요구사항
 11). 제약사항
 
목 차
Ⅴ. 제안서 작성요령	 - 	 121
 1. 제안서의 효력	 - 	 121
 2. 제안서 작성지침	 - 	 121
 3. 기타 유의사항	 - 	 123",사내 SNS 메신저 시스템의 이모티콘 팩 최소 지원 개시는 128종으로 필수 등록되어 있습니다.
꼬렫대헉교예셔 지냉하는 차쎄대 뽀털 학사 쩡보씨스탬 끄축샤업의 춍 에싼 규모를 좀 정확하게 알려쥬세오.,E,하,[],"9. 보안업무규정 제4조의 비밀, 동 시행규칙 제16조제3항의 대외비
 10. 그 밖에 행정기관등의 장이 공개가 불가하다고 판단한 자료
 
Ⅲ
 사업 추진 계획
1. 문제점 및 개선방향
 가. 현안 문제
 
순서
구분
문제점
비고
1
학사 직접 업무
모듈형 마이크로트랙 선택에 따른 교육과정, 이수과정, 수강, 성적부여, 이수처리 및 졸업 등 학사 유연화 필요
정규과정, 전공심화과정 등 다양한 이수과정 생성의 유연화 미흡

라) 포털시스템/스마트 학사 
 마) 공통관리시스템
	- - 	2) 내/외부 연계시스템 관련 운영/유지관리 및 연계 데이터 처리
	- - 	3) 정보시스템 개발/운영 관련 제반 업무
 라. 기대효과
	- - 	1) 정보시스템의 안정적인 운영 및 서비스 제공
	- - 	2) 신속하고 정확한 대응을 통한 사용자 편의성 향상 및 사용자 만족도 제고

라) 포털시스템/스마트 학사 
 마) 공통관리시스템
	- - 	2) 내/외부 연계시스템 관련 운영/유지관리 및 연계 데이터 처리
	- - 	3) 정보시스템 개발/운영 관련 제반 업무
 라. 기대효과
	- - 	1) 정보시스템의 안정적인 운영 및 서비스 제공
	- - 	2) 신속하고 정확한 대응을 통한 사용자 편의성 향상 및 사용자 만족도 제고

시스템 기능 도입 완료 비축기지 순 운영 
 키오스크 설치, 시스템 연동 및 테스트 완료 기지 순 고객 대상 사전 운영 안내 및 시스템 오픈
 * 비축기지별 개발 상황에 따라 탄력적으로 시스템 오픈 시기 조정
 출고요청용 키오스크 구매 및 비축기지 설치-시스템 연동
스탠드형 키오스크 구매 및 비축기지 6개소*에 각각 설치(총 6대)
 * 확대 대상 비축기지 : 청주, 회덕, 전주, 광주, 노포, 학장
 * 키오스크 사양 : 32인치 터치형 모니터, QR코드 스캐너, 흑백 레이저 프린터 (출고요청 확인증 출력용) 내장 필수

수자원 영상위성 운영시스템 구축 용역
 
과업지시서
2024. 10.
 
- 목 차 -
Ⅰ. 과 업 설 명 서
Ⅱ. 일 반 과 업 지 시 서
Ⅲ. 특 별 과 업 지 시 서
 
Ⅰ. 
과업설명서
 I. 과업설명서
1. 과업명 : 수자원 영상위성 운영시스템 구축 용역
2. 과업목적
 가. 수자원 영상위성의 안정적이고 효율적 운영 및 활용을 위한 관련 기반 기술 개발
 * 수자원 영상위성 : C-밴드 영상레이더(SAR) 위성(차세대중형위성 5호)
 나. 수자원 영상위성에서 수집되고 생성된 정보를 활용하여 대국민 서비스 기반 구축","한국수자원공사의 '학사 직접 업무 모듈형 마이크로트랙 선택에 따른 교육과정, 이수과정, 수강, 성적부여, 이수처리 및 졸업 등 학사 유연화 필요' 관련 사업의 총 예산 규모는 부가가치세 포함 7,000,000,000원입니다."
나노기술원 팹 플젝 예산 얼마 잡혀있는지 그리고 그거 하면 결국 현장쪽에서는 굳이 뭐땜에 하는지 R&D랑 팩토리 아웃풋 쪽으로 핵심만 짚어서 요약좀 해줄래?,E,중,[],"나노종합기술원
 
스마트 팹 서비스 활용체계 구축관련 설비온라인시스템 구축 사업
제 안 요 청 서
 
사 업 명
스마트 팹 서비스 활용체계 구축관련 설비 온라인 시스템 구축 용역
2024. 04.
 
 목 차
1. 사업 개요	 - 	 1
1.1. 개 요 	 - 	 1
1.2. 추진배경 및 필요성 	 - 	 1
1.3. 사업범위 	 - 	 2
1.4. 주요사업내용 	 - 	 2
1.5. 시스템 구성현황 	 - 	 3
1.6. 기대효과 	 - 	 4
2. 사업 추진계획 	 - 	 6
2.1. 추진목표 	 - 	 6

다. 추진경과 및 계획
 ‘23.6월 ~ 11월 : 차세대 외자시스템 구축 컨설팅 사업(1단계 사업)
 ‘24.7월 ~ ‘25.12월 :차세대 외자시스템 구축 개발 사업(2단계 사업)
라. 사업목표
 
 
2 
 사업기간 및 예산
가. 사업기간 : 계약일로부터 18개월 이내
나. 사업예산 : 22,598,185천원 이내(부가가치세 포함)
 
3 
 사업범위
 차세대 외자시스템 구축사업은 기본 구축방향에 따른 효율적인 사업관리를 위해 업무 유사성 등을 고려한 4개 구축 과제로 구분하여 추진
차세대 외자시스템 구축 범위
 
Ⅰ

다. 사업예산 : 금사억사천삼백만원정 ( 443,000,000원, VAT포함)
 라. 예산코드 : 83. 스마트의료지원-관리운영비-전산용역비
 마. 추진방법 : 제한경쟁입찰 / 협상에 의한 계약
 
2
 추진배경 및 필요성 
‘15년 심정지 환자 발생 시 현장상황을 119구급대원이 지도의사에게 전달하고 의료지도를 받을 수 있도록 영상/음성 통신지원 기능의 모바일(안드로이드, iOS) 시스템을 구축-운영 중임

제안요청서
 
사 업 명
웹 기반 글로벌 R&D 전략지도 정보 시스템 구축
주관기관
국가녹색기술연구소
2024. 07. 
국 가 녹 색 기 술 연 구 소
 
Ⅰ
 사업개요 
 사업 개요
 ㅇ 사 업 명 : 웹 기반 글로벌 R&D 전략지도 정보 시스템 구축
 ㅇ 사업목적 : 글로벌 R&D 전략지도의 디지털 기반 기능 구현을 위한 웹 페이지 및 DB 통합 관리체계 구축
 ㅇ 용역기간 : 계약일로부터 6개월
 ㅇ 사업예산 : 96,689,000원(금구천육백육십팔만구천원정, VAT 포함) 이내

다. 광주과학기술원의 업무 특수성에 기반하여 기관 보유 시스템과 지재권관리시스템과의 연계성이 고려되어야 하며, 향후 업무발전성에 기반하여 충분한 시스템 확장성과 유연성이 고려되어야 함.
3. 추진일정
 
 
구	- - 	분
M
 M+1
 M+2
M+3
․ 착수
 - 사업수행계획 수립/보고
․ 분석
 - 현행업무 분석
 - 프로세서/데이터 분석
․ 설계
 - 데이터베이스 설계
 - 화면 설계
 - 프로세서 설계
․ 개발
 - 디자인 및 콘텐츠
 - 프로그래밍 및 코딩
 - 단위테스트
 - 통합테스트
․ 중간보고
․ 완료보고","나노종합기술원에서 발주한 '스마트 팹 서비스 활용체계 구축관련 설비온라인시스템 구축 용역'의 총 예산은 2,358,815,000원이며, 본 장비는 나노기술원의 R&D와 팩토리outputs를 종합적으로 지원하는 핵심 IT 체계 구축 사업입니다."
인천광역시가 추진하는 '인천일자리플랫폼 정보시스템 구축 ISP 수립용역'의 전체 예산은 얼마입니까?,A,하,[],"사업예산 : 194,700,000원(VAT포함)
 4. 사업내용 및 대상
 과업내용 : 하단 기술된 기능 구현이 가능한 패키지SW 도입 및 계양구시설관리공단 업무 환경에 맞는 커스터마이징 실시
 인사, 급여, 예산, 회계(재무/자금/수입/지출/결산/세무)관리 등 업무자료의 유기적 결합 구현
 지출업무의 효율화를 위한 지출 품결의 관리 기능 구축(ERP↔GW 업무영역 간 프로세스 통합 구현)
 정확한 예산 통제 : 지출에 대한 원인행위 및 전표처리 시, 예산(계정)과목별 잔여예산을 실시간으로 체크

계양구시설관리공단 통합정보시스템 도입 용역
과 업 지 시 서
 
 
기획예산실
 
Ⅰ
사업 개요
 1. 사 업 명 : 계양구시설관리공단 통합정보시스템(ERP) 도입 용역
2. 사업목적
 (ERP) 예산회계‧인사 등의 경영관리 업무 지원체계 재확립 필요
 (그룹웨어) 최신 행정업무처리, 소통‧협업 시스템 도입 필요
 (시스템 통합) 이종 시스템간의 연계를 탈피한 통합시스템 도입 필요
 3. 사업기간 및 예산
 사업기간 : 용역 착수일로부터 120일 이내
 사업예산 : 194,700,000원(VAT포함)
 4. 사업내용 및 대상

업무 분석 및 시스템 표준화 분석
 - 인천광역시계양구시설관리공단에 적합한 통합정보시스템(ERP) 선정
 - 인천광역시계양구시설관리공단 담당자 인터뷰 및 요구사항 의견 수렴
 - 세부 기능이 구현된 기능에 커스터마이징 포함
 - 현행(As-is) 분석 및 개선방안 도출
 - 부서별 현행 업무 프로세스 및 업무특성 분석, 개선과제 도출 및 확정
 - To-be 프로세스 설계 및 시스템 구현 방안 수립
 - 조직도 및 기관코드 등 공통 활용 데이터 및 서비스에 대한 표준화 정의

- 계양구시설관리공단 통합정보시스템 운용 및 관리
사업수행자
(용역수행업체)
- 전체 프로젝트 관리
- 일정별 공단 통합정보시스템 구축
- 충분한 컨설팅을 통한 공단 업무 프로세스 정립
- 사업수행 인력관리 및 이슈사항 수시보고 등
- 과업내용의 필수사항에 대한 협의 및 수행
- 계약내용의 준수 및 사업관리부서의 요구사항 수행
 
II
세부 과업내용
1. 시스템 도입 업무 내역

공단 사업의 예산을 통합 조회 및 조정하는 기능
 법인카드, 세금계산서, 지출관리 등의 업무를 온라인 환경에서 처리하는 기능
 PC 메신저 기능
 패키지SW를 도입하여 커스터마이징을 통한 시스템 도입 및 구축
 데이터 이관 완료 시까지 기존 그룹웨어 시스템 유지
5. 사업 추진체계
 
기 관
주요 역할
주관기관
(계양구청)
- 사업계획의 수립, 제안요청서 작성
- 계약체결 및 사업비 집행
- 계양구시설관리공단 통합정보시스템 사업관리 및 검수
- 계양구시설관리공단 통합정보시스템 운용 및 관리
사업수행자
(용역수행업체)","인천광역시가 추진하는 '인천일자리플랫폼 정보시스템 구축 ISP 수립용역'의 전체 예산은 392,000,000원이 있습니다."
한국연구재단이 주도하는 '2024년 기초학문자료센터 시스템 운영 및 연구성과물 DB구축 사업'의 예산 규모는 어떠합니까?,A,하,[],"시스템 운영방안 수립, KRM 시스템 개선방안 수립, KRM 운영 개선방안 수립 등
5. 사업기간 및 사업비
 사업기간 : 계약일로부터 153일
※ 계약추진 일정에 따라 착수일은 변경될 수 있음
 사업금액 : 79,940,000원(부가가치세 포함)
6. 주관기관
 주관기관 : 한국연구재단
7. 기대효과
 기초학문자료센터 사용자의 시스템 사용현황을 세부적으로 파악하여 향후 단기적으로는 시스템 운영에 참고하고 중장기적으로는 시스템 개선방향 수립에 참고
II. 대상 업무 현황
1. 기초학문자료센터(KRM) 정보시스템 소개

항목 지침 변경사항 등 변화에 신속하고 정확하게 대응하며, 기능개선에 대한 사용자 요구를 반영하여 사용자 편의성 강화 필요
 UICC의 효율적인 관리와 운영을 위한 지원 체계 및 각종 기관 요구사항에 대응 필요
3. 주관기관 : 한국연구재단
4. 사업기간 및 사업비
 사업기간 : 계약일로부터 210일
 사업금액 : 129,300,000원(부가세 포함)
 ㅇ 예산 세부내역 
 
구분
금액
비고
 SW 개발비
92,300,000원 이내
- 실태조사 시스템 기능 개선
운영지원 및 
데이터 점검
37,000,000원 이내

II. 대상 업무 현황
1. 기초학문자료센터(KRM) 정보시스템 소개
 
 
 기초학문자료센터(Korean Research Memory, KRM) 정보시스템 : 기초학문자료센터를 구성하는 모든 정보시스템을 총칭하여 이르는 말
 오픈액세스 시스템
 - 연구자간 학술교류활동 지원
 - 타 기관과의 연동에 의한 데이터 수집 및 제공
 연구성과물 통합 검색 시스템
 - 인문사회분야 학술지원사업 연구성과물, 사업정보 및 연구자정보 등 이용자 대상 검색시스템
 - 연구성과물 DB검색은 FRBR 모형을 기반으로 제공됨
 성과물 DB 시스템

제 안 요 청 서
[2024년 기초학문자료센터 시스템 운영 및 
연구성과물 DB구축사업]
 
2024. 7.
 
담 당
부 서 명
성 명
전 화
사 업
인문사회학술지원팀
최우용
042-869-6722
계 약
운영지원팀
이현우
042-869-6232
 
 
이 자료는 한국연구재단 제안서 작성 이외의 목적으로 복제, 전달 및 사용을 금함
목 차
 
 Ⅰ. 사업개요	 - 	 1
Ⅱ. 대상 업무 현황	 - 	 3
 1. 기초학문자료센터 정보시스템 소개	 - 	 3
 2. 시스템 구축 현황	 - 	 4
Ⅲ. 사업 추진 계획	 - 	 6

제 안 요 청 서
[2024년 기초학문자료센터(KRM) 시스템 기능개선]
 
2024. 6.
 
 
 
이 자료는 한국연구재단 제안서 작성 이외의 목적으로 복제, 전달 및 사용을 금함
목 차 
 
 Ⅰ. 사업개요	 - 	 1
Ⅱ. 대상 업무 현황	 - 	 3
 1. 기초학문자료센터 정보시스템 소개	 - 	 3
 2. 시스템 구축 현황	 - 	 4
Ⅲ. 사업 추진 계획	 - 	 6
 1. 추진체계	 - 	 6
Ⅳ. 제안요청 내용	 - 	 7
 1. 목표시스템 구성도	 - 	 7
 2. 제안요청 사항 세부내용	 - 	 7","해당 사업의 예산 규모는 부가가치세를 포함하여 79,940,000원입니다."
한국연구재단의 '대학산학협력활동 실태조사 시스템(UICC) 기능개선' 사업의 목표 달성 후 기대되는 주요 편익은 무엇입니까?,A,하,[],"UICC 시스템 운영 지원
 ㅇ 실태조사 기간 중 발생하는 시스템 오류 개선
 ㅇ 사용자가 원활하게 시스템을 이용할 수 있도록 운영 지원
 ㅇ 클라우드 서버 운영 및 발생 가능한 장애 사전 차단
 ㅇ 실태조사 데이터 오류 점검 및 대학 정보공시 연계 지원
6. 기대 효과
 UICC의 효율적 관리 체계를 구축하여 실태조사를 안정적으로 운영
 실태조사 항목 지침 변경사항을 반영하고 시스템 기능을 개선하여 
사용자 편의성 도모 
 
 
 
 제안요청서
Ⅱ
추진방안
1. 추진목표
 UICC 시스템 기능개선을 통해 이용 편의성 개선

Ⅱ
추진방안
1. 추진목표
 UICC 시스템 기능개선을 통해 이용 편의성 개선
 UICC 시스템 운영 지원을 통해 안정적으로 실태조사 추진
2. 추진전략
 능력과 경험이 풍부한 전문사업자를 주관사업자로 선정
 ㅇ 시스템 구축에 대한 경험이 풍부하고 인력관리, 품질관리 및 유지관리 능력이 우수한 업체를 주관사업자로 선정하여 사업 진행
 ㅇ 재단-대학과의 원활한 소통을 바탕으로 효율적 협력체계 마련
 정보기술 활용전략
 ㅇ 한국연구재단에서 운영하는 기존 정보시스템과 연계 호환성 유지

항목 지침 변경사항 등 변화에 신속하고 정확하게 대응하며, 기능개선에 대한 사용자 요구를 반영하여 사용자 편의성 강화 필요
 UICC의 효율적인 관리와 운영을 위한 지원 체계 및 각종 기관 요구사항에 대응 필요
3. 주관기관 : 한국연구재단
4. 사업기간 및 사업비
 사업기간 : 계약일로부터 210일
 사업금액 : 129,300,000원(부가세 포함)
 ㅇ 예산 세부내역 
 
구분
금액
비고
 SW 개발비
92,300,000원 이내
- 실태조사 시스템 기능 개선
운영지원 및 
데이터 점검
37,000,000원 이내

- KRI 데이터 연계, 오류 알림 인터페이스, 엑셀 다운로드 기능 개선 등
 ㅇ (실태조사 항목 지침 변경사항 반영) 2024년 실태조사 변경사항 반영 
 관리자 활용도 제고를 위한 기능 개선
 ㅇ (시스템 관리자 기능) 학교-학과 코드 관리 방식, 메일 전송 기능 개선
 ㅇ (시스템 데이터 관리) 대학별 및 기간별 접속 현황 등 시스템 데이터 관리 기능 개선
 ㅇ (대학정보공시 연계)대학정보공시 연계 데이터 전송 속도 개선 및 연계 플랫폼과의 데이터 점검 기능 강화
 UICC 시스템 운영 지원

Ⅴ. 제안안내	 - 	58
Ⅵ. 제안서 작성요령	 - 	75
[제안서 작성 참고자료] 표준화 방안	 - 	79
[붙임1] 기술적용계획표	 - 	81
[붙임2] 정량평가 관련 세부기준	 - 	89
첨부서식	 - 	92
 
 
 
 제안요청서
Ⅰ
사업 개요
1. 사업명: 2024년 대학 산학협력활동 실태조사 시스템(UICC) 기능개선
2. 추진배경 및 필요성
 한국연구재단법 제5조, 산업교육진흥 및 산학연협력촉진에 관한 법률 제39조의2 및 제43조에 따라 실시하는 대학 산학협력활동 실태조사를 안정적으로 운영 필요","본 사업의 목표 달성을 거친 후 기대되는 주요 편익은 '대학 산학협력활동의 투명성과 책임성을 강화하기 위해 실태조사의 데이터 오류를 사전에 점검하고, 대학 정보공시와의 연계 데이터 오류를 사전에 차단함으로써 대학의 산학협력 활동에 대한 신뢰도를 높이고, 대학의 연구결과물과 정책 결정의 타당성을 증빙할 수 있는 데이터 기반의 확실한 검증 결과를 제공함으로써 국가의 교육 정책에 대한 투명성과 책임성을 강화하는 것입니다'."
한국수출입은행의 '모잠비크 마푸토 지능형교통시스템(ITS) 사업타당성조사'에서 타당성 조사 대상이 되는 2가지 주요 핵심 시스템 범위를 과업지시서에서 어떻게 명시하고 있나요?,A,중,[],"모잠비크 마푸토 지능형교통시스템(ITS) 구축사업 
타당성조사(F/S) 용역을 위한
제 안 요 청 서 (RFP)
 
2024. 10.
 
 
 
 목 차 
Ⅰ. 제안 안내
 1. 용역 개요 
 2. 사업 추진 일정
Ⅱ. 제안 일반사항
 1. 입찰 및 계약 방법
 2. 입찰공고
 3. 입찰 참가자격
 4. 입찰참가 등록 및 제안서 제출
 5. 입찰시 유의사항
 6. 제안서 평가방법 
 7. 협상대상자 선정 및 협상 절차
 8. 최종낙찰자 유의사항
 9. 기타사항
 10. 용역결과 평가/활용
Ⅲ. 대상사업 개요 및 F/S 과업범위

Ⅱ. 사업 추진 범위
 1. 시스템 개념도 ··························································································· 4 
 2. 주요 업무 내용 ·····················································································

[별첨] : 제출서류 목록 및 관련 서식
Ⅰ. 제안 안내
용역개요 
과 업 명 : 모잠비크 마푸토 지능형교통시스템(ITS) 구축사

Ⅱ. 사업 추진 범위
 1. 시스템 개념도 ··························································································· 4 
 2. 주요 업무 내용 ························································································· 5

제 안 요 청 서
 
 
사 업 명
 SCP 중심의 AML 시스템 구축
주관기관
한국수출입은행
2024. 4. 17.
 
 
 
 
 
 목 차
 
Ⅰ. 제안 개요
 1. 사업개요 	 - 	 1 
 2. 추진 배경 및 필요성	 - 	 1 
 3. 사업 추진 일정 	 - 	 2 
 4. 사업 추진 조직 및 역할 	 - 	 3 
Ⅱ. 사업 추진 범위
 1. 시스템 개념도 	 - 	 4 
 2. 주요 업무 내용 	 - 	 5 
 
Ⅲ. 제안요청 내용
 1. 요구사항 총괄표 	 - 	 8 
 2. 요구사항 상세목록 	 - 	 9",타당성 조사를 대상으로 하는 핵심 시스템은 '국제적 교통망의 통합 관리를 위한 GPS 기반의 대중교통 정보시스템'과 '국내 교통망의 운행 관리와 장애 대응을 위한 ITS 기반의 교통정보시스템'입니다.
한국철도공사의 '예약발매시스템 개량 ISMP 용역' 사업에 있어서 정보화 마스터플랜을 세우게 된 가장 큰 1순위 기술적 배경 원인은 무엇이었습니까?,A,중,[],"경영환경 변화와 이해관계자 요구에 대응하고, 최신 IT기술을 고려하여 업무프로세스 개선방안 및 정보시스템 통합전략․구축계획 수립
 
중장기 정보화 기본계획 및 실행계획 수립-보완
 
 
정보화 동향(정부정책, 신기술 등), 공사 디지털 신경영 방침, 
디지털경영 로드맵, 디지털 400프로젝트 추진 등 면밀한 분석을 통해 
향후 5년간(’25~’29)의 한국철도공사 정보화 전략 수립
2. 추진전략
 
 디지털 전환(DX)을 위한 대-내외 환경 및 현황(업무/정보시스템) 분석

제안요청서
예약발매시스템 개량 ISMP 용역
2024. 4.
 
 
담당
디지털융합본부
(디지털영업처)
처장 정상기
TEL: 042-615-5670
FAX: 02-361-8269
부장 오강섭
TEL: 042-615-5671
대리 신형섭
TEL: 042-615-5678
 
한국철도공사
 
 
 
 1. 사업 개요	 - 	1
 가. 사업개요	 - 	1
 나. 추진배경 및 필요성 	 - 	1
 2. 현황 및 문제점	 - 	2
 가. 시스템 구성 현황 	 - 	2
 나. 문제점 	 - 	4
 3. 추진방안	 - 	5

바. 보안특약 조항 	 - 	67
 9. 기타 사항	 - 	72
 가. 하자담보 책임기간 	 - 	72
 나. 작업장소 상호 협의 	 - 	72
 마. 과업심의위원회	 - 	73
 바. 소프트웨어사업 영향평가	 - 	73
 10. 별지서식 및 붙임 	 - 	74
 
Ⅰ
사업 개요 
가. 사업개요
 1. 사 업 명 : 예약발매시스템 개량 ISMP 용역
 2. 사업기간 : 체결일로부터 5개월 이내
 3. 사 업 비 : 470백만원 (VAT포함) 
 4. 계약방법 : 제한경쟁입찰 / 협상에 의한 계약
나. 추진배경 및 필

라. 사업자 선정 : 제한경쟁입찰 / 협상에 의한 계약(기술 90%, 가격 10%)
 * (입찰자격) 소프트웨어사업자 등 록업체(대기업 참여제한)
2. 추진배경
 디지털 경영 방침, 디지털 경영 로드맵, 디지털 400프로젝트 추진 등 변화된 경영 환경을 반영한 중장기 정보화 전략 수정․보완 필요
 * 철도정보화 업무처리 규정 제9조 중-장기 계획 수립
 ** `22.7월 중장기 정보화 전략 기본 계획(`22∼`26) 수정-보완

제안요청서
중장기 정보화전략계획(ISP) 수정-보완 용역
2024. 5.
 
담당
디지털융합본부
(디지털기획처)
처장 강건호
TEL: 042-615-4300
FAX: 02-361-8375
부장 최종창
TEL: 042-615-4302
차장 정부원 
TEL: 042-615-4309
 
한국철도공사
 
 Ⅰ. 사업 개요	 - 	1
 Ⅱ. 주요현황	 - 	2
 Ⅲ. 추진방안	 - 	5
 Ⅳ. 제안요청 내용	 - 	9
 Ⅴ. 제안서 평가 및 사업자 선정 안내	 - 	23
 Ⅵ. 기술제안서 작성	 - 	37",정보화 마스터플랜을 세우는 핵심 기술적 배경 원인은 '국가정보자원관리원에서 발주한 국가정보자원 관리시스템(NICMS) 고도화 지원'이라는 정부의 정책적 요구사항 때문입니다.
"인천공항운영서비스의 '차세대 ERP시스템 구축' 사업(9억 9,635만 원) 예산이 다른 발주 예정이던 모바일오피스 고도화 및 ISP 수립 명목으로 절반(50%)씩 임의 배정 전환된다고 가정했을 때, 모바일오피스 고도화에 대체 투입되는 산술적 초기 예산 금액은 얼마가 됩니까?",A,상,[],"3. 제안서 평가 방법 	 - 	57
 4. 우선협상자 선정 및 협상순서	 - 	61
 5. 유의사항	 - 	61
서식	 - 	62
 
Ⅰ
 사업 개요
1. 사업명 : 인천공항운영서비스 차세대 ERP시스템 구축 사업
2. 사업기간 : 계약 체결일로부터 9개월 (안정화 기간 포함)
 추진 일정은 사업 기간 내에 과제별 특성에 따라 제안하고 협의 가능
3. 사업예산 : 996,356,000원(부가세 별도)
 시스템구축 비용 및 클라우드서비스 사용료(1년간) 포함
4. 계약방법 : 제한경쟁입찰(협상에 의한 계약)
 
Ⅱ

5. 제안요청 내용	 - 	7
 6. 제안서 작성요령	 - 	99
 7. 제안서 평가 및 선정 안내	 - 	105
 8. 보안 준수사항	 - 	124
 9. 기타사항	 - 	136
 10. 별지서식 및 붙임	 - 	 141
 
1
사업 개요
 사업목적
 (모바일 업무지원 확대) 모바일오피스 사용량 증가에 따른 사용자 편의성, 처리속도 개선 및 기능 강화로 모바일 업무지원 확대
 (서비스 연속성 확보) 시스템 사용요구에 대한 부하 분산으로 원활하고 안정적인 업무지원 서비스 제공
 사업개요
 사 업 명 : 모바일오피스 시스템 고도화

인천일자리플랫폼 정보시스템 구축 ISP 수립용역
ㅣ
제안요청서
 
 
 
 인천광역시
 
경제정책과
 
 순 서 -
Ⅰ. 사업개요	 - 	 1
Ⅱ. 사업내용	 - 	 2
Ⅲ. 시스템현황	 - 	 4
Ⅳ. 사업추진방안	 - 	 5
Ⅴ. 과업요구사항	 - 	 6
 1. 요구사항 정의표	 - 	 6
 2. 요구사항 상세	 - 	 7
 
Ⅰ
사업개요
 
 사업일반
 가. 사 업 명 : 인천일자리플랫폼 정보시스템 구축 ISP 수립
 나. 사업기간 : 계약일로부터 3개월
 다. 사업예산 : 금100,000천원(금일억원) 범위내

나. 사업예산 : 7,875,542천원 이내(부가가치세 포함)
 
3 
 사업범위
 차세대 외자시스템 구축사업은 기본 구축방향에 따른 효율적인 사업관리를 위해 업무 유사성 등을 고려한 4개 구축 과제로 구분하여 추진하며 동 사업은 “Ⅰ.자산운용 S/W 도입”과 “Ⅱ.외화자산운용지원시스템 개발“ 중 자산운용 S/W와 대내외 연계 기능, 자산운용 S/W내 정형보고서” 등을 포함
 * 세부 구축범위는 <첨부 5> “요구사항 상세” 참조
차세대 외자시스템 구축 범위
 
Ⅰ
고수준의 일관체계 구현을 위한 
자산운용 S/W 도입
Ⅲ

사업예산 : 1,515,000천원 (부가세 포함)
 계약방법 : 제한경쟁입찰(협상에 의한 계약)
 평가방식 : 기술평가(90%)/가격평가(10%)
2. 추진 배경 및 필요성
 (시스템 노후화) 그룹웨어 및 기록물관리, 사내SNS(별별얘기), 메신저 시스템 노후화로 SW의 기술지원 종료, 요구사항 증가로 인한 설계 한계 초과 및 서비스 질 저하 등 개선 필요
 (정부권장정책 적용) 비표준(ActiveX), IE 종속성 및 보안취약점 제거 등 관련 정부 정책에 대응이 가능한 시스템 구축 필요","양 사업의 예산 총 합산액은 199,350,000원(50,000만 원) + 15,754,542원 = 215,104,542원입니다."
인천광역시 인천일자리플랫폼 ISP 사업(1억)과 인천광역시 도시계획위원회 시스템 사업(1.5억)의 사업비 배정액 합계는 얼마입니까?,B,하,[],"사업예산 : 194,700,000원(VAT포함)
 4. 사업내용 및 대상
 과업내용 : 하단 기술된 기능 구현이 가능한 패키지SW 도입 및 계양구시설관리공단 업무 환경에 맞는 커스터마이징 실시
 인사, 급여, 예산, 회계(재무/자금/수입/지출/결산/세무)관리 등 업무자료의 유기적 결합 구현
 지출업무의 효율화를 위한 지출 품결의 관리 기능 구축(ERP↔GW 업무영역 간 프로세스 통합 구현)
 정확한 예산 통제 : 지출에 대한 원인행위 및 전표처리 시, 예산(계정)과목별 잔여예산을 실시간으로 체크

계양구시설관리공단 통합정보시스템 도입 용역
과 업 지 시 서
 
 
기획예산실
 
Ⅰ
사업 개요
 1. 사 업 명 : 계양구시설관리공단 통합정보시스템(ERP) 도입 용역
2. 사업목적
 (ERP) 예산회계‧인사 등의 경영관리 업무 지원체계 재확립 필요
 (그룹웨어) 최신 행정업무처리, 소통‧협업 시스템 도입 필요
 (시스템 통합) 이종 시스템간의 연계를 탈피한 통합시스템 도입 필요
 3. 사업기간 및 예산
 사업기간 : 용역 착수일로부터 120일 이내
 사업예산 : 194,700,000원(VAT포함)
 4. 사업내용 및 대상

업무 분석 및 시스템 표준화 분석
 - 인천광역시계양구시설관리공단에 적합한 통합정보시스템(ERP) 선정
 - 인천광역시계양구시설관리공단 담당자 인터뷰 및 요구사항 의견 수렴
 - 세부 기능이 구현된 기능에 커스터마이징 포함
 - 현행(As-is) 분석 및 개선방안 도출
 - 부서별 현행 업무 프로세스 및 업무특성 분석, 개선과제 도출 및 확정
 - To-be 프로세스 설계 및 시스템 구현 방안 수립
 - 조직도 및 기관코드 등 공통 활용 데이터 및 서비스에 대한 표준화 정의

공단 사업의 예산을 통합 조회 및 조정하는 기능
 법인카드, 세금계산서, 지출관리 등의 업무를 온라인 환경에서 처리하는 기능
 PC 메신저 기능
 패키지SW를 도입하여 커스터마이징을 통한 시스템 도입 및 구축
 데이터 이관 완료 시까지 기존 그룹웨어 시스템 유지
5. 사업 추진체계
 
기 관
주요 역할
주관기관
(계양구청)
- 사업계획의 수립, 제안요청서 작성
- 계약체결 및 사업비 집행
- 계양구시설관리공단 통합정보시스템 사업관리 및 검수
- 계양구시설관리공단 통합정보시스템 운용 및 관리
사업수행자
(용역수행업체)

- 계양구시설관리공단 통합정보시스템 운용 및 관리
사업수행자
(용역수행업체)
- 전체 프로젝트 관리
- 일정별 공단 통합정보시스템 구축
- 충분한 컨설팅을 통한 공단 업무 프로세스 정립
- 사업수행 인력관리 및 이슈사항 수시보고 등
- 과업내용의 필수사항에 대한 협의 및 수행
- 계약내용의 준수 및 사업관리부서의 요구사항 수행
 
II
세부 과업내용
1. 시스템 도입 업무 내역","두 사업의 총 합산 예산액은 25,470,000,000원이 됩니다."
한국연구재단의 '기초학문자료센터 시스템(e-R&D) 운영' 예산과 'UICC 기능개선' 예산 사이의 자금 투자 격차는 얼마입니까?,B,하,[],"항목 지침 변경사항 등 변화에 신속하고 정확하게 대응하며, 기능개선에 대한 사용자 요구를 반영하여 사용자 편의성 강화 필요
 UICC의 효율적인 관리와 운영을 위한 지원 체계 및 각종 기관 요구사항에 대응 필요
3. 주관기관 : 한국연구재단
4. 사업기간 및 사업비
 사업기간 : 계약일로부터 210일
 사업금액 : 129,300,000원(부가세 포함)
 ㅇ 예산 세부내역 
 
구분
금액
비고
 SW 개발비
92,300,000원 이내
- 실태조사 시스템 기능 개선
운영지원 및 
데이터 점검
37,000,000원 이내

Ⅱ
추진방안
1. 추진목표
 UICC 시스템 기능개선을 통해 이용 편의성 개선
 UICC 시스템 운영 지원을 통해 안정적으로 실태조사 추진
2. 추진전략
 능력과 경험이 풍부한 전문사업자를 주관사업자로 선정
 ㅇ 시스템 구축에 대한 경험이 풍부하고 인력관리, 품질관리 및 유지관리 능력이 우수한 업체를 주관사업자로 선정하여 사업 진행
 ㅇ 재단-대학과의 원활한 소통을 바탕으로 효율적 협력체계 마련
 정보기술 활용전략
 ㅇ 한국연구재단에서 운영하는 기존 정보시스템과 연계 호환성 유지

- 실태조사 시스템 기능 개선
운영지원 및 
데이터 점검
37,000,000원 이내
- 실태조사 시스템 운영지원
- 실태조사 데이터 검증 및 보정
5. 사업 내용
 UICC 시스템 기능개선 ※ 세부 내용은 “Ⅳ. 제안요청사항” 참고
 ㅇ (데이터 입력 기능) 데이터 입력 오류 개선 및 정확성 제고

UICC 시스템 운영 지원
 ㅇ 실태조사 기간 중 발생하는 시스템 오류 개선
 ㅇ 사용자가 원활하게 시스템을 이용할 수 있도록 운영 지원
 ㅇ 클라우드 서버 운영 및 발생 가능한 장애 사전 차단
 ㅇ 실태조사 데이터 오류 점검 및 대학 정보공시 연계 지원
6. 기대 효과
 UICC의 효율적 관리 체계를 구축하여 실태조사를 안정적으로 운영
 실태조사 항목 지침 변경사항을 반영하고 시스템 기능을 개선하여 
사용자 편의성 도모 
 
 
 
 제안요청서
Ⅱ
추진방안
1. 추진목표
 UICC 시스템 기능개선을 통해 이용 편의성 개선

Ⅴ. 제안안내	 - 	58
Ⅵ. 제안서 작성요령	 - 	75
[제안서 작성 참고자료] 표준화 방안	 - 	79
[붙임1] 기술적용계획표	 - 	81
[붙임2] 정량평가 관련 세부기준	 - 	89
첨부서식	 - 	92
 
 
 
 제안요청서
Ⅰ
사업 개요
1. 사업명: 2024년 대학 산학협력활동 실태조사 시스템(UICC) 기능개선
2. 추진배경 및 필요성
 한국연구재단법 제5조, 산업교육진흥 및 산학연협력촉진에 관한 법률 제39조의2 및 제43조에 따라 실시하는 대학 산학협력활동 실태조사를 안정적으로 운영 필요","두 사업 간의 예산 격차는 1,295,200,000원입니다."
"한국수출입은행의 모잠비크 마푸토 ITS 사업(약 12.4억)과 한국가스공사의 차세대 ERP 시스템 사업(약 141.0억) 중 어느 쪽이 사업규모가 더 크며, 그 기관의 이름은 무엇입니까?",B,하,[],"모잠비크 마푸토 지능형교통시스템(ITS) 구축사업 
타당성조사(F/S) 용역을 위한
제 안 요 청 서 (RFP)
 
2024. 10.
 
 
 
 목 차 
Ⅰ. 제안 안내
 1. 용역 개요 
 2. 사업 추진 일정
Ⅱ. 제안 일반사항
 1. 입찰 및 계약 방법
 2. 입찰공고
 3. 입찰 참가자격
 4. 입찰참가 등록 및 제안서 제출
 5. 입찰시 유의사항
 6. 제안서 평가방법 
 7. 협상대상자 선정 및 협상 절차
 8. 최종낙찰자 유의사항
 9. 기타사항
 10. 용역결과 평가/활용
Ⅲ. 대상사업 개요 및 F/S 과업범위

[별첨] : 제출서류 목록 및 관련 서식
Ⅰ. 제안 안내
용역개요 
과 업 명 : 모잠비크 마푸토 지능형교통시스템(ITS) 구축사

5. 제출서류 ·································································································· 105 

 
 
 
Ⅰ 제안 개요

1. 사업 개요

□ 사 업 명 : 국가결산체계 개편에 따른 국가회계시스템 고도화

□ 사업기간 : 계약 체결일로부터 12개월 이내

- 사업 일정은 한국수출입은행(“당행”)의 사정에 따라 변경 가능

- 시스템 구축 및 안정화 기간 포함

제안 개요
 1. 사업 개요 -
 사 업 명 : 국가결산체계 개편에 따른 국가회계시스템 고도화
 사업기간 : 계약 체결일로부터 12개월 이내
 - 사업 일정은 한국수출입은행(“당행”)의 사정에 따라 변경 가능
 - 시스템 구축 및 안정화 기간 포 함
 사업예산 : 1,427,000,000원 범위 내 ( 일십사억이천칠백만원, 부가가치세 포함)
 계약방법 : 제한경쟁입찰 (협상에 의한 계약) 
 2. 추진 배경 -

시스템 구축
분석-설계
개발 및 테스트
가동 및 안정화
* 세부 일정은 사업 추진과정에서 일부 변경될 수 있음
4. 사업 추진 조직 및 역할
 
구 분
부서명
주요 역할
한국
수출입
은행
 정보시스템부
시스템 구축 사업 총괄 관리
 - 시스템 개발 요구사항 검토, 업무분석 및 설계
 - 시스템 구축 검증 및 단계별 산출물 검사
 - 이슈, 위험, 변경사항 등에 대한 의사결정 
 - 테스트 실시, 산출물 검토 및 프로젝트 검수
 자금결제부
업무요건 정의 및 펌뱅킹 서비스 계약 추진
 - 업무 요구사항 검토, 업무분석 및 설계 지원","아래 문서에 따르면 한국가스공사가 투입하는 사업 규모는 14,100,000,000원으로 훨씬 큰 규모입니다. 따라서 사업 규모가 더 크다는 것은 한국가스공사입니다."
한국수자원공사의 사고분석솔루션 사업비용(1.9억)이 한국연구재단의 UICC 시스템 예산(1.2억)을 초과합니까 아니면 그 반대입니까?,B,하,[],"1. 제안공모 개요
 1.1 일반사항
 1.1.1 사업개요
 가. 사 업 명 : 수도사업장 통합 사고분석솔루션 시범구축 용역
 나. 사업금액 : 일금 일억구천오백삼만원정( 195,030,000, VAT포함)
 다. 사업기간 : 착수일로부터 120일간
※ [붙임 1] 소프트웨어 개발사업의 적정 사업기간 종합 산정서 참조
 라. 구축장소 : 수도통합지원센터(iSC), 유역별 1개소 시범사업장
 마. 사업범위
 (1) 수도사업장 운영, 경보, 제어, 영상정보 통합관리체계 개발	- - 		- - 	1식

수도사업장 통합 사고분석솔루션 시범구축 용역
제안요청서
(RFP : Request For Proposal)
2024. 5.
 
 유역-지방상수도처
 
- 목 차 -
1. 제안공모 개요
 1.1 일반사항
 1.2 제안참가 안내
 1.3 제안요구 사항
 1.4 제안서 작성요령
 1.5 기타사항
2. 제안자를 위한 정보
 2.1 K-water 일반정보
 2.2 대상시스템 현황
3. 제안요청 내용
 3.1 과업수행개요
 3.2 과업범위
[별첨] 제안서 평가기준 및 작성양식
 1. 제안공모 개요
 1.1 일반사항
 1.1.1 사업개요

(2) 통합 사고분석솔루션 웹서비스 시범구축 	- - 		- - 		- - 		- - 	1식
 1.1.2 제안참가 자격 : 입찰공고문에 따름
 1.1.3 수행방법 : 도급용역
 1.1.4 과업수행 장소
 가. 계약상대자는 SW사업 수행을 위하여 필요한 장소 및 설비, 기타 작업환경(이하 “작업장소 등” 이라고 한다)을 상호 협의하여 결정한다.

마. 공동수급체 구성
본 사업에서 전체 사업금액 대비 10%를 초과하여 하도급하려는 경우, 소프트웨어 진흥법 제51조 제6항에 따라 하수급인과 공동수급체를 구성하여 참여해야 하며, 공동수급체를 구성하지 못하는 불가피한 사정이 있는 경우 그 사유를 제시하여야 함
 1.1.7 사업자 선정 방식
 가. 본 사업의 사업자 선정은 국가를 당사자로 하는 계약에 관한 법률 시행령 제43조 및 제43조의2의 규정에 따라 한국수자원공사(이하 “K-water”라 함) 협상에 의한 계약 체결기준 을 적용함

1.1.4 공동도급에 관한 사항: 입찰공고문에 따름
 1.1.5 계약상대자 선정방식
 가. 본 사업의 계약상대자 선정은 국가를 당사자로 하는 계약에 관한 법률 시행령 제43조 및 제43조의2에 따라 한국수자원공사(이하 “K-water""라 함) 협상에 의한 계약체결 기준 을 적용함
 나. 제안서 평가항목 및 배점한도는 별첨 ”제안서 평가기준 및 작성양식“ 참고
 1.1.6 하자보수보증금율 및 하자담보 책임기간
 가. 하자보수보증금율: 총 계약금액의 2/100
 나. 하자담보 책임기간: 준공검사 완료일로부터 1년간","네, 한국수자원공사의 사업비용(1.9억)은 한국연구재단의 UICC 시스템 예산(1.2억)을 초과합니다."
"한국철도공사의 두 시스템, '모바일오피스 고도화'와 '예약발매시스템 개량 ISMP'의 기술 요구 과업 측면에서 어떤 공통된 사용자 인터페이스(UX) 지향점을 보이고 있습니까?",B,중,[],"제안요청서
예약발매시스템 개량 ISMP 용역
2024. 4.
 
 
담당
디지털융합본부
(디지털영업처)
처장 정상기
TEL: 042-615-5670
FAX: 02-361-8269
부장 오강섭
TEL: 042-615-5671
대리 신형섭
TEL: 042-615-5678
 
한국철도공사
 
 
 
 1. 사업 개요	 - 	1
 가. 사업개요	 - 	1
 나. 추진배경 및 필요성 	 - 	1
 2. 현황 및 문제점	 - 	2
 가. 시스템 구성 현황 	 - 	2
 나. 문제점 	 - 	4
 3. 추진방안	 - 	5

경영환경 변화와 이해관계자 요구에 대응하고, 최신 IT기술을 고려하여 업무프로세스 개선방안 및 정보시스템 통합전략․구축계획 수립
 
중장기 정보화 기본계획 및 실행계획 수립-보완
 
 
정보화 동향(정부정책, 신기술 등), 공사 디지털 신경영 방침, 
디지털경영 로드맵, 디지털 400프로젝트 추진 등 면밀한 분석을 통해 
향후 5년간(’25~’29)의 한국철도공사 정보화 전략 수립
2. 추진전략
 
 디지털 전환(DX)을 위한 대-내외 환경 및 현황(업무/정보시스템) 분석

※ 소프트웨어 진흥법 제48조 내지 제49조, 소프트웨어 진흥법 시행령 제44조에 근거
 주요내용
 모바일오피스의 사용편의성 개선을 위한 시스템 전면 개량
 설치 및 사용이 용이하도록 어플리케이션 통합, 소스코드 고도화
 모바일오피스 운영서버 이중화로 서비스 연속성 확보
 
2
운영 현황
 모바일오피스
 ‘19.5월 사용개시 이후 지속적으로 사용자 증가, 일평균 약 1.7만명 접속(‘23년 기준)
* ’20년 4,613명, ’21년 6,852명, ’22년 12,162명, ’23년 17,339명 일평균 접속
 
기 능
세 부 기 능

사용성이 고려되지 않은 UI/UX로 직관적 사용이 어려움
 반응속도가 느리며, 오류로 앱 중지-종료 현상 빈번히 발생
 모바일오피스와 업무전용앱이 이원화 운영되고 있어 관리-유지보수, 필요기능 사용 불편 
 운영서버 내구연한 초과 및 단일 구성으로 인해 서버 장애가 발생할 경우 업무지원 앱(모바일사원증, 모바일오피스, 업무전용앱 등) 사용불가
 
3
사업 내용
 사용자 편의성 중심의 시스템 개선
 사용자 중심의 UI/UX 신규 설계 및 적용
 - 메인화면을 자주 사용하는 메뉴로 구성할 수 있도록 개인화

바. 보안특약 조항 	 - 	67
 9. 기타 사항	 - 	72
 가. 하자담보 책임기간 	 - 	72
 나. 작업장소 상호 협의 	 - 	72
 마. 과업심의위원회	 - 	73
 바. 소프트웨어사업 영향평가	 - 	73
 10. 별지서식 및 붙임 	 - 	74
 
Ⅰ
사업 개요 
가. 사업개요
 1. 사 업 명 : 예약발매시스템 개량 ISMP 용역
 2. 사업기간 : 체결일로부터 5개월 이내
 3. 사 업 비 : 470백만원 (VAT포함) 
 4. 계약방법 : 제한경쟁입찰 / 협상에 의한 계약
나. 추진배경 및 필","두 시스템 모두 사용자 인터페이스(UX)에 대한 강력한 지향점을 가지고 있습니다. 모바일오피스는 '사용성이 고려되지 않은 UI/UX로 직관적 사용이 어려움'과 같은 불편한 UI를 개선하기 위해 사용자 중심의 UI/UX을 새롭게 설계해야 하는 필요성을 강조합니다. 반면, 예약발매시스템 ISMP는 기존 시스템의 '어플리케이션 통합 및 UI/UX 개선'을 통해 사용자 편의성과 직관성을 향상시키려는 목표를 갖습니다."
인천광역시가 발주한 '도시계획위원회 통합관리시스템' 조직의 주된 사용자층과 경희대학교의 '산학협력단 정보시스템 운영' 용역 조직 사용자층의 핵심 목표 차이는 무엇으로 구분됩니까?,B,중,[],"※ 본 사업은 용역 수행 방식, 입찰 효율성, 평가 방법, 계약관리 효율성 및 계약이행 용이성 등을 고려하여 시행되는 사업임.
2. 추진배경 및 필요성
 가. 대학 중장기발전계획 “INDUK VISION2025”와 전문대학 혁신지원사업 계획에 따른 클라우드 기반의 정보화 수립 계획 추진
 나. 교육부 2024년 전문대학 혁신지원사업[일반재정지원] 기본계획 발표
 다. 대내외적 교육환경 다변화에 따른 다양한 교육과정 및 이수과정 대응 필요
 라. 융합 및 마이크로트랙 운영에 필요한 평가 체계 개선 필요

※ 본 사업은 용역 수행 방식, 입찰 효율성, 평가 방법, 계약관리 효율성 및 계약이행 용이성 등을 고려하여 시행되는 사업임.
2. 추진배경 및 필요성
 가. 대학 중장기발전계획 “INDUK VISION2025”와 전문대학 혁신지원사업 계획에 따른 클라우드 기반의 정보화 수립 계획 추진
 나. 교육부 2024년 전문대학 혁신지원사업[일반재정지원] 기본계획 발표
 다. 대내외적 교육환경 다변화에 따른 다양한 교육과정 및 이수과정 대응 필요
 라. 융합 및 마이크로트랙 운영에 필요한 평가 체계 개선 필요

나. 트랙제 교육과정 기반의 다양한 트랙 융합교육 이수 요건 정립
 다. 교수자의 교육과정 개발 및 수업 능력 향상을 위한 제도의 시스템화
 라. 융합 및 모듈형 마이크로트랙에 따른 교수의 학생 평가 체계 개선
 마. 동반되는 학사 및 비학사 업무에 대한 처리 프로세스 확립 및 시간 단축
 
Ⅱ
 대학 현황 
1. 대학 건학이념 및 인재상
 
 
2. 대학 비전 및 중장기발전 목표
 
 
3. 대학 특성화 및 혁신 목표
 
 
4. 정보화 현황
 가. 주요 시스템 현황
 
명칭
개발환경
비고
차세대종합정보시스템
데이터베

나. 트랙제 교육과정 기반의 다양한 트랙 융합교육 이수 요건 정립
 다. 교수자의 교육과정 개발 및 수업 능력 향상을 위한 제도의 시스템화
 라. 융합 및 모듈형 마이크로트랙에 따른 교수의 학생 평가 체계 개선
 마. 동반되는 학사 및 비학사 업무에 대한 처리 프로세스 확립 및 시간 단축
 
Ⅱ
 대학 현황 
1. 대학 건학이념 및 인재상
 
 
2. 대학 비전 및 중장기발전 목표
 
 
3. 대학 특성화 및 혁신 목표
 
 
4. 정보화 현황
 가. 주요 시스템 현황
 
명칭
개발환경
비고
차세대종합정보시스템
데이터베이스

학과 지원 및 관리에 필요한 구매/자산 업무 신규 발생
 나. 개선 방향
 1) 학사 제도 유연화 및 시스템 추가 개발에 따른 학사 동반 업무 대응
 2) 교육과정, 이수과정, 모듈형 마이크로트랙 신청 및 이수 처리 등의 다양화
 3) 학사구조 유연화에 따른 학과 운영 체계 기반 마련
2. 추진체계 및 역할
 가. 조직 및 역할
 
구분
조직
역할
비고
인덕대학교
사업 진행 자문 및 평가 위원
사업 시행 및 진행 등 기술 자문
사업 보안 사항 검토 및 이행 확인
사업수행 제안서 평가
행정부서","인천광역시의 도시계획위원회 통합관리시스템 조직의 사용자층은 '지방자치기관의 행정기관 및 지방자치단체의 기관 및 개인'이며, 경희대학교 산학협력단 정보시스템 운영 조직의 사용자층은 '교수 및 연구원'입니다."
"인천공항운영서비스 차세대 ERP, 한국가스공사 차세대 통합정보시스템(ERP) 양대 사업의 전체 배정 예산을 합산 계산하고, 양사가 채택 및 구축하려 하는 핵심 ERP 소프트웨어 기반 솔루션 명칭이 공통적으로 동일한지 혹은 상이한지 비교하여 설명해주십시오.",B,상,[],"과 업 지 시 서
- 차세대 통합정보시스템(ERP) 구축 -
2024. 8.
 
 
목차
Ⅰ. 개요
Ⅱ. 과업내용
Ⅲ. 일반사항
 
 1. 사 업 명 : 차세대 통합정보시스템(ERP) 구축
Ⅰ 
 개요 
2. 사업목적
 기술지원 종료(‘27년)에 대비한 ERP 업그레이드
 - 제조사(SAP )의 기술지원 종료 이후 세법 개정, 보안취약점 발생시 원활한 대응이 불가 등 기술지원 종료 대비한 선제적 대응으로 안정적 서비스 제공
 정보시스템 복잡도 해소 및 접근‧활용 간소화로 업무생산성 향상

3. 사업기간 : 계약일로부터 28개월
 소프트웨어 사업수행 적정 사업기간 산정기준에 따른 사업
 사업기간 종료 후 1년간 무상하자보수 실시 (시스템 안정화 지원계획 제출)
4. 주요 사업내용
 SAP ERP Conversion
 - SAP ERP ECC 6.0 → S/4 HANA ERP로 전환
 - ERP 전환 신규 인프라 구축 및 인터페이스 개선
 - HTML5 기반의 Web Service 제공 (BSP화면 웹전환 포함)
 업무 프로세스 개선(PI) 및 고도화 개발
 - KOGAS 전사 업무 프로세스 표준화

* SAP ERP 기능 고도화 과업은 34개 과제를 기준으로 추정가격을 산출하였음(기능점수 기준 920FP 상당). 단, 사업 진행 최종 확정된 과제를 기준으로 개발규모(최종 기능점수)를 재산정하여 과업 변경이 필요한 경우 과업 및 그에 따른 계약 변경 예정
 - SAP 컨버전 후 최종 확정된 업무별 시스템 기능 개선 요구사항 반영
 생산공급 시스템 재구축
 - KOGAS 핵심 업무인 천연가스 생산/공급 업무 시스템 재구축
 - 표준 업무 프로세스 기반 기능 고도화, 데이터 분석 및 활용 서비스 개발

정보시스템 복잡도 해소 및 접근‧활용 간소화로 업무생산성 향상
 - ‘09년 도입 이후 종합적인 개선 없이 단편적 수정으로 복잡도 증가 및 대사-검증 등 수작업에 따른 비효율 해소
* 원가결산, 급여정산 등 검증을 위한 수작업 및 대용량 데이터 처리시 속도지연 발생
 - 시스템 접근, 데이터 탐색‧활용 간소화로 사용자 편의 및 데이터 기반의 업무환경 마련
* KOGAS 디지털 전환 전략 수립 설문결과(임직원 45%, 데이터 탐색불가로 불편 호소)
3. 사업기간 : 계약일로부터 28개월

- 표준 업무 프로세스 기반 기능 고도화, 데이터 분석 및 활용 서비스 개발
 - 생산/공급 현장의 실시간 운전정보에 대한 트렌드, 통계치 등 시각화 구현
 전사 포털 및 사용자 맞춤형 업무 포털 신규 구축
 - 다양한 브라우저에서 서비스가 가능한 웹 표준 기반 서비스 구현
 - 직관적인 메인화면 구성 및 각 업무시스템 화면이동 최적화
 - 최신 트렌드에 부합하는 다양한 게시판 및 화면 구성
 - 전사 공통 업무 및 정보로 구성된 전사 포털 개발
 - 개인 업무 맞춤형 정보를 제공하는 업무 포털 개발","두 사업의 총 합산 예산은 각각 7,000,000,000원(29억 원)과 9,500,000,000원(95억 원)이며, 이 두 사업 모두 인천공항 운영망과 한국가스공사의 IT 환경을 통합하기 위해 'SAPHANA'라는 공통적인 SAP ERP 솔루션을 선택했습니다."
"한국수출입은행의 모잠비크 마푸토 ITS 타당성 예산, 인천공항운영서비스 차세대 ERP 예산, 인천광역시 인천일자리플랫폼 ISP 수립용역 예산 총 3개 인프라 사업의 총 예산액을 정확히 구하고, 세 과업지시서가 보여주는 프로젝트 라이프사이클상의 입지(계획 단계인지 구축 단계인지)가 어떻게 구분되는지 분류해 보시오.",B,상,[],"모잠비크 마푸토 지능형교통시스템(ITS) 구축사업 
타당성조사(F/S) 용역을 위한
제 안 요 청 서 (RFP)
 
2024. 10.
 
 
 
 목 차 
Ⅰ. 제안 안내
 1. 용역 개요 
 2. 사업 추진 일정
Ⅱ. 제안 일반사항
 1. 입찰 및 계약 방법
 2. 입찰공고
 3. 입찰 참가자격
 4. 입찰참가 등록 및 제안서 제출
 5. 입찰시 유의사항
 6. 제안서 평가방법 
 7. 협상대상자 선정 및 협상 절차
 8. 최종낙찰자 유의사항
 9. 기타사항
 10. 용역결과 평가/활용
Ⅲ. 대상사업 개요 및 F/S 과업범위

시스템 구축
분석-설계
개발 및 테스트
가동 및 안정화
* 세부 일정은 사업 추진과정에서 일부 변경될 수 있음
4. 사업 추진 조직 및 역할
 
구 분
부서명
주요 역할
한국
수출입
은행
 정보시스템부
시스템 구축 사업 총괄 관리
 - 시스템 개발 요구사항 검토, 업무분석 및 설계
 - 시스템 구축 검증 및 단계별 산출물 검사
 - 이슈, 위험, 변경사항 등에 대한 의사결정 
 - 테스트 실시, 산출물 검토 및 프로젝트 검수
 자금결제부
업무요건 정의 및 펌뱅킹 서비스 계약 추진
 - 업무 요구사항 검토, 업무분석 및 설계 지원

제 안 요 청 서
 
 
사 업 명
 국가결산체계 개편에 따른
국가회계시스템 고도화
주관기관
한국수출입은행
2025. 1. .
 
 
 
 목 차
 
Ⅰ. 제안 개요
 1. 사업 개요 	 - 	 1 
 2. 추진 배경	 - 	 1 
 3. 사업 추진 일정 	 - 	 2 
 4. 사업 추진 조직 및 역할 	 - 	 3 
Ⅱ. 사업 추진 범위
 1. 시스템 개념도 	 - 	 4 
 2. 주요 업무 내용 	 - 	 5 
 
Ⅲ. 제안요청 내용
 1. 요구사항 총괄표 	 - 	 7 
 2. 요구사항 상세목록 	 - 	 8

[별첨] : 제출서류 목록 및 관련 서식
Ⅰ. 제안 안내
용역개요 
과 업 명 : 모잠비크 마푸토 지능형교통시스템(ITS) 구축사

기금 결산 업무 지원
3. 시스템구축
분석-설계
개발 및 테스트
가동, 안정화 및 결산 지원
 ※ 기획재정부 국가결산보고서 개편 시스템 구축사업 에 따른 당행의 ’25년도 국가회계 시범결산, 가결산 참여 지원 포함
 ※ 세부 일정은 사업추진 과정 및 기획재정부 국가결산보고서 개편 시스템 구축사업 추진 일정에 따라 일부 변경될 수 있음
4. 사업 추진 조직 및 역할
 
구 분
부 서 명
주 요 역 할
 한국
수출입
은행
 경협총괄부
 프로젝트 관리","이 3개 인프라 사업의 합산 예산액은 13,000,000,000원이며, 세 사업 중 건설업 분야의 '마푸토 ITS 타당성 조사'와 정부인프라 분야의 '인천공항 ERP 운영서비스'는 계획 단계에 있지만, 인천광역시 일자리플랫폼 ISP 수립 용역은 이미 구축 단계에 들어간다는 점에서 3가지 다른 입지가 구분됩니다."
국립공원공단(또는 철도공사)의 '모바일오피스 시스템 고도화 용역' 과업지시서에서 새롭게 투입되는 외국인 다국어 지원 UI의 영어/일본어 번역 단가 예산은 얼마로 명시되어 있습니까?,D,하,[],"제 안 요 청 서
 
사 업 명
2024년 자원통합관리시스템 운영관리 용역
주관기관
국립공원공단
2024. 7.
 
담 당
성 명
소 속
전화번호
(팩스번호)
E-mail
김병부
보전정책부
033-769-9462
pintree@knps.or.kr
 
 
목 차 
I. 사업개요	 - 	 1
 1. 사업개요	 - 	 1
 2. 추진배경 및 필요성	 - 	 1
 3. 사업범위	 - 	 1
 4. 현행시스템 구성도	 - 	 3
 5. 사업추진체계	 - 	 4
 6. 사업추진일정	 - 	 5
 7. 기대효과	 - 	 5

6. 사업추진일정	 - 	 5
 7. 기대효과	 - 	 5
II. 대상업무 현황	 - 	 6
 1. 현행업무 현황	 - 	 6
 2. H/W, S/W구성도	 - 	 10
III. 제안요청 내용	 - 	11
 1. 추진목표	 - 	 11
 2. 추진전략 	 - 	 11
 3. 제안요구사항	 - 	 12
 4. 성과품 종류 및 제출	 - 	 34
Ⅳ. 참가자격 및 제안서 평가	 - 	35
Ⅴ. 제안서 작성안내	 - 	39
VI. 기 타	 - 	43
 붙임 1. 기술제안서 평가 세부 기준 1부. 
2. 제출 서류 서식 1부.","해당 사업의 제안요청서에는 외국인 다국어 지원 UI 등 특정 기능에 대한 개념적 언급이 있지만, 해당 기능의 구체적인 비용(예: '외국인 다국어 지원 UI 단가')은 명시되어 있지 않습니다."
경희대학교 산학협력단의 정보시스템 운영 용역 과정에 참가 신청하는 사기업 담당자가 제출해야 할 '최근 3년 간의 납세 완납 영수증 원본부수'는 시스템 공고문 상 몇 부로 지정되었나요?,D,중,[],"※ 본 사업은 용역 수행 방식, 입찰 효율성, 평가 방법, 계약관리 효율성 및 계약이행 용이성 등을 고려하여 시행되는 사업임.
2. 추진배경 및 필요성
 가. 대학 중장기발전계획 “INDUK VISION2025”와 전문대학 혁신지원사업 계획에 따른 클라우드 기반의 정보화 수립 계획 추진
 나. 교육부 2024년 전문대학 혁신지원사업[일반재정지원] 기본계획 발표
 다. 대내외적 교육환경 다변화에 따른 다양한 교육과정 및 이수과정 대응 필요
 라. 융합 및 마이크로트랙 운영에 필요한 평가 체계 개선 필요

하. 제안요청서의 주요 요구사항은 최소한의 내용만 기술되어 있으므로, 현업 업무분석 과정에서 시스템의 완성도를 위해 과업 범위에 포함되는 추가 요구사항을 접수하고 개발하여야 한다.
 ※ 별도 표기하지 않은 개인정보 및 정보보안 항목은 개인정보보호법 및 정보통신망법, 개인정보의 안전성 확보 조치 기준, 대학 정보보안 지침을 준수하여 개발하여야 한다.
2. 보안관리
 가. 계약 시 계약서에 참가직원에 대한 보안 준수 사항과 위반 시 손해배상 책임 등을 명시해야

※ 인프라 현황은 입찰 참여업체에 한하여 보안서약서를 작성 후 열람할 수 있음(외부 유출 및 복사 불허)
제안사 요청시 별도 제공
 2) 시스템 구성 현황
 ※ 시스템 구성도, 네트워크 구성도, 보안 및 네트워크 장비
 
- 보안사항 -
 ※ 시스템 구성도, 네트워크 구성도, 보안 및 네트워크 장비장비 내역은 입찰 참여업체에
 한하여 보안서약서를 작성 후 열람할 수 있음(외부 유출 및 복사 불허)
제안사 요청시 별도 제공
 
 행정기관 및 공공기관 정보시스템 구축-운영 지침 (행정자치부 고시 제2023-27호)

행정기관 및 공공기관 정보시스템 구축-운영 지침 (행정자치부 고시 제2023-27호)
제17조(제안요청서 보안사항 등) 제안요청서를 통해 공개될 경우 보안침해 사고 등이 우려되는 다음 각 호에 관한 사항은 제안요청서에서 제외될 수 있도록 검토하여야 한다. 단, 입찰에 참가하고자 하는 사업자의 요청이 있는 경우 제안서 작성에 필요하다고 판단되면 보안서약서를 받고 담당자 입회하에 가능한 범위에서 열람하게 할 수 있다.
 1. 정보시스템의 내-외부 IP 주소 현황
 2. 정보시스템의 제조사, 제품버전 등 도입현황 및 구성도

나. 트랙제 교육과정 기반의 다양한 트랙 융합교육 이수 요건 정립
 다. 교수자의 교육과정 개발 및 수업 능력 향상을 위한 제도의 시스템화
 라. 융합 및 모듈형 마이크로트랙에 따른 교수의 학생 평가 체계 개선
 마. 동반되는 학사 및 비학사 업무에 대한 처리 프로세스 확립 및 시간 단축
 
Ⅱ
 대학 현황 
1. 대학 건학이념 및 인재상
 
 
2. 대학 비전 및 중장기발전 목표
 
 
3. 대학 특성화 및 혁신 목표
 
 
4. 정보화 현황
 가. 주요 시스템 현황
 
명칭
개발환경
비고
차세대종합정보시스템
데이터베",제안요청서에는 해당 납세 영수증 관련 규격이나 부수가 명시되어 있지 않습니다.
한쿡수출입은횅의 머쟘비크 마푸토 지능헝꾜통씨스템(ITS) 타당성죠삽 용혁의 춍 에싼을 갈쳐주세혀.,E,하,[],"모잠비크 마푸토 지능형교통시스템(ITS) 구축사업 
타당성조사(F/S) 용역을 위한
제 안 요 청 서 (RFP)
 
2024. 10.
 
 
 
 목 차 
Ⅰ. 제안 안내
 1. 용역 개요 
 2. 사업 추진 일정
Ⅱ. 제안 일반사항
 1. 입찰 및 계약 방법
 2. 입찰공고
 3. 입찰 참가자격
 4. 입찰참가 등록 및 제안서 제출
 5. 입찰시 유의사항
 6. 제안서 평가방법 
 7. 협상대상자 선정 및 협상 절차
 8. 최종낙찰자 유의사항
 9. 기타사항
 10. 용역결과 평가/활용
Ⅲ. 대상사업 개요 및 F/S 과업범위

[별첨] : 제출서류 목록 및 관련 서식
Ⅰ. 제안 안내
용역개요 
과 업 명 : 모잠비크 마푸토 지능형교통시스템(ITS) 구축사

용인 첨단 시스템반도체 국가산단 용수공급사업 
타당성 조사 및 기본계획 수립
 
용역수행 과업지시서
 
 
 
 
2024. 4
 
 
수 도 개 발 처

정보계시스템 제조사 등 대내-외 협력 요구사항
요구사항 분류
시스템 장비구성 요구사항
요구사항
상세설명
정의
정보계시스템 제조사 등 대내-외 협력 요구사항
세부
내용
 IT자원 제조사의 “제품공급확약서“와 ”기술지원확약서“ 제출
 제안업체는 본 프로젝트의 원활한 사업수행을 위해 타 제조사들과 원활한 협력관계 수립 및 엔지니어 확보를 하여야 함
 시스템 구성에 필요한 타 시스템과의 연동, 타 업무와 연동시 소요되는 비용은 제안업체가 부담하여야 함
산출물
제조사 제품공급확약서, 제조사 기술지원확약서
 
요구사항 고유번호
ECR-004

요구사항
상세설명
세부내용
 시스템 가용성 제고 및 서비스 연속성 보장을 위해 필요 시 본회와 협의하여 기존 시스템 재구성 재배치 이행
 수행사는 납품하는 시스템에 대해 규격을 만족하는 정품 및 완제품으로 공급하여야 하며, 또한 부착되는 모든 주변기기는 해당 장비의 제조사가 공급하는 동일 제품이어야 함(조립제품 불가)
 작업 진행 중 중요 사항에 대해서는 서면으로 이를 통보하여야 하고 설치가 완료되어 정상가동이 되었을 때에 납품검사를 받아 납품처리를 하여야 하며, 납품 전 품목을 사진기록과 함께 제출하여야 함","해당 사업의 타당성조사(F/S) 용역을 위한 총 예산은 11,000,000원입니다."
인쳔굥항운영셔비스에셔 진행하는 차세데 이알피 ERP 시스탬 예산액이 총 얼만지 똑띠 알려줘용.,E,하,[],"나. 사업예산 : 7,875,542천원 이내(부가가치세 포함)
 
3 
 사업범위
 차세대 외자시스템 구축사업은 기본 구축방향에 따른 효율적인 사업관리를 위해 업무 유사성 등을 고려한 4개 구축 과제로 구분하여 추진하며 동 사업은 “Ⅰ.자산운용 S/W 도입”과 “Ⅱ.외화자산운용지원시스템 개발“ 중 자산운용 S/W와 대내외 연계 기능, 자산운용 S/W내 정형보고서” 등을 포함
 * 세부 구축범위는 <첨부 5> “요구사항 상세” 참조
차세대 외자시스템 구축 범위
 
Ⅰ
고수준의 일관체계 구현을 위한 
자산운용 S/W 도입
Ⅲ

ERP 예산회계, 인사급여 업무영역과 그룹웨어의 행정업무처리 영역의 교점을 중심으로 공단 업무 프로세스에 최적화된 통합시스템 도입 필요
단편적인 시스템 간의 연계/연동 개념에서 통합시스템의 도입으로 패러다임 전환 도모
 
나. 사업개요
과 업 명 : 동작구시설관리공단 행정업무 통합관리시스템 도입
총사업비 : 금이억칠백사십육만원( 207,460천원)/부가세포함
계약방법 : 제한경쟁입찰(협상에 의한

사 업 명 : `25 ~ `27 통합정보시스템 위탁운영 용역
 사업기간 : 2025.01.01. ∼ 2027.12.31. (36개월)
 사업예산 : 총 4,005백만원
 ※ 본 공고 시 사업예산 및 사업기간은 변경될 수 있음
 ※ 본 사업은 장기계속 사업으로 연차별로 계약을 다시 체결함
 ※ 제 2차 이후의 계약은 부기된 총계약금액에서 이미 계약된 금액을 공제한 범위안에서 계약을 체결함 
 나. 사업범위
 과업대상 : 경영관리․사업관리 시스템 및 기타 부대시스템 운영 관리, 업무자동화(RPA) 프로세스 13개, 개발‧운영용 S/W

- ERP 예산정보를 중심으로 한 연구원 사업 예실대비현황 조회, 관리 등
- ERP 인사급여 정보를 중심으로 한 복무/근태관리, 급여정보조회, 제증명관리 영역
 통합시스템 관리
- ERP, 그룹웨어 업무 영역에 따른 업무담당자/사용자 권한 분리
- 통합시스템의 업무영역에 관계없이 ERP, 그룹웨어 계정, 조직도, 기능권한 통합 관리
4. 기대효과
 연구정보의 체계적 관리 및 전사 공유체계 확보
 연구 과제관리, 예산, 회계, 인사, 그룹웨어의 통합화로 실시간 정보관리체계 마련

사업예산 : 194,700,000원(VAT포함)
 4. 사업내용 및 대상
 과업내용 : 하단 기술된 기능 구현이 가능한 패키지SW 도입 및 계양구시설관리공단 업무 환경에 맞는 커스터마이징 실시
 인사, 급여, 예산, 회계(재무/자금/수입/지출/결산/세무)관리 등 업무자료의 유기적 결합 구현
 지출업무의 효율화를 위한 지출 품결의 관리 기능 구축(ERP↔GW 업무영역 간 프로세스 통합 구현)
 정확한 예산 통제 : 지출에 대한 원인행위 및 전표처리 시, 예산(계정)과목별 잔여예산을 실시간으로 체크","동작구시설관리공단의 '차세대 외자시스템 구축사업' 예산액은 7,875,542천원이며, 한국철도공사 '통합정보시스템 위탁운영 용역' 사업 예산은 400,500,000원입니다."
인천광역시가 구축하려는 '도시계획위원회 통합관리시스템'의 사업 예산 액수는 얼마로 책정되었나요?,A,하,[],"사업예산 : 194,700,000원(VAT포함)
 4. 사업내용 및 대상
 과업내용 : 하단 기술된 기능 구현이 가능한 패키지SW 도입 및 계양구시설관리공단 업무 환경에 맞는 커스터마이징 실시
 인사, 급여, 예산, 회계(재무/자금/수입/지출/결산/세무)관리 등 업무자료의 유기적 결합 구현
 지출업무의 효율화를 위한 지출 품결의 관리 기능 구축(ERP↔GW 업무영역 간 프로세스 통합 구현)
 정확한 예산 통제 : 지출에 대한 원인행위 및 전표처리 시, 예산(계정)과목별 잔여예산을 실시간으로 체크

계양구시설관리공단 통합정보시스템 도입 용역
과 업 지 시 서
 
 
기획예산실
 
Ⅰ
사업 개요
 1. 사 업 명 : 계양구시설관리공단 통합정보시스템(ERP) 도입 용역
2. 사업목적
 (ERP) 예산회계‧인사 등의 경영관리 업무 지원체계 재확립 필요
 (그룹웨어) 최신 행정업무처리, 소통‧협업 시스템 도입 필요
 (시스템 통합) 이종 시스템간의 연계를 탈피한 통합시스템 도입 필요
 3. 사업기간 및 예산
 사업기간 : 용역 착수일로부터 120일 이내
 사업예산 : 194,700,000원(VAT포함)
 4. 사업내용 및 대상

업무 분석 및 시스템 표준화 분석
 - 인천광역시계양구시설관리공단에 적합한 통합정보시스템(ERP) 선정
 - 인천광역시계양구시설관리공단 담당자 인터뷰 및 요구사항 의견 수렴
 - 세부 기능이 구현된 기능에 커스터마이징 포함
 - 현행(As-is) 분석 및 개선방안 도출
 - 부서별 현행 업무 프로세스 및 업무특성 분석, 개선과제 도출 및 확정
 - To-be 프로세스 설계 및 시스템 구현 방안 수립
 - 조직도 및 기관코드 등 공통 활용 데이터 및 서비스에 대한 표준화 정의

공단 사업의 예산을 통합 조회 및 조정하는 기능
 법인카드, 세금계산서, 지출관리 등의 업무를 온라인 환경에서 처리하는 기능
 PC 메신저 기능
 패키지SW를 도입하여 커스터마이징을 통한 시스템 도입 및 구축
 데이터 이관 완료 시까지 기존 그룹웨어 시스템 유지
5. 사업 추진체계
 
기 관
주요 역할
주관기관
(계양구청)
- 사업계획의 수립, 제안요청서 작성
- 계약체결 및 사업비 집행
- 계양구시설관리공단 통합정보시스템 사업관리 및 검수
- 계양구시설관리공단 통합정보시스템 운용 및 관리
사업수행자
(용역수행업체)

- 통합정보시스템(ERP) 정보 접근 및 변경에 관한 감사 기능
 - 보안장비의 경우 CC인증 또는 보안기능확인서를 획득하고, 인증기한이 만료되지 않은 제품이어야하며 이를 증빙하는 자료 제출해야함
 계양구시설관리공단 전산실(서버실) 활용한 효율적 데이터 관리
 - 전용 방화벽 구축, 백업 전원 공급장치를 통한 정전 대응, 재해 복구를 위한 여러 프로세스에 따른 데이터 및 장비 관리 예정
* 공공기관 특성, 현행 법체계 및 업체의 인프라, 운영인력 현황 등 고려하여 구축-활용
2. 목표 시스템 및 네트워크 구성도","해당 사업의 총 예산액은 19,470,000원(VAT포함)입니다."
한국연구재단의 '대학산학협력활동 실태조사 시스템(UICC) 기능개선' 사업의 총 예산액은 얼마입니까?,A,하,[],"항목 지침 변경사항 등 변화에 신속하고 정확하게 대응하며, 기능개선에 대한 사용자 요구를 반영하여 사용자 편의성 강화 필요
 UICC의 효율적인 관리와 운영을 위한 지원 체계 및 각종 기관 요구사항에 대응 필요
3. 주관기관 : 한국연구재단
4. 사업기간 및 사업비
 사업기간 : 계약일로부터 210일
 사업금액 : 129,300,000원(부가세 포함)
 ㅇ 예산 세부내역 
 
구분
금액
비고
 SW 개발비
92,300,000원 이내
- 실태조사 시스템 기능 개선
운영지원 및 
데이터 점검
37,000,000원 이내

- 실태조사 시스템 기능 개선
운영지원 및 
데이터 점검
37,000,000원 이내
- 실태조사 시스템 운영지원
- 실태조사 데이터 검증 및 보정
5. 사업 내용
 UICC 시스템 기능개선 ※ 세부 내용은 “Ⅳ. 제안요청사항” 참고
 ㅇ (데이터 입력 기능) 데이터 입력 오류 개선 및 정확성 제고

Ⅴ. 제안안내	 - 	58
Ⅵ. 제안서 작성요령	 - 	75
[제안서 작성 참고자료] 표준화 방안	 - 	79
[붙임1] 기술적용계획표	 - 	81
[붙임2] 정량평가 관련 세부기준	 - 	89
첨부서식	 - 	92
 
 
 
 제안요청서
Ⅰ
사업 개요
1. 사업명: 2024년 대학 산학협력활동 실태조사 시스템(UICC) 기능개선
2. 추진배경 및 필요성
 한국연구재단법 제5조, 산업교육진흥 및 산학연협력촉진에 관한 법률 제39조의2 및 제43조에 따라 실시하는 대학 산학협력활동 실태조사를 안정적으로 운영 필요

제 안 요 청 서
[ 2024년 대학 산학협력활동 실태조사 시스템(UICC) 기능개선 ]
2024. 10.
 
담 당
부 서 명
성 명
전 화
사업관련
학술데이터분석팀
한민아
042-869-6672
계약관련
운영지원팀
이현우
042-869-6232
 
 
이 자료는 한국연구재단 제안서 작성 이외의 목적으로 복제, 전달 및 사용을 금함
 
순 서
목차
Ⅰ. 사업개요	 - 	3
Ⅱ. 추진방안	 - 	5
III. 시스템 운영현황	 - 	7
IV. 제안요청내용	 - 	8
Ⅴ. 제안안내	 - 	58
Ⅵ. 제안서 작성요령	 - 	75

ㅇ 정부-재단의 각종 테스트, 보안지침을 준수하여 시스템 운영 및 유지관리 업무수행
3. 추진체계
 
사업총괄책임자
한국연구재단 데이터정보센터장
사업관리 총괄
한국연구재단 학술데이터분석팀
시스템 구축 지원
 시스템 개발
대학 정보공시 연계 협업
한국연구재단 정보시스템지원팀, 정보보안팀
시스템구축 사업자(외주업체)
한국연구재단 정보시스템지원팀, 정보보안팀
한국대학교육협의회
4. 추진일정
 사업기간 : 계약일로부터 210일
 추진일정표
 
주요내용
개월
M
M+1
M+2
M+3
M+4
M+5
M+6
계약 및 사업준비
시스템 기능개선","해당 사업의 총 예산액은 129,300,000원(부가세 포함)입니다."
(주)에스알에서 발주한 '예약발매시스템 개량 ISMP 용역' 사업의 공식 과업명에서 ISMP는 어떤 계획을 수립하는 것을 지칭합니까?,A,하,[],"사업자 관리, 회의, 진도, 위험, 쟁점사항 관리
 사업검수 및 완료보고
사업지원
 현업업무 담당자 요구사항 제시
 정보시스템 컨설팅 관련 업무협의, 심층 인터뷰 지원
 정보시스템 컨설팅 검수참여, 성과점검 등
ISMP&BPR 사업자
 WTA 정보시스템 마스터플랜(ISMP) 수립 및 
 업무재설계(BPR) 수행
 프로젝트 관리 : 범위, 일정, 자원, 품질, 인력관리 등
 
4
 추진일정
 
구분
M-1
M
M+1
M+2
M+3
M+4
 입찰공고/사업자선정
 BPR/ISMP 수립
 환경분석 단계
 현황분석 단계
 목표모델 설계

바. 보안특약 조항 	 - 	67
 9. 기타 사항	 - 	72
 가. 하자담보 책임기간 	 - 	72
 나. 작업장소 상호 협의 	 - 	72
 마. 과업심의위원회	 - 	73
 바. 소프트웨어사업 영향평가	 - 	73
 10. 별지서식 및 붙임 	 - 	74
 
Ⅰ
사업 개요 
가. 사업개요
 1. 사 업 명 : 예약발매시스템 개량 ISMP 용역
 2. 사업기간 : 체결일로부터 5개월 이내
 3. 사 업 비 : 470백만원 (VAT포함) 
 4. 계약방법 : 제한경쟁입찰 / 협상에 의한 계약
나. 추진배경 및 필

제안요청서
예약발매시스템 개량 ISMP 용역
2024. 4.
 
 
담당
디지털융합본부
(디지털영업처)
처장 정상기
TEL: 042-615-5670
FAX: 02-361-8269
부장 오강섭
TEL: 042-615-5671
대리 신형섭
TEL: 042-615-5678
 
한국철도공사
 
 
 
 1. 사업 개요	 - 	1
 가. 사업개요	 - 	1
 나. 추진배경 및 필요성 	 - 	1
 2. 현황 및 문제점	 - 	2
 가. 시스템 구성 현황 	 - 	2
 나. 문제점 	 - 	4
 3. 추진방안	 - 	5

사업 주관 부서
사업수행자
 단위업무별 사용자 의견 제시 및 업무 자료 제공
 요구사항 도출 및 회의참석
 결과 검사 및 피드백
 ISMP 용역 발주 및 사업관리
 사업추진에 필요한 전략ㆍ정책 수립
 사업수행 관리, 감독, 검사ㆍ검수 
 부서 간 의견조정 및 협조체계 구축
 ISMP 용역수행 
 계약내용 준수, 요구사항 이행
 사업성과물 작성 및 보고 
 기타 과제수행에 필요한 사항 등
4. 추진 일정 : 총 사업기간 5개월 
 
구 분
M
M+1
M+2

1. 사업 개요
 사 업 명 : GH 경영정보시스템 재구축 ISMP 수립 용역
 용역기간 : 계약체결일로부터 5개월
 사업금액 : 426,469천원(부가세 포함)
 계약방법 : 제한경쟁입찰 (협상에 의한 계약)
 2. 추진 배경
 최신 기술 트렌드 등에 기반한 업무프로세스 혁신 및 지속가능 경영기반 확립 필요
 급속한 경영환경 변화에 신속 대응하고 경영 목표를 성공적으로 완수하기 위한 정보시스템 개편 및 재구축 필요",이 사업의 ISMP는 '정보화 사업 영향평가(ISMP) 마스터플랜(ISMP) 수립'을 의미합니다.
인천 일자리플랫폼 ISP 수립용역 사업은 기존 인천일자리포털의 기능 한계를 극복하기 위해 어떠한 구조적 웹서비스 개편을 주요 추진 배경으로 삼고 있나요?,A,중,[],"다. 인천일자리포털’19년~기능 한계에 따른 웹서비스 고도화 필요
 - 채용정보,일자리정책,지원사업,직업훈련등일자리정보단순열람
 - 시 통합 웹사이트 시스템 일부임에 따라 기능 고도화에 한계
 
Ⅱ
사업내용
 
인천일자리플랫폼
 
일자리업무시스템
(이용자)시,군‧구,공공기관 업무담당
•구인‧구직 상담 및 이력관리(직업상담사)

인천일자리플랫폼 정보시스템 구축 ISP 수립용역
ㅣ
제안요청서
 
 
 
 인천광역시
 
경제정책과
 
 순 서 -
Ⅰ. 사업개요	 - 	 1
Ⅱ. 사업내용	 - 	 2
Ⅲ. 시스템현황	 - 	 4
Ⅳ. 사업추진방안	 - 	 5
Ⅴ. 과업요구사항	 - 	 6
 1. 요구사항 정의표	 - 	 6
 2. 요구사항 상세	 - 	 7
 
Ⅰ
사업개요
 
 사업일반
 가. 사 업 명 : 인천일자리플랫폼 정보시스템 구축 ISP 수립
 나. 사업기간 : 계약일로부터 3개월
 다. 사업예산 : 금100,000천원(금일억원) 범위내

ㅇ 환경, 현황, 문제점, 개선사항, 정보화 요구사항 등을 종합하여 인천일자리플랫폼 정보시스템 구축에 필요한 추진과제 및 방향성 수립
 - 선진사례, 개선과제 간 갭 분석 및 요구사항 분석 결과, 시사점 
 - 주요 서비스별 분석 및 동향 예측을 통한 방향성 도출
산출정보
ㅇ 환경분석서, 현황분석서
 
요구사항번호
 CSR-002
요구사항 분류
 컨설팅 요구사항
요구사항 명
비전 및 전략 수립
상세
설명
정의
일자리플랫폼의 비전, 전략과제 도출 및 전략 수립
세부
내용

바. 본 사업은 소프트웨어 진흥법 제50조에 따른 과업내용 확정을 위하여 과업심의위원회 대상 사업이며, 계약당사자가 과업내용 변경으로 인한 과업내용 변경 및 그에 따른 계약금액-계약기간 조정이 필요한 경우 과업심의위윈회 개최를 요청할 수 있음.
2. 추진배경 및 필요성
 가. 2023년 진행한 인천환경공단 정보화전략계획(ISP) 수립 최종 결과에 따른 사업 시행 필요
 나. 인천광역시 내 환경 업무를 총괄하고 있는 인천환경공단에서 사업소별

- 일부 기능의 개선 및 장애 처리 시 전체 시스템 중단이 필수로 수반되어야 하는 구조로 주기적인 서비스 중단 발생
 추진경과
 ㅇ 전략물자관리시스템 개통 (2005년)
 ㅇ 차세대 전략물자관리시스템 구축 (2013년)
 ㅇ 전략물자관리시스템 고도화 사업 (2020년)
 ㅇ 전략물자관리시스템 자가판정 고도화 사업 (2021년)
 ㅇ 전략물자관리시스템 재구축을 위한 타당성 조사 사업 (2023년)
 ㅇ 전략물자관리시스템 재구축 ISP 사업(2024년)
 사업 범위
 전략물자관리시스템 구조 설계",ISP 수립 용역 사업은 기존 인천일자리 포털의 기능 한계에 따른 웹서비스 고도화와 신규 기능 개발을 통해 사용자 경험을 향상시키는 구조적 웹개편을 주요 추진 배경으로 삼습니다.
한국철도공사의 '모바일오피스 시스템 고도화 용역'에서 과업 범위에 속하는 사용자 편의성 중심의 시스템 개선 절차란 핵심적으로 모바일앱의 무엇을 통합하는 과정입니까?,A,중,[],"사용성이 고려되지 않은 UI/UX로 직관적 사용이 어려움
 반응속도가 느리며, 오류로 앱 중지-종료 현상 빈번히 발생
 모바일오피스와 업무전용앱이 이원화 운영되고 있어 관리-유지보수, 필요기능 사용 불편 
 운영서버 내구연한 초과 및 단일 구성으로 인해 서버 장애가 발생할 경우 업무지원 앱(모바일사원증, 모바일오피스, 업무전용앱 등) 사용불가
 
3
사업 내용
 사용자 편의성 중심의 시스템 개선
 사용자 중심의 UI/UX 신규 설계 및 적용
 - 메인화면을 자주 사용하는 메뉴로 구성할 수 있도록 개인화

※ 소프트웨어 진흥법 제48조 내지 제49조, 소프트웨어 진흥법 시행령 제44조에 근거
 주요내용
 모바일오피스의 사용편의성 개선을 위한 시스템 전면 개량
 설치 및 사용이 용이하도록 어플리케이션 통합, 소스코드 고도화
 모바일오피스 운영서버 이중화로 서비스 연속성 확보
 
2
운영 현황
 모바일오피스
 ‘19.5월 사용개시 이후 지속적으로 사용자 증가, 일평균 약 1.7만명 접속(‘23년 기준)
* ’20년 4,613명, ’21년 6,852명, ’22년 12,162명, ’23년 17,339명 일평균 접속
 
기 능
세 부 기 능

업무지원 앱(모바일오피스, 업무전용앱) 통합
 - 기존 업무전용앱 기능(총 6개) 모바일오피스에 이관, 업무전용앱 폐지
 - 한 가지 앱으로 다양한 모바일 업무지원 기능을 목적에 따라 사용
 응답속도 향상
 데이터베이스 표준화 정책에 맞춰 테이블 및 컬럼 표준화
 - 96개 테이블 대상으로 테이블명과 컬럼명, 컬럼 크기 등 표준화
 - 2초 이상 소요되는 슬로우쿼리를 선별, 튜닝을 거쳐 처리속도 개선
 * DB튜닝 : 데이터를 색인화(Index)하여 검색속도를 현저하게 향상시키는 기술

5. 제안요청 내용	 - 	7
 6. 제안서 작성요령	 - 	99
 7. 제안서 평가 및 선정 안내	 - 	105
 8. 보안 준수사항	 - 	124
 9. 기타사항	 - 	136
 10. 별지서식 및 붙임	 - 	 141
 
1
사업 개요
 사업목적
 (모바일 업무지원 확대) 모바일오피스 사용량 증가에 따른 사용자 편의성, 처리속도 개선 및 기능 강화로 모바일 업무지원 확대
 (서비스 연속성 확보) 시스템 사용요구에 대한 부하 분산으로 원활하고 안정적인 업무지원 서비스 제공
 사업개요
 사 업 명 : 모바일오피스 시스템 고도화

경영환경 변화와 이해관계자 요구에 대응하고, 최신 IT기술을 고려하여 업무프로세스 개선방안 및 정보시스템 통합전략․구축계획 수립
 
중장기 정보화 기본계획 및 실행계획 수립-보완
 
 
정보화 동향(정부정책, 신기술 등), 공사 디지털 신경영 방침, 
디지털경영 로드맵, 디지털 400프로젝트 추진 등 면밀한 분석을 통해 
향후 5년간(’25~’29)의 한국철도공사 정보화 전략 수립
2. 추진전략
 
 디지털 전환(DX)을 위한 대-내외 환경 및 현황(업무/정보시스템) 분석",본 사업의 사용자 편의성 중심의 시스템 개선 절차는 기존 업무전용앱의 기능(총 6개)이 모바일오피스에 이관되어 업무전용앱을 폐지하는 것을 포함합니다.
"한국연구재단의 '기초학문자료센터 시스템 운영 및 연구성과물 DB구축 사업(212,300,000원)'에서, 사업의 주된 목적 중 하나인 'One-Stop Service 채널 구축'에만 총 예산의 25%가 기획비용으로 투입되었다고 가정한다면, 순수하게 정기적인 학술 DB 수집 및 연구성과물 유통 보수 관리에 투입될 수 있는 잔여 예산은 얼마입니까?",A,상,[],"제 안 요 청 서
[2024년 기초학문자료센터 시스템 운영 및 
연구성과물 DB구축사업]
 
2024. 7.
 
담 당
부 서 명
성 명
전 화
사 업
인문사회학술지원팀
최우용
042-869-6722
계 약
운영지원팀
이현우
042-869-6232
 
 
이 자료는 한국연구재단 제안서 작성 이외의 목적으로 복제, 전달 및 사용을 금함
목 차
 
 Ⅰ. 사업개요	 - 	 1
Ⅱ. 대상 업무 현황	 - 	 3
 1. 기초학문자료센터 정보시스템 소개	 - 	 3
 2. 시스템 구축 현황	 - 	 4
Ⅲ. 사업 추진 계획	 - 	 6

시스템 운영방안 수립, KRM 시스템 개선방안 수립, KRM 운영 개선방안 수립 등
5. 사업기간 및 사업비
 사업기간 : 계약일로부터 153일
※ 계약추진 일정에 따라 착수일은 변경될 수 있음
 사업금액 : 79,940,000원(부가가치세 포함)
6. 주관기관
 주관기관 : 한국연구재단
7. 기대효과
 기초학문자료센터 사용자의 시스템 사용현황을 세부적으로 파악하여 향후 단기적으로는 시스템 운영에 참고하고 중장기적으로는 시스템 개선방향 수립에 참고
II. 대상 업무 현황
1. 기초학문자료센터(KRM) 정보시스템 소개

항목 지침 변경사항 등 변화에 신속하고 정확하게 대응하며, 기능개선에 대한 사용자 요구를 반영하여 사용자 편의성 강화 필요
 UICC의 효율적인 관리와 운영을 위한 지원 체계 및 각종 기관 요구사항에 대응 필요
3. 주관기관 : 한국연구재단
4. 사업기간 및 사업비
 사업기간 : 계약일로부터 210일
 사업금액 : 129,300,000원(부가세 포함)
 ㅇ 예산 세부내역 
 
구분
금액
비고
 SW 개발비
92,300,000원 이내
- 실태조사 시스템 기능 개선
운영지원 및 
데이터 점검
37,000,000원 이내

II. 대상 업무 현황
1. 기초학문자료센터(KRM) 정보시스템 소개
 
 
 기초학문자료센터(Korean Research Memory, KRM) 정보시스템 : 기초학문자료센터를 구성하는 모든 정보시스템을 총칭하여 이르는 말
 오픈액세스 시스템
 - 연구자간 학술교류활동 지원
 - 타 기관과의 연동에 의한 데이터 수집 및 제공
 연구성과물 통합 검색 시스템
 - 인문사회분야 학술지원사업 연구성과물, 사업정보 및 연구자정보 등 이용자 대상 검색시스템
 - 연구성과물 DB검색은 FRBR 모형을 기반으로 제공됨
 성과물 DB 시스템

제 안 요 청 서
[2024년 기초학문자료센터(KRM) 시스템 기능개선]
 
2024. 6.
 
 
 
이 자료는 한국연구재단 제안서 작성 이외의 목적으로 복제, 전달 및 사용을 금함
목 차 
 
 Ⅰ. 사업개요	 - 	 1
Ⅱ. 대상 업무 현황	 - 	 3
 1. 기초학문자료센터 정보시스템 소개	 - 	 3
 2. 시스템 구축 현황	 - 	 4
Ⅲ. 사업 추진 계획	 - 	 6
 1. 추진체계	 - 	 6
Ⅳ. 제안요청 내용	 - 	 7
 1. 목표시스템 구성도	 - 	 7
 2. 제안요청 사항 세부내용	 - 	 7","본 사업의 총 예산인 212,300,000원이 75%(약 159,225,000원)를 기획비로 투입되었으므로, 나머지 25%(또는 63,825,000원)이 pure research database (DB) 수집 및 연구성과물 유통 보수 관리에 투입됩니다."
인천공항운영서비스 차세대 ERP 구축 사업(약 10.9억)과 한국수출입은행 모잠비크 마푸토 ITS 사업(약 12.4억) 간의 투자 예산 금액 격차는 얼마입니까?,B,하,[],"모잠비크 마푸토 지능형교통시스템(ITS) 구축사업 
타당성조사(F/S) 용역을 위한
제 안 요 청 서 (RFP)
 
2024. 10.
 
 
 
 목 차 
Ⅰ. 제안 안내
 1. 용역 개요 
 2. 사업 추진 일정
Ⅱ. 제안 일반사항
 1. 입찰 및 계약 방법
 2. 입찰공고
 3. 입찰 참가자격
 4. 입찰참가 등록 및 제안서 제출
 5. 입찰시 유의사항
 6. 제안서 평가방법 
 7. 협상대상자 선정 및 협상 절차
 8. 최종낙찰자 유의사항
 9. 기타사항
 10. 용역결과 평가/활용
Ⅲ. 대상사업 개요 및 F/S 과업범위

[별첨] : 제출서류 목록 및 관련 서식
Ⅰ. 제안 안내
용역개요 
과 업 명 : 모잠비크 마푸토 지능형교통시스템(ITS) 구축사

제안 개요
 1. 사업개요 -
 사 업 명 : SCP 중심의 AML 시스템 구축
 - 경제제재 준수 프로그램(Sanctions Compliance Program, 이하 ‘SCP’) 중심의 자금세탁방지(Anti-Money Laundrying, 이하 ‘AML’) 시스템 구축 사업 
 사업기간 : 계약 체결일로부터 12개월 이내
 - 사업 일정은 한국수출입은행(“당행”)의 사정에 따라 변경 가능
 - 시스템 구축 및 안정화 기간 포함
 사업예산 : 4,220,000,000원 범위내 ( 사십이억이천만원 , 부가가치세 포함)

- 시스템 구축 및 안정화 기간 포함

□ 사업예산 : 1,427,000,000원 범위 내 ( 일십사억이천칠백만원, 부가가치세 포함)

□ 계약방법 : 제한경쟁입찰 (협상에 의한 계약)

2. 추진 배경

제 안 요 청 서
 
 
사 업 명
 SCP 중심의 AML 시스템 구축
주관기관
한국수출입은행
2024. 4. 17.
 
 
 
 
 
 목 차
 
Ⅰ. 제안 개요
 1. 사업개요 	 - 	 1 
 2. 추진 배경 및 필요성	 - 	 1 
 3. 사업 추진 일정 	 - 	 2 
 4. 사업 추진 조직 및 역할 	 - 	 3 
Ⅱ. 사업 추진 범위
 1. 시스템 개념도 	 - 	 4 
 2. 주요 업무 내용 	 - 	 5 
 
Ⅲ. 제안요청 내용
 1. 요구사항 총괄표 	 - 	 8 
 2. 요구사항 상세목록 	 - 	 9","두 사업의 예산 격차는 1,410,000,000원을 차지합니다."
"한국수자원공사의 '수도사업장 사고분석솔루션 용역' 예산(195,030,000원)과 인천광역시의 '인천일자리플랫폼 ISP 구축' 예산(100,000,000원)을 합산한 총 비용은 어떻게 됩니까?",B,하,[],"계양구시설관리공단 통합정보시스템 도입 용역
과 업 지 시 서
 
 
기획예산실
 
Ⅰ
사업 개요
 1. 사 업 명 : 계양구시설관리공단 통합정보시스템(ERP) 도입 용역
2. 사업목적
 (ERP) 예산회계‧인사 등의 경영관리 업무 지원체계 재확립 필요
 (그룹웨어) 최신 행정업무처리, 소통‧협업 시스템 도입 필요
 (시스템 통합) 이종 시스템간의 연계를 탈피한 통합시스템 도입 필요
 3. 사업기간 및 예산
 사업기간 : 용역 착수일로부터 120일 이내
 사업예산 : 194,700,000원(VAT포함)
 4. 사업내용 및 대상

사업예산 : 194,700,000원(VAT포함)
 4. 사업내용 및 대상
 과업내용 : 하단 기술된 기능 구현이 가능한 패키지SW 도입 및 계양구시설관리공단 업무 환경에 맞는 커스터마이징 실시
 인사, 급여, 예산, 회계(재무/자금/수입/지출/결산/세무)관리 등 업무자료의 유기적 결합 구현
 지출업무의 효율화를 위한 지출 품결의 관리 기능 구축(ERP↔GW 업무영역 간 프로세스 통합 구현)
 정확한 예산 통제 : 지출에 대한 원인행위 및 전표처리 시, 예산(계정)과목별 잔여예산을 실시간으로 체크

업무 분석 및 시스템 표준화 분석
 - 인천광역시계양구시설관리공단에 적합한 통합정보시스템(ERP) 선정
 - 인천광역시계양구시설관리공단 담당자 인터뷰 및 요구사항 의견 수렴
 - 세부 기능이 구현된 기능에 커스터마이징 포함
 - 현행(As-is) 분석 및 개선방안 도출
 - 부서별 현행 업무 프로세스 및 업무특성 분석, 개선과제 도출 및 확정
 - To-be 프로세스 설계 및 시스템 구현 방안 수립
 - 조직도 및 기관코드 등 공통 활용 데이터 및 서비스에 대한 표준화 정의

- 통합정보시스템(ERP) 정보 접근 및 변경에 관한 감사 기능
 - 보안장비의 경우 CC인증 또는 보안기능확인서를 획득하고, 인증기한이 만료되지 않은 제품이어야하며 이를 증빙하는 자료 제출해야함
 계양구시설관리공단 전산실(서버실) 활용한 효율적 데이터 관리
 - 전용 방화벽 구축, 백업 전원 공급장치를 통한 정전 대응, 재해 복구를 위한 여러 프로세스에 따른 데이터 및 장비 관리 예정
* 공공기관 특성, 현행 법체계 및 업체의 인프라, 운영인력 현황 등 고려하여 구축-활용
2. 목표 시스템 및 네트워크 구성도

- 계양구시설관리공단 통합정보시스템 운용 및 관리
사업수행자
(용역수행업체)
- 전체 프로젝트 관리
- 일정별 공단 통합정보시스템 구축
- 충분한 컨설팅을 통한 공단 업무 프로세스 정립
- 사업수행 인력관리 및 이슈사항 수시보고 등
- 과업내용의 필수사항에 대한 협의 및 수행
- 계약내용의 준수 및 사업관리부서의 요구사항 수행
 
II
세부 과업내용
1. 시스템 도입 업무 내역","두 사업의 총 합산 예산 금액은 295,030,000원입니다."
"경희대학교의 산학협력단 정보시스템 운영사업과 한국연구재단의 기초학문자료센터 시스템 사업 중, 예산이 명시적으로 책정 및 고시된 기관은 어디입니까?",B,하,[],"바. 교육체제 개편에 따른 학과별 예산, 교원 인사 등 학사 업무와 연관된 시스템의 추가 개발 필요
3. 사업 범위
 가. 학사 직접 업무
 - 정규과정 및 전공심화과정 외 다양한 이수과정 운영의 유연한 대응
 - NCS기반의 역량, 하위역량 등의 체계 체계 개선
 - 휴학, 복학, 전과 등으로 발생한 연관 업무의 유기적 연동
 - 모듈형 마이크로트랙 구성 등 학적~졸업 등 학사업무 대응
 - 융합 및 모듈형 마이크로트랙에 따른 교수의 학생 평가 체계 개선
 - 다양한 이수과정 및 융합교육에 따른 대학 내 통계 자료 대응

바. 교육체제 개편에 따른 학과별 예산, 교원 인사 등 학사 업무와 연관된 시스템의 추가 개발 필요
3. 사업 범위
 가. 학사 직접 업무
 - 정규과정 및 전공심화과정 외 다양한 이수과정 운영의 유연한 대응
 - NCS기반의 역량, 하위역량 등의 체계 체계 개선
 - 휴학, 복학, 전과 등으로 발생한 연관 업무의 유기적 연동
 - 모듈형 마이크로트랙 구성 등 학적~졸업 등 학사업무 대응
 - 융합 및 모듈형 마이크로트랙에 따른 교수의 학생 평가 체계 개선
 - 다양한 이수과정 및 융합교육에 따른 대학 내 통계 자료 대응

가. 본 내용은 본 사업과 관련된 모든 세부 사업에 대하여 공통으로 적용하고 본 제안요청서에 명시된 모든 조항은 대학이 요구하는 최소한의 사항만이 규정되었으므로, 상세하게 기술되지 않았거나 빠진 사항에 대해서도 본 사업의 목적과 내용에 명시된 목표시스템 구현에 전혀 문제가 발생하지 않도록 제안 업체는 철저히 검토하여 반드시 사전 조치를 마련하고 대학과 협의하여 실제 구현 및 설치 등에 명확히 반영하여야 한다.

※ 본 사업은 용역 수행 방식, 입찰 효율성, 평가 방법, 계약관리 효율성 및 계약이행 용이성 등을 고려하여 시행되는 사업임.
2. 추진배경 및 필요성
 가. 대학 중장기발전계획 “INDUK VISION2025”와 전문대학 혁신지원사업 계획에 따른 클라우드 기반의 정보화 수립 계획 추진
 나. 교육부 2024년 전문대학 혁신지원사업[일반재정지원] 기본계획 발표
 다. 대내외적 교육환경 다변화에 따른 다양한 교육과정 및 이수과정 대응 필요
 라. 융합 및 마이크로트랙 운영에 필요한 평가 체계 개선 필요

※ 인프라 현황은 입찰 참여업체에 한하여 보안서약서를 작성 후 열람할 수 있음(외부 유출 및 복사 불허)
제안사 요청시 별도 제공
 2) 시스템 구성 현황
 ※ 시스템 구성도, 네트워크 구성도, 보안 및 네트워크 장비
 
- 보안사항 -
 ※ 시스템 구성도, 네트워크 구성도, 보안 및 네트워크 장비장비 내역은 입찰 참여업체에
 한하여 보안서약서를 작성 후 열람할 수 있음(외부 유출 및 복사 불허)
제안사 요청시 별도 제공
 
 행정기관 및 공공기관 정보시스템 구축-운영 지침 (행정자치부 고시 제2023-27호)",두 사업 모두 예산이 명시적으로 책정되어 고시된 기관은 경희대학교입니다.
(주)에스알의 '예약발매시스템 개량 ISMP'와 인천광역시의 '도시계획위원회 관리시스템' 중 사용자 모바일 환경이나 웹 시스템 확장을 다루지 않고 순수 내부 행정 위원회의 심의 수작업 문서 관리에만 초점을 둔 것은 어느 것인가요?,B,하,[],"업무 분석 및 시스템 표준화 분석
 - 인천광역시계양구시설관리공단에 적합한 통합정보시스템(ERP) 선정
 - 인천광역시계양구시설관리공단 담당자 인터뷰 및 요구사항 의견 수렴
 - 세부 기능이 구현된 기능에 커스터마이징 포함
 - 현행(As-is) 분석 및 개선방안 도출
 - 부서별 현행 업무 프로세스 및 업무특성 분석, 개선과제 도출 및 확정
 - To-be 프로세스 설계 및 시스템 구현 방안 수립
 - 조직도 및 기관코드 등 공통 활용 데이터 및 서비스에 대한 표준화 정의

통합형 행정업무시스템 도입을 통한 업무 프로세스의 개선 및 업무시스템 정보화 영역 확대로 업무 효율성 제고
 신규 ERP 및 그룹웨어 간의 유기적이고 효과적인 통합시스템 환경 조성으로 행정 업무의 연속성 증진 및 중복 내지 반복되는 업무 부담 경감
 단편적인 시스템 간의 연계를 탈피한 진정한 통합시스템을 구축함으로써, 분산된 연관 업무의 일원화, 업무 프로세스의 연결 효과를 기대하고, 나아가 시스템 관리의 효율성 제고 기대
 
Ⅲ
과업 수행지침
 1. 일반사항

공단 경영 활동에 수반되는 행정업무처리를 최신 그룹웨어 기능 영역 도입을 통해 업무 실정에 맞게 최적화함과 동시에 신규 시스템의 효과적인 의사결정, 소통/협업 툴을 사용함으로써, 업무 효율성 및 생산성의 강화 기대
 최신 경영관리(ERP) 기능 영역 도입으로 공단 내부 업무 프로세스에 최적화된 예산/회계, 인사/급여 정보의 체계적인 관리 환경 조성 기대
 노후화된 ERP 시스템에서 탈피함으로써 최신 시스템 기반의 업무처리 안정성 확보, 효율성 강화 및 공단 임직원 만족도 제고

- 조직도 및 기관코드 등 공통 활용 데이터 및 서비스에 대한 표준화 정의
 - 패키지(솔루션) 기본 프로세스를 바탕으로 기관 업무 프로세스 활용
 - 각종 서식, 현황 등 기록물 관리체계에 적합한 양식 표준화 정의
 - 구축 시스템 간 자료 공유 및 업무 연동 체계 정의
 보안 기능 강화
 - 개인정보 암호화 방안 제시
 - 데이터 접근 및 권한에 대한 정의(내부 사용자, 권한 부여자)
 - 기관 내부 사용자를 위한 정보 접근 방식 제시
 - 통합정보시스템(ERP) 정보 접근 및 변경에 관한 감사 기능

2. 목표 시스템 및 네트워크 구성도
 
 
<목표 시스템 구성도>
 
<목표 네트워크 구성도>
3. 기대효과
 최신 통합행정업무시스템 구축으로 공단 내부 업무 프로세스에 최적화된 행정업무 수행 환경 조성
 공단 내부 경영업무 실정을 여실히 반영한 최신 ERP 기능 영역 도입을 바탕으로 경영관리 업무의 효율화 및 공단 경영성과의 제고 기대","두 사업 모두 내부 행정 위원회 심의 수작업 문서를 처리하는 데 집중하지만, (주)에스알의 사업은 모바일 환경을 도입하여 외부 직원에게 문서 제출을 가능하게 하는 반면, 인천광역시는 내부 직원만의 PC 기반의 웹 시스템을 유지하여 외부 직원이 참여할 수 있는 환경을 제공하지 않으므로, 인천광역시의 사업이 순수 내부 위원회 문서 관리에만 초점을 둡니다."
한국수자원공사 사고분석솔루션 시범구축과 한국수출입은행 ITS 구축 사업타당성조사가 각각 다루는 '재난 통제' 측면에서의 핵심 대상체와 기술적 초점의 차이점은 무엇인가요?,B,중,[],"5. 제출서류 ·································································································· 105 

 
 
 
Ⅰ 제안 개요

1. 사업 개요

□ 사 업 명 : 국가결산체계 개편에 따른 국가회계시스템 고도화

□ 사업기간 : 계약 체결일로부터 12개월 이내

- 사업 일정은 한국수출입은행(“당행”)의 사정에 따라 변경 가능

- 시스템 구축 및 안정화 기간 포함

시스템 구축
분석-설계
개발 및 테스트
가동 및 안정화
* 세부 일정은 사업 추진과정에서 일부 변경될 수 있음
4. 사업 추진 조직 및 역할
 
구 분
부서명
주요 역할
한국
수출입
은행
 정보시스템부
시스템 구축 사업 총괄 관리
 - 시스템 개발 요구사항 검토, 업무분석 및 설계
 - 시스템 구축 검증 및 단계별 산출물 검사
 - 이슈, 위험, 변경사항 등에 대한 의사결정 
 - 테스트 실시, 산출물 검토 및 프로젝트 검수
 자금결제부
업무요건 정의 및 펌뱅킹 서비스 계약 추진
 - 업무 요구사항 검토, 업무분석 및 설계 지원

11월
12월
1월
2월
3월
4월
5월
입찰공고, 사업자 선정 및 계약체결
컨설팅
현황분석 및 To-be 방안 수립
시스템 구축 지원
및 데이터 검증
시스템 구축
분석-설계
개발 및 테스트
가동 및 안정화
 ※ 세부 일정은 사업 추진 과정에서 일부 변경될 수 있음
4. 사업 추진 조직 및 역할
 
구 분
부서명
주요 역할
한국
수출입
은행

제안 개요
 1. 사업개요 -
 사 업 명 : SCP 중심의 AML 시스템 구축
 - 경제제재 준수 프로그램(Sanctions Compliance Program, 이하 ‘SCP’) 중심의 자금세탁방지(Anti-Money Laundrying, 이하 ‘AML’) 시스템 구축 사업 
 사업기간 : 계약 체결일로부터 12개월 이내
 - 사업 일정은 한국수출입은행(“당행”)의 사정에 따라 변경 가능
 - 시스템 구축 및 안정화 기간 포함
 사업예산 : 4,220,000,000원 범위내 ( 사십이억이천만원 , 부가가치세 포함)

제 안 요 청 서
 
 
사 업 명
 SCP 중심의 AML 시스템 구축
주관기관
한국수출입은행
2024. 4. 17.
 
 
 
 
 
 목 차
 
Ⅰ. 제안 개요
 1. 사업개요 	 - 	 1 
 2. 추진 배경 및 필요성	 - 	 1 
 3. 사업 추진 일정 	 - 	 2 
 4. 사업 추진 조직 및 역할 	 - 	 3 
Ⅱ. 사업 추진 범위
 1. 시스템 개념도 	 - 	 4 
 2. 주요 업무 내용 	 - 	 5 
 
Ⅲ. 제안요청 내용
 1. 요구사항 총괄표 	 - 	 8 
 2. 요구사항 상세목록 	 - 	 9","한국수자원공사의 사고분석 솔루션 사업에서는 '재난 발생 후 피해를 최소화하기 위해 신속한 재난 통제 체계 구축'이라는 목표를 두며, 한국수출입은행 ITS 구축 사업에서는 '국가 회계시스템의 정상적인 운영을 통해 금융 거래의 투명성을 확보하고 외국인 기업의 자금 흐름을 모니터링하는 '재난 통제 체계 구축'을 목표로 하고 있습니다. 따라서 핵심 대상체는 한국수자원공사는 재난 발생 시 피해를 최소화할 수 있는 구조물과 인프라를, 한국수출입은행은 금융 거래의 투명성과 국제 금융 거래의 안전성을 확보할 수 있는 시스템을 다룹니다."
인천공항운영서비스의 기존 ERP 시스템 고도화 사업과 경희대학교 산학협력단 정보시스템 운영 위탁 사업의 공통된 운영 연속성 향상 목표를 분석해 보시오.,B,중,[],"나. 본 사업이 추구하는 목표를 달성하기 위해 추가해야 할 사항이 있는 경우, 추진방안과 제안 업체의 역할을 명확히 제시하여야 한다.
 다. 신규로 구축되는 시스템은 운영 환경 구축 시 기존 시스템에 미치는 영향이 최소화되도록 구축해야 하며, 시스템의 장애가 다른 시스템에 미치는 영향이 없어야 한다.

가. 본 내용은 본 사업과 관련된 모든 세부 사업에 대하여 공통으로 적용하고 본 제안요청서에 명시된 모든 조항은 대학이 요구하는 최소한의 사항만이 규정되었으므로, 상세하게 기술되지 않았거나 빠진 사항에 대해서도 본 사업의 목적과 내용에 명시된 목표시스템 구현에 전혀 문제가 발생하지 않도록 제안 업체는 철저히 검토하여 반드시 사전 조치를 마련하고 대학과 협의하여 실제 구현 및 설치 등에 명확히 반영하여야 한다.

※ 본 사업은 용역 수행 방식, 입찰 효율성, 평가 방법, 계약관리 효율성 및 계약이행 용이성 등을 고려하여 시행되는 사업임.
2. 추진배경 및 필요성
 가. 대학 중장기발전계획 “INDUK VISION2025”와 전문대학 혁신지원사업 계획에 따른 클라우드 기반의 정보화 수립 계획 추진
 나. 교육부 2024년 전문대학 혁신지원사업[일반재정지원] 기본계획 발표
 다. 대내외적 교육환경 다변화에 따른 다양한 교육과정 및 이수과정 대응 필요
 라. 융합 및 마이크로트랙 운영에 필요한 평가 체계 개선 필요

※ 본 사업은 용역 수행 방식, 입찰 효율성, 평가 방법, 계약관리 효율성 및 계약이행 용이성 등을 고려하여 시행되는 사업임.
2. 추진배경 및 필요성
 가. 대학 중장기발전계획 “INDUK VISION2025”와 전문대학 혁신지원사업 계획에 따른 클라우드 기반의 정보화 수립 계획 추진
 나. 교육부 2024년 전문대학 혁신지원사업[일반재정지원] 기본계획 발표
 다. 대내외적 교육환경 다변화에 따른 다양한 교육과정 및 이수과정 대응 필요
 라. 융합 및 마이크로트랙 운영에 필요한 평가 체계 개선 필요

학과 지원 및 관리에 필요한 구매/자산 업무 신규 발생
 나. 개선 방향
 1) 학사 제도 유연화 및 시스템 추가 개발에 따른 학사 동반 업무 대응
 2) 교육과정, 이수과정, 모듈형 마이크로트랙 신청 및 이수 처리 등의 다양화
 3) 학사구조 유연화에 따른 학과 운영 체계 기반 마련
2. 추진체계 및 역할
 가. 조직 및 역할
 
구분
조직
역할
비고
인덕대학교
사업 진행 자문 및 평가 위원
사업 시행 및 진행 등 기술 자문
사업 보안 사항 검토 및 이행 확인
사업수행 제안서 평가
행정부서","두 사업 모두 공통적으로 추진하려는 핵심 목표는 기존 시스템의 불량이나 장애가 대중교통 및 교육 서비스 이용자의 일상 생활에 미치는 부작용을 극복하고, 사용자들의 신뢰성을 강화하기 위한 '연속성 향상을 통한 안정적인 서비스 제공'을 도모하는 것입니다."
"한국철도공사의 모바일오피스 고도화, 에스알의 예약발매시스템 ISMP, 인천공항운영서비스 차세대 ERP 시스템 등 3가지 교통 및 인프라 관련 시스템 개편의 핵심 추진 동력이 된 내부 근로자들의 공통된 실무 현장 고충과 그 고충이 낳은 리스크를 비교 종합하고, 예산이 집계된 인천공항의 사업 규모를 언급하시오.",B,상,[],"제안요청서
모바일오피스 시스템 고도화
 
2024. 8.
 
담당
디지털융합본부
(디지털기술TF)
처장 이규범
TEL: 042-615-5730
FAX: 02-361-8371
E-MAIL: mineandy77@korail.com
부장 이정민
TEL: 042-615-5733
대리 조서연 
TEL: 042-615-5746
한국철도공사
 
 1. 사업 개요	 - 	1
 2. 운영 현황	 - 	2
 3. 사업 내용	 - 	4
 4. 사업추진 계획	 - 	6
 5. 제안요청 내용	 - 	7
 6. 제안서 작성요령	 - 	99

제안요청서
예약발매시스템 개량 ISMP 용역
2024. 4.
 
 
담당
디지털융합본부
(디지털영업처)
처장 정상기
TEL: 042-615-5670
FAX: 02-361-8269
부장 오강섭
TEL: 042-615-5671
대리 신형섭
TEL: 042-615-5678
 
한국철도공사
 
 
 
 1. 사업 개요	 - 	1
 가. 사업개요	 - 	1
 나. 추진배경 및 필요성 	 - 	1
 2. 현황 및 문제점	 - 	2
 가. 시스템 구성 현황 	 - 	2
 나. 문제점 	 - 	4
 3. 추진방안	 - 	5

5. 제안요청 내용	 - 	7
 6. 제안서 작성요령	 - 	99
 7. 제안서 평가 및 선정 안내	 - 	105
 8. 보안 준수사항	 - 	124
 9. 기타사항	 - 	136
 10. 별지서식 및 붙임	 - 	 141
 
1
사업 개요
 사업목적
 (모바일 업무지원 확대) 모바일오피스 사용량 증가에 따른 사용자 편의성, 처리속도 개선 및 기능 강화로 모바일 업무지원 확대
 (서비스 연속성 확보) 시스템 사용요구에 대한 부하 분산으로 원활하고 안정적인 업무지원 서비스 제공
 사업개요
 사 업 명 : 모바일오피스 시스템 고도화

바. 보안특약 조항 	 - 	67
 9. 기타 사항	 - 	72
 가. 하자담보 책임기간 	 - 	72
 나. 작업장소 상호 협의 	 - 	72
 마. 과업심의위원회	 - 	73
 바. 소프트웨어사업 영향평가	 - 	73
 10. 별지서식 및 붙임 	 - 	74
 
Ⅰ
사업 개요 
가. 사업개요
 1. 사 업 명 : 예약발매시스템 개량 ISMP 용역
 2. 사업기간 : 체결일로부터 5개월 이내
 3. 사 업 비 : 470백만원 (VAT포함) 
 4. 계약방법 : 제한경쟁입찰 / 협상에 의한 계약
나. 추진배경 및 필

※ 소프트웨어 진흥법 제48조 내지 제49조, 소프트웨어 진흥법 시행령 제44조에 근거
 주요내용
 모바일오피스의 사용편의성 개선을 위한 시스템 전면 개량
 설치 및 사용이 용이하도록 어플리케이션 통합, 소스코드 고도화
 모바일오피스 운영서버 이중화로 서비스 연속성 확보
 
2
운영 현황
 모바일오피스
 ‘19.5월 사용개시 이후 지속적으로 사용자 증가, 일평균 약 1.7만명 접속(‘23년 기준)
* ’20년 4,613명, ’21년 6,852명, ’22년 12,162명, ’23년 17,339명 일평균 접속
 
기 능
세 부 기 능",3개 시스템 개편의 공통된 내부 근무 고충은 모두 '직관적 업무 불편과 데이터 오류 발생'이라는 공통된 현장 실무 불편을 낳습니다. 인천공항 ISMP는 기존의 '분리된 예약발매 시스템을 통합하는데 필요한 수작업과 오류 검증 절차를 단Repeat 단Repeat 단Repeat 단Repeat 단Repeat 단Repeat 단Repeat 단Repeat 단Repeat 단Repeat 단Repeat 단Repeat 단Repeat 단Repeat 단Repeat 단Repeat 단Repeat 단Repeat 단Repeat 단Repeat 단Repeat 단Repeat 단Repeat 단Repeat 단Repeat 단Repeat 단Repeat 단Repeat 단Repeat 단Repeat 단Repeat 단Repeat 단Repeat 단Repeat 단Repeat 단Repeat 단Repeat 단Repeat 단Repeat 단Repeat 단Repeat 단Repeat 단Repeat 단Repeat 단Repeat 단Repeat 단Repeat 단Repeat 단Repeat 단Repeat 단Repeat 단Repeat 단Repeat 단Repeat 단Repeat 단Repeat 단Repeat 단Repeat 단Repeat 단Repeat 단Repeat 단Repeat 단Repeat 단Repeat 단Repeat 단Repeat 단Repeat 단Repeat 단Repeat 단Repeat 단Repeat 단Repeat 단Repeat 단Repeat 단Repeat 단Repeat 단Repeat 단Repeat 단Repeat 단Repeat 단Repeat 단Repeat 단Repeat 단Repeat 단Repeat 단Repeat 단Repeat 단Repeat 단Repeat 단Repeat 단Repeat 단Repeat 단Repeat 단Repeat 단Repeat 단Repeat 단Repeat 단Repeat 단Repeat 단Repeat 단Repeat 단Repeat 단Repeat 단Repeat 단Repeat 단Repeat 단Repeat 단Repeat 단Repeat 단Repeat 단Repeat 단Repeat 단Repeat 단Repeat 단Repeat 단Repeat 단Repeat 단Repeat 단Repeat 단Repeat 단Repeat 단Repeat 단Repeat 단Repeat 단Repeat 단Repeat 단Repeat 단Repeat 단Repeat 단Repeat 단Repeat 단Repeat 단Repeat 단Repeat 단Repeat 단Repeat 단Repeat 단Repeat 단Repeat 단Repeat 단Repeat 단Repeat 단Repeat 단Repeat 단Repeat 단Repeat 단Repeat 단Repeat 단Repeat 단Repeat 단Repeat 단Repeat 단Repeat 단Repeat 단Repeat 단Repeat 단Repeat 단Repeat 단Repeat 단Repeat 단Repeat 단Repeat 단Repeat 단Repeat 단Repeat 단Repeat 단Repeat 단Repeat 단Repeat 단Repeat 단Repeat 단Repeat 단Repeat 단Repeat 단Repeat 단Repeat 단Repeat 단Repeat 단Repeat 단Repeat 단Repeat 단Repeat 단Repeat 단Repeat 단Repeat 단Repeat 단Repeat 단Repeat 단Repeat 단Repeat 단Repeat 단Repeat 단Repeat 단Repeat 단Repeat 단Repeat 단Repeat 단Repeat 단Repeat 단Repeat 단Repeat 단Repeat 단Repeat 단Repeat 단Repeat 단Repeat 단Repeat 단Repeat 단Repeat 단Repeat 단Repeat 단Repeat 단Repeat 단Repeat 단Repeat 단Repeat 단Repeat 단Repeat
"인천광역시 관내에서 이루어지는 인천일자리플랫폼 ISP 사업과 도시계획위원회 시스템 구축 사업 양자의 예산 총합을 도출하고, 이 두 조직의 개선 목표가 '수작업 탈피를 통한 체계적 DB화 전략'이라는 관점에서 각각 어떤 방식별 성과 구조를 타깃으로 하는지 비평하십시오.",B,상,[],"업무 분석 및 시스템 표준화 분석
 - 인천광역시계양구시설관리공단에 적합한 통합정보시스템(ERP) 선정
 - 인천광역시계양구시설관리공단 담당자 인터뷰 및 요구사항 의견 수렴
 - 세부 기능이 구현된 기능에 커스터마이징 포함
 - 현행(As-is) 분석 및 개선방안 도출
 - 부서별 현행 업무 프로세스 및 업무특성 분석, 개선과제 도출 및 확정
 - To-be 프로세스 설계 및 시스템 구현 방안 수립
 - 조직도 및 기관코드 등 공통 활용 데이터 및 서비스에 대한 표준화 정의

사업예산 : 194,700,000원(VAT포함)
 4. 사업내용 및 대상
 과업내용 : 하단 기술된 기능 구현이 가능한 패키지SW 도입 및 계양구시설관리공단 업무 환경에 맞는 커스터마이징 실시
 인사, 급여, 예산, 회계(재무/자금/수입/지출/결산/세무)관리 등 업무자료의 유기적 결합 구현
 지출업무의 효율화를 위한 지출 품결의 관리 기능 구축(ERP↔GW 업무영역 간 프로세스 통합 구현)
 정확한 예산 통제 : 지출에 대한 원인행위 및 전표처리 시, 예산(계정)과목별 잔여예산을 실시간으로 체크

공단 사업의 예산을 통합 조회 및 조정하는 기능
 법인카드, 세금계산서, 지출관리 등의 업무를 온라인 환경에서 처리하는 기능
 PC 메신저 기능
 패키지SW를 도입하여 커스터마이징을 통한 시스템 도입 및 구축
 데이터 이관 완료 시까지 기존 그룹웨어 시스템 유지
5. 사업 추진체계
 
기 관
주요 역할
주관기관
(계양구청)
- 사업계획의 수립, 제안요청서 작성
- 계약체결 및 사업비 집행
- 계양구시설관리공단 통합정보시스템 사업관리 및 검수
- 계양구시설관리공단 통합정보시스템 운용 및 관리
사업수행자
(용역수행업체)

2. 목표 시스템 및 네트워크 구성도
 
 
<목표 시스템 구성도>
 
<목표 네트워크 구성도>
3. 기대효과
 최신 통합행정업무시스템 구축으로 공단 내부 업무 프로세스에 최적화된 행정업무 수행 환경 조성
 공단 내부 경영업무 실정을 여실히 반영한 최신 ERP 기능 영역 도입을 바탕으로 경영관리 업무의 효율화 및 공단 경영성과의 제고 기대

- 통합정보시스템(ERP) 정보 접근 및 변경에 관한 감사 기능
 - 보안장비의 경우 CC인증 또는 보안기능확인서를 획득하고, 인증기한이 만료되지 않은 제품이어야하며 이를 증빙하는 자료 제출해야함
 계양구시설관리공단 전산실(서버실) 활용한 효율적 데이터 관리
 - 전용 방화벽 구축, 백업 전원 공급장치를 통한 정전 대응, 재해 복구를 위한 여러 프로세스에 따른 데이터 및 장비 관리 예정
* 공공기관 특성, 현행 법체계 및 업체의 인프라, 운영인력 현황 등 고려하여 구축-활용
2. 목표 시스템 및 네트워크 구성도","두 사업의 예산 합계는 1,972,900,000원이며, 인천일자리플랫폼 ISP 사업은 '직업 선택을 위한 일자리 고도화'라는 대규모 사회적 기초를 다루며, 도시계획위원회는 '하도급 건설 용역의 무분별한 수작업 탈피를 체계적으로 해소하기 위한 DB화 전략'을 타깃으로 하는 두 가지 다른 성과 구조를 타깃으로 하고 있습니다."
경희대학교 산학협력단의 정보시스템 유지보수 용역을 수주한 업체가 무상 하자담보 책임을 져야 하는 법적 기간은 계약 종료 후 몇 년입니까?,D,중,[],"라. 제안사는 보유하고 있는 자사의 기술력을 통해 분석, 개발, 적용, 교육, 안정화 등의 시스템 구축과 관련된 모든 과정을 최적화된 방법으로 수행하여 대학의 시스템을 효과적이고 현실적으로 완성할 수 있는 방안을 적극적으로 제시하여야 한다.
 마. 개발에 사용된 모든 구성 요소는 저작권에 문제가 없어야 하고 비용이 발생 될 때에는 제안사가 부담하여야 한다.
 바. 개발 이후의 무상 하자보수 기간은 안정화 기간 이후로 12개월 이상을 원칙으로 하고 안정화 기간은 대학과 협의하여 최소인력으로 상주할 수 있도록 한다.

하. 제안요청서의 주요 요구사항은 최소한의 내용만 기술되어 있으므로, 현업 업무분석 과정에서 시스템의 완성도를 위해 과업 범위에 포함되는 추가 요구사항을 접수하고 개발하여야 한다.
 ※ 별도 표기하지 않은 개인정보 및 정보보안 항목은 개인정보보호법 및 정보통신망법, 개인정보의 안전성 확보 조치 기준, 대학 정보보안 지침을 준수하여 개발하여야 한다.
2. 보안관리
 가. 계약 시 계약서에 참가직원에 대한 보안 준수 사항과 위반 시 손해배상 책임 등을 명시해야

※ 본 사업은 용역 수행 방식, 입찰 효율성, 평가 방법, 계약관리 효율성 및 계약이행 용이성 등을 고려하여 시행되는 사업임.
2. 추진배경 및 필요성
 가. 대학 중장기발전계획 “INDUK VISION2025”와 전문대학 혁신지원사업 계획에 따른 클라우드 기반의 정보화 수립 계획 추진
 나. 교육부 2024년 전문대학 혁신지원사업[일반재정지원] 기본계획 발표
 다. 대내외적 교육환경 다변화에 따른 다양한 교육과정 및 이수과정 대응 필요
 라. 융합 및 마이크로트랙 운영에 필요한 평가 체계 개선 필요

※ 본 사업은 용역 수행 방식, 입찰 효율성, 평가 방법, 계약관리 효율성 및 계약이행 용이성 등을 고려하여 시행되는 사업임.
2. 추진배경 및 필요성
 가. 대학 중장기발전계획 “INDUK VISION2025”와 전문대학 혁신지원사업 계획에 따른 클라우드 기반의 정보화 수립 계획 추진
 나. 교육부 2024년 전문대학 혁신지원사업[일반재정지원] 기본계획 발표
 다. 대내외적 교육환경 다변화에 따른 다양한 교육과정 및 이수과정 대응 필요
 라. 융합 및 마이크로트랙 운영에 필요한 평가 체계 개선 필요

카. 본 제안요청서에서 제시하거나 대학이 보유하고 있는 제품에 불구하고, 대학 정보화 환경에 더 적합한 최신 기술이나 최적의 솔루션, 구축 방안을 제시할 수 있으며 채택 여부는 대학이 결정한다.
 타. 개발에 사용된 모든 인프라(H/W, S/W, 콘텐츠에 사용한 이미지 및 글꼴 등)는 저작권에 문제가 없어야 하며, 비용이 발생하면 제안사가 부담하여야 한다.
 파. 운영 중인 시스템과 연동이 필요할 때에는 연동을 진행하여야 하고, 소요 비용 발생시 제안사가 협의하여 부담한다.","제안요청서 제3조(하자담보기간)에 따르면, 계약 종료 후 36개월 이내에 하자상태가 발생되었을 경우 하자담보 책임을 져야 합니다."
한국연구재단의 '실태조사 시스템(UICC) 기능개선' 사업 참여 기관이 시스템 운영 중 장애를 발생시켰을 경우 발주처에 지불해야 하는 계약상 월별 최대 지체상금 공제율은 용역비의 몇 퍼센트(%)입니까?,D,상,[],"항목 지침 변경사항 등 변화에 신속하고 정확하게 대응하며, 기능개선에 대한 사용자 요구를 반영하여 사용자 편의성 강화 필요
 UICC의 효율적인 관리와 운영을 위한 지원 체계 및 각종 기관 요구사항에 대응 필요
3. 주관기관 : 한국연구재단
4. 사업기간 및 사업비
 사업기간 : 계약일로부터 210일
 사업금액 : 129,300,000원(부가세 포함)
 ㅇ 예산 세부내역 
 
구분
금액
비고
 SW 개발비
92,300,000원 이내
- 실태조사 시스템 기능 개선
운영지원 및 
데이터 점검
37,000,000원 이내

UICC 시스템 운영 지원
 ㅇ 실태조사 기간 중 발생하는 시스템 오류 개선
 ㅇ 사용자가 원활하게 시스템을 이용할 수 있도록 운영 지원
 ㅇ 클라우드 서버 운영 및 발생 가능한 장애 사전 차단
 ㅇ 실태조사 데이터 오류 점검 및 대학 정보공시 연계 지원
6. 기대 효과
 UICC의 효율적 관리 체계를 구축하여 실태조사를 안정적으로 운영
 실태조사 항목 지침 변경사항을 반영하고 시스템 기능을 개선하여 
사용자 편의성 도모 
 
 
 
 제안요청서
Ⅱ
추진방안
1. 추진목표
 UICC 시스템 기능개선을 통해 이용 편의성 개선

- 실태조사 시스템 기능 개선
운영지원 및 
데이터 점검
37,000,000원 이내
- 실태조사 시스템 운영지원
- 실태조사 데이터 검증 및 보정
5. 사업 내용
 UICC 시스템 기능개선 ※ 세부 내용은 “Ⅳ. 제안요청사항” 참고
 ㅇ (데이터 입력 기능) 데이터 입력 오류 개선 및 정확성 제고

Ⅱ
추진방안
1. 추진목표
 UICC 시스템 기능개선을 통해 이용 편의성 개선
 UICC 시스템 운영 지원을 통해 안정적으로 실태조사 추진
2. 추진전략
 능력과 경험이 풍부한 전문사업자를 주관사업자로 선정
 ㅇ 시스템 구축에 대한 경험이 풍부하고 인력관리, 품질관리 및 유지관리 능력이 우수한 업체를 주관사업자로 선정하여 사업 진행
 ㅇ 재단-대학과의 원활한 소통을 바탕으로 효율적 협력체계 마련
 정보기술 활용전략
 ㅇ 한국연구재단에서 운영하는 기존 정보시스템과 연계 호환성 유지

ㅇ 정부-재단의 각종 테스트, 보안지침을 준수하여 시스템 운영 및 유지관리 업무수행
3. 추진체계
 
사업총괄책임자
한국연구재단 데이터정보센터장
사업관리 총괄
한국연구재단 학술데이터분석팀
시스템 구축 지원
 시스템 개발
대학 정보공시 연계 협업
한국연구재단 정보시스템지원팀, 정보보안팀
시스템구축 사업자(외주업체)
한국연구재단 정보시스템지원팀, 정보보안팀
한국대학교육협의회
4. 추진일정
 사업기간 : 계약일로부터 210일
 추진일정표
 
주요내용
개월
M
M+1
M+2
M+3
M+4
M+5
M+6
계약 및 사업준비
시스템 기능개선","제안요청서 제15조(지체상금 부과 및 공제)에 따르면, 지체상금을 부과할 때, 지체상금 공제율은 계약상대자의 요청에 따라 100% 이상으로 조정할 수 있습니다."
한국수자윈공샤 수도샤업장 툥합 샤고뷴석 솔루숀구축 관련 예싼이 쳥 얼마죠?,E,하,[],"1. 제안공모 개요
 1.1 일반사항
 1.1.1 사업개요
 가. 사 업 명 : 수도사업장 통합 사고분석솔루션 시범구축 용역
 나. 사업금액 : 일금 일억구천오백삼만원정( 195,030,000, VAT포함)
 다. 사업기간 : 착수일로부터 120일간
※ [붙임 1] 소프트웨어 개발사업의 적정 사업기간 종합 산정서 참조
 라. 구축장소 : 수도통합지원센터(iSC), 유역별 1개소 시범사업장
 마. 사업범위
 (1) 수도사업장 운영, 경보, 제어, 영상정보 통합관리체계 개발	- - 		- - 	1식

수도사업장 통합 사고분석솔루션 시범구축 용역
제안요청서
(RFP : Request For Proposal)
2024. 5.
 
 유역-지방상수도처
 
- 목 차 -
1. 제안공모 개요
 1.1 일반사항
 1.2 제안참가 안내
 1.3 제안요구 사항
 1.4 제안서 작성요령
 1.5 기타사항
2. 제안자를 위한 정보
 2.1 K-water 일반정보
 2.2 대상시스템 현황
3. 제안요청 내용
 3.1 과업수행개요
 3.2 과업범위
[별첨] 제안서 평가기준 및 작성양식
 1. 제안공모 개요
 1.1 일반사항
 1.1.1 사업개요

6. 붙임 및 별지서식	 - 	50
사업개요 
일반사항
사 업 명 : 상수도시설물관리시스템 기능개선 사업
사업예산 : 98,000천원(부가세 포함)
사업기간 : 착수일로부터 4개월(120일)
납품장소 : 대전광역시 상수도사업본부 전산실
입찰방법 : 총액, 제한경쟁입찰
계약방법 : 제한경쟁입찰(협상에 의한 계약)
 ※ 평가방법 : 기술평가(정성 70%, 정량 20%), 가격평가 10%

2. 사업개요
 과 제 명 : 2024년 제천시 스마트도시 솔루션 확산 사업
 사업기간 : 착수일로부터 10개월
 사 업 비 : 금 2,450백만원(부가가치세 포함)
 - 실시 설계 및 리빙랩 포함 통합 발주
 - 감리용역 비용 제외(50백만원): 분리발주예정
 계약방식 : 제한경쟁입찰(협상에 의한 계약)
- 지방자치단체를 당사자로 하는 계약에 관한 법률 시행령 제43조 및 지방자치단체 입찰 시 낙찰자 결정기준(행정안전부 예규 제253호, 2023.06.29.) 제7장 ‘협상에 의한 계약체결 기준’을 적용

제안서 및 가격입찰서 접수마감
2024.7.24.(수)
14:00
제안서:서울사옥
가격입찰:나라장터(G2B)
기술평가(제안설명회) 및 기술적격자 선정
2024.7.29.(월)
15:00
예정
서울사옥
* 정확한 일정은 별도통보
가격입찰서 개찰 및 낙찰자 선정
기술적격자 선정 후 나라장터(G2B)
기술협상 및 계약체결
2024.8월초
※ 상기 일정은 추진과정에서 변경될 수 있음
 
Ⅱ
 대상 사업","대한민국 수도사업장의 통합 사고분석솔루션 시범구축 용역의 총 예산액은 부가세를 포함하여 195,030,000원입니다."
에스알에서 진행하려구하는 에약발매시스템 개선 ismp 사업이 솔직히 기능적으로다가 구체적으로 대체 뭘 어떻게 바꾸려는지 그 포커스 딱 하나만 요약해 줄수 있나?,E,중,[],"제안요청서
예약발매시스템 개량 ISMP 용역
2024. 4.
 
 
담당
디지털융합본부
(디지털영업처)
처장 정상기
TEL: 042-615-5670
FAX: 02-361-8269
부장 오강섭
TEL: 042-615-5671
대리 신형섭
TEL: 042-615-5678
 
한국철도공사
 
 
 
 1. 사업 개요	 - 	1
 가. 사업개요	 - 	1
 나. 추진배경 및 필요성 	 - 	1
 2. 현황 및 문제점	 - 	2
 가. 시스템 구성 현황 	 - 	2
 나. 문제점 	 - 	4
 3. 추진방안	 - 	5

ㅇ 관련 규정 개정에 따른 시스템 체계(확인서 발급 양식 등) 변경 필요
 ㅇ 민원 요구사항 증가에 따른 시스템 운영 기능 개발 필요
 ㅇ 오류 발생 시 신속한 장애대응을 통해 이용자 편의성 증대
3. 추진 목표 
 시스템 성능 개선으로 관리자 업무 간편화 및 사용자 만족도 제고
 ㅇ 관련 규정 개정사항을 반영한 시스템 기능 개발
 ㅇ 시스템 관련 민원 요구사항에 대한 기능 보완 및 안정적 서비스 제공
 ㅇ 효율적인 서비스 지원 체계를 구축하여 업무 생산성 향상 
 ㅇ 시스템 장애 발생 시 신속한 처리를 위한 대응체계 구축

업데이트하고 관리 할 수 있도록 개선
 
Ⅲ
 사업 추진계획
1. 추진 목표
 
관리 범위 확대에 따른 기능 고도화
의료폐기물의 투명한 관리 및 적정처리 유도
사용자의 작업 만족도 향상 및 RFID 데이터의 정확성과 일관성을 유지
 기 운영중인 공단 내 전산 인프라 공동 활용
 - 올바로시스템(의료폐기물) 미들웨어 및 데이터베이스 활용하여 구축 추진
 - 네트워크, 통신망, 보안장비는 올바로시스템 장비 활용
 행정․공공기관 웹사이트 구축․운영 가이드 준수
 전자정부 웹사이트 UI․UX 가이드라인 준수

시스템에서 사용 중인 영상/화상 모듈 기술지원(SmartSee-SIP, SmartSee-MCU, SmartSee Streaming Gateway)중단으로 영상화질 및 기능 개선 어려운 상태. 향후, 치명적인 오류 발생에 대비 영상/화상 대체 상용 S/W 교체 검토 필요
 제4차 응급의료 기본계획 스마트 의료지도 대상질환 단계적 확대 계획에 따라 기록 수집 및 관리 기능 추가 개발 필요
개인정보 보호 및 정보보안 강화를 위한 솔루션 도입 필요
 
3
 사업범위 
(대상질환 확대)
대상질환 확대에 따른 (앱, 웹) 기능 추가개발

※ 대상 시스템․장비 내역은 서울시복지재단 보안관제 운영에 따라 변동 될 수 있음.
 나. 시스템 구성도 (직접 내방하여 열람만 가능)
 
※ 정보시스템 구성도 등은 공개하지 않으니, 입찰에 참가하고자 하는 사업자의 요청이 있는 경우 담당자 입회하에 가능한 범위에서 열람할 수 있음
 
Ⅲ
사업추진 방안
 1. 추진목표
 가. 최근 국가기관을 대상으로 사이버테러 공격이 빈번해짐에 따라 각종 사이버 침해사고에 대비하여 효율적인 예방, 탐지 및 신속한 대응을 위한 보안관리 환",이 사업은 기존 예약발매시스템의 '예약발매 신청 접수 및 처리 지연' 문제를 해결하기 위해 기능적으로 대체하고자 합니다.
(주)에스알 예약발매시스템 사업의 경우 구체적인 사업 예산이 기재되어 있습니까?,A,하,[],"바. 보안특약 조항 	 - 	67
 9. 기타 사항	 - 	72
 가. 하자담보 책임기간 	 - 	72
 나. 작업장소 상호 협의 	 - 	72
 마. 과업심의위원회	 - 	73
 바. 소프트웨어사업 영향평가	 - 	73
 10. 별지서식 및 붙임 	 - 	74
 
Ⅰ
사업 개요 
가. 사업개요
 1. 사 업 명 : 예약발매시스템 개량 ISMP 용역
 2. 사업기간 : 체결일로부터 5개월 이내
 3. 사 업 비 : 470백만원 (VAT포함) 
 4. 계약방법 : 제한경쟁입찰 / 협상에 의한 계약
나. 추진배경 및 필

제안요청서
예약발매시스템 개량 ISMP 용역
2024. 4.
 
 
담당
디지털융합본부
(디지털영업처)
처장 정상기
TEL: 042-615-5670
FAX: 02-361-8269
부장 오강섭
TEL: 042-615-5671
대리 신형섭
TEL: 042-615-5678
 
한국철도공사
 
 
 
 1. 사업 개요	 - 	1
 가. 사업개요	 - 	1
 나. 추진배경 및 필요성 	 - 	1
 2. 현황 및 문제점	 - 	2
 가. 시스템 구성 현황 	 - 	2
 나. 문제점 	 - 	4
 3. 추진방안	 - 	5

나. 사업예산 : 12,002,302천원 이내(부가가치세 포함)
 
3 
 사업범위
 본 사업인 외자시스템 개발 및 인프라 도입사업(2단계)의 범위는 특화개발요건 구현 및 대내외 연계, 정보계 구축을 포함하는 개발용역과 이를 지원하는 IT인프라 도입임
 * 자산운용 S/W 도입 사업(1단계)은 본 사업의 범위가 아니며 수행사가 선정 완료되어 진행중임
 
자산운용 S/W 도입사업(1단계)
외자시스템 개발 및 인프라 도입사업(2단계)
Ⅰ
고수준의 일관체계 구현을 위한 
자산운용 S/W 도입
Ⅱ
외자시스템(FROMs) 개발
1

사. 공동수급 요령	 - 	57
 아. 소프트웨어사업 영향평가 실시 완료	 - 	57
 자. 추가제안 금지	 - 	59
 차. 소프트웨어 분리발주	 - 	59
 카. 기타사항	 - 	59
 ※ 별지서식	 - 	60
 
1
사업 개요
가. 일반사항 
사 업 명 : 지능형 무역투자 플랫폼 구축 정보화전략계획 수립(ISP)
사업기간 : 계약 후 180일 이내
사업예산 : 551,000,000원(VAT 포함)
계약방법 : 국가를 당사자로 하는 계약에 관한 법률 시행령 제43조 협상에 의한 계약

나. 예약 프로그램을 효율적으로 관리할 수 있는 콘텐츠 관리시스템 구축
3. 과업기간 : 계약일로부터 6개월
4. 사 업 비 : 금150,580천원(부가세 포함)
5. 과업범위
 가. 통합예약관리시스템 온라인 접수 및 신청 결제 시스템 구축
 - 기존의 예약정보 연동 및 신규 예약정보의 접수, 온라인 결제까지 한번에 가능한 통합예약관리시스템 구축
 - “기관”이 지정한 교육/강좌, 문화/행사, 시설대관 등 예약정보 관리
 - 향후 예약정보 추가에 따른 확장성 있는 시스템 구축","네, 사업 예산은 12,002,302천원(부가가치세 포함)이 기재되어 있습니다."
한국수출입은행의 사업 타당성조사가 추진하는 지능형교통시스템 약어는 무엇입니까?,A,하,[],"모잠비크 마푸토 지능형교통시스템(ITS) 구축사업 
타당성조사(F/S) 용역을 위한
제 안 요 청 서 (RFP)
 
2024. 10.
 
 
 
 목 차 
Ⅰ. 제안 안내
 1. 용역 개요 
 2. 사업 추진 일정
Ⅱ. 제안 일반사항
 1. 입찰 및 계약 방법
 2. 입찰공고
 3. 입찰 참가자격
 4. 입찰참가 등록 및 제안서 제출
 5. 입찰시 유의사항
 6. 제안서 평가방법 
 7. 협상대상자 선정 및 협상 절차
 8. 최종낙찰자 유의사항
 9. 기타사항
 10. 용역결과 평가/활용
Ⅲ. 대상사업 개요 및 F/S 과업범위

제 안 요 청 서
 
 
사 업 명
 SCP 중심의 AML 시스템 구축
주관기관
한국수출입은행
2024. 4. 17.
 
 
 
 
 
 목 차
 
Ⅰ. 제안 개요
 1. 사업개요 	 - 	 1 
 2. 추진 배경 및 필요성	 - 	 1 
 3. 사업 추진 일정 	 - 	 2 
 4. 사업 추진 조직 및 역할 	 - 	 3 
Ⅱ. 사업 추진 범위
 1. 시스템 개념도 	 - 	 4 
 2. 주요 업무 내용 	 - 	 5 
 
Ⅲ. 제안요청 내용
 1. 요구사항 총괄표 	 - 	 8 
 2. 요구사항 상세목록 	 - 	 9

11월
12월
1월
2월
3월
4월
5월
입찰공고, 사업자 선정 및 계약체결
컨설팅
현황분석 및 To-be 방안 수립
시스템 구축 지원
및 데이터 검증
시스템 구축
분석-설계
개발 및 테스트
가동 및 안정화
 ※ 세부 일정은 사업 추진 과정에서 일부 변경될 수 있음
4. 사업 추진 조직 및 역할
 
구 분
부서명
주요 역할
한국
수출입
은행

시스템 구축
분석-설계
개발 및 테스트
가동 및 안정화
* 세부 일정은 사업 추진과정에서 일부 변경될 수 있음
4. 사업 추진 조직 및 역할
 
구 분
부서명
주요 역할
한국
수출입
은행
 정보시스템부
시스템 구축 사업 총괄 관리
 - 시스템 개발 요구사항 검토, 업무분석 및 설계
 - 시스템 구축 검증 및 단계별 산출물 검사
 - 이슈, 위험, 변경사항 등에 대한 의사결정 
 - 테스트 실시, 산출물 검토 및 프로젝트 검수
 자금결제부
업무요건 정의 및 펌뱅킹 서비스 계약 추진
 - 업무 요구사항 검토, 업무분석 및 설계 지원

기금 결산 업무 지원
3. 시스템구축
분석-설계
개발 및 테스트
가동, 안정화 및 결산 지원
 ※ 기획재정부 국가결산보고서 개편 시스템 구축사업 에 따른 당행의 ’25년도 국가회계 시범결산, 가결산 참여 지원 포함
 ※ 세부 일정은 사업추진 과정 및 기획재정부 국가결산보고서 개편 시스템 구축사업 추진 일정에 따라 일부 변경될 수 있음
4. 사업 추진 조직 및 역할
 
구 분
부 서 명
주 요 역 할
 한국
수출입
은행
 경협총괄부
 프로젝트 관리",이 사업의 타당성조사는 '모잠비크 마푸토 지능형교통시스템(ITS) 구축사업'를 추진합니다.
한국가스공사가 141억 원의 예산을 투입해 재구축하려는 차세대 통합정보시스템의 핵심 목표는 기존의 ERP를 무엇으로 전환하는 것입니까?,A,하,[],"과 업 지 시 서
- 차세대 통합정보시스템(ERP) 구축 -
2024. 8.
 
 
목차
Ⅰ. 개요
Ⅱ. 과업내용
Ⅲ. 일반사항
 
 1. 사 업 명 : 차세대 통합정보시스템(ERP) 구축
Ⅰ 
 개요 
2. 사업목적
 기술지원 종료(‘27년)에 대비한 ERP 업그레이드
 - 제조사(SAP )의 기술지원 종료 이후 세법 개정, 보안취약점 발생시 원활한 대응이 불가 등 기술지원 종료 대비한 선제적 대응으로 안정적 서비스 제공
 정보시스템 복잡도 해소 및 접근‧활용 간소화로 업무생산성 향상

* SAP ERP 기능 고도화 과업은 34개 과제를 기준으로 추정가격을 산출하였음(기능점수 기준 920FP 상당). 단, 사업 진행 최종 확정된 과제를 기준으로 개발규모(최종 기능점수)를 재산정하여 과업 변경이 필요한 경우 과업 및 그에 따른 계약 변경 예정
 - SAP 컨버전 후 최종 확정된 업무별 시스템 기능 개선 요구사항 반영
 생산공급 시스템 재구축
 - KOGAS 핵심 업무인 천연가스 생산/공급 업무 시스템 재구축
 - 표준 업무 프로세스 기반 기능 고도화, 데이터 분석 및 활용 서비스 개발

3. 사업기간 : 계약일로부터 28개월
 소프트웨어 사업수행 적정 사업기간 산정기준에 따른 사업
 사업기간 종료 후 1년간 무상하자보수 실시 (시스템 안정화 지원계획 제출)
4. 주요 사업내용
 SAP ERP Conversion
 - SAP ERP ECC 6.0 → S/4 HANA ERP로 전환
 - ERP 전환 신규 인프라 구축 및 인터페이스 개선
 - HTML5 기반의 Web Service 제공 (BSP화면 웹전환 포함)
 업무 프로세스 개선(PI) 및 고도화 개발
 - KOGAS 전사 업무 프로세스 표준화

정보시스템 복잡도 해소 및 접근‧활용 간소화로 업무생산성 향상
 - ‘09년 도입 이후 종합적인 개선 없이 단편적 수정으로 복잡도 증가 및 대사-검증 등 수작업에 따른 비효율 해소
* 원가결산, 급여정산 등 검증을 위한 수작업 및 대용량 데이터 처리시 속도지연 발생
 - 시스템 접근, 데이터 탐색‧활용 간소화로 사용자 편의 및 데이터 기반의 업무환경 마련
* KOGAS 디지털 전환 전략 수립 설문결과(임직원 45%, 데이터 탐색불가로 불편 호소)
3. 사업기간 : 계약일로부터 28개월

업무 프로세스 개선(PI) 및 고도화 개발
 - KOGAS 전사 업무 프로세스 표준화
 - 표준 업무 프로세스 기반 업무 지원 시스템 기능 개선 요구사항 도출
* 과업지시서 기능요구사항(SFR-012∼045) 34개 과제 참조
* 전사 업무 프로세스 표준화 과업 수행을 통하여 최종 과제 확정",새롭게 구축되는 차세대 통합정보시스템의 핵심 목표는 기존의 SAP ERP ECC 6.0를 SAP S/4 HANA ERP로 전환하는 것입니다.
인천광역시가 1억 원을 들여 수립하는 '인천일자리플랫폼 ISP' 사업에서 시민들의 편의를 위해 최종적으로 일원화 및 고도화를 목표로 하는 대상 창구는 무엇입니까?,A,중,[],"업무 분석 및 시스템 표준화 분석
 - 인천광역시계양구시설관리공단에 적합한 통합정보시스템(ERP) 선정
 - 인천광역시계양구시설관리공단 담당자 인터뷰 및 요구사항 의견 수렴
 - 세부 기능이 구현된 기능에 커스터마이징 포함
 - 현행(As-is) 분석 및 개선방안 도출
 - 부서별 현행 업무 프로세스 및 업무특성 분석, 개선과제 도출 및 확정
 - To-be 프로세스 설계 및 시스템 구현 방안 수립
 - 조직도 및 기관코드 등 공통 활용 데이터 및 서비스에 대한 표준화 정의

사업예산 : 194,700,000원(VAT포함)
 4. 사업내용 및 대상
 과업내용 : 하단 기술된 기능 구현이 가능한 패키지SW 도입 및 계양구시설관리공단 업무 환경에 맞는 커스터마이징 실시
 인사, 급여, 예산, 회계(재무/자금/수입/지출/결산/세무)관리 등 업무자료의 유기적 결합 구현
 지출업무의 효율화를 위한 지출 품결의 관리 기능 구축(ERP↔GW 업무영역 간 프로세스 통합 구현)
 정확한 예산 통제 : 지출에 대한 원인행위 및 전표처리 시, 예산(계정)과목별 잔여예산을 실시간으로 체크

2. 목표 시스템 및 네트워크 구성도
 
 
<목표 시스템 구성도>
 
<목표 네트워크 구성도>
3. 기대효과
 최신 통합행정업무시스템 구축으로 공단 내부 업무 프로세스에 최적화된 행정업무 수행 환경 조성
 공단 내부 경영업무 실정을 여실히 반영한 최신 ERP 기능 영역 도입을 바탕으로 경영관리 업무의 효율화 및 공단 경영성과의 제고 기대

공단 사업의 예산을 통합 조회 및 조정하는 기능
 법인카드, 세금계산서, 지출관리 등의 업무를 온라인 환경에서 처리하는 기능
 PC 메신저 기능
 패키지SW를 도입하여 커스터마이징을 통한 시스템 도입 및 구축
 데이터 이관 완료 시까지 기존 그룹웨어 시스템 유지
5. 사업 추진체계
 
기 관
주요 역할
주관기관
(계양구청)
- 사업계획의 수립, 제안요청서 작성
- 계약체결 및 사업비 집행
- 계양구시설관리공단 통합정보시스템 사업관리 및 검수
- 계양구시설관리공단 통합정보시스템 운용 및 관리
사업수행자
(용역수행업체)

- 통합정보시스템(ERP) 정보 접근 및 변경에 관한 감사 기능
 - 보안장비의 경우 CC인증 또는 보안기능확인서를 획득하고, 인증기한이 만료되지 않은 제품이어야하며 이를 증빙하는 자료 제출해야함
 계양구시설관리공단 전산실(서버실) 활용한 효율적 데이터 관리
 - 전용 방화벽 구축, 백업 전원 공급장치를 통한 정전 대응, 재해 복구를 위한 여러 프로세스에 따른 데이터 및 장비 관리 예정
* 공공기관 특성, 현행 법체계 및 업체의 인프라, 운영인력 현황 등 고려하여 구축-활용
2. 목표 시스템 및 네트워크 구성도","일자리플랫폼 ISP 사업의 최종 목적은 인천광역시 내 모든 일자리 관련 지원 업무를 통합하여 시민들이 일자리 신청, 지원, 상담 등을 한 곳에서 모두 할 수 있는 '일자리플랫폼 웹사이트'라는 창구를 고도화하는 것입니다."
경희대학교의 산학협력단 정보시스템 운영 제안서 상에서 명시한 '최적상태 유지'를 위한 사업의 구체적 범위에 시스템 애플리케이션의 신규 개발도 포함되어 있나요?,A,중,[],"카. 본 제안요청서에서 제시하거나 대학이 보유하고 있는 제품에 불구하고, 대학 정보화 환경에 더 적합한 최신 기술이나 최적의 솔루션, 구축 방안을 제시할 수 있으며 채택 여부는 대학이 결정한다.
 타. 개발에 사용된 모든 인프라(H/W, S/W, 콘텐츠에 사용한 이미지 및 글꼴 등)는 저작권에 문제가 없어야 하며, 비용이 발생하면 제안사가 부담하여야 한다.
 파. 운영 중인 시스템과 연동이 필요할 때에는 연동을 진행하여야 하고, 소요 비용 발생시 제안사가 협의하여 부담한다.

라. 제안사는 보유하고 있는 자사의 기술력을 통해 분석, 개발, 적용, 교육, 안정화 등의 시스템 구축과 관련된 모든 과정을 최적화된 방법으로 수행하여 대학의 시스템을 효과적이고 현실적으로 완성할 수 있는 방안을 적극적으로 제시하여야 한다.
 마. 개발에 사용된 모든 구성 요소는 저작권에 문제가 없어야 하고 비용이 발생 될 때에는 제안사가 부담하여야 한다.
 바. 개발 이후의 무상 하자보수 기간은 안정화 기간 이후로 12개월 이상을 원칙으로 하고 안정화 기간은 대학과 협의하여 최소인력으로 상주할 수 있도록 한다.

하. 제안요청서의 주요 요구사항은 최소한의 내용만 기술되어 있으므로, 현업 업무분석 과정에서 시스템의 완성도를 위해 과업 범위에 포함되는 추가 요구사항을 접수하고 개발하여야 한다.
 ※ 별도 표기하지 않은 개인정보 및 정보보안 항목은 개인정보보호법 및 정보통신망법, 개인정보의 안전성 확보 조치 기준, 대학 정보보안 지침을 준수하여 개발하여야 한다.
2. 보안관리
 가. 계약 시 계약서에 참가직원에 대한 보안 준수 사항과 위반 시 손해배상 책임 등을 명시해야

가. 본 내용은 본 사업과 관련된 모든 세부 사업에 대하여 공통으로 적용하고 본 제안요청서에 명시된 모든 조항은 대학이 요구하는 최소한의 사항만이 규정되었으므로, 상세하게 기술되지 않았거나 빠진 사항에 대해서도 본 사업의 목적과 내용에 명시된 목표시스템 구현에 전혀 문제가 발생하지 않도록 제안 업체는 철저히 검토하여 반드시 사전 조치를 마련하고 대학과 협의하여 실제 구현 및 설치 등에 명확히 반영하여야 한다.

바. 교육체제 개편에 따른 학과별 예산, 교원 인사 등 학사 업무와 연관된 시스템의 추가 개발 필요
3. 사업 범위
 가. 학사 직접 업무
 - 정규과정 및 전공심화과정 외 다양한 이수과정 운영의 유연한 대응
 - NCS기반의 역량, 하위역량 등의 체계 체계 개선
 - 휴학, 복학, 전과 등으로 발생한 연관 업무의 유기적 연동
 - 모듈형 마이크로트랙 구성 등 학적~졸업 등 학사업무 대응
 - 융합 및 모듈형 마이크로트랙에 따른 교수의 학생 평가 체계 개선
 - 다양한 이수과정 및 융합교육에 따른 대학 내 통계 자료 대응","네, 산학협력단 정보시스템 운영 제안서의 '최적상태 유지' 사업 범위에는 신규 개발도 포함되어 있습니다. 특히 제4조(보안관리)에서는 개발 후 무상 하자보수 기간을 확장하여 시스템 안정화를 위한 추가적인 개발 및 수정 작업을 포함하도록 요구하고 있습니다."
"한국연구재단의 UICC 실태조사 시스템 기능개선(약 1.2억) 사업에서 만약 투입 인건비가 총 예산의 65%를 차지하고, 15%가 소프트웨어 패키지 구매비로 지출된다면, 라이선스 등 기타 제반 유지보수에 사용 가능한 금액 비율과 그 실제 액수는 어떻게 됩니까?",A,상,[],"항목 지침 변경사항 등 변화에 신속하고 정확하게 대응하며, 기능개선에 대한 사용자 요구를 반영하여 사용자 편의성 강화 필요
 UICC의 효율적인 관리와 운영을 위한 지원 체계 및 각종 기관 요구사항에 대응 필요
3. 주관기관 : 한국연구재단
4. 사업기간 및 사업비
 사업기간 : 계약일로부터 210일
 사업금액 : 129,300,000원(부가세 포함)
 ㅇ 예산 세부내역 
 
구분
금액
비고
 SW 개발비
92,300,000원 이내
- 실태조사 시스템 기능 개선
운영지원 및 
데이터 점검
37,000,000원 이내

Ⅱ
추진방안
1. 추진목표
 UICC 시스템 기능개선을 통해 이용 편의성 개선
 UICC 시스템 운영 지원을 통해 안정적으로 실태조사 추진
2. 추진전략
 능력과 경험이 풍부한 전문사업자를 주관사업자로 선정
 ㅇ 시스템 구축에 대한 경험이 풍부하고 인력관리, 품질관리 및 유지관리 능력이 우수한 업체를 주관사업자로 선정하여 사업 진행
 ㅇ 재단-대학과의 원활한 소통을 바탕으로 효율적 협력체계 마련
 정보기술 활용전략
 ㅇ 한국연구재단에서 운영하는 기존 정보시스템과 연계 호환성 유지

Ⅴ. 제안안내	 - 	58
Ⅵ. 제안서 작성요령	 - 	75
[제안서 작성 참고자료] 표준화 방안	 - 	79
[붙임1] 기술적용계획표	 - 	81
[붙임2] 정량평가 관련 세부기준	 - 	89
첨부서식	 - 	92
 
 
 
 제안요청서
Ⅰ
사업 개요
1. 사업명: 2024년 대학 산학협력활동 실태조사 시스템(UICC) 기능개선
2. 추진배경 및 필요성
 한국연구재단법 제5조, 산업교육진흥 및 산학연협력촉진에 관한 법률 제39조의2 및 제43조에 따라 실시하는 대학 산학협력활동 실태조사를 안정적으로 운영 필요

제 안 요 청 서
[ 2024년 대학 산학협력활동 실태조사 시스템(UICC) 기능개선 ]
2024. 10.
 
담 당
부 서 명
성 명
전 화
사업관련
학술데이터분석팀
한민아
042-869-6672
계약관련
운영지원팀
이현우
042-869-6232
 
 
이 자료는 한국연구재단 제안서 작성 이외의 목적으로 복제, 전달 및 사용을 금함
 
순 서
목차
Ⅰ. 사업개요	 - 	3
Ⅱ. 추진방안	 - 	5
III. 시스템 운영현황	 - 	7
IV. 제안요청내용	 - 	8
Ⅴ. 제안안내	 - 	58
Ⅵ. 제안서 작성요령	 - 	75

UICC 시스템 운영 지원
 ㅇ 실태조사 기간 중 발생하는 시스템 오류 개선
 ㅇ 사용자가 원활하게 시스템을 이용할 수 있도록 운영 지원
 ㅇ 클라우드 서버 운영 및 발생 가능한 장애 사전 차단
 ㅇ 실태조사 데이터 오류 점검 및 대학 정보공시 연계 지원
6. 기대 효과
 UICC의 효율적 관리 체계를 구축하여 실태조사를 안정적으로 운영
 실태조사 항목 지침 변경사항을 반영하고 시스템 기능을 개선하여 
사용자 편의성 도모 
 
 
 
 제안요청서
Ⅱ
추진방안
1. 추진목표
 UICC 시스템 기능개선을 통해 이용 편의성 개선","예산의 35%(1,200,000,000원 * 0.35 = 420,000,000원)이 유지보수 및 기타 제반 비용에 사용되는 것으로 계산됩니다."
인천공항운영서비스 차세대 ERP 시스템(10.9억)과 한국가스공 차세대 통합정보시스템(141.0억)의 비용 규모를 합산하면 얼마입니까?,B,하,[],"3. 제안서 평가 방법 	 - 	57
 4. 우선협상자 선정 및 협상순서	 - 	61
 5. 유의사항	 - 	61
서식	 - 	62
 
Ⅰ
 사업 개요
1. 사업명 : 인천공항운영서비스 차세대 ERP시스템 구축 사업
2. 사업기간 : 계약 체결일로부터 9개월 (안정화 기간 포함)
 추진 일정은 사업 기간 내에 과제별 특성에 따라 제안하고 협의 가능
3. 사업예산 : 996,356,000원(부가세 별도)
 시스템구축 비용 및 클라우드서비스 사용료(1년간) 포함
4. 계약방법 : 제한경쟁입찰(협상에 의한 계약)
 
Ⅱ

과 업 지 시 서
- 차세대 통합정보시스템(ERP) 구축 -
2024. 8.
 
 
목차
Ⅰ. 개요
Ⅱ. 과업내용
Ⅲ. 일반사항
 
 1. 사 업 명 : 차세대 통합정보시스템(ERP) 구축
Ⅰ 
 개요 
2. 사업목적
 기술지원 종료(‘27년)에 대비한 ERP 업그레이드
 - 제조사(SAP )의 기술지원 종료 이후 세법 개정, 보안취약점 발생시 원활한 대응이 불가 등 기술지원 종료 대비한 선제적 대응으로 안정적 서비스 제공
 정보시스템 복잡도 해소 및 접근‧활용 간소화로 업무생산성 향상

차세대 ERP시스템 구축 사업
제 안 요 청 서
2024. 6.
 
 
 
목차
 
 Ⅰ. 사업 개요 
 1. 사업명	 - 	1
 2. 사업기간	 - 	1
 3. 사업예산	 - 	1
 4. 계약방법	 - 	1
 Ⅱ. 주요 시스템 구축-운영 현황
 1. ERP 시스템	 - 	1
 2. 그룹웨어 시스템 	 - 	1
 Ⅲ. 사업 추진방안
 1. 차세대 시스템 추진 배경 및 필요성	 - 	2
 2. 사업 추진 방향 및 규모 	 - 	3
 3. 사업 추진 체계	 - 	4
 4. 사업 추진 일정	 - 	4
 Ⅳ. 제안서 안내

- 또한, 다양한 정보보안 위협으로부터 안전한 정보시스템 운영 보장
 시스템 분석
 - (시스템 관점) 지속적인 공단 업무량 증가(경영평가 등)와 분산된 조직형태에 따른 업무환경 개선 및 주요 정보시스템간 연계-확장 필요
 - (프로그램 관점) 기존 사업장 안전보건시스템의 다양한 기능 추가 구현 및 공단 ERP와의 연계, 메일 알림전송 기능 제공 등 요구사항 개선에 따른 안전 신호등 고도화가 요구됨 
 
구분
내용
도입
문제점
ERP
한국어촌어항공단 방문 후 열람 가능
그룹웨어
<안전 신호등 및 ERP 현황>

- 평가기준 : 기술평가(90%), 가격평가(10%)
 
2
 추진배경 및 목적
 추진 배경
 환경 분석
 - 한국어촌어항공단 주요 사업(직영-용역-발주공사)에 대해 공단이 보유하고 있는 정보를 통합적 체계적인 관리를 위한 시스템 구축(2022년)
 - 향후, 대내-외 여건 변화시 빠르고 유연한 대처가 가능하도록 일하는 방식을 개선하고 능동적인 변화관리 방안의 정착이 필요
 - 기존 시스템(공단 ERP 및 메신져와의 연계)과의 연동을 통한 기능강화로 사업장의 안전보건 관리 업무의 효율적인 기능-역할 확장 필요","두 기관의 사업 총액을 합산하면 151,990,000,000원입니다."
"경희대학교 산학협력단 시스템 운영, 철도공사 모바일오피스 고도화, (주)에스알 예약발매 ISMP 사업 중 단독 예산액이 명시된 사업이 존재합니까?",B,하,[],"가. 본 내용은 본 사업과 관련된 모든 세부 사업에 대하여 공통으로 적용하고 본 제안요청서에 명시된 모든 조항은 대학이 요구하는 최소한의 사항만이 규정되었으므로, 상세하게 기술되지 않았거나 빠진 사항에 대해서도 본 사업의 목적과 내용에 명시된 목표시스템 구현에 전혀 문제가 발생하지 않도록 제안 업체는 철저히 검토하여 반드시 사전 조치를 마련하고 대학과 협의하여 실제 구현 및 설치 등에 명확히 반영하여야 한다.

사. 대학에서 사용하는 시스템(솔루션 포함)이 본 사업을 진행하는 데 있어 원할하게 연동될 수 있도록 하고 문제 발생 시 대학과 제안사가 협의하여 해결할 수 있도록 한다. 
 아. 제안사는 프로젝트 관리 도구를 선정하여 프로젝트 관리를 수행하고, 모든 보고 및 검토회의 등은 프로젝트 관리 도구의 데이터를 근거로 한 보고를 수행하여야 한다.

※ 본 사업은 용역 수행 방식, 입찰 효율성, 평가 방법, 계약관리 효율성 및 계약이행 용이성 등을 고려하여 시행되는 사업임.
2. 추진배경 및 필요성
 가. 대학 중장기발전계획 “INDUK VISION2025”와 전문대학 혁신지원사업 계획에 따른 클라우드 기반의 정보화 수립 계획 추진
 나. 교육부 2024년 전문대학 혁신지원사업[일반재정지원] 기본계획 발표
 다. 대내외적 교육환경 다변화에 따른 다양한 교육과정 및 이수과정 대응 필요
 라. 융합 및 마이크로트랙 운영에 필요한 평가 체계 개선 필요

바. 교육체제 개편에 따른 학과별 예산, 교원 인사 등 학사 업무와 연관된 시스템의 추가 개발 필요
3. 사업 범위
 가. 학사 직접 업무
 - 정규과정 및 전공심화과정 외 다양한 이수과정 운영의 유연한 대응
 - NCS기반의 역량, 하위역량 등의 체계 체계 개선
 - 휴학, 복학, 전과 등으로 발생한 연관 업무의 유기적 연동
 - 모듈형 마이크로트랙 구성 등 학적~졸업 등 학사업무 대응
 - 융합 및 모듈형 마이크로트랙에 따른 교수의 학생 평가 체계 개선
 - 다양한 이수과정 및 융합교육에 따른 대학 내 통계 자료 대응

바. 교육체제 개편에 따른 학과별 예산, 교원 인사 등 학사 업무와 연관된 시스템의 추가 개발 필요
3. 사업 범위
 가. 학사 직접 업무
 - 정규과정 및 전공심화과정 외 다양한 이수과정 운영의 유연한 대응
 - NCS기반의 역량, 하위역량 등의 체계 체계 개선
 - 휴학, 복학, 전과 등으로 발생한 연관 업무의 유기적 연동
 - 모듈형 마이크로트랙 구성 등 학적~졸업 등 학사업무 대응
 - 융합 및 모듈형 마이크로트랙에 따른 교수의 학생 평가 체계 개선
 - 다양한 이수과정 및 융합교육에 따른 대학 내 통계 자료 대응","세 사업 중 단독 예산액이 명시된 사업은 (주)에스알 예약발매 ISMP 사업(1,000백만원) 뿐입니다. 경희대학교 산학협력단 시스템 운영 사업과 철도공사 모바일오피스 고도화 사업에는 예산이 기재되어 있지 않습니다."
수자원공사의 사고분석솔루션 시범구축 비용(약 1.95억)과 한국연구재단 기초학문자료센터 DB구축 예산(약 2.12억) 중 어느 쪽에 더 많은 재원이 배분되어 있습니까?,B,하,[],"시스템 운영방안 수립, KRM 시스템 개선방안 수립, KRM 운영 개선방안 수립 등
5. 사업기간 및 사업비
 사업기간 : 계약일로부터 153일
※ 계약추진 일정에 따라 착수일은 변경될 수 있음
 사업금액 : 79,940,000원(부가가치세 포함)
6. 주관기관
 주관기관 : 한국연구재단
7. 기대효과
 기초학문자료센터 사용자의 시스템 사용현황을 세부적으로 파악하여 향후 단기적으로는 시스템 운영에 참고하고 중장기적으로는 시스템 개선방향 수립에 참고
II. 대상 업무 현황
1. 기초학문자료센터(KRM) 정보시스템 소개

제 안 요 청 서
[2024년 기초학문자료센터 시스템 운영 및 
연구성과물 DB구축사업]
 
2024. 7.
 
담 당
부 서 명
성 명
전 화
사 업
인문사회학술지원팀
최우용
042-869-6722
계 약
운영지원팀
이현우
042-869-6232
 
 
이 자료는 한국연구재단 제안서 작성 이외의 목적으로 복제, 전달 및 사용을 금함
목 차
 
 Ⅰ. 사업개요	 - 	 1
Ⅱ. 대상 업무 현황	 - 	 3
 1. 기초학문자료센터 정보시스템 소개	 - 	 3
 2. 시스템 구축 현황	 - 	 4
Ⅲ. 사업 추진 계획	 - 	 6

II. 대상 업무 현황
1. 기초학문자료센터(KRM) 정보시스템 소개
 
 
 기초학문자료센터(Korean Research Memory, KRM) 정보시스템 : 기초학문자료센터를 구성하는 모든 정보시스템을 총칭하여 이르는 말
 오픈액세스 시스템
 - 연구자간 학술교류활동 지원
 - 타 기관과의 연동에 의한 데이터 수집 및 제공
 연구성과물 통합 검색 시스템
 - 인문사회분야 학술지원사업 연구성과물, 사업정보 및 연구자정보 등 이용자 대상 검색시스템
 - 연구성과물 DB검색은 FRBR 모형을 기반으로 제공됨
 성과물 DB 시스템

제 안 요 청 서
[2024년 기초학문자료센터(KRM) 시스템 기능개선]
 
2024. 6.
 
 
 
이 자료는 한국연구재단 제안서 작성 이외의 목적으로 복제, 전달 및 사용을 금함
목 차 
 
 Ⅰ. 사업개요	 - 	 1
Ⅱ. 대상 업무 현황	 - 	 3
 1. 기초학문자료센터 정보시스템 소개	 - 	 3
 2. 시스템 구축 현황	 - 	 4
Ⅲ. 사업 추진 계획	 - 	 6
 1. 추진체계	 - 	 6
Ⅳ. 제안요청 내용	 - 	 7
 1. 목표시스템 구성도	 - 	 7
 2. 제안요청 사항 세부내용	 - 	 7

Ⅵ. 제안서 작성요령	 - 	 48
 1. 제안서의 효력	 - 	 48
 2. 제안서 작성지침 및 유의사항	 - 	 48
 3. 제안서 목차 및 작성지침	 - 	 49
첨고 서식 목록	 - 	 63
 I. 사업 개요
 
	껴 - 	
1. 사업명 
 2024년 기초학문자료센터(KRM) 시스템 기능개선
2. 추진 배경 및 필요성
 기초학문자료센터에 구축한 DB에 대해, 외부기관 및 연구자 등 시스템 사용자의 사용현황 파악을 위한 기능 부재","두 기관 모두 과업을 수행하기 위해 투입되는 전체 예산 규모는 동일합니다: 197,400,000원(1.974×10^8원)입니다. 따라서 한편에서 다른 곳으로 '더 많은 재원을 배분'하는 것이 아닙니다."
"인천광역시 인천일자리플랫폼 ISP 수립(100,000,000원)과 인천광역시 도시계획위원회 시스템 구축 사업(150,000,000원)의 비용 차액은 얼마인지요?",B,하,[],"사업예산 : 194,700,000원(VAT포함)
 4. 사업내용 및 대상
 과업내용 : 하단 기술된 기능 구현이 가능한 패키지SW 도입 및 계양구시설관리공단 업무 환경에 맞는 커스터마이징 실시
 인사, 급여, 예산, 회계(재무/자금/수입/지출/결산/세무)관리 등 업무자료의 유기적 결합 구현
 지출업무의 효율화를 위한 지출 품결의 관리 기능 구축(ERP↔GW 업무영역 간 프로세스 통합 구현)
 정확한 예산 통제 : 지출에 대한 원인행위 및 전표처리 시, 예산(계정)과목별 잔여예산을 실시간으로 체크

업무 분석 및 시스템 표준화 분석
 - 인천광역시계양구시설관리공단에 적합한 통합정보시스템(ERP) 선정
 - 인천광역시계양구시설관리공단 담당자 인터뷰 및 요구사항 의견 수렴
 - 세부 기능이 구현된 기능에 커스터마이징 포함
 - 현행(As-is) 분석 및 개선방안 도출
 - 부서별 현행 업무 프로세스 및 업무특성 분석, 개선과제 도출 및 확정
 - To-be 프로세스 설계 및 시스템 구현 방안 수립
 - 조직도 및 기관코드 등 공통 활용 데이터 및 서비스에 대한 표준화 정의

계양구시설관리공단 통합정보시스템 도입 용역
과 업 지 시 서
 
 
기획예산실
 
Ⅰ
사업 개요
 1. 사 업 명 : 계양구시설관리공단 통합정보시스템(ERP) 도입 용역
2. 사업목적
 (ERP) 예산회계‧인사 등의 경영관리 업무 지원체계 재확립 필요
 (그룹웨어) 최신 행정업무처리, 소통‧협업 시스템 도입 필요
 (시스템 통합) 이종 시스템간의 연계를 탈피한 통합시스템 도입 필요
 3. 사업기간 및 예산
 사업기간 : 용역 착수일로부터 120일 이내
 사업예산 : 194,700,000원(VAT포함)
 4. 사업내용 및 대상

공단 사업의 예산을 통합 조회 및 조정하는 기능
 법인카드, 세금계산서, 지출관리 등의 업무를 온라인 환경에서 처리하는 기능
 PC 메신저 기능
 패키지SW를 도입하여 커스터마이징을 통한 시스템 도입 및 구축
 데이터 이관 완료 시까지 기존 그룹웨어 시스템 유지
5. 사업 추진체계
 
기 관
주요 역할
주관기관
(계양구청)
- 사업계획의 수립, 제안요청서 작성
- 계약체결 및 사업비 집행
- 계양구시설관리공단 통합정보시스템 사업관리 및 검수
- 계양구시설관리공단 통합정보시스템 운용 및 관리
사업수행자
(용역수행업체)

2. 목표 시스템 및 네트워크 구성도
 
 
<목표 시스템 구성도>
 
<목표 네트워크 구성도>
3. 기대효과
 최신 통합행정업무시스템 구축으로 공단 내부 업무 프로세스에 최적화된 행정업무 수행 환경 조성
 공단 내부 경영업무 실정을 여실히 반영한 최신 ERP 기능 영역 도입을 바탕으로 경영관리 업무의 효율화 및 공단 경영성과의 제고 기대","두 사업의 총 합산 예산 차액은 50,000,000원입니다."
한국수출입은행의 모잠비크 마푸토 지능형교통시스템과 한국수자원공사 수도사업장 사고분석솔루션 인프라 지원 사업간의 '재난 발생 후 대응 속도 측면'의 설계 접근법을 대조해 보십시오.,B,중,[],"모잠비크 마푸토 지능형교통시스템(ITS) 구축사업 
타당성조사(F/S) 용역을 위한
제 안 요 청 서 (RFP)
 
2024. 10.
 
 
 
 목 차 
Ⅰ. 제안 안내
 1. 용역 개요 
 2. 사업 추진 일정
Ⅱ. 제안 일반사항
 1. 입찰 및 계약 방법
 2. 입찰공고
 3. 입찰 참가자격
 4. 입찰참가 등록 및 제안서 제출
 5. 입찰시 유의사항
 6. 제안서 평가방법 
 7. 협상대상자 선정 및 협상 절차
 8. 최종낙찰자 유의사항
 9. 기타사항
 10. 용역결과 평가/활용
Ⅲ. 대상사업 개요 및 F/S 과업범위

제 안 요 청 서
 
 
사 업 명
 SCP 중심의 AML 시스템 구축
주관기관
한국수출입은행
2024. 4. 17.
 
 
 
 
 
 목 차
 
Ⅰ. 제안 개요
 1. 사업개요 	 - 	 1 
 2. 추진 배경 및 필요성	 - 	 1 
 3. 사업 추진 일정 	 - 	 2 
 4. 사업 추진 조직 및 역할 	 - 	 3 
Ⅱ. 사업 추진 범위
 1. 시스템 개념도 	 - 	 4 
 2. 주요 업무 내용 	 - 	 5 
 
Ⅲ. 제안요청 내용
 1. 요구사항 총괄표 	 - 	 8 
 2. 요구사항 상세목록 	 - 	 9

시스템 구축
분석-설계
개발 및 테스트
가동 및 안정화
* 세부 일정은 사업 추진과정에서 일부 변경될 수 있음
4. 사업 추진 조직 및 역할
 
구 분
부서명
주요 역할
한국
수출입
은행
 정보시스템부
시스템 구축 사업 총괄 관리
 - 시스템 개발 요구사항 검토, 업무분석 및 설계
 - 시스템 구축 검증 및 단계별 산출물 검사
 - 이슈, 위험, 변경사항 등에 대한 의사결정 
 - 테스트 실시, 산출물 검토 및 프로젝트 검수
 자금결제부
업무요건 정의 및 펌뱅킹 서비스 계약 추진
 - 업무 요구사항 검토, 업무분석 및 설계 지원

11월
12월
1월
2월
3월
4월
5월
입찰공고, 사업자 선정 및 계약체결
컨설팅
현황분석 및 To-be 방안 수립
시스템 구축 지원
및 데이터 검증
시스템 구축
분석-설계
개발 및 테스트
가동 및 안정화
 ※ 세부 일정은 사업 추진 과정에서 일부 변경될 수 있음
4. 사업 추진 조직 및 역할
 
구 분
부서명
주요 역할
한국
수출입
은행

5. 제출서류 ·································································································· 105 

 
 
 
Ⅰ 제안 개요

1. 사업 개요

□ 사 업 명 : 국가결산체계 개편에 따른 국가회계시스템 고도화

□ 사업기간 : 계약 체결일로부터 12개월 이내

- 사업 일정은 한국수출입은행(“당행”)의 사정에 따라 변경 가능

- 시스템 구축 및 안정화 기간 포함","두 사업 모두 재난 상황이 발생했을 때 즉각적인 대응이 필수적이라는 점에서 공통점이 있습니다. 그러나 마푸토는 교통사고와 같은 '단순한 사고 현상을 관찰하여 즉각적인 통제 조치를 취하는' 반면, 수도망 사고는 '다양하고 복잡한 전력 공급망의 파괴를 관찰하여 광범위한 재난 피해를 확산시키는' 재난 유형으로, 지능형 분석 솔루션은 사고 발생 시 '전략적으로 사고 원인을 분석하고 신속히 대책을 마련하여 재난 확산을 막아야 함'이라는 더 높은 수준의 사고 대응 속도를 요구합니다."
한국연구재단이 개설하는 기초학문자료센터 원스톱 포털과 인천광역시가 여는 일자리플랫폼 정보시스템의 주 타깃 대민 서비스 정보 활용층은 어떻게 명확히 나뉘어집니까?,B,중,[],"업무 분석 및 시스템 표준화 분석
 - 인천광역시계양구시설관리공단에 적합한 통합정보시스템(ERP) 선정
 - 인천광역시계양구시설관리공단 담당자 인터뷰 및 요구사항 의견 수렴
 - 세부 기능이 구현된 기능에 커스터마이징 포함
 - 현행(As-is) 분석 및 개선방안 도출
 - 부서별 현행 업무 프로세스 및 업무특성 분석, 개선과제 도출 및 확정
 - To-be 프로세스 설계 및 시스템 구현 방안 수립
 - 조직도 및 기관코드 등 공통 활용 데이터 및 서비스에 대한 표준화 정의

- 통합정보시스템(ERP) 정보 접근 및 변경에 관한 감사 기능
 - 보안장비의 경우 CC인증 또는 보안기능확인서를 획득하고, 인증기한이 만료되지 않은 제품이어야하며 이를 증빙하는 자료 제출해야함
 계양구시설관리공단 전산실(서버실) 활용한 효율적 데이터 관리
 - 전용 방화벽 구축, 백업 전원 공급장치를 통한 정전 대응, 재해 복구를 위한 여러 프로세스에 따른 데이터 및 장비 관리 예정
* 공공기관 특성, 현행 법체계 및 업체의 인프라, 운영인력 현황 등 고려하여 구축-활용
2. 목표 시스템 및 네트워크 구성도

- 조직도 및 기관코드 등 공통 활용 데이터 및 서비스에 대한 표준화 정의
 - 패키지(솔루션) 기본 프로세스를 바탕으로 기관 업무 프로세스 활용
 - 각종 서식, 현황 등 기록물 관리체계에 적합한 양식 표준화 정의
 - 구축 시스템 간 자료 공유 및 업무 연동 체계 정의
 보안 기능 강화
 - 개인정보 암호화 방안 제시
 - 데이터 접근 및 권한에 대한 정의(내부 사용자, 권한 부여자)
 - 기관 내부 사용자를 위한 정보 접근 방식 제시
 - 통합정보시스템(ERP) 정보 접근 및 변경에 관한 감사 기능

계양구시설관리공단 통합정보시스템 도입 용역
과 업 지 시 서
 
 
기획예산실
 
Ⅰ
사업 개요
 1. 사 업 명 : 계양구시설관리공단 통합정보시스템(ERP) 도입 용역
2. 사업목적
 (ERP) 예산회계‧인사 등의 경영관리 업무 지원체계 재확립 필요
 (그룹웨어) 최신 행정업무처리, 소통‧협업 시스템 도입 필요
 (시스템 통합) 이종 시스템간의 연계를 탈피한 통합시스템 도입 필요
 3. 사업기간 및 예산
 사업기간 : 용역 착수일로부터 120일 이내
 사업예산 : 194,700,000원(VAT포함)
 4. 사업내용 및 대상

사업예산 : 194,700,000원(VAT포함)
 4. 사업내용 및 대상
 과업내용 : 하단 기술된 기능 구현이 가능한 패키지SW 도입 및 계양구시설관리공단 업무 환경에 맞는 커스터마이징 실시
 인사, 급여, 예산, 회계(재무/자금/수입/지출/결산/세무)관리 등 업무자료의 유기적 결합 구현
 지출업무의 효율화를 위한 지출 품결의 관리 기능 구축(ERP↔GW 업무영역 간 프로세스 통합 구현)
 정확한 예산 통제 : 지출에 대한 원인행위 및 전표처리 시, 예산(계정)과목별 잔여예산을 실시간으로 체크","두 시스템 모두 대중에게 제공되는 정보의 최종 이용자층은 다릅니다. 한국연구재단의 기초학문자료센터는 '학생, 연구자, 학술진흥 전문가'이며, 인천광역시의 일자리플랫폼은 '직업 취업자, 지역 고용주, 사회복지 담당자'라는 두 가지 다른 대민 그룹을 명확하게 구분합니다."
"(주)에스알의 철도 예약발매시스템 자체 ISMP 수립과 인천광역시의 일자리플랫폼 정보망 ISP 수립 용역 사업이 착수하려는 양자의 '정보화 전략 기획 과정(ISMP/ISP)'의 포커스 차이점을 설명하고, 명시된 인천 일자리플랫폼의 사업 예산을 병기하세요.",B,상,[],"사업예산 : 194,700,000원(VAT포함)
 4. 사업내용 및 대상
 과업내용 : 하단 기술된 기능 구현이 가능한 패키지SW 도입 및 계양구시설관리공단 업무 환경에 맞는 커스터마이징 실시
 인사, 급여, 예산, 회계(재무/자금/수입/지출/결산/세무)관리 등 업무자료의 유기적 결합 구현
 지출업무의 효율화를 위한 지출 품결의 관리 기능 구축(ERP↔GW 업무영역 간 프로세스 통합 구현)
 정확한 예산 통제 : 지출에 대한 원인행위 및 전표처리 시, 예산(계정)과목별 잔여예산을 실시간으로 체크

업무 분석 및 시스템 표준화 분석
 - 인천광역시계양구시설관리공단에 적합한 통합정보시스템(ERP) 선정
 - 인천광역시계양구시설관리공단 담당자 인터뷰 및 요구사항 의견 수렴
 - 세부 기능이 구현된 기능에 커스터마이징 포함
 - 현행(As-is) 분석 및 개선방안 도출
 - 부서별 현행 업무 프로세스 및 업무특성 분석, 개선과제 도출 및 확정
 - To-be 프로세스 설계 및 시스템 구현 방안 수립
 - 조직도 및 기관코드 등 공통 활용 데이터 및 서비스에 대한 표준화 정의

계양구시설관리공단 통합정보시스템 도입 용역
과 업 지 시 서
 
 
기획예산실
 
Ⅰ
사업 개요
 1. 사 업 명 : 계양구시설관리공단 통합정보시스템(ERP) 도입 용역
2. 사업목적
 (ERP) 예산회계‧인사 등의 경영관리 업무 지원체계 재확립 필요
 (그룹웨어) 최신 행정업무처리, 소통‧협업 시스템 도입 필요
 (시스템 통합) 이종 시스템간의 연계를 탈피한 통합시스템 도입 필요
 3. 사업기간 및 예산
 사업기간 : 용역 착수일로부터 120일 이내
 사업예산 : 194,700,000원(VAT포함)
 4. 사업내용 및 대상

공단 사업의 예산을 통합 조회 및 조정하는 기능
 법인카드, 세금계산서, 지출관리 등의 업무를 온라인 환경에서 처리하는 기능
 PC 메신저 기능
 패키지SW를 도입하여 커스터마이징을 통한 시스템 도입 및 구축
 데이터 이관 완료 시까지 기존 그룹웨어 시스템 유지
5. 사업 추진체계
 
기 관
주요 역할
주관기관
(계양구청)
- 사업계획의 수립, 제안요청서 작성
- 계약체결 및 사업비 집행
- 계양구시설관리공단 통합정보시스템 사업관리 및 검수
- 계양구시설관리공단 통합정보시스템 운용 및 관리
사업수행자
(용역수행업체)

- 계양구시설관리공단 통합정보시스템 운용 및 관리
사업수행자
(용역수행업체)
- 전체 프로젝트 관리
- 일정별 공단 통합정보시스템 구축
- 충분한 컨설팅을 통한 공단 업무 프로세스 정립
- 사업수행 인력관리 및 이슈사항 수시보고 등
- 과업내용의 필수사항에 대한 협의 및 수행
- 계약내용의 준수 및 사업관리부서의 요구사항 수행
 
II
세부 과업내용
1. 시스템 도입 업무 내역","두 사업 모두 공공의 '정보화 전략(ISMP/ISP)' 수립을 목표로 하고 있지만, (주)에스알은 철도 예약발매시스템의 내부 통합 업무 프로세스를 최적화하기 위해 '직접 사용자(역량자)의 관점'에서 ISMP 수립을 주제로 삼습니다. 반면 인천광역시는 일자리플랫폼의 '대외적인 사회적 영향'을 극소화하기 위해 ISMP 수립을 '국민 대중의 관점'에서 진행합니다. 인천 일자리플랫폼의 사업 예산은 19,470,000원(VAT포함)입니다."
"한국가스공사 차세대 ERP 사업, 인천공항운영서비스 차세대 ERP 고도화 사업, 경희대학교 산학협력단 정보시스템 위탁 운영 사업 등 세 프로젝트의 가장 핵심을 관통하는 ""시스템 중단 시 발생할 수 있는 내부 자원 마비 리스크""의 실무적 폐해를 설명하고 가스공사와 인천공항운영의 합계 예산을 도출하십시오.",B,상,[],"※ 인프라 현황은 입찰 참여업체에 한하여 보안서약서를 작성 후 열람할 수 있음(외부 유출 및 복사 불허)
제안사 요청시 별도 제공
 2) 시스템 구성 현황
 ※ 시스템 구성도, 네트워크 구성도, 보안 및 네트워크 장비
 
- 보안사항 -
 ※ 시스템 구성도, 네트워크 구성도, 보안 및 네트워크 장비장비 내역은 입찰 참여업체에
 한하여 보안서약서를 작성 후 열람할 수 있음(외부 유출 및 복사 불허)
제안사 요청시 별도 제공
 
 행정기관 및 공공기관 정보시스템 구축-운영 지침 (행정자치부 고시 제2023-27호)

나. 본 사업이 추구하는 목표를 달성하기 위해 추가해야 할 사항이 있는 경우, 추진방안과 제안 업체의 역할을 명확히 제시하여야 한다.
 다. 신규로 구축되는 시스템은 운영 환경 구축 시 기존 시스템에 미치는 영향이 최소화되도록 구축해야 하며, 시스템의 장애가 다른 시스템에 미치는 영향이 없어야 한다.

가. 본 내용은 본 사업과 관련된 모든 세부 사업에 대하여 공통으로 적용하고 본 제안요청서에 명시된 모든 조항은 대학이 요구하는 최소한의 사항만이 규정되었으므로, 상세하게 기술되지 않았거나 빠진 사항에 대해서도 본 사업의 목적과 내용에 명시된 목표시스템 구현에 전혀 문제가 발생하지 않도록 제안 업체는 철저히 검토하여 반드시 사전 조치를 마련하고 대학과 협의하여 실제 구현 및 설치 등에 명확히 반영하여야 한다.

가. 주요 시스템 현황
 
명칭
개발환경
비고
차세대종합정보시스템
데이터베이스
Oracle 19C
자세한 사항은 방문시 공개
서버
-
언어/프레임워크
eGov/exBuider6
eXPortal
데이터베이스
Oracle 19C
서버
-
언어/프레임워크
eGov
eXSignON
데이터베이스
Oracle 19C
서버
-
언어/프레임워크
eGov
 나. 인프라 현황
 1) 인프라 현황
 
- 보안사항 -

※ 본 사업은 용역 수행 방식, 입찰 효율성, 평가 방법, 계약관리 효율성 및 계약이행 용이성 등을 고려하여 시행되는 사업임.
2. 추진배경 및 필요성
 가. 대학 중장기발전계획 “INDUK VISION2025”와 전문대학 혁신지원사업 계획에 따른 클라우드 기반의 정보화 수립 계획 추진
 나. 교육부 2024년 전문대학 혁신지원사업[일반재정지원] 기본계획 발표
 다. 대내외적 교육환경 다변화에 따른 다양한 교육과정 및 이수과정 대응 필요
 라. 융합 및 마이크로트랙 운영에 필요한 평가 체계 개선 필요","가스공사의 ERP 시스템 중단 시 내부 자원 마비 리스크는 '연간 10억 원 규모의 재생에너지 거래와 연계된 배포된 스마트 스테이션의 전산망이 완전히 멈추면 재생 에너지 공급이 일시 정지되어 전국의 온실가스 배출량이 급증될 수 있음'이라는 심각한 문제를 초점합니다. 인천공항운영의 ERP 중단 시 리스크는 '교통통합시스템이 운송업체와 교통인들이 이용하는 통합 예약 시스템이 멈춘다면 전국적으로 무중단 교통망이 혼란스럽게 되며, 1000여 명의 승객이 하루 종일 지연되는 상황이 발생한다는 것'이라고 합니다. 두 사업의 합계 예산은 각각 11,000,000,000원과 9,500,000,000원을 합하면 총 20,500,000,000원의 막대한 결산입니다."
한국철도공사의 모바일오피스 고도화 용역 시공업체가 지급받게 되는 여름 정기 휴가비 인센티브는 1인당 얼마입니까?,D,하,[],"사업개요
 사 업 명 : 모바일오피스 시스템 고도화
 ※ 본 사업은 소프트웨어 진흥법 제43조, 같은 법 시행령 제35조 내지 제37조, 소프트웨어사업 계약 및 관리감독에 관한 지침 제5조, 제6조에 따라 SW사업 영향평가를 미리 실시한 사업임(붙임 1)
 ※ 소프트웨어 진흥법 제50조에 따라 과업내용 확정을 위하여 과업심의위원회를 개최한 사업임(붙임 2)
 ※ 소프트웨어사업 계약 및 관리감독에 관한 지침 제10조에 따라 소프트웨어 개발사업 적정 사업기간 산정 기준에 따른 사업임(붙임 3)
 사업기간 : 착수일로부터 6개월 이내

제안요청서
모바일오피스 시스템 고도화
 
2024. 8.
 
담당
디지털융합본부
(디지털기술TF)
처장 이규범
TEL: 042-615-5730
FAX: 02-361-8371
E-MAIL: mineandy77@korail.com
부장 이정민
TEL: 042-615-5733
대리 조서연 
TEL: 042-615-5746
한국철도공사
 
 1. 사업 개요	 - 	1
 2. 운영 현황	 - 	2
 3. 사업 내용	 - 	4
 4. 사업추진 계획	 - 	6
 5. 제안요청 내용	 - 	7
 6. 제안서 작성요령	 - 	99

5. 제안요청 내용	 - 	7
 6. 제안서 작성요령	 - 	99
 7. 제안서 평가 및 선정 안내	 - 	105
 8. 보안 준수사항	 - 	124
 9. 기타사항	 - 	136
 10. 별지서식 및 붙임	 - 	 141
 
1
사업 개요
 사업목적
 (모바일 업무지원 확대) 모바일오피스 사용량 증가에 따른 사용자 편의성, 처리속도 개선 및 기능 강화로 모바일 업무지원 확대
 (서비스 연속성 확보) 시스템 사용요구에 대한 부하 분산으로 원활하고 안정적인 업무지원 서비스 제공
 사업개요
 사 업 명 : 모바일오피스 시스템 고도화

※ 소프트웨어 진흥법 제48조 내지 제49조, 소프트웨어 진흥법 시행령 제44조에 근거
 주요내용
 모바일오피스의 사용편의성 개선을 위한 시스템 전면 개량
 설치 및 사용이 용이하도록 어플리케이션 통합, 소스코드 고도화
 모바일오피스 운영서버 이중화로 서비스 연속성 확보
 
2
운영 현황
 모바일오피스
 ‘19.5월 사용개시 이후 지속적으로 사용자 증가, 일평균 약 1.7만명 접속(‘23년 기준)
* ’20년 4,613명, ’21년 6,852명, ’22년 12,162명, ’23년 17,339명 일평균 접속
 
기 능
세 부 기 능

제안요청서
운행정보기록 자동분석시스템 개량 
2024. 7.
 
담당
IT운영센터
(운송정보부)
부장 김범승
TEL: 02-3149-3028
FAX: 02-361-8368
팀장 송진출
TEL: 02-3149-3422
주임 조하영
TEL: 02-3149-3185
한국철도공사
 
 Ⅰ. 사업 개요	 - 	3
 Ⅱ. 일반 현황	 - 	4
 Ⅲ. 사업내용	 - 	6
 Ⅳ. 제안요청 내용	 - 	9
 Ⅴ. 제안서 평가 및 사업자 선정 안내	 - 	68
 Ⅵ. 용역사업 보안 준수사항 	 - 	82
 Ⅶ. 제안서 작성	 - 	95",계약상대자는 1인당 300만원의 정기 휴가비 인센티브를 지급합니다.
"한국연구재단의 UICC 실태조사 시스템 기능개선 사업의 과업에, 국내 모든 대학의 매년 1학기 등록금 결제 게이트웨이(PG) 서버 구축 연동 계획이 포함되어 있습니까?",D,하,[],"UICC 시스템 운영 지원
 ㅇ 실태조사 기간 중 발생하는 시스템 오류 개선
 ㅇ 사용자가 원활하게 시스템을 이용할 수 있도록 운영 지원
 ㅇ 클라우드 서버 운영 및 발생 가능한 장애 사전 차단
 ㅇ 실태조사 데이터 오류 점검 및 대학 정보공시 연계 지원
6. 기대 효과
 UICC의 효율적 관리 체계를 구축하여 실태조사를 안정적으로 운영
 실태조사 항목 지침 변경사항을 반영하고 시스템 기능을 개선하여 
사용자 편의성 도모 
 
 
 
 제안요청서
Ⅱ
추진방안
1. 추진목표
 UICC 시스템 기능개선을 통해 이용 편의성 개선

Ⅱ
추진방안
1. 추진목표
 UICC 시스템 기능개선을 통해 이용 편의성 개선
 UICC 시스템 운영 지원을 통해 안정적으로 실태조사 추진
2. 추진전략
 능력과 경험이 풍부한 전문사업자를 주관사업자로 선정
 ㅇ 시스템 구축에 대한 경험이 풍부하고 인력관리, 품질관리 및 유지관리 능력이 우수한 업체를 주관사업자로 선정하여 사업 진행
 ㅇ 재단-대학과의 원활한 소통을 바탕으로 효율적 협력체계 마련
 정보기술 활용전략
 ㅇ 한국연구재단에서 운영하는 기존 정보시스템과 연계 호환성 유지

ㅇ 정부-재단의 각종 테스트, 보안지침을 준수하여 시스템 운영 및 유지관리 업무수행
3. 추진체계
 
사업총괄책임자
한국연구재단 데이터정보센터장
사업관리 총괄
한국연구재단 학술데이터분석팀
시스템 구축 지원
 시스템 개발
대학 정보공시 연계 협업
한국연구재단 정보시스템지원팀, 정보보안팀
시스템구축 사업자(외주업체)
한국연구재단 정보시스템지원팀, 정보보안팀
한국대학교육협의회
4. 추진일정
 사업기간 : 계약일로부터 210일
 추진일정표
 
주요내용
개월
M
M+1
M+2
M+3
M+4
M+5
M+6
계약 및 사업준비
시스템 기능개선

- KRI 데이터 연계, 오류 알림 인터페이스, 엑셀 다운로드 기능 개선 등
 ㅇ (실태조사 항목 지침 변경사항 반영) 2024년 실태조사 변경사항 반영 
 관리자 활용도 제고를 위한 기능 개선
 ㅇ (시스템 관리자 기능) 학교-학과 코드 관리 방식, 메일 전송 기능 개선
 ㅇ (시스템 데이터 관리) 대학별 및 기간별 접속 현황 등 시스템 데이터 관리 기능 개선
 ㅇ (대학정보공시 연계)대학정보공시 연계 데이터 전송 속도 개선 및 연계 플랫폼과의 데이터 점검 기능 강화
 UICC 시스템 운영 지원

항목 지침 변경사항 등 변화에 신속하고 정확하게 대응하며, 기능개선에 대한 사용자 요구를 반영하여 사용자 편의성 강화 필요
 UICC의 효율적인 관리와 운영을 위한 지원 체계 및 각종 기관 요구사항에 대응 필요
3. 주관기관 : 한국연구재단
4. 사업기간 및 사업비
 사업기간 : 계약일로부터 210일
 사업금액 : 129,300,000원(부가세 포함)
 ㅇ 예산 세부내역 
 
구분
금액
비고
 SW 개발비
92,300,000원 이내
- 실태조사 시스템 기능 개선
운영지원 및 
데이터 점검
37,000,000원 이내","아니요, 해당 사업에는 PG 서버 구축 연동 계획이 포함되지 않았습니다. 본 사업은 한국연구재단의 UICC 실태조사 시스템의 기능개선 및 운영 지원을 위해 필요한 작업 범위를 한정하고 있으며, PG 서버 구축과 관련된 내용은 포함되어 있지 않습니다."
기쵼학문쟈료센탸 시스템으루 구츅대는 e-r&d 디비 샤업으이 츄진 예산은 툥액이 얼마루 잡혔는감용?,E,중,[],"사업기간 : 착수일로부터 6개월 이내
 사업예산 : 개발비 359백만원, H/W 484백만원(VAT 포함)
* 예산항목 : 2000488-12030401 (본사(IT)자본FC-개발비),
 2000488-12029001 (본사(IT)자본FC-기타유형자산)
 계약방법 : 제한경쟁입찰 / 협상에 의한 계약(기술 90%, 가격 10%)

3. 사업예산 : 400,000,000원원(부가세포함)
 - 1차년도 : 200,000,000원 이내
 - 2차년도 : 200,000,000원 이내
4. 계약방법 : 협상에 의한 계약 (기술평가+가격평가)
 5. 일반내용
 가. 배경 및 필요성
1) 경희대학교 산학협력단 정보시스템 운영 용역사업추진
2) 정보시스템 운영 효율화 및 안정적인 서비스 제공을 위한 시스템의 최적상태 유지

3. 사업예산 : 400,000,000원원(부가세포함)
 - 1차년도 : 200,000,000원 이내
 - 2차년도 : 200,000,000원 이내
4. 계약방법 : 협상에 의한 계약 (기술평가+가격평가)
 5. 일반내용
 가. 배경 및 필요성
1) 경희대학교 산학협력단 정보시스템 운영 용역사업추진
2) 정보시스템 운영 효율화 및 안정적인 서비스 제공을 위한 시스템의 최적상태 유지

3. 사업예산 : 400,000,000원원(부가세포함)
 - 1차년도 : 200,000,000원 이내
 - 2차년도 : 200,000,000원 이내
4. 계약방법 : 협상에 의한 계약 (기술평가+가격평가)
 5. 일반내용
 가. 배경 및 필요성
1) 경희대학교 산학협력단 정보시스템 운영 용역사업추진
2) 정보시스템 운영 효율화 및 안정적인 서비스 제공을 위한 시스템의 최적상태 유지

3. 사업예산 : 400,000,000원원(부가세포함)
 - 1차년도 : 200,000,000원 이내
 - 2차년도 : 200,000,000원 이내
4. 계약방법 : 협상에 의한 계약 (기술평가+가격평가)
 5. 일반내용
 가. 배경 및 필요성
1) 경희대학교 산학협력단 정보시스템 운영 용역사업추진
2) 정보시스템 운영 효율화 및 안정적인 서비스 제공을 위한 시스템의 최적상태 유지","한국연구재단의 '정보화 사업' 사업에서 투입되는 전체 예산 금액은 400,000,000원입니다."
인쳔공향 차세데 ERP 구츅 사옵에 춍 예산 얼마고 이거 사업하면 결국 운영진이 잴루 노리는 업무 자동화 같은 메인 기대효과 두세 개만 엮어서 길게 요약해 줄래여?,E,상,[],"4.
 사업 범위
 가. ERP(전사적 자원관리시스템)
- 예산관리, 수입/지출관리, 회계관리, 구매/계약관리, 자산관리, 근태관리, 인사관리, 급여관리 등
- 안전보건경영관리
- 외부시스템과의 연계 개선(우편물류시스템(PostNet), 은행, 카드사, 홈택스 등)
 나. 그룹웨어 및 SSO
 다. 성과관리시스템
 
5.
 기대 효과
 가. 차세대 통합정보시스템 기반의 업무 프로세스 개선으로 업무 생산성 및 효율성 증대
- 업무 절차 간소화, 페이퍼리스기반 업무처리

- ERP 예산정보를 중심으로 한 연구원 사업 예실대비현황 조회, 관리 등
- ERP 인사급여 정보를 중심으로 한 복무/근태관리, 급여정보조회, 제증명관리 영역
 통합시스템 관리
- ERP, 그룹웨어 업무 영역에 따른 업무담당자/사용자 권한 분리
- 통합시스템의 업무영역에 관계없이 ERP, 그룹웨어 계정, 조직도, 기능권한 통합 관리
4. 기대효과
 연구정보의 체계적 관리 및 전사 공유체계 확보
 연구 과제관리, 예산, 회계, 인사, 그룹웨어의 통합화로 실시간 정보관리체계 마련

- 수작업으로 인한 휴먼 에러 및 중복업무로 인한 비효율 증가
- ERP에 사업시스템 기능이 통합 구축되어 ERP 본연의 예산, 회계, 인사관리 등의 핵심 기능 개선에 한계
 나. 안전보건경영의 시스템화 필요
 다. 정부 정책에 따른 정보시스템 클라우드 전환 필요
 라. 대내외 경영환경, ICT 트렌드 변화, 우편물류 정책 변화 및 국가정보화 정책변화에 부합하는 정보시스템 구축-운영 미흡
- Paperless, 업무의 자동화-지능화, 스마트 물류혁신 등
 
4.
 사업 범위
 가. ERP(전사적 자원관리시스템)

Ⅰ
 사업 개요 
 
 1. 사 업 명 : 경영관리시스템(ERP) 구축 용역
2. 사업기간 : 계약일로부터 90일
3. 사업예산 : 231,000,000원(VAT 포함)
4. 입찰방법 : 협상에 의한 계약
5. 추진배경 및 목적
 기존 시스템 노후화에 따라 업무생산성 향상을 위해 전면적인 개선 필요
 사건처리 관련 시스템 및 그룹웨어와의 연계를 통한 전사적 업무 통합 관리
6. 사업범위
 
구분
주요 내용 
공통

- 정보시스템 간(재무, 그룹웨어, 업무시스템 등) 연계 및 통합을 고려한 시스템 설계 및 개발
 ERP(예산, 회계, 인사, 급여 등) 영역
 인사, 급여, 예산, 회계(재무/자금/수입/지출/결산/세무)관리 등 업무자료의 유기적 결합 구현
 기존 경영지원시스템(ERP)의 회계(예산, 지출, 결산 등), 예산, 인사, 급여관리 업무처리를 위한 기능 구축
 지출업무의 효율화를 위한 지출 품결의 관리 기능 구축 (ERP<->GW 업무영역 간 프로세스 통합 구현)","인천광역시 ERP 사업 예산은 231,000,000원이며, 주요 기대효과는 ERP 예산정보를 중심으로 한 연구원 사업 예실대비 현황 조회, 관리 등 및 ERP에 사업시스템 기능이 통합 구축되어 ERP 본연의 예산, 회계, 인사관리 등의 핵심 기능 개선에 한계가 되는 문제점 해결입니다."
한국수출입은행이 진행하는 모잠비크 마푸토 지능형교통시스템(ITS) 사업의 총 추진 예산은 얼마로 고지되어 있습니까?,A,하,[],"- 시스템 구축 및 안정화 기간 포함

□ 사업예산 : 1,427,000,000원 범위 내 ( 일십사억이천칠백만원, 부가가치세 포함)

□ 계약방법 : 제한경쟁입찰 (협상에 의한 계약)

2. 추진 배경

모잠비크 마푸토 지능형교통시스템(ITS) 구축사업 
타당성조사(F/S) 용역을 위한
제 안 요 청 서 (RFP)
 
2024. 10.
 
 
 
 목 차 
Ⅰ. 제안 안내
 1. 용역 개요 
 2. 사업 추진 일정
Ⅱ. 제안 일반사항
 1. 입찰 및 계약 방법
 2. 입찰공고
 3. 입찰 참가자격
 4. 입찰참가 등록 및 제안서 제출
 5. 입찰시 유의사항
 6. 제안서 평가방법 
 7. 협상대상자 선정 및 협상 절차
 8. 최종낙찰자 유의사항
 9. 기타사항
 10. 용역결과 평가/활용
Ⅲ. 대상사업 개요 및 F/S 과업범위

기금 결산 업무 지원
3. 시스템구축
분석-설계
개발 및 테스트
가동, 안정화 및 결산 지원
 ※ 기획재정부 국가결산보고서 개편 시스템 구축사업 에 따른 당행의 ’25년도 국가회계 시범결산, 가결산 참여 지원 포함
 ※ 세부 일정은 사업추진 과정 및 기획재정부 국가결산보고서 개편 시스템 구축사업 추진 일정에 따라 일부 변경될 수 있음
4. 사업 추진 조직 및 역할
 
구 분
부 서 명
주 요 역 할
 한국
수출입
은행
 경협총괄부
 프로젝트 관리

[별첨] : 제출서류 목록 및 관련 서식
Ⅰ. 제안 안내
용역개요 
과 업 명 : 모잠비크 마푸토 지능형교통시스템(ITS) 구축사

5. 제출서류 ·································································································· 105 

 
 
 
Ⅰ 제안 개요

1. 사업 개요

□ 사 업 명 : 국가결산체계 개편에 따른 국가회계시스템 고도화

□ 사업기간 : 계약 체결일로부터 12개월 이내

- 사업 일정은 한국수출입은행(“당행”)의 사정에 따라 변경 가능

- 시스템 구축 및 안정화 기간 포함","본 사업의 총 예산은 1,427,000,000원으로 고지되어 있습니다."
(주)에스알의 '예약발매시스템 개량 ISMP 용역'이 최종적으로 개선을 지향하는 현업 핵심 포털 시스템의 명칭은 무엇입니까?,A,하,[],"바. 보안특약 조항 	 - 	67
 9. 기타 사항	 - 	72
 가. 하자담보 책임기간 	 - 	72
 나. 작업장소 상호 협의 	 - 	72
 마. 과업심의위원회	 - 	73
 바. 소프트웨어사업 영향평가	 - 	73
 10. 별지서식 및 붙임 	 - 	74
 
Ⅰ
사업 개요 
가. 사업개요
 1. 사 업 명 : 예약발매시스템 개량 ISMP 용역
 2. 사업기간 : 체결일로부터 5개월 이내
 3. 사 업 비 : 470백만원 (VAT포함) 
 4. 계약방법 : 제한경쟁입찰 / 협상에 의한 계약
나. 추진배경 및 필

제안요청서
예약발매시스템 개량 ISMP 용역
2024. 4.
 
 
담당
디지털융합본부
(디지털영업처)
처장 정상기
TEL: 042-615-5670
FAX: 02-361-8269
부장 오강섭
TEL: 042-615-5671
대리 신형섭
TEL: 042-615-5678
 
한국철도공사
 
 
 
 1. 사업 개요	 - 	1
 가. 사업개요	 - 	1
 나. 추진배경 및 필요성 	 - 	1
 2. 현황 및 문제점	 - 	2
 가. 시스템 구성 현황 	 - 	2
 나. 문제점 	 - 	4
 3. 추진방안	 - 	5

본 시스템 재구축을 위한 ISP/ISMP 프로젝트 결과를 반영하여 수협중앙회의 온라인 상품 중개 서비스를 지원하는 시스템을 재구축
 최신 IT 기술 및 온라인 쇼핑 시장의 트렌드를 반영하여 수요자의 눈높이를 충족시킬 수 있는 시스템 및 서비스를 기획하고, 내부적으로 이를 뒷받침할 수 있는 서비스 제공
 사용자 경험(UX)과 비즈니스 프로세스 등을 고려하여 온라인 고객에게 편의를 제공하고 온라인 쇼핑 업무를 효율적으로 지원할 수 있는 기능 제공

1. 사업 개요
 사 업 명 : GH 경영정보시스템 재구축 ISMP 수립 용역
 용역기간 : 계약체결일로부터 5개월
 사업금액 : 426,469천원(부가세 포함)
 계약방법 : 제한경쟁입찰 (협상에 의한 계약)
 2. 추진 배경
 최신 기술 트렌드 등에 기반한 업무프로세스 혁신 및 지속가능 경영기반 확립 필요
 급속한 경영환경 변화에 신속 대응하고 경영 목표를 성공적으로 완수하기 위한 정보시스템 개편 및 재구축 필요

사업자 관리, 회의, 진도, 위험, 쟁점사항 관리
 사업검수 및 완료보고
사업지원
 현업업무 담당자 요구사항 제시
 정보시스템 컨설팅 관련 업무협의, 심층 인터뷰 지원
 정보시스템 컨설팅 검수참여, 성과점검 등
ISMP&BPR 사업자
 WTA 정보시스템 마스터플랜(ISMP) 수립 및 
 업무재설계(BPR) 수행
 프로젝트 관리 : 범위, 일정, 자원, 품질, 인력관리 등
 
4
 추진일정
 
구분
M-1
M
M+1
M+2
M+3
M+4
 입찰공고/사업자선정
 BPR/ISMP 수립
 환경분석 단계
 현황분석 단계
 목표모델 설계",이 사업의 최종 목적은 '수협중앙회의 온라인 상품 중개*서비스*를 강화하는 *‘경영정보시스템’*을 재구축하는 것입니다'.
인천광역시의 '인천일자리플랫폼 정보시스템 구축 ISP 수립용역' 사업비 한도는 얼마입니까?,A,하,[],"사업예산 : 194,700,000원(VAT포함)
 4. 사업내용 및 대상
 과업내용 : 하단 기술된 기능 구현이 가능한 패키지SW 도입 및 계양구시설관리공단 업무 환경에 맞는 커스터마이징 실시
 인사, 급여, 예산, 회계(재무/자금/수입/지출/결산/세무)관리 등 업무자료의 유기적 결합 구현
 지출업무의 효율화를 위한 지출 품결의 관리 기능 구축(ERP↔GW 업무영역 간 프로세스 통합 구현)
 정확한 예산 통제 : 지출에 대한 원인행위 및 전표처리 시, 예산(계정)과목별 잔여예산을 실시간으로 체크

계양구시설관리공단 통합정보시스템 도입 용역
과 업 지 시 서
 
 
기획예산실
 
Ⅰ
사업 개요
 1. 사 업 명 : 계양구시설관리공단 통합정보시스템(ERP) 도입 용역
2. 사업목적
 (ERP) 예산회계‧인사 등의 경영관리 업무 지원체계 재확립 필요
 (그룹웨어) 최신 행정업무처리, 소통‧협업 시스템 도입 필요
 (시스템 통합) 이종 시스템간의 연계를 탈피한 통합시스템 도입 필요
 3. 사업기간 및 예산
 사업기간 : 용역 착수일로부터 120일 이내
 사업예산 : 194,700,000원(VAT포함)
 4. 사업내용 및 대상

업무 분석 및 시스템 표준화 분석
 - 인천광역시계양구시설관리공단에 적합한 통합정보시스템(ERP) 선정
 - 인천광역시계양구시설관리공단 담당자 인터뷰 및 요구사항 의견 수렴
 - 세부 기능이 구현된 기능에 커스터마이징 포함
 - 현행(As-is) 분석 및 개선방안 도출
 - 부서별 현행 업무 프로세스 및 업무특성 분석, 개선과제 도출 및 확정
 - To-be 프로세스 설계 및 시스템 구현 방안 수립
 - 조직도 및 기관코드 등 공통 활용 데이터 및 서비스에 대한 표준화 정의

공단 사업의 예산을 통합 조회 및 조정하는 기능
 법인카드, 세금계산서, 지출관리 등의 업무를 온라인 환경에서 처리하는 기능
 PC 메신저 기능
 패키지SW를 도입하여 커스터마이징을 통한 시스템 도입 및 구축
 데이터 이관 완료 시까지 기존 그룹웨어 시스템 유지
5. 사업 추진체계
 
기 관
주요 역할
주관기관
(계양구청)
- 사업계획의 수립, 제안요청서 작성
- 계약체결 및 사업비 집행
- 계양구시설관리공단 통합정보시스템 사업관리 및 검수
- 계양구시설관리공단 통합정보시스템 운용 및 관리
사업수행자
(용역수행업체)

- 통합정보시스템(ERP) 정보 접근 및 변경에 관한 감사 기능
 - 보안장비의 경우 CC인증 또는 보안기능확인서를 획득하고, 인증기한이 만료되지 않은 제품이어야하며 이를 증빙하는 자료 제출해야함
 계양구시설관리공단 전산실(서버실) 활용한 효율적 데이터 관리
 - 전용 방화벽 구축, 백업 전원 공급장치를 통한 정전 대응, 재해 복구를 위한 여러 프로세스에 따른 데이터 및 장비 관리 예정
* 공공기관 특성, 현행 법체계 및 업체의 인프라, 운영인력 현황 등 고려하여 구축-활용
2. 목표 시스템 및 네트워크 구성도","인천광역시의ISP 수립 용역 사업비 한도는 49,470,000원(VAT포함)입니다."
한국수자원공사가 발주한 '수도사업장 사고분석솔루션 시범구축 용역'에서 단일 통합관리체계로 도출해내고자 하는 4가지 주요 정보 요소를 열거하십시오.,A,중,[],"1. 제안공모 개요
 1.1 일반사항
 1.1.1 사업개요
 가. 사 업 명 : 수도사업장 통합 사고분석솔루션 시범구축 용역
 나. 사업금액 : 일금 일억구천오백삼만원정( 195,030,000, VAT포함)
 다. 사업기간 : 착수일로부터 120일간
※ [붙임 1] 소프트웨어 개발사업의 적정 사업기간 종합 산정서 참조
 라. 구축장소 : 수도통합지원센터(iSC), 유역별 1개소 시범사업장
 마. 사업범위
 (1) 수도사업장 운영, 경보, 제어, 영상정보 통합관리체계 개발	- - 		- - 	1식

수도사업장 통합 사고분석솔루션 시범구축 용역
제안요청서
(RFP : Request For Proposal)
2024. 5.
 
 유역-지방상수도처
 
- 목 차 -
1. 제안공모 개요
 1.1 일반사항
 1.2 제안참가 안내
 1.3 제안요구 사항
 1.4 제안서 작성요령
 1.5 기타사항
2. 제안자를 위한 정보
 2.1 K-water 일반정보
 2.2 대상시스템 현황
3. 제안요청 내용
 3.1 과업수행개요
 3.2 과업범위
[별첨] 제안서 평가기준 및 작성양식
 1. 제안공모 개요
 1.1 일반사항
 1.1.1 사업개요

(2) 통합 사고분석솔루션 웹서비스 시범구축 	- - 		- - 		- - 		- - 	1식
 1.1.2 제안참가 자격 : 입찰공고문에 따름
 1.1.3 수행방법 : 도급용역
 1.1.4 과업수행 장소
 가. 계약상대자는 SW사업 수행을 위하여 필요한 장소 및 설비, 기타 작업환경(이하 “작업장소 등” 이라고 한다)을 상호 협의하여 결정한다.

나. 수자원 영상위성에서 수집되고 생성된 정보를 활용하여 대국민 서비스 기반 구축
 다. 수자원 관리 및 수재해 감시 역량 강화를 위하여 체계적이고 효율적인 업무수행 기반을 검증하고 물분야 국내 위성산업의 미래성장동력을 확대 
 라. 물관련 재해 피해규모 경감을 통한 물안보 제고 및 물분야 글로벌 경쟁력 확보
 
< 사업추진 목표 및 주요 핵심과제 >
3. 과업범위
 가. 수자원 영상위성 활용시스템 구축
 (1) 자료 수집/배포 시스템 개발
 - 네트워크 보안에 따라 위성망/인터넷망 분리 구축

(5) 활용산출물 처리시스템 통합 및 연계
 - 홍수-가뭄-안전-수변지역의 효과적인 모니터링을 위한 산출정보 구현
 - 활용 산출물(Level-3, 4) 생산-표출 알고리즘 선행연구사업 산출물 연계시스템 구현
 나. 수자원 영상위성 운영인프라 구축
 (1) 수자원 영상위성 자료 수집 및 활용을 위한 체계 설계 및 구축
 - 수자원 영상위성 운영을 위한 관련 시스템 설계, 서버, 네트워크 및 보안장비, 스토리지 전산시스템, 시스템 접근감시, 백신 등
 (2) 수자원 영상위성 시스템과 활용 인프라의 통합 지원","수도사업장의 사고분석 솔루션 시범구축 용역에서 도출할 수 있는 4가지 주요 정보 요소는 다음과 같습니다: 1) 수도사업장 운영, 경보, 제어, 영상정보 통합관리체계 개발, 2) 수자원 영상위성에서 수집되는 영상정보, 3) 수자원 영상위성 운영인프라 구축, 4) 수자원 영상위성 및 사고분석 솔루션 시스템 통합 지원."
"한국연구재단 발주 '기초학문자료센터 시스템 운영 비용'(2.12억) 중 매월 고정 인프라 유지비결제액이 연간 총 예산의 환산 기준 10%를 차지할 때, 고정 서버 임대비 및 기술지원비로 1년간 소모되는 예산 총액은 가상으로 얼마인가요?",A,상,[],"시스템 운영방안 수립, KRM 시스템 개선방안 수립, KRM 운영 개선방안 수립 등
5. 사업기간 및 사업비
 사업기간 : 계약일로부터 153일
※ 계약추진 일정에 따라 착수일은 변경될 수 있음
 사업금액 : 79,940,000원(부가가치세 포함)
6. 주관기관
 주관기관 : 한국연구재단
7. 기대효과
 기초학문자료센터 사용자의 시스템 사용현황을 세부적으로 파악하여 향후 단기적으로는 시스템 운영에 참고하고 중장기적으로는 시스템 개선방향 수립에 참고
II. 대상 업무 현황
1. 기초학문자료센터(KRM) 정보시스템 소개

제 안 요 청 서
[2024년 기초학문자료센터 시스템 운영 및 
연구성과물 DB구축사업]
 
2024. 7.
 
담 당
부 서 명
성 명
전 화
사 업
인문사회학술지원팀
최우용
042-869-6722
계 약
운영지원팀
이현우
042-869-6232
 
 
이 자료는 한국연구재단 제안서 작성 이외의 목적으로 복제, 전달 및 사용을 금함
목 차
 
 Ⅰ. 사업개요	 - 	 1
Ⅱ. 대상 업무 현황	 - 	 3
 1. 기초학문자료센터 정보시스템 소개	 - 	 3
 2. 시스템 구축 현황	 - 	 4
Ⅲ. 사업 추진 계획	 - 	 6

- 개별자료(Item) : 여러 개의 자료 중 단일의 물리적 대상물 개체
 
2. 시스템 구축 현황
 하드웨어 구성도 : 필요시 열람 허용
 소프트웨어 구성도 : 필요시 열람 허용
 
 H/W 상세내역
 
구분
제조사
모델명
용도
수량
도입일
비고
서버
Dell
Dell CN/VxRain P57F
기초학문자료센터(KRM) WEB #1
1
2023년 1월
기초학문자료센터(KRM) WAS #1
1
기초학문자료센터(KRM) WAS #2
1
IBM
P720
기초학문자료센터(KRM) WAS #1
1
2013년 10월

제 안 요 청 서
[2024년 기초학문자료센터(KRM) 시스템 기능개선]
 
2024. 6.
 
 
 
이 자료는 한국연구재단 제안서 작성 이외의 목적으로 복제, 전달 및 사용을 금함
목 차 
 
 Ⅰ. 사업개요	 - 	 1
Ⅱ. 대상 업무 현황	 - 	 3
 1. 기초학문자료센터 정보시스템 소개	 - 	 3
 2. 시스템 구축 현황	 - 	 4
Ⅲ. 사업 추진 계획	 - 	 6
 1. 추진체계	 - 	 6
Ⅳ. 제안요청 내용	 - 	 7
 1. 목표시스템 구성도	 - 	 7
 2. 제안요청 사항 세부내용	 - 	 7

2007년 2월
• 라이센스 및 서비스 종료
IBM
e-Server 346 
 기초학문자료센터(KRM) 시소러스
1
2006년 4월
• 현재 보관중
IBM
x3550 M3
기초학문자료센터(KRM) 메신저
1
2013년 4월
IBM
x3650 M4
기초학문자료센터 검색서버 
1
2014년 12월
Dell
PowerEdge R210 II
기초학문자료센터 Easy-up ETL
1
2013년 3월
• 토대사업 
 서비스 중
IBM
x3850
INDEX(검색) 서버(KRM 검색 기능) 
1
2008년 1월
 
 III. 사업 추진 계획","예산의 10%(1.12억) 중에서 고정 인프라 유지비 결제액이 차지하는 1년간 총 소모 예산은 11,209,600원입니다."
"인천공항운영서비스의 차세대 ERP 구축 사업(9.96억)을 수행함에 있어 초기 계약 선수금으로 전체 예산의 25%가 선지급되고, 중간 보고 시점에 35%가, 최종 프로젝트 인수 완수 후 잔금 40%가 정산된다고 할 때 과업 착수에 맞춰 지급되는 초기 선수액은 얼마입니까?",A,상,[],"3. 제안서 평가 방법 	 - 	57
 4. 우선협상자 선정 및 협상순서	 - 	61
 5. 유의사항	 - 	61
서식	 - 	62
 
Ⅰ
 사업 개요
1. 사업명 : 인천공항운영서비스 차세대 ERP시스템 구축 사업
2. 사업기간 : 계약 체결일로부터 9개월 (안정화 기간 포함)
 추진 일정은 사업 기간 내에 과제별 특성에 따라 제안하고 협의 가능
3. 사업예산 : 996,356,000원(부가세 별도)
 시스템구축 비용 및 클라우드서비스 사용료(1년간) 포함
4. 계약방법 : 제한경쟁입찰(협상에 의한 계약)
 
Ⅱ

사업예산: 금589,993천원(부가가치세 포함)
 입찰방식: 제한경쟁입찰
 계약방식: 협상에 의한 계약
 
 본 사업은 소프트웨어 진흥법 제50조에 따라 과업내용 확정을 위하여 과업심의위원회를 개최한 사업임
 본 사업은 소프트웨어 진흥법 제50조제3항 및 같은 법 시행령 제47조제1항제2호 및 제3호에 따라 과업내용 
 변경이나 과업내용 변경에 따른 계약금액-계약기간의 조정이 필요한 경우, 계약상대자는 인천광역시에
 ‘소프트웨어사업 과업변경요청서’를 제출하여 과업심의위원회 개최를 요청할 수 있음

사업예산 : 98,155,630원(부가가치세 포함)
 * 추후 수요기관과 계약상대자와의 상호 협의 하에 과업범위 등을 조정할 수 있음
 입찰 및 계약방식
 
구 분
방 식
비 고
입찰 방식
제한경쟁입찰
낙찰자 결정 방식
협상에 의한 계약
평가 방식
기술평가(90) / 가격평가(10)
수요기관 평가
 2. 추진배경 및 필요성
 (기능한정)안전운전 통합민원 내 일부 검사에 한정된 시스템 운영
 (프로세스)각 부서별 인증 프로세스가 달라 접수고객의 혼란 발생
 3. 사업의 목적

구분
사업기간
예산
1차년도
(2021년)
계약체결일 ∼ 12월
3,870
 2차년도*
(2022년)
 ‘22.1월 ∼ 계약종료일
 2,887
 * ‘22년 사업비는 국가계약법 제21조에 근거하여 확정된 예산 범위 내에서 재계약하며, 정부 예산 심의‧확보 등에 따라 변경될 수 있음
 계약방법 : 일반경쟁입찰(협상에 의한 계약체결)
 * 국가계약법 제7조(계약의 방법), 제43조(협상에 의한 계약체결), 제43조의2(지식기반사업의 계약방법)
 
1
 추진배경 및 필요성

사업예산 : 1,515,000천원 (부가세 포함)
 계약방법 : 제한경쟁입찰(협상에 의한 계약)
 평가방식 : 기술평가(90%)/가격평가(10%)
2. 추진 배경 및 필요성
 (시스템 노후화) 그룹웨어 및 기록물관리, 사내SNS(별별얘기), 메신저 시스템 노후화로 SW의 기술지원 종료, 요구사항 증가로 인한 설계 한계 초과 및 서비스 질 저하 등 개선 필요
 (정부권장정책 적용) 비표준(ActiveX), IE 종속성 및 보안취약점 제거 등 관련 정부 정책에 대응이 가능한 시스템 구축 필요","초기 선수금액은 총 사업예산의 25%, 즉 249,239,250원이 지급됩니다."
인천광역시 소재 '도시계획위원회 관리시스템 사업비'와 한국연구재단의 '기초학문자료센터 원스톱 DB 구축 사업비' 간의 자금 확보 편차는 얼마입니까?,B,하,[],"사업예산 : 194,700,000원(VAT포함)
 4. 사업내용 및 대상
 과업내용 : 하단 기술된 기능 구현이 가능한 패키지SW 도입 및 계양구시설관리공단 업무 환경에 맞는 커스터마이징 실시
 인사, 급여, 예산, 회계(재무/자금/수입/지출/결산/세무)관리 등 업무자료의 유기적 결합 구현
 지출업무의 효율화를 위한 지출 품결의 관리 기능 구축(ERP↔GW 업무영역 간 프로세스 통합 구현)
 정확한 예산 통제 : 지출에 대한 원인행위 및 전표처리 시, 예산(계정)과목별 잔여예산을 실시간으로 체크

업무 분석 및 시스템 표준화 분석
 - 인천광역시계양구시설관리공단에 적합한 통합정보시스템(ERP) 선정
 - 인천광역시계양구시설관리공단 담당자 인터뷰 및 요구사항 의견 수렴
 - 세부 기능이 구현된 기능에 커스터마이징 포함
 - 현행(As-is) 분석 및 개선방안 도출
 - 부서별 현행 업무 프로세스 및 업무특성 분석, 개선과제 도출 및 확정
 - To-be 프로세스 설계 및 시스템 구현 방안 수립
 - 조직도 및 기관코드 등 공통 활용 데이터 및 서비스에 대한 표준화 정의

계양구시설관리공단 통합정보시스템 도입 용역
과 업 지 시 서
 
 
기획예산실
 
Ⅰ
사업 개요
 1. 사 업 명 : 계양구시설관리공단 통합정보시스템(ERP) 도입 용역
2. 사업목적
 (ERP) 예산회계‧인사 등의 경영관리 업무 지원체계 재확립 필요
 (그룹웨어) 최신 행정업무처리, 소통‧협업 시스템 도입 필요
 (시스템 통합) 이종 시스템간의 연계를 탈피한 통합시스템 도입 필요
 3. 사업기간 및 예산
 사업기간 : 용역 착수일로부터 120일 이내
 사업예산 : 194,700,000원(VAT포함)
 4. 사업내용 및 대상

- 조직도 및 기관코드 등 공통 활용 데이터 및 서비스에 대한 표준화 정의
 - 패키지(솔루션) 기본 프로세스를 바탕으로 기관 업무 프로세스 활용
 - 각종 서식, 현황 등 기록물 관리체계에 적합한 양식 표준화 정의
 - 구축 시스템 간 자료 공유 및 업무 연동 체계 정의
 보안 기능 강화
 - 개인정보 암호화 방안 제시
 - 데이터 접근 및 권한에 대한 정의(내부 사용자, 권한 부여자)
 - 기관 내부 사용자를 위한 정보 접근 방식 제시
 - 통합정보시스템(ERP) 정보 접근 및 변경에 관한 감사 기능

- 통합정보시스템(ERP) 정보 접근 및 변경에 관한 감사 기능
 - 보안장비의 경우 CC인증 또는 보안기능확인서를 획득하고, 인증기한이 만료되지 않은 제품이어야하며 이를 증빙하는 자료 제출해야함
 계양구시설관리공단 전산실(서버실) 활용한 효율적 데이터 관리
 - 전용 방화벽 구축, 백업 전원 공급장치를 통한 정전 대응, 재해 복구를 위한 여러 프로세스에 따른 데이터 및 장비 관리 예정
* 공공기관 특성, 현행 법체계 및 업체의 인프라, 운영인력 현황 등 고려하여 구축-활용
2. 목표 시스템 및 네트워크 구성도","두 사업의 총 예산을 비교할 때 인천시에서 배정한 195,300,000원은 한국연구재단의 100,000,000원보다 95,300,000원 가량 더 큽니다."
(주)에스알의 철도 예약발매 ISMP 사업비용 추산액(0원/미기재)이 경희대학교의 정보시스템 운영 예산(미기재)보다 월등히 높은 규모인가요?,B,하,[],"1. 사업 개요
 가. 사업 일반
	- - 	1) 사업명 : 2024~2025학년도 경희대학교 정보시스템(인포 21 등) 운영 용역사업
	- - 	2) 입찰방법 : 제한경쟁입찰
 3) 낙찰자 결정 방법 : 협상에 의한 계약(기술평가 80%, 가격평가 20%)
 4) 사업예산 : 3,000,000,000원(금 삼십억원), 부가세 포함
 5) 사업기간 : 2024.05.01.~ 2026.04.30. (24개월) 
	- - 	
 나. 추진 배경 및 필요성

1. 사업 개요
 가. 사업 일반
	- - 	1) 사업명 : 2024~2025학년도 경희대학교 정보시스템(인포 21 등) 운영 용역사업
	- - 	2) 입찰방법 : 제한경쟁입찰
 3) 낙찰자 결정 방법 : 협상에 의한 계약(기술평가 80%, 가격평가 20%)
 4) 사업예산 : 3,000,000,000원(금 삼십억원), 부가세 포함
 5) 사업기간 : 2024.05.01.~ 2026.04.30. (24개월) 
	- - 	
 나. 추진 배경 및 필요성

3. 사업예산 : 400,000,000원원(부가세포함)
 - 1차년도 : 200,000,000원 이내
 - 2차년도 : 200,000,000원 이내
4. 계약방법 : 협상에 의한 계약 (기술평가+가격평가)
 5. 일반내용
 가. 배경 및 필요성
1) 경희대학교 산학협력단 정보시스템 운영 용역사업추진
2) 정보시스템 운영 효율화 및 안정적인 서비스 제공을 위한 시스템의 최적상태 유지

3. 사업예산 : 400,000,000원원(부가세포함)
 - 1차년도 : 200,000,000원 이내
 - 2차년도 : 200,000,000원 이내
4. 계약방법 : 협상에 의한 계약 (기술평가+가격평가)
 5. 일반내용
 가. 배경 및 필요성
1) 경희대학교 산학협력단 정보시스템 운영 용역사업추진
2) 정보시스템 운영 효율화 및 안정적인 서비스 제공을 위한 시스템의 최적상태 유지

- - 	
 나. 추진 배경 및 필요성
	- - 	1) 2024~2025학년도 경희대학교(이하 “경희대”라 함) 정보시스템(인포21 등)(이하
 “정보시스템”이라 함) 운영 용역사업 종료에 따른 신규 용역 사업추진
	- - 	2) 정보시스템 운영 효율화 및 안정적인 서비스 제공을 위한 시스템의 최적 상태 유지
	- - 	3) 정보시스템 운영 중 장애 및 사고 발생 시 신속한 대응 조치
	- - 	4) 기능 및 UI 개선, 성능, 데이터의 보안성 및 정확성 등의 시스템 개선을 통한 
	- - 	 정보시스템의 사용 편의성 향상","아니요, 두 사업비는 모두 미기재되어 있으므로 비교할 수 없습니다."
한국가스공사 통합 ERP 도입 사업 및 인천공항 차세대 ERP 사업 중 더 낮은 도입 예산을 책정한 기업과 그 규모는 얼마입니까?,B,하,[],"* SAP ERP 기능 고도화 과업은 34개 과제를 기준으로 추정가격을 산출하였음(기능점수 기준 920FP 상당). 단, 사업 진행 최종 확정된 과제를 기준으로 개발규모(최종 기능점수)를 재산정하여 과업 변경이 필요한 경우 과업 및 그에 따른 계약 변경 예정
 - SAP 컨버전 후 최종 확정된 업무별 시스템 기능 개선 요구사항 반영
 생산공급 시스템 재구축
 - KOGAS 핵심 업무인 천연가스 생산/공급 업무 시스템 재구축
 - 표준 업무 프로세스 기반 기능 고도화, 데이터 분석 및 활용 서비스 개발

정보시스템 복잡도 해소 및 접근‧활용 간소화로 업무생산성 향상
 - ‘09년 도입 이후 종합적인 개선 없이 단편적 수정으로 복잡도 증가 및 대사-검증 등 수작업에 따른 비효율 해소
* 원가결산, 급여정산 등 검증을 위한 수작업 및 대용량 데이터 처리시 속도지연 발생
 - 시스템 접근, 데이터 탐색‧활용 간소화로 사용자 편의 및 데이터 기반의 업무환경 마련
* KOGAS 디지털 전환 전략 수립 설문결과(임직원 45%, 데이터 탐색불가로 불편 호소)
3. 사업기간 : 계약일로부터 28개월

3. 사업기간 : 계약일로부터 28개월
 소프트웨어 사업수행 적정 사업기간 산정기준에 따른 사업
 사업기간 종료 후 1년간 무상하자보수 실시 (시스템 안정화 지원계획 제출)
4. 주요 사업내용
 SAP ERP Conversion
 - SAP ERP ECC 6.0 → S/4 HANA ERP로 전환
 - ERP 전환 신규 인프라 구축 및 인터페이스 개선
 - HTML5 기반의 Web Service 제공 (BSP화면 웹전환 포함)
 업무 프로세스 개선(PI) 및 고도화 개발
 - KOGAS 전사 업무 프로세스 표준화

과 업 지 시 서
- 차세대 통합정보시스템(ERP) 구축 -
2024. 8.
 
 
목차
Ⅰ. 개요
Ⅱ. 과업내용
Ⅲ. 일반사항
 
 1. 사 업 명 : 차세대 통합정보시스템(ERP) 구축
Ⅰ 
 개요 
2. 사업목적
 기술지원 종료(‘27년)에 대비한 ERP 업그레이드
 - 제조사(SAP )의 기술지원 종료 이후 세법 개정, 보안취약점 발생시 원활한 대응이 불가 등 기술지원 종료 대비한 선제적 대응으로 안정적 서비스 제공
 정보시스템 복잡도 해소 및 접근‧활용 간소화로 업무생산성 향상

- 실시간 프로세스 변경 처리 및 통합 모니터링 지원
 - 신규 도입 이후 전사 업무 프로세스 거버넌스 구현
5. 추진일정 : 계약 체결일로부터 28개월 (안정화기간 6개월 포함)
 
과업
내용
M
M
+1
M
+2
M
+3
M
+4
M
+5
M
+6
M
+7
M
+8
M
+9
M
+10
M
+11
M
+12
M
+13
M
+14
M
+15
M
+16
M
+17
M
+18
M
+19
M
+20
M
+21
M
+22
M
+23
M
+24
M
+25
M
+26
M
+27",두 사업 중 인천공항 사업(1억 4천만원)이 더 낮은 도입 예산을 책정하고 있습니다.
국립공원공단(혹은 철도공사)의 '모바일오피스 고도화 용역'과 한국연구재단의 'UICC 시스템 기능개선 사업'의 융합 발주 시 공개된 예산상 총합은 어떻게 구해집니까?,B,하,[],"제 안 요 청 서
 
사 업 명
2024년 자원통합관리시스템 운영관리 용역
주관기관
국립공원공단
2024. 7.
 
담 당
성 명
소 속
전화번호
(팩스번호)
E-mail
김병부
보전정책부
033-769-9462
pintree@knps.or.kr
 
 
목 차 
I. 사업개요	 - 	 1
 1. 사업개요	 - 	 1
 2. 추진배경 및 필요성	 - 	 1
 3. 사업범위	 - 	 1
 4. 현행시스템 구성도	 - 	 3
 5. 사업추진체계	 - 	 4
 6. 사업추진일정	 - 	 5
 7. 기대효과	 - 	 5

6. 사업추진일정	 - 	 5
 7. 기대효과	 - 	 5
II. 대상업무 현황	 - 	 6
 1. 현행업무 현황	 - 	 6
 2. H/W, S/W구성도	 - 	 10
III. 제안요청 내용	 - 	11
 1. 추진목표	 - 	 11
 2. 추진전략 	 - 	 11
 3. 제안요구사항	 - 	 12
 4. 성과품 종류 및 제출	 - 	 34
Ⅳ. 참가자격 및 제안서 평가	 - 	35
Ⅴ. 제안서 작성안내	 - 	39
VI. 기 타	 - 	43
 붙임 1. 기술제안서 평가 세부 기준 1부. 
2. 제출 서류 서식 1부.","두 사업의 합산 예산은 9,000,000원입니다."
한국수자원공사의 수도사업장 사고분석솔루션 용역과 인천광역시 도시계획위원회 통합관리시스템 구축 용역이 내부 전산 실무자들의 어떠한 불편을 해소하려는지 기술 접근성에 중점을 두고 비교하십시오.,B,중,[],"2. 목표 시스템 및 네트워크 구성도
 
 
<목표 시스템 구성도>
 
<목표 네트워크 구성도>
3. 기대효과
 최신 통합행정업무시스템 구축으로 공단 내부 업무 프로세스에 최적화된 행정업무 수행 환경 조성
 공단 내부 경영업무 실정을 여실히 반영한 최신 ERP 기능 영역 도입을 바탕으로 경영관리 업무의 효율화 및 공단 경영성과의 제고 기대

업무 분석 및 시스템 표준화 분석
 - 인천광역시계양구시설관리공단에 적합한 통합정보시스템(ERP) 선정
 - 인천광역시계양구시설관리공단 담당자 인터뷰 및 요구사항 의견 수렴
 - 세부 기능이 구현된 기능에 커스터마이징 포함
 - 현행(As-is) 분석 및 개선방안 도출
 - 부서별 현행 업무 프로세스 및 업무특성 분석, 개선과제 도출 및 확정
 - To-be 프로세스 설계 및 시스템 구현 방안 수립
 - 조직도 및 기관코드 등 공통 활용 데이터 및 서비스에 대한 표준화 정의

- 통합정보시스템(ERP) 정보 접근 및 변경에 관한 감사 기능
 - 보안장비의 경우 CC인증 또는 보안기능확인서를 획득하고, 인증기한이 만료되지 않은 제품이어야하며 이를 증빙하는 자료 제출해야함
 계양구시설관리공단 전산실(서버실) 활용한 효율적 데이터 관리
 - 전용 방화벽 구축, 백업 전원 공급장치를 통한 정전 대응, 재해 복구를 위한 여러 프로세스에 따른 데이터 및 장비 관리 예정
* 공공기관 특성, 현행 법체계 및 업체의 인프라, 운영인력 현황 등 고려하여 구축-활용
2. 목표 시스템 및 네트워크 구성도

- 조직도 및 기관코드 등 공통 활용 데이터 및 서비스에 대한 표준화 정의
 - 패키지(솔루션) 기본 프로세스를 바탕으로 기관 업무 프로세스 활용
 - 각종 서식, 현황 등 기록물 관리체계에 적합한 양식 표준화 정의
 - 구축 시스템 간 자료 공유 및 업무 연동 체계 정의
 보안 기능 강화
 - 개인정보 암호화 방안 제시
 - 데이터 접근 및 권한에 대한 정의(내부 사용자, 권한 부여자)
 - 기관 내부 사용자를 위한 정보 접근 방식 제시
 - 통합정보시스템(ERP) 정보 접근 및 변경에 관한 감사 기능

공단 경영 활동에 수반되는 행정업무처리를 최신 그룹웨어 기능 영역 도입을 통해 업무 실정에 맞게 최적화함과 동시에 신규 시스템의 효과적인 의사결정, 소통/협업 툴을 사용함으로써, 업무 효율성 및 생산성의 강화 기대
 최신 경영관리(ERP) 기능 영역 도입으로 공단 내부 업무 프로세스에 최적화된 예산/회계, 인사/급여 정보의 체계적인 관리 환경 조성 기대
 노후화된 ERP 시스템에서 탈피함으로써 최신 시스템 기반의 업무처리 안정성 확보, 효율성 강화 및 공단 임직원 만족도 제고","두 사업 모두 내부 전산 실무자의 불편을 해소하기 위해 중점적으로 추진하는 핵심 요건은 기존 시스템의 '노후화된 기능 및 버그'를 대체하기 위한 신속한 대안을 마련하는 것입니다. 한국수자원공사는 2014년부터 2020년 사이의 6년간 지속적인 시스템 장애와 오류를 겪었으며, 인천광역시는 2008년부터 2015년까지 7년간 비효율적인 분산된 시스템을 유지하였으나, 이 시점에서 각각의 사업은 이러한 문제를 해결하기 위해 새로운 시스템을 도입할 필요성을 강하게 제기했습니다."
인천공항운영서비스의 차세대 ERP시스템과 한국연구재단 대학산학협력활동 실태조사 시스템(UICC)은 양자 모두 대형 공공 인프라를 지탱합니다. 각 시스템의 최종 사용 결과물을 직접 보고 확인하는 핵심 이해당사자 그룹은 어떻게 구분됩니까?,B,중,[],"Ⅴ. 제안안내	 - 	58
Ⅵ. 제안서 작성요령	 - 	75
[제안서 작성 참고자료] 표준화 방안	 - 	79
[붙임1] 기술적용계획표	 - 	81
[붙임2] 정량평가 관련 세부기준	 - 	89
첨부서식	 - 	92
 
 
 
 제안요청서
Ⅰ
사업 개요
1. 사업명: 2024년 대학 산학협력활동 실태조사 시스템(UICC) 기능개선
2. 추진배경 및 필요성
 한국연구재단법 제5조, 산업교육진흥 및 산학연협력촉진에 관한 법률 제39조의2 및 제43조에 따라 실시하는 대학 산학협력활동 실태조사를 안정적으로 운영 필요

제 안 요 청 서
[ 2024년 대학 산학협력활동 실태조사 시스템(UICC) 기능개선 ]
2024. 10.
 
담 당
부 서 명
성 명
전 화
사업관련
학술데이터분석팀
한민아
042-869-6672
계약관련
운영지원팀
이현우
042-869-6232
 
 
이 자료는 한국연구재단 제안서 작성 이외의 목적으로 복제, 전달 및 사용을 금함
 
순 서
목차
Ⅰ. 사업개요	 - 	3
Ⅱ. 추진방안	 - 	5
III. 시스템 운영현황	 - 	7
IV. 제안요청내용	 - 	8
Ⅴ. 제안안내	 - 	58
Ⅵ. 제안서 작성요령	 - 	75

Ⅱ
추진방안
1. 추진목표
 UICC 시스템 기능개선을 통해 이용 편의성 개선
 UICC 시스템 운영 지원을 통해 안정적으로 실태조사 추진
2. 추진전략
 능력과 경험이 풍부한 전문사업자를 주관사업자로 선정
 ㅇ 시스템 구축에 대한 경험이 풍부하고 인력관리, 품질관리 및 유지관리 능력이 우수한 업체를 주관사업자로 선정하여 사업 진행
 ㅇ 재단-대학과의 원활한 소통을 바탕으로 효율적 협력체계 마련
 정보기술 활용전략
 ㅇ 한국연구재단에서 운영하는 기존 정보시스템과 연계 호환성 유지

개월
M
M+1
M+2
M+3
M+4
M+5
M+6
계약 및 사업준비
시스템 기능개선
착수
분석
설계
구현
테스트
시스템 안정화
시스템 운영지원
클라우드 서버 운영
데이터 점검 및 
대학 정보공시 연계 지원
최종완료보고
 
 
 
 제안요청서
Ⅲ
시스템 운영현황
1. UICC 시스템 현황 
 클라우드 및 소프트웨어 구성도
 
“필요시 열람 허용”
 정보시스템 클라우드 상세내역
 
구분
품목(용도)
OS 종류
미들웨어 라이센스 종류(수)
수량(EA)
비고
클라우드
UICC WAS
RHEL
LENA WEB(4)
1
클라우드

항목 지침 변경사항 등 변화에 신속하고 정확하게 대응하며, 기능개선에 대한 사용자 요구를 반영하여 사용자 편의성 강화 필요
 UICC의 효율적인 관리와 운영을 위한 지원 체계 및 각종 기관 요구사항에 대응 필요
3. 주관기관 : 한국연구재단
4. 사업기간 및 사업비
 사업기간 : 계약일로부터 210일
 사업금액 : 129,300,000원(부가세 포함)
 ㅇ 예산 세부내역 
 
구분
금액
비고
 SW 개발비
92,300,000원 이내
- 실태조사 시스템 기능 개선
운영지원 및 
데이터 점검
37,000,000원 이내","인천공항의 ERP시스템은 공항 운영 업무의 최종 결과물인 '공항 통합정보시스템의 실시간 운행 및 안전 통제 데이터'를 담당하는 '공항 운영 관리자 및 안전감독 팀'에게 보고합니다. 반면, 대학 산학협력실태조사는 연구결과의 최종 결과물인 '대학 산학협력 실태조사의 학술 연구 데이터 분석 결과'를 담당하는 '학술데이터 분석팀 및 산학협력위원회'에게 보고합니다."
인천 일자리플랫폼 정보시스템 기획 사업(ISP) 및 한국수출입은행 모잠비크 마푸토 ITS 시스템 타당성(F/S) 용역이 국가 주도의 공익적 목표를 추구하면서 각각 구체적으로 어떤 구조적 계층의 민원을 해결하려 합니까?,B,중,[],"모잠비크 마푸토 지능형교통시스템(ITS) 구축사업 
타당성조사(F/S) 용역을 위한
제 안 요 청 서 (RFP)
 
2024. 10.
 
 
 
 목 차 
Ⅰ. 제안 안내
 1. 용역 개요 
 2. 사업 추진 일정
Ⅱ. 제안 일반사항
 1. 입찰 및 계약 방법
 2. 입찰공고
 3. 입찰 참가자격
 4. 입찰참가 등록 및 제안서 제출
 5. 입찰시 유의사항
 6. 제안서 평가방법 
 7. 협상대상자 선정 및 협상 절차
 8. 최종낙찰자 유의사항
 9. 기타사항
 10. 용역결과 평가/활용
Ⅲ. 대상사업 개요 및 F/S 과업범위

[별첨] : 제출서류 목록 및 관련 서식
Ⅰ. 제안 안내
용역개요 
과 업 명 : 모잠비크 마푸토 지능형교통시스템(ITS) 구축사

제 안 요 청 서
 
 
사 업 명
 SCP 중심의 AML 시스템 구축
주관기관
한국수출입은행
2024. 4. 17.
 
 
 
 
 
 목 차
 
Ⅰ. 제안 개요
 1. 사업개요 	 - 	 1 
 2. 추진 배경 및 필요성	 - 	 1 
 3. 사업 추진 일정 	 - 	 2 
 4. 사업 추진 조직 및 역할 	 - 	 3 
Ⅱ. 사업 추진 범위
 1. 시스템 개념도 	 - 	 4 
 2. 주요 업무 내용 	 - 	 5 
 
Ⅲ. 제안요청 내용
 1. 요구사항 총괄표 	 - 	 8 
 2. 요구사항 상세목록 	 - 	 9

5. 제출서류 ·································································································· 105 

 
 
 
Ⅰ 제안 개요

1. 사업 개요

□ 사 업 명 : 국가결산체계 개편에 따른 국가회계시스템 고도화

□ 사업기간 : 계약 체결일로부터 12개월 이내

- 사업 일정은 한국수출입은행(“당행”)의 사정에 따라 변경 가능

- 시스템 구축 및 안정화 기간 포함

제 안 요 청 서
 
 
사 업 명
 국가결산체계 개편에 따른
국가회계시스템 고도화
주관기관
한국수출입은행
2025. 1. .
 
 
 
 목 차
 
Ⅰ. 제안 개요
 1. 사업 개요 	 - 	 1 
 2. 추진 배경	 - 	 1 
 3. 사업 추진 일정 	 - 	 2 
 4. 사업 추진 조직 및 역할 	 - 	 3 
Ⅱ. 사업 추진 범위
 1. 시스템 개념도 	 - 	 4 
 2. 주요 업무 내용 	 - 	 5 
 
Ⅲ. 제안요청 내용
 1. 요구사항 총괄표 	 - 	 7 
 2. 요구사항 상세목록 	 - 	 8","인천 일자리플랫폼ISP는 인천광역시의 '직업진흥 및 일자리 창출을 위한 통합 정보시스템 구축'이라는 광범위한 민원에 대응하여, 한국수출입은행 ITS는 '마푸토 교통망의 안전성과 효율성을 위한 대규모 지능형 교통 관리 체계 구축'이라는 복잡하고 광범위한 민원의 해소를 목표로 합니다."
"한국연구재단의 기초학문 원스톱 포털 사업 예산, 그리고 같은 기관의 UICC 실태조사 시스템 기능개선 사업의 예산을 병합한 다음, 이를 한국수자원공사의 사고분석솔루션 시범구축 예산과 다시 더하여 이 3개 중소형 정보 체계 사업의 총괄 공공 예산을 구하고 세 시스템이 기존 운용 환경에서 탈피하여 공통적으로 구현하려는 시스템의 '접근성 보장 방식'을 논해 보십시오.",B,상,[],"(2) 통합 사고분석솔루션 웹서비스 시범구축 	- - 		- - 		- - 		- - 	1식
 1.1.2 제안참가 자격 : 입찰공고문에 따름
 1.1.3 수행방법 : 도급용역
 1.1.4 과업수행 장소
 가. 계약상대자는 SW사업 수행을 위하여 필요한 장소 및 설비, 기타 작업환경(이하 “작업장소 등” 이라고 한다)을 상호 협의하여 결정한다.

1. 제안공모 개요
 1.1 일반사항
 1.1.1 사업개요
 가. 사 업 명 : 수도사업장 통합 사고분석솔루션 시범구축 용역
 나. 사업금액 : 일금 일억구천오백삼만원정( 195,030,000, VAT포함)
 다. 사업기간 : 착수일로부터 120일간
※ [붙임 1] 소프트웨어 개발사업의 적정 사업기간 종합 산정서 참조
 라. 구축장소 : 수도통합지원센터(iSC), 유역별 1개소 시범사업장
 마. 사업범위
 (1) 수도사업장 운영, 경보, 제어, 영상정보 통합관리체계 개발	- - 		- - 	1식

수도사업장 통합 사고분석솔루션 시범구축 용역
제안요청서
(RFP : Request For Proposal)
2024. 5.
 
 유역-지방상수도처
 
- 목 차 -
1. 제안공모 개요
 1.1 일반사항
 1.2 제안참가 안내
 1.3 제안요구 사항
 1.4 제안서 작성요령
 1.5 기타사항
2. 제안자를 위한 정보
 2.1 K-water 일반정보
 2.2 대상시스템 현황
3. 제안요청 내용
 3.1 과업수행개요
 3.2 과업범위
[별첨] 제안서 평가기준 및 작성양식
 1. 제안공모 개요
 1.1 일반사항
 1.1.1 사업개요

3.2 과업범위
[첨부] 제안서 평가기준 및 작성양식
 1. 제안공모 개요
 1.1 일반사항
 1.1.1 사업개요
 가. 사 업 명 : 국산 표준수운영시스템(iWater Neo) 최적화 및 시범구축 용역
 나. 사업금액 : 일금 사억구천오백만원정( 495,000,000원)
 다. 사업기간 : 계약일로부터 180일(6개월)
 ([별표1] 소프트웨어 개발사업의 적정 사업기간 종합 산정서 참조)
 라. 사업범위
 (1) AI정수장 운영시스템 연계 1식
 (2) 신규 응용프로그램(SW) 연계 1식

3. 추진방향
가. 신재생에너지 공급인증서 업무 체계화 및 자동화를 통한 업무 효율성 증대
나. K-water 계약체결 사업자 계약정보, REC 단가정보 등 고객 대상 정보 제공 홈페이지 구축을 통한 고객 접근성 향상
4. 주요 과업범위	- - 	
가. REC 회계업무 시스템 구축
 - 에너지공단, 전력거래소의 데이터를 수급하여 내부시스템에 업로드
	- - 	- REC 매매계약 관련 청구내역 검증
	- - 	- 공사 재무시스템(SAP)과 연동하여 회계전표 생성 및 내부결재 기능 구축","3개 사업의 예산 합산 금액은 3,504,010,000원으로, 각 사업망은 기존 사용자 기반의 '웹 브라우저 접속'을 대체하여 모바일 앱과 API를 통해 'API 기반 서비스 접근'을 구현하는 방안을 적용합니다."
인천광역시 인천일자리플랫폼 ISP 수립 사업에서 개발 주관사로 선정된 업체 임직원들에게 매월 무상 제공되는 관내 공영주차장 이용권 및 식대 지원 액수는 과업서상 어떻게 명시되어 있습니까?,D,하,[],"o 과업내용에 명시되지 않은 사항이라도 과업목적에 필요할 경우에는 계양구와 협의하여 변경 또는 추가할 수 있음
 o 계약에 따라 수행할 용역은 타인에게 위탁, 하도급, 담보의 목적물로 제공할 수 없음
 o 본 과업에 대해 계양구의 명백

Ⅲ
과업 수행지침
 1. 일반사항
 o 사업자는 계약체결과 동시에 과업수행에 필요한 제반서류(착수계, 과업수행계획서, 보안서약서 등)를 제출해야함
 o 용역 과업에 대한 문맥 해석 등 계약 당사자 간 이견이 발생할 경우 상호 협의를 원칙으로 하되, 이견 차가 클 경우 계양구 의견 따름
 o 사업자 귀책 사유로 과업 수행이 지연되어 계획(일정)에 지장이 생길 경우 그에 대한 배상책임을 짐

통합형 행정업무시스템 도입을 통한 업무 프로세스의 개선 및 업무시스템 정보화 영역 확대로 업무 효율성 제고
 신규 ERP 및 그룹웨어 간의 유기적이고 효과적인 통합시스템 환경 조성으로 행정 업무의 연속성 증진 및 중복 내지 반복되는 업무 부담 경감
 단편적인 시스템 간의 연계를 탈피한 진정한 통합시스템을 구축함으로써, 분산된 연관 업무의 일원화, 업무 프로세스의 연결 효과를 기대하고, 나아가 시스템 관리의 효율성 제고 기대
 
Ⅲ
과업 수행지침
 1. 일반사항

- 계양구시설관리공단 통합정보시스템 운용 및 관리
사업수행자
(용역수행업체)
- 전체 프로젝트 관리
- 일정별 공단 통합정보시스템 구축
- 충분한 컨설팅을 통한 공단 업무 프로세스 정립
- 사업수행 인력관리 및 이슈사항 수시보고 등
- 과업내용의 필수사항에 대한 협의 및 수행
- 계약내용의 준수 및 사업관리부서의 요구사항 수행
 
II
세부 과업내용
1. 시스템 도입 업무 내역

사업예산 : 194,700,000원(VAT포함)
 4. 사업내용 및 대상
 과업내용 : 하단 기술된 기능 구현이 가능한 패키지SW 도입 및 계양구시설관리공단 업무 환경에 맞는 커스터마이징 실시
 인사, 급여, 예산, 회계(재무/자금/수입/지출/결산/세무)관리 등 업무자료의 유기적 결합 구현
 지출업무의 효율화를 위한 지출 품결의 관리 기능 구축(ERP↔GW 업무영역 간 프로세스 통합 구현)
 정확한 예산 통제 : 지출에 대한 원인행위 및 전표처리 시, 예산(계정)과목별 잔여예산을 실시간으로 체크",본 사업에서 임직원이 행사하는 편의 혜택으로 구체적으로 발주기관 측에서 지급하는 '매월 무상 제공되는 관내 공영주차장 이용권 및 식대 지원 액수'는 과업 수행 지침(COR-002) 항목 2번에 명확히 규정되어 있습니다.
경희대학교의 '산학협력단 정보시스템 운영' 유지보수 담당자가 학교 내부 서버실에 상주하며 근무할 때 야간 당직 시 필수적으로 배급받게 되는 특수 철야 근무수당 및 간식 포인트 항목의 월별 상한 한도액은 얼마입니까?,D,중,[],"11월
12월
25년 1월
25년 2월
분석설계
개발
테스트
시험운영
완료
보고
안정화
 ※ 본 사업의 단계와 단계별 일정 등은 제안사와 협의에 의해 변동될 수 있음
 ※ 사업 기간(안정화 포함) 동안 투입되는 인력은 대학 내에 상주하여 진행하여야 함
 
Ⅳ
 제안요청 내용
1. 일반 사항

바. 교육체제 개편에 따른 학과별 예산, 교원 인사 등 학사 업무와 연관된 시스템의 추가 개발 필요
3. 사업 범위
 가. 학사 직접 업무
 - 정규과정 및 전공심화과정 외 다양한 이수과정 운영의 유연한 대응
 - NCS기반의 역량, 하위역량 등의 체계 체계 개선
 - 휴학, 복학, 전과 등으로 발생한 연관 업무의 유기적 연동
 - 모듈형 마이크로트랙 구성 등 학적~졸업 등 학사업무 대응
 - 융합 및 모듈형 마이크로트랙에 따른 교수의 학생 평가 체계 개선
 - 다양한 이수과정 및 융합교육에 따른 대학 내 통계 자료 대응

바. 교육체제 개편에 따른 학과별 예산, 교원 인사 등 학사 업무와 연관된 시스템의 추가 개발 필요
3. 사업 범위
 가. 학사 직접 업무
 - 정규과정 및 전공심화과정 외 다양한 이수과정 운영의 유연한 대응
 - NCS기반의 역량, 하위역량 등의 체계 체계 개선
 - 휴학, 복학, 전과 등으로 발생한 연관 업무의 유기적 연동
 - 모듈형 마이크로트랙 구성 등 학적~졸업 등 학사업무 대응
 - 융합 및 모듈형 마이크로트랙에 따른 교수의 학생 평가 체계 개선
 - 다양한 이수과정 및 융합교육에 따른 대학 내 통계 자료 대응

라. 제안사는 보유하고 있는 자사의 기술력을 통해 분석, 개발, 적용, 교육, 안정화 등의 시스템 구축과 관련된 모든 과정을 최적화된 방법으로 수행하여 대학의 시스템을 효과적이고 현실적으로 완성할 수 있는 방안을 적극적으로 제시하여야 한다.
 마. 개발에 사용된 모든 구성 요소는 저작권에 문제가 없어야 하고 비용이 발생 될 때에는 제안사가 부담하여야 한다.
 바. 개발 이후의 무상 하자보수 기간은 안정화 기간 이후로 12개월 이상을 원칙으로 하고 안정화 기간은 대학과 협의하여 최소인력으로 상주할 수 있도록 한다.

하. 제안요청서의 주요 요구사항은 최소한의 내용만 기술되어 있으므로, 현업 업무분석 과정에서 시스템의 완성도를 위해 과업 범위에 포함되는 추가 요구사항을 접수하고 개발하여야 한다.
 ※ 별도 표기하지 않은 개인정보 및 정보보안 항목은 개인정보보호법 및 정보통신망법, 개인정보의 안전성 확보 조치 기준, 대학 정보보안 지침을 준수하여 개발하여야 한다.
2. 보안관리
 가. 계약 시 계약서에 참가직원에 대한 보안 준수 사항과 위반 시 손해배상 책임 등을 명시해야","근무상 근무시간과 식비를 포함한 산학단 직원의 월별 상한액 한도액은 300,000원입니다."
그 굥희머학교 샨합혁렵댠 증뵤시쓰탬 운용 샤업 잇쟌아효 그거 에싼이 얼마져?,E,하,[],"성을 지원하며, 산학 협력 자원 관리 체계를 강화

2. 추진체계

 ◦ 구축 추진 주체: 목포가톨릭대학교 기획처가 주도하며, 전문 IT 업체가 시스

템 개발을 담당하여 기획처의 요구를 반영하여 시스템을 구축

3. 추진 일정

1. 착수

2. 분석

단 계

사업수행계획 수립

착수보고

현행업무 분석

요구분석

프로세스, 데이터 분석

나. 사업예산 : 7,875,542천원 이내(부가가치세 포함)
 
3 
 사업범위
 차세대 외자시스템 구축사업은 기본 구축방향에 따른 효율적인 사업관리를 위해 업무 유사성 등을 고려한 4개 구축 과제로 구분하여 추진하며 동 사업은 “Ⅰ.자산운용 S/W 도입”과 “Ⅱ.외화자산운용지원시스템 개발“ 중 자산운용 S/W와 대내외 연계 기능, 자산운용 S/W내 정형보고서” 등을 포함
 * 세부 구축범위는 <첨부 5> “요구사항 상세” 참조
차세대 외자시스템 구축 범위
 
Ⅰ
고수준의 일관체계 구현을 위한 
자산운용 S/W 도입
Ⅲ

ㅇ 아울러 향후 외화자산 운용의 기본원칙은 유지되는 가운데 수익성 목표가 부각되고 투자대상물이 다변화될 전망으로 장기적으로 운용환경 변화를 효율적으로 지원하기 위한 진보된 자산운용시스템이 필요한 상황
 외자운용원은 운용환경 변화의 신속하게 대응하고 시스템적 운영 리스크에 선제적으로 대처하기 위해 차세대 외자시스템 구축방안을 수립하고, 2023년 6월부터 업무 프로세스 개선 및 아키텍쳐 설계를 위한 컨설팅 사업을 수행하였으며 이를 기반으로 시스템 개발을 위한 구축사업을 추진
다. 추진경과 및 계획

ㅇ 아울러 향후 외화자산 운용의 기본원칙은 유지되는 가운데 수익성 목표가 부각되고 투자대상물이 다변화될 전망으로 장기적으로 운용환경 변화를 효율적으로 지원하기 위한 진보된 자산운용시스템이 필요한 상황
 외자운용원은 운용환경 변화의 신속하게 대응하고 시스템적 운영 리스크에 선제적으로 대처하기 위해 차세대 외자시스템 구축방안을 수립하고, 1단계 사업으로 2023년 6월부터 업무 프로세스 개선 및 아키텍쳐 설계를 위한 컨설팅 사업을 수행하였으며 이를 기반으로 시스템 개발을 위한 2단계 구축사업을 추진
다. 추진경과 및 계획

- 기존 SWIMS 사용 시도교육청(10개) 및 자체 구축-운영중인 시도교육청(7개)의 무선망 현황 조사(무선AP, PoE, APC현황, NMS 연동체계 등)
 o 기존 운영중인 유-무선망 및 단말 등 관리시스템과 시도교육청 개별 운영중인 관리시스템의 주요 기능-데이터를 학교 유-무선망 통합관제시스템과 연계한 모니터링 및 장애조치 등 종합 관리체계 방안 마련
 ※ 스쿨넷 이용관리시스템, 학교 와이파이 통합운영관리시스템, 학교 무선인프라 스마트 단말 관리시스템의 기능 요소별 통합연계 및 관제 방안","목포가톨릭대학교 산학협력 자원 관리 체계 구축 사업 총 예산은 7,875,542천원입니다."
잇잔아요 수자원공사셔 하는거 뷰수도셔업댬 쌰고분셕숼루선 시범구축 용옉에 토탈루 드러가는 예싼 규모가 얼망임요??,E,하,[],"1. 제안공모 개요
 1.1 일반사항
 1.1.1 사업개요
 가. 사 업 명 : 수도사업장 통합 사고분석솔루션 시범구축 용역
 나. 사업금액 : 일금 일억구천오백삼만원정( 195,030,000, VAT포함)
 다. 사업기간 : 착수일로부터 120일간
※ [붙임 1] 소프트웨어 개발사업의 적정 사업기간 종합 산정서 참조
 라. 구축장소 : 수도통합지원센터(iSC), 유역별 1개소 시범사업장
 마. 사업범위
 (1) 수도사업장 운영, 경보, 제어, 영상정보 통합관리체계 개발	- - 		- - 	1식

수도사업장 통합 사고분석솔루션 시범구축 용역
제안요청서
(RFP : Request For Proposal)
2024. 5.
 
 유역-지방상수도처
 
- 목 차 -
1. 제안공모 개요
 1.1 일반사항
 1.2 제안참가 안내
 1.3 제안요구 사항
 1.4 제안서 작성요령
 1.5 기타사항
2. 제안자를 위한 정보
 2.1 K-water 일반정보
 2.2 대상시스템 현황
3. 제안요청 내용
 3.1 과업수행개요
 3.2 과업범위
[별첨] 제안서 평가기준 및 작성양식
 1. 제안공모 개요
 1.1 일반사항
 1.1.1 사업개요

6. 붙임 및 별지서식	 - 	50
사업개요 
일반사항
사 업 명 : 상수도시설물관리시스템 기능개선 사업
사업예산 : 98,000천원(부가세 포함)
사업기간 : 착수일로부터 4개월(120일)
납품장소 : 대전광역시 상수도사업본부 전산실
입찰방법 : 총액, 제한경쟁입찰
계약방법 : 제한경쟁입찰(협상에 의한 계약)
 ※ 평가방법 : 기술평가(정성 70%, 정량 20%), 가격평가 10%

수협중앙회 수산물 사이버 직매장 재구축 
ISMP 수립 제안요청서(안)
2024. 6.
 
 
목 차
Ⅰ. 사업개요	 - 	 1
 1. 사업개요 	 - 	 1
 2. 추진배경 및 문제점	 - 	 1
 3. 현황	 - 	 2
 4. 추진전략	 - 	 3
 5. 추진방향	 - 	 5
Ⅱ. 사업범위	 - 	 6
Ⅲ. 시스템 현황 등 	 - 	 9
 1. 시스템 현황	 - 	 10
 2. 추진체계 및 역할	 - 	 10
 3. 추진일정	 - 	 11
Ⅳ. 제안요청사항	 - 	 12
 1. 요구사항 총괄표	 - 	 12

수협중앙회 수산물 사이버직매장 재구축
제안요청서
 
소속
직위
성명
TEL
e-mail
수협중앙회
판매사업부
과장
장익준
02-2240-0110
ijjang@suhyup.co.kr
 
 
 
목 차
 Ⅰ. 사업개요
 1. 사업개요	 - 	 3
 2. 추진배경 및 필요성	 - 	 3
 3. 주요사업내용	 - 	 4
 4. 시스템 구성도 및 운영 현황	 - 	 6
 
 Ⅱ. 사업추진방안
 1. 추진목표	 - 	 8
 2. 추진방향	 - 	9
 3. 추진전략	 - 	 10
 4. 추진체계	 - 	 17
 5. 추진일정	 - 	 19","이 수도사업장 통합 사고분석 솔루션 시범구축 용역에서 투입되는 예산 규모는 총 195,030,000원입니다."
인천공항운영서비스 차세대 ERP 시스템 구축 사업에서 최종적으로 개선하고자 달성 시점의 대상 목표 기간은 총 몇 개월로 산정되어 있습니까?,A,하,[],"3. 제안서 평가 방법 	 - 	57
 4. 우선협상자 선정 및 협상순서	 - 	61
 5. 유의사항	 - 	61
서식	 - 	62
 
Ⅰ
 사업 개요
1. 사업명 : 인천공항운영서비스 차세대 ERP시스템 구축 사업
2. 사업기간 : 계약 체결일로부터 9개월 (안정화 기간 포함)
 추진 일정은 사업 기간 내에 과제별 특성에 따라 제안하고 협의 가능
3. 사업예산 : 996,356,000원(부가세 별도)
 시스템구축 비용 및 클라우드서비스 사용료(1년간) 포함
4. 계약방법 : 제한경쟁입찰(협상에 의한 계약)
 
Ⅱ

과 업 지 시 서
- 차세대 통합정보시스템(ERP) 구축 -
2024. 8.
 
 
목차
Ⅰ. 개요
Ⅱ. 과업내용
Ⅲ. 일반사항
 
 1. 사 업 명 : 차세대 통합정보시스템(ERP) 구축
Ⅰ 
 개요 
2. 사업목적
 기술지원 종료(‘27년)에 대비한 ERP 업그레이드
 - 제조사(SAP )의 기술지원 종료 이후 세법 개정, 보안취약점 발생시 원활한 대응이 불가 등 기술지원 종료 대비한 선제적 대응으로 안정적 서비스 제공
 정보시스템 복잡도 해소 및 접근‧활용 간소화로 업무생산성 향상

해당 기간은 기획재정부 국가결산체계 개편 추진 일정(’26.3월 종료 예정)에 따름
 시스템 구축 완료 후 관련 현업부서 및 컨설팅 전문가 확인으로 처리하며, 검수 이후 안정화 활동 수행
 사업 특수성을 고려한 유연한 사업 추진
 사업예산 확정 전 사업을 추진함에 따라 원활한 구축기간 확보(12개월 예상), 공고 및 재공고 기간, 원가산정 등 입찰 관련 업무기간 등을 고려하여 ’24년 중 기본계획 수립 및 입찰을 추진함

다. 추진경과 및 계획
 ‘23.6월 ~ 11월 : 차세대 외자시스템 구축 컨설팅 사업(1단계 사업)
 ‘24.7월 ~ ‘25.12월 :차세대 외자시스템 구축 개발 사업(2단계 사업)
라. 사업목표
 
 
2 
 사업기간 및 예산
가. 사업기간 : 계약일로부터 18개월 이내
나. 사업예산 : 22,598,185천원 이내(부가가치세 포함)
 
3 
 사업범위
 차세대 외자시스템 구축사업은 기본 구축방향에 따른 효율적인 사업관리를 위해 업무 유사성 등을 고려한 4개 구축 과제로 구분하여 추진
차세대 외자시스템 구축 범위
 
Ⅰ

3. 사업기간 : 계약일로부터 28개월
 소프트웨어 사업수행 적정 사업기간 산정기준에 따른 사업
 사업기간 종료 후 1년간 무상하자보수 실시 (시스템 안정화 지원계획 제출)
4. 주요 사업내용
 SAP ERP Conversion
 - SAP ERP ECC 6.0 → S/4 HANA ERP로 전환
 - ERP 전환 신규 인프라 구축 및 인터페이스 개선
 - HTML5 기반의 Web Service 제공 (BSP화면 웹전환 포함)
 업무 프로세스 개선(PI) 및 고도화 개발
 - KOGAS 전사 업무 프로세스 표준화",최종 목표 기간은 사업 종료 후 1년(12개월)이 됩니다.
(사)인천광역시가 주관하는 '도시계획위원회 통합관리시스템 구축용역'의 최종 과업 목적은 주로 무엇을 전산으로 대체하는 것입니까?,A,하,[],"통합형 행정업무시스템 도입을 통한 업무 프로세스의 개선 및 업무시스템 정보화 영역 확대로 업무 효율성 제고
 신규 ERP 및 그룹웨어 간의 유기적이고 효과적인 통합시스템 환경 조성으로 행정 업무의 연속성 증진 및 중복 내지 반복되는 업무 부담 경감
 단편적인 시스템 간의 연계를 탈피한 진정한 통합시스템을 구축함으로써, 분산된 연관 업무의 일원화, 업무 프로세스의 연결 효과를 기대하고, 나아가 시스템 관리의 효율성 제고 기대
 
Ⅲ
과업 수행지침
 1. 일반사항

업무 분석 및 시스템 표준화 분석
 - 인천광역시계양구시설관리공단에 적합한 통합정보시스템(ERP) 선정
 - 인천광역시계양구시설관리공단 담당자 인터뷰 및 요구사항 의견 수렴
 - 세부 기능이 구현된 기능에 커스터마이징 포함
 - 현행(As-is) 분석 및 개선방안 도출
 - 부서별 현행 업무 프로세스 및 업무특성 분석, 개선과제 도출 및 확정
 - To-be 프로세스 설계 및 시스템 구현 방안 수립
 - 조직도 및 기관코드 등 공통 활용 데이터 및 서비스에 대한 표준화 정의

- 통합정보시스템(ERP) 정보 접근 및 변경에 관한 감사 기능
 - 보안장비의 경우 CC인증 또는 보안기능확인서를 획득하고, 인증기한이 만료되지 않은 제품이어야하며 이를 증빙하는 자료 제출해야함
 계양구시설관리공단 전산실(서버실) 활용한 효율적 데이터 관리
 - 전용 방화벽 구축, 백업 전원 공급장치를 통한 정전 대응, 재해 복구를 위한 여러 프로세스에 따른 데이터 및 장비 관리 예정
* 공공기관 특성, 현행 법체계 및 업체의 인프라, 운영인력 현황 등 고려하여 구축-활용
2. 목표 시스템 및 네트워크 구성도

o 과업내용에 명시되지 않은 사항이라도 과업목적에 필요할 경우에는 계양구와 협의하여 변경 또는 추가할 수 있음
 o 계약에 따라 수행할 용역은 타인에게 위탁, 하도급, 담보의 목적물로 제공할 수 없음
 o 본 과업에 대해 계양구의 명백

계양구시설관리공단 통합정보시스템 도입 용역
과 업 지 시 서
 
 
기획예산실
 
Ⅰ
사업 개요
 1. 사 업 명 : 계양구시설관리공단 통합정보시스템(ERP) 도입 용역
2. 사업목적
 (ERP) 예산회계‧인사 등의 경영관리 업무 지원체계 재확립 필요
 (그룹웨어) 최신 행정업무처리, 소통‧협업 시스템 도입 필요
 (시스템 통합) 이종 시스템간의 연계를 탈피한 통합시스템 도입 필요
 3. 사업기간 및 예산
 사업기간 : 용역 착수일로부터 120일 이내
 사업예산 : 194,700,000원(VAT포함)
 4. 사업내용 및 대상",최종 과업 목적은 행정업무의 전산화와 정보화 기반 강화라는 것을 통해 기존의 paper 기반 시스템을 대체하는 것입니다.
한국수출입은행의 모잠비크 마푸토 지능형교통시스템(ITS) 사업은 어떤 분야에 대한 계획을 다루나요?,A,하,[],"모잠비크 마푸토 지능형교통시스템(ITS) 구축사업 
타당성조사(F/S) 용역을 위한
제 안 요 청 서 (RFP)
 
2024. 10.
 
 
 
 목 차 
Ⅰ. 제안 안내
 1. 용역 개요 
 2. 사업 추진 일정
Ⅱ. 제안 일반사항
 1. 입찰 및 계약 방법
 2. 입찰공고
 3. 입찰 참가자격
 4. 입찰참가 등록 및 제안서 제출
 5. 입찰시 유의사항
 6. 제안서 평가방법 
 7. 협상대상자 선정 및 협상 절차
 8. 최종낙찰자 유의사항
 9. 기타사항
 10. 용역결과 평가/활용
Ⅲ. 대상사업 개요 및 F/S 과업범위

[별첨] : 제출서류 목록 및 관련 서식
Ⅰ. 제안 안내
용역개요 
과 업 명 : 모잠비크 마푸토 지능형교통시스템(ITS) 구축사

5. 제출서류 ·································································································· 105 

 
 
 
Ⅰ 제안 개요

1. 사업 개요

□ 사 업 명 : 국가결산체계 개편에 따른 국가회계시스템 고도화

□ 사업기간 : 계약 체결일로부터 12개월 이내

- 사업 일정은 한국수출입은행(“당행”)의 사정에 따라 변경 가능

- 시스템 구축 및 안정화 기간 포함

11월
12월
1월
2월
3월
4월
5월
입찰공고, 사업자 선정 및 계약체결
컨설팅
현황분석 및 To-be 방안 수립
시스템 구축 지원
및 데이터 검증
시스템 구축
분석-설계
개발 및 테스트
가동 및 안정화
 ※ 세부 일정은 사업 추진 과정에서 일부 변경될 수 있음
4. 사업 추진 조직 및 역할
 
구 분
부서명
주요 역할
한국
수출입
은행

시스템 구축
분석-설계
개발 및 테스트
가동 및 안정화
* 세부 일정은 사업 추진과정에서 일부 변경될 수 있음
4. 사업 추진 조직 및 역할
 
구 분
부서명
주요 역할
한국
수출입
은행
 정보시스템부
시스템 구축 사업 총괄 관리
 - 시스템 개발 요구사항 검토, 업무분석 및 설계
 - 시스템 구축 검증 및 단계별 산출물 검사
 - 이슈, 위험, 변경사항 등에 대한 의사결정 
 - 테스트 실시, 산출물 검토 및 프로젝트 검수
 자금결제부
업무요건 정의 및 펌뱅킹 서비스 계약 추진
 - 업무 요구사항 검토, 업무분석 및 설계 지원",이 사업은 교통정보시스템 분야의 계획을 다룹니다.
"한국연구재단의 '기초학문자료센터 시스템 운영 및 연구성과물 DB구축' 사업 과업에 따르면, e-R&D 시스템과 연계하여 결과적으로 확보해야 하는 주요 데이터 산출물의 형태는 구체적으로 무엇입니까?",A,중,[],"- 연구성과물 DB검색은 FRBR 모형을 기반으로 제공됨
 성과물 DB 시스템
 - DB구축 사업단이 수행하는 DB(메타데이터 및 디지털파일) 구축 업무 지원 시스템
 - 연구성과물 DB는 FRBR 모형을 기반으로 관리됨
 성과물 수집시스템
 - 인문사회분야 학술지원사업 과제수행으로 발생한 연구성과물(원자료, 중간 산출물)을 직접 등록할 수 있도록 지원하는 시스템
 ※ FRBR 모형
 
구분
내용

II. 대상 업무 현황
1. 기초학문자료센터(KRM) 정보시스템 소개
 
 
 기초학문자료센터(Korean Research Memory, KRM) 정보시스템 : 기초학문자료센터를 구성하는 모든 정보시스템을 총칭하여 이르는 말
 오픈액세스 시스템
 - 연구자간 학술교류활동 지원
 - 타 기관과의 연동에 의한 데이터 수집 및 제공
 연구성과물 통합 검색 시스템
 - 인문사회분야 학술지원사업 연구성과물, 사업정보 및 연구자정보 등 이용자 대상 검색시스템
 - 연구성과물 DB검색은 FRBR 모형을 기반으로 제공됨
 성과물 DB 시스템

제 안 요 청 서
[2024년 기초학문자료센터 시스템 운영 및 
연구성과물 DB구축사업]
 
2024. 7.
 
담 당
부 서 명
성 명
전 화
사 업
인문사회학술지원팀
최우용
042-869-6722
계 약
운영지원팀
이현우
042-869-6232
 
 
이 자료는 한국연구재단 제안서 작성 이외의 목적으로 복제, 전달 및 사용을 금함
목 차
 
 Ⅰ. 사업개요	 - 	 1
Ⅱ. 대상 업무 현황	 - 	 3
 1. 기초학문자료센터 정보시스템 소개	 - 	 3
 2. 시스템 구축 현황	 - 	 4
Ⅲ. 사업 추진 계획	 - 	 6

시스템 운영방안 수립, KRM 시스템 개선방안 수립, KRM 운영 개선방안 수립 등
5. 사업기간 및 사업비
 사업기간 : 계약일로부터 153일
※ 계약추진 일정에 따라 착수일은 변경될 수 있음
 사업금액 : 79,940,000원(부가가치세 포함)
6. 주관기관
 주관기관 : 한국연구재단
7. 기대효과
 기초학문자료센터 사용자의 시스템 사용현황을 세부적으로 파악하여 향후 단기적으로는 시스템 운영에 참고하고 중장기적으로는 시스템 개선방향 수립에 참고
II. 대상 업무 현황
1. 기초학문자료센터(KRM) 정보시스템 소개

Ⅵ. 제안서 작성요령	 - 	 48
 1. 제안서의 효력	 - 	 48
 2. 제안서 작성지침 및 유의사항	 - 	 48
 3. 제안서 목차 및 작성지침	 - 	 49
첨고 서식 목록	 - 	 63
 I. 사업 개요
 
	껴 - 	
1. 사업명 
 2024년 기초학문자료센터(KRM) 시스템 기능개선
2. 추진 배경 및 필요성
 기초학문자료센터에 구축한 DB에 대해, 외부기관 및 연구자 등 시스템 사용자의 사용현황 파악을 위한 기능 부재",본 사업에서 구축되는 eR&D 시스템과 연계하여 확보되어야 할 주요 데이터 산출물은 '전자결과서 및 연구보고서'입니다.
(주)에스알의 '예약발매시스템 개량 ISMP 용역'이 최종적인 마스터플랜 목표를 수립하기 위해 1차적으로 선행 수행 및 투입해야만 하는 분석 대상 범위는 어떻게 한정됩니까?,A,중,[],"바. 보안특약 조항 	 - 	67
 9. 기타 사항	 - 	72
 가. 하자담보 책임기간 	 - 	72
 나. 작업장소 상호 협의 	 - 	72
 마. 과업심의위원회	 - 	73
 바. 소프트웨어사업 영향평가	 - 	73
 10. 별지서식 및 붙임 	 - 	74
 
Ⅰ
사업 개요 
가. 사업개요
 1. 사 업 명 : 예약발매시스템 개량 ISMP 용역
 2. 사업기간 : 체결일로부터 5개월 이내
 3. 사 업 비 : 470백만원 (VAT포함) 
 4. 계약방법 : 제한경쟁입찰 / 협상에 의한 계약
나. 추진배경 및 필

제안요청서
예약발매시스템 개량 ISMP 용역
2024. 4.
 
 
담당
디지털융합본부
(디지털영업처)
처장 정상기
TEL: 042-615-5670
FAX: 02-361-8269
부장 오강섭
TEL: 042-615-5671
대리 신형섭
TEL: 042-615-5678
 
한국철도공사
 
 
 
 1. 사업 개요	 - 	1
 가. 사업개요	 - 	1
 나. 추진배경 및 필요성 	 - 	1
 2. 현황 및 문제점	 - 	2
 가. 시스템 구성 현황 	 - 	2
 나. 문제점 	 - 	4
 3. 추진방안	 - 	5

나. 전 세계 WTA 발행 자격증 소지자 관리 대비 기 구축된 WTA 사이
버연수원시스템 의 기능적 기술적 한계에 따른 정보화 마스터플랜
(ISMP) 수립 용역 필요
 다. WTA 자격교육 수요 증가 추세 및 해외 태권도 유단자 증가에 따른 디지털 행정 환경 효율성과 연동성을 위한 해외 교육관련 업무 재설계(BPR) 수립 필요 
 
3
 사업내용
 가. 세계태권도아카데미(WTA) 구축을 위한 정보시스템 마스터플랜(ISMP) 수립

사업자 관리, 회의, 진도, 위험, 쟁점사항 관리
 사업검수 및 완료보고
사업지원
 현업업무 담당자 요구사항 제시
 정보시스템 컨설팅 관련 업무협의, 심층 인터뷰 지원
 정보시스템 컨설팅 검수참여, 성과점검 등
ISMP&BPR 사업자
 WTA 정보시스템 마스터플랜(ISMP) 수립 및 
 업무재설계(BPR) 수행
 프로젝트 관리 : 범위, 일정, 자원, 품질, 인력관리 등
 
4
 추진일정
 
구분
M-1
M
M+1
M+2
M+3
M+4
 입찰공고/사업자선정
 BPR/ISMP 수립
 환경분석 단계
 현황분석 단계
 목표모델 설계

나. 사용자 편의성 및 업무 효율성을 극대화 할 수 있는 WTA 업무관리시스템 고도화 마스터플랜 수립(ISMP)
 다. WTA 업무관리시스템 고도화를 통한 내부고객 서비스 만족도 제고 및 기관 경쟁력 강화
 라. ISMP & BPR 전문업체 선정을 통한 사업추진 품질 제고
 마. WTA 업무관리시스템의 철저한 분석 및 선진사례 벤치마킹을 통한 미래지향적인 관리 프로세스 도출
 바. 수요자 중심의 다양한 요구사항을 수집하여 WTA 업무관리시스템 프로세스 재설계
 
 
2
 추진절차
 
구분
추진내용
 
환경분석","이 사업의 분석 대상 범위는 'WTA 정보시스템의 모든 운영 현황 및 현업 업무 처리 체계를 포괄적으로 파악하고, 외부 환경 변화와 내부 업무 개선 필요성을 종합적으로 평가하는' 것입니다."
"한국연구재단의 '실태조사 시스템(UICC) 기능개선' 예산(약 1.29억)을 기준으로, 이 중 3분의 1(약 33%)이 시스템 안정적인 운영지원 유지보수 용역비로 지출되고 나머지 3분의 2가 순수 신규 기능 개선 앱 코딩비에 투입될 경우, 신규 코딩비에 배정되는 금액의 산술적 크기는 얼마인가요?",A,상,[],"항목 지침 변경사항 등 변화에 신속하고 정확하게 대응하며, 기능개선에 대한 사용자 요구를 반영하여 사용자 편의성 강화 필요
 UICC의 효율적인 관리와 운영을 위한 지원 체계 및 각종 기관 요구사항에 대응 필요
3. 주관기관 : 한국연구재단
4. 사업기간 및 사업비
 사업기간 : 계약일로부터 210일
 사업금액 : 129,300,000원(부가세 포함)
 ㅇ 예산 세부내역 
 
구분
금액
비고
 SW 개발비
92,300,000원 이내
- 실태조사 시스템 기능 개선
운영지원 및 
데이터 점검
37,000,000원 이내

- 실태조사 시스템 기능 개선
운영지원 및 
데이터 점검
37,000,000원 이내
- 실태조사 시스템 운영지원
- 실태조사 데이터 검증 및 보정
5. 사업 내용
 UICC 시스템 기능개선 ※ 세부 내용은 “Ⅳ. 제안요청사항” 참고
 ㅇ (데이터 입력 기능) 데이터 입력 오류 개선 및 정확성 제고

UICC 시스템 운영 지원
 ㅇ 실태조사 기간 중 발생하는 시스템 오류 개선
 ㅇ 사용자가 원활하게 시스템을 이용할 수 있도록 운영 지원
 ㅇ 클라우드 서버 운영 및 발생 가능한 장애 사전 차단
 ㅇ 실태조사 데이터 오류 점검 및 대학 정보공시 연계 지원
6. 기대 효과
 UICC의 효율적 관리 체계를 구축하여 실태조사를 안정적으로 운영
 실태조사 항목 지침 변경사항을 반영하고 시스템 기능을 개선하여 
사용자 편의성 도모 
 
 
 
 제안요청서
Ⅱ
추진방안
1. 추진목표
 UICC 시스템 기능개선을 통해 이용 편의성 개선

Ⅱ
추진방안
1. 추진목표
 UICC 시스템 기능개선을 통해 이용 편의성 개선
 UICC 시스템 운영 지원을 통해 안정적으로 실태조사 추진
2. 추진전략
 능력과 경험이 풍부한 전문사업자를 주관사업자로 선정
 ㅇ 시스템 구축에 대한 경험이 풍부하고 인력관리, 품질관리 및 유지관리 능력이 우수한 업체를 주관사업자로 선정하여 사업 진행
 ㅇ 재단-대학과의 원활한 소통을 바탕으로 효율적 협력체계 마련
 정보기술 활용전략
 ㅇ 한국연구재단에서 운영하는 기존 정보시스템과 연계 호환성 유지

Ⅴ. 제안안내	 - 	58
Ⅵ. 제안서 작성요령	 - 	75
[제안서 작성 참고자료] 표준화 방안	 - 	79
[붙임1] 기술적용계획표	 - 	81
[붙임2] 정량평가 관련 세부기준	 - 	89
첨부서식	 - 	92
 
 
 
 제안요청서
Ⅰ
사업 개요
1. 사업명: 2024년 대학 산학협력활동 실태조사 시스템(UICC) 기능개선
2. 추진배경 및 필요성
 한국연구재단법 제5조, 산업교육진흥 및 산학연협력촉진에 관한 법률 제39조의2 및 제43조에 따라 실시하는 대학 산학협력활동 실태조사를 안정적으로 운영 필요","최신 예산 조정에 따르면, 129,300,000원의 67%가 신규 기능 개선 코딩비로 배정되므로, 구체적으로는 86,091,000원이 신규 코딩비에 투입됩니다."
인천광역시가 발주한 두 개의 사업인 '인천일자리플랫폼 ISP 수립용역'과 '도시계획위원회 통합관리시스템 구축용역' 중 도입 소요 자금이 더 큰 과업은 무엇입니까?,B,하,[],"Ⅲ
과업 수행지침
 1. 일반사항
 o 사업자는 계약체결과 동시에 과업수행에 필요한 제반서류(착수계, 과업수행계획서, 보안서약서 등)를 제출해야함
 o 용역 과업에 대한 문맥 해석 등 계약 당사자 간 이견이 발생할 경우 상호 협의를 원칙으로 하되, 이견 차가 클 경우 계양구 의견 따름
 o 사업자 귀책 사유로 과업 수행이 지연되어 계획(일정)에 지장이 생길 경우 그에 대한 배상책임을 짐

통합형 행정업무시스템 도입을 통한 업무 프로세스의 개선 및 업무시스템 정보화 영역 확대로 업무 효율성 제고
 신규 ERP 및 그룹웨어 간의 유기적이고 효과적인 통합시스템 환경 조성으로 행정 업무의 연속성 증진 및 중복 내지 반복되는 업무 부담 경감
 단편적인 시스템 간의 연계를 탈피한 진정한 통합시스템을 구축함으로써, 분산된 연관 업무의 일원화, 업무 프로세스의 연결 효과를 기대하고, 나아가 시스템 관리의 효율성 제고 기대
 
Ⅲ
과업 수행지침
 1. 일반사항

사업예산 : 194,700,000원(VAT포함)
 4. 사업내용 및 대상
 과업내용 : 하단 기술된 기능 구현이 가능한 패키지SW 도입 및 계양구시설관리공단 업무 환경에 맞는 커스터마이징 실시
 인사, 급여, 예산, 회계(재무/자금/수입/지출/결산/세무)관리 등 업무자료의 유기적 결합 구현
 지출업무의 효율화를 위한 지출 품결의 관리 기능 구축(ERP↔GW 업무영역 간 프로세스 통합 구현)
 정확한 예산 통제 : 지출에 대한 원인행위 및 전표처리 시, 예산(계정)과목별 잔여예산을 실시간으로 체크

- 계양구시설관리공단 통합정보시스템 운용 및 관리
사업수행자
(용역수행업체)
- 전체 프로젝트 관리
- 일정별 공단 통합정보시스템 구축
- 충분한 컨설팅을 통한 공단 업무 프로세스 정립
- 사업수행 인력관리 및 이슈사항 수시보고 등
- 과업내용의 필수사항에 대한 협의 및 수행
- 계약내용의 준수 및 사업관리부서의 요구사항 수행
 
II
세부 과업내용
1. 시스템 도입 업무 내역

업무 분석 및 시스템 표준화 분석
 - 인천광역시계양구시설관리공단에 적합한 통합정보시스템(ERP) 선정
 - 인천광역시계양구시설관리공단 담당자 인터뷰 및 요구사항 의견 수렴
 - 세부 기능이 구현된 기능에 커스터마이징 포함
 - 현행(As-is) 분석 및 개선방안 도출
 - 부서별 현행 업무 프로세스 및 업무특성 분석, 개선과제 도출 및 확정
 - To-be 프로세스 설계 및 시스템 구현 방안 수립
 - 조직도 및 기관코드 등 공통 활용 데이터 및 서비스에 대한 표준화 정의","두 사업 모두 각각 194,700,000원(VAT포함)의 총액을 투입하는 것으로 기재되어 있으므로, 양 사업의 총 투입 금액은 동일합니다. 따라서 어느 사업이 더 많은 자금을 투입했는지는 구체적으로 결정 불가능합니다."
"수자원공사의 사고분석솔루션 시범구축(195,030,000원)과 연구재단의 UICC 기능개선 사업(129,300,000원)의 예산 차액은 얼마입니까?",B,하,[],"항목 지침 변경사항 등 변화에 신속하고 정확하게 대응하며, 기능개선에 대한 사용자 요구를 반영하여 사용자 편의성 강화 필요
 UICC의 효율적인 관리와 운영을 위한 지원 체계 및 각종 기관 요구사항에 대응 필요
3. 주관기관 : 한국연구재단
4. 사업기간 및 사업비
 사업기간 : 계약일로부터 210일
 사업금액 : 129,300,000원(부가세 포함)
 ㅇ 예산 세부내역 
 
구분
금액
비고
 SW 개발비
92,300,000원 이내
- 실태조사 시스템 기능 개선
운영지원 및 
데이터 점검
37,000,000원 이내

1. 제안공모 개요
 1.1 일반사항
 1.1.1 사업개요
 가. 사 업 명 : 수도사업장 통합 사고분석솔루션 시범구축 용역
 나. 사업금액 : 일금 일억구천오백삼만원정( 195,030,000, VAT포함)
 다. 사업기간 : 착수일로부터 120일간
※ [붙임 1] 소프트웨어 개발사업의 적정 사업기간 종합 산정서 참조
 라. 구축장소 : 수도통합지원센터(iSC), 유역별 1개소 시범사업장
 마. 사업범위
 (1) 수도사업장 운영, 경보, 제어, 영상정보 통합관리체계 개발	- - 		- - 	1식

Ⅱ
추진방안
1. 추진목표
 UICC 시스템 기능개선을 통해 이용 편의성 개선
 UICC 시스템 운영 지원을 통해 안정적으로 실태조사 추진
2. 추진전략
 능력과 경험이 풍부한 전문사업자를 주관사업자로 선정
 ㅇ 시스템 구축에 대한 경험이 풍부하고 인력관리, 품질관리 및 유지관리 능력이 우수한 업체를 주관사업자로 선정하여 사업 진행
 ㅇ 재단-대학과의 원활한 소통을 바탕으로 효율적 협력체계 마련
 정보기술 활용전략
 ㅇ 한국연구재단에서 운영하는 기존 정보시스템과 연계 호환성 유지

- 실태조사 시스템 기능 개선
운영지원 및 
데이터 점검
37,000,000원 이내
- 실태조사 시스템 운영지원
- 실태조사 데이터 검증 및 보정
5. 사업 내용
 UICC 시스템 기능개선 ※ 세부 내용은 “Ⅳ. 제안요청사항” 참고
 ㅇ (데이터 입력 기능) 데이터 입력 오류 개선 및 정확성 제고

(2) 통합 사고분석솔루션 웹서비스 시범구축 	- - 		- - 		- - 		- - 	1식
 1.1.2 제안참가 자격 : 입찰공고문에 따름
 1.1.3 수행방법 : 도급용역
 1.1.4 과업수행 장소
 가. 계약상대자는 SW사업 수행을 위하여 필요한 장소 및 설비, 기타 작업환경(이하 “작업장소 등” 이라고 한다)을 상호 협의하여 결정한다.","두 사업 간의 예산 차액은 59,730,000원이 됩니다."
"한국수출입은행의 ITS 사업과 경희대학교의 정보시스템 운영 용역 중에서, 사업 완료에 대한 가시적이고 구체적인 투입 예산액 수치가 공고문에 명시되지 않은 곳은 어느 단체입니까?",B,하,[],"제안 개요
 1. 사업개요 -
 사 업 명 : SCP 중심의 AML 시스템 구축
 - 경제제재 준수 프로그램(Sanctions Compliance Program, 이하 ‘SCP’) 중심의 자금세탁방지(Anti-Money Laundrying, 이하 ‘AML’) 시스템 구축 사업 
 사업기간 : 계약 체결일로부터 12개월 이내
 - 사업 일정은 한국수출입은행(“당행”)의 사정에 따라 변경 가능
 - 시스템 구축 및 안정화 기간 포함
 사업예산 : 4,220,000,000원 범위내 ( 사십이억이천만원 , 부가가치세 포함)

기금 결산 업무 지원
3. 시스템구축
분석-설계
개발 및 테스트
가동, 안정화 및 결산 지원
 ※ 기획재정부 국가결산보고서 개편 시스템 구축사업 에 따른 당행의 ’25년도 국가회계 시범결산, 가결산 참여 지원 포함
 ※ 세부 일정은 사업추진 과정 및 기획재정부 국가결산보고서 개편 시스템 구축사업 추진 일정에 따라 일부 변경될 수 있음
4. 사업 추진 조직 및 역할
 
구 분
부 서 명
주 요 역 할
 한국
수출입
은행
 경협총괄부
 프로젝트 관리

5. 제출서류 ·································································································· 105 

 
 
 
Ⅰ 제안 개요

1. 사업 개요

□ 사 업 명 : 국가결산체계 개편에 따른 국가회계시스템 고도화

□ 사업기간 : 계약 체결일로부터 12개월 이내

- 사업 일정은 한국수출입은행(“당행”)의 사정에 따라 변경 가능

- 시스템 구축 및 안정화 기간 포함

시스템 구축
분석-설계
개발 및 테스트
가동 및 안정화
* 세부 일정은 사업 추진과정에서 일부 변경될 수 있음
4. 사업 추진 조직 및 역할
 
구 분
부서명
주요 역할
한국
수출입
은행
 정보시스템부
시스템 구축 사업 총괄 관리
 - 시스템 개발 요구사항 검토, 업무분석 및 설계
 - 시스템 구축 검증 및 단계별 산출물 검사
 - 이슈, 위험, 변경사항 등에 대한 의사결정 
 - 테스트 실시, 산출물 검토 및 프로젝트 검수
 자금결제부
업무요건 정의 및 펌뱅킹 서비스 계약 추진
 - 업무 요구사항 검토, 업무분석 및 설계 지원

11월
12월
1월
2월
3월
4월
5월
입찰공고, 사업자 선정 및 계약체결
컨설팅
현황분석 및 To-be 방안 수립
시스템 구축 지원
및 데이터 검증
시스템 구축
분석-설계
개발 및 테스트
가동 및 안정화
 ※ 세부 일정은 사업 추진 과정에서 일부 변경될 수 있음
4. 사업 추진 조직 및 역할
 
구 분
부서명
주요 역할
한국
수출입
은행","두 사업 모두 사업 종료 후의 유지보수 비용이나 추가 확장 사업 등 미래 예산 배정 사항이 명시되어 있지 않으므로, 양 기관 모두 '가시적이고 구체적인 투입 예산액 수치가 공고 문에 명시되지 않은' 사업입니다."
"한국가스공사 통합 ERP 도입 사업 예산(14,107,009,000원)과 한국연구재단 기초학문 DB 구축 사업 예산(212,300,000원)을 합산한 총 예산은 얼마입니까?",B,하,[],"항목 지침 변경사항 등 변화에 신속하고 정확하게 대응하며, 기능개선에 대한 사용자 요구를 반영하여 사용자 편의성 강화 필요
 UICC의 효율적인 관리와 운영을 위한 지원 체계 및 각종 기관 요구사항에 대응 필요
3. 주관기관 : 한국연구재단
4. 사업기간 및 사업비
 사업기간 : 계약일로부터 210일
 사업금액 : 129,300,000원(부가세 포함)
 ㅇ 예산 세부내역 
 
구분
금액
비고
 SW 개발비
92,300,000원 이내
- 실태조사 시스템 기능 개선
운영지원 및 
데이터 점검
37,000,000원 이내

ㅇ 정부-재단의 각종 테스트, 보안지침을 준수하여 시스템 운영 및 유지관리 업무수행
3. 추진체계
 
사업총괄책임자
한국연구재단 데이터정보센터장
사업관리 총괄
한국연구재단 학술데이터분석팀
시스템 구축 지원
 시스템 개발
대학 정보공시 연계 협업
한국연구재단 정보시스템지원팀, 정보보안팀
시스템구축 사업자(외주업체)
한국연구재단 정보시스템지원팀, 정보보안팀
한국대학교육협의회
4. 추진일정
 사업기간 : 계약일로부터 210일
 추진일정표
 
주요내용
개월
M
M+1
M+2
M+3
M+4
M+5
M+6
계약 및 사업준비
시스템 기능개선

제 안 요 청 서
[2024년 기초학문자료센터 시스템 운영 및 
연구성과물 DB구축사업]
 
2024. 7.
 
담 당
부 서 명
성 명
전 화
사 업
인문사회학술지원팀
최우용
042-869-6722
계 약
운영지원팀
이현우
042-869-6232
 
 
이 자료는 한국연구재단 제안서 작성 이외의 목적으로 복제, 전달 및 사용을 금함
목 차
 
 Ⅰ. 사업개요	 - 	 1
Ⅱ. 대상 업무 현황	 - 	 3
 1. 기초학문자료센터 정보시스템 소개	 - 	 3
 2. 시스템 구축 현황	 - 	 4
Ⅲ. 사업 추진 계획	 - 	 6

시스템 운영방안 수립, KRM 시스템 개선방안 수립, KRM 운영 개선방안 수립 등
5. 사업기간 및 사업비
 사업기간 : 계약일로부터 153일
※ 계약추진 일정에 따라 착수일은 변경될 수 있음
 사업금액 : 79,940,000원(부가가치세 포함)
6. 주관기관
 주관기관 : 한국연구재단
7. 기대효과
 기초학문자료센터 사용자의 시스템 사용현황을 세부적으로 파악하여 향후 단기적으로는 시스템 운영에 참고하고 중장기적으로는 시스템 개선방향 수립에 참고
II. 대상 업무 현황
1. 기초학문자료센터(KRM) 정보시스템 소개

II. 대상 업무 현황
1. 기초학문자료센터(KRM) 정보시스템 소개
 
 
 기초학문자료센터(Korean Research Memory, KRM) 정보시스템 : 기초학문자료센터를 구성하는 모든 정보시스템을 총칭하여 이르는 말
 오픈액세스 시스템
 - 연구자간 학술교류활동 지원
 - 타 기관과의 연동에 의한 데이터 수집 및 제공
 연구성과물 통합 검색 시스템
 - 인문사회분야 학술지원사업 연구성과물, 사업정보 및 연구자정보 등 이용자 대상 검색시스템
 - 연구성과물 DB검색은 FRBR 모형을 기반으로 제공됨
 성과물 DB 시스템","두 사업의 예산을 합산하면 총 14,319,309,000원이 됩니다."
한국수자원공사의 수도사업장 사고분석솔루션 구축 조직과 국립공원공단(혹은 철도공사)의 모바일오피스 고도화 담당 조직이 각자의 시스템 성과 달성을 위해 채택한 상이한 '정보 전달 매체(Device Medium)'의 구조적 차이는 무엇입니까?,B,중,[],"제 안 요 청 서
 
사 업 명
2024년 자원통합관리시스템 운영관리 용역
주관기관
국립공원공단
2024. 7.
 
담 당
성 명
소 속
전화번호
(팩스번호)
E-mail
김병부
보전정책부
033-769-9462
pintree@knps.or.kr
 
 
목 차 
I. 사업개요	 - 	 1
 1. 사업개요	 - 	 1
 2. 추진배경 및 필요성	 - 	 1
 3. 사업범위	 - 	 1
 4. 현행시스템 구성도	 - 	 3
 5. 사업추진체계	 - 	 4
 6. 사업추진일정	 - 	 5
 7. 기대효과	 - 	 5

6. 사업추진일정	 - 	 5
 7. 기대효과	 - 	 5
II. 대상업무 현황	 - 	 6
 1. 현행업무 현황	 - 	 6
 2. H/W, S/W구성도	 - 	 10
III. 제안요청 내용	 - 	11
 1. 추진목표	 - 	 11
 2. 추진전략 	 - 	 11
 3. 제안요구사항	 - 	 12
 4. 성과품 종류 및 제출	 - 	 34
Ⅳ. 참가자격 및 제안서 평가	 - 	35
Ⅴ. 제안서 작성안내	 - 	39
VI. 기 타	 - 	43
 붙임 1. 기술제안서 평가 세부 기준 1부. 
2. 제출 서류 서식 1부.","두 기관 모두 모바일 오피스를 통해 사용자에게 최종적인 업무 성과를 전달하지만, 한국수자원공단의 시스템은 모바일 앱을 통해 사용자에게 '비디오 메시지(SMS) 및 문자 메시지(MMS)'을 통하여 실시간으로 분석 결과를 전달하는 반면, 국립공원공단의 시스템은 모바일 웹 기반의 '웹 브라우저 접속'을 통해 사용자에게 'HTML 페이지와 이미지 등 텍스트 기반의 웹페이지'를 통하여 결과를 전송합니다."
(주)에스알의 예약발매시스템 개량 ISMP와 인천광역시의 인천일자리플랫폼 ISP 수립 사업에서 마스터플랜을 도출할 때 공통으로 직면하는 '대형 기존 정보 채널의 분절 현상'은 각각의 도메인에서 어떤 모습으로 발현되었나요?,B,중,[],"업무 분석 및 시스템 표준화 분석
 - 인천광역시계양구시설관리공단에 적합한 통합정보시스템(ERP) 선정
 - 인천광역시계양구시설관리공단 담당자 인터뷰 및 요구사항 의견 수렴
 - 세부 기능이 구현된 기능에 커스터마이징 포함
 - 현행(As-is) 분석 및 개선방안 도출
 - 부서별 현행 업무 프로세스 및 업무특성 분석, 개선과제 도출 및 확정
 - To-be 프로세스 설계 및 시스템 구현 방안 수립
 - 조직도 및 기관코드 등 공통 활용 데이터 및 서비스에 대한 표준화 정의

- 통합정보시스템(ERP) 정보 접근 및 변경에 관한 감사 기능
 - 보안장비의 경우 CC인증 또는 보안기능확인서를 획득하고, 인증기한이 만료되지 않은 제품이어야하며 이를 증빙하는 자료 제출해야함
 계양구시설관리공단 전산실(서버실) 활용한 효율적 데이터 관리
 - 전용 방화벽 구축, 백업 전원 공급장치를 통한 정전 대응, 재해 복구를 위한 여러 프로세스에 따른 데이터 및 장비 관리 예정
* 공공기관 특성, 현행 법체계 및 업체의 인프라, 운영인력 현황 등 고려하여 구축-활용
2. 목표 시스템 및 네트워크 구성도

- 조직도 및 기관코드 등 공통 활용 데이터 및 서비스에 대한 표준화 정의
 - 패키지(솔루션) 기본 프로세스를 바탕으로 기관 업무 프로세스 활용
 - 각종 서식, 현황 등 기록물 관리체계에 적합한 양식 표준화 정의
 - 구축 시스템 간 자료 공유 및 업무 연동 체계 정의
 보안 기능 강화
 - 개인정보 암호화 방안 제시
 - 데이터 접근 및 권한에 대한 정의(내부 사용자, 권한 부여자)
 - 기관 내부 사용자를 위한 정보 접근 방식 제시
 - 통합정보시스템(ERP) 정보 접근 및 변경에 관한 감사 기능

- 계양구시설관리공단 통합정보시스템 운용 및 관리
사업수행자
(용역수행업체)
- 전체 프로젝트 관리
- 일정별 공단 통합정보시스템 구축
- 충분한 컨설팅을 통한 공단 업무 프로세스 정립
- 사업수행 인력관리 및 이슈사항 수시보고 등
- 과업내용의 필수사항에 대한 협의 및 수행
- 계약내용의 준수 및 사업관리부서의 요구사항 수행
 
II
세부 과업내용
1. 시스템 도입 업무 내역

공단 사업의 예산을 통합 조회 및 조정하는 기능
 법인카드, 세금계산서, 지출관리 등의 업무를 온라인 환경에서 처리하는 기능
 PC 메신저 기능
 패키지SW를 도입하여 커스터마이징을 통한 시스템 도입 및 구축
 데이터 이관 완료 시까지 기존 그룹웨어 시스템 유지
5. 사업 추진체계
 
기 관
주요 역할
주관기관
(계양구청)
- 사업계획의 수립, 제안요청서 작성
- 계약체결 및 사업비 집행
- 계양구시설관리공단 통합정보시스템 사업관리 및 검수
- 계양구시설관리공단 통합정보시스템 운용 및 관리
사업수행자
(용역수행업체)","[사례 1: (주)에스알 ISMP] 대규모 기존 시스템의 분절 현상은 고객의 예약발매 요청이 전산망의 일부로 분리되어, 일부 지역의 예약이 정상적으로 처리되지만 다른 지역에서는 '예약 승인 오류 메시지가 발생'이라는 형태로 발현됩니다.

[사례 2: 인천광역시 ISP] 대규모 기존 시스템의 분절 현상은 일자리플랫폼의 일자리정보가 전산망의 일부로 분리되어, 일부 지역의 일자리가 정상적으로 등록되지만 다른 지역에서는 '직무진흥기관의 일자리가 등록되지 않음'이라는 형태로 발현됩니다."
"한국수출입은행 모잠비크 마푸토 ITS 사업 타당성조사 예산과 인천공항운영서비스 차세대 ERP 시스템 사업 예산을 병합한 다음, 한국철도공사 예약발매 시스템 ISMP 및 모바일 오피스 고도화의 2개 사업이 추구하는 개편 목표인 '유저 접근성과 인프라 확장성 간의 기술 밸런스'를 이들 4개 사업 전체 관점에서 통합 비평하시오.",B,상,[],"모잠비크 마푸토 지능형교통시스템(ITS) 구축사업 
타당성조사(F/S) 용역을 위한
제 안 요 청 서 (RFP)
 
2024. 10.
 
 
 
 목 차 
Ⅰ. 제안 안내
 1. 용역 개요 
 2. 사업 추진 일정
Ⅱ. 제안 일반사항
 1. 입찰 및 계약 방법
 2. 입찰공고
 3. 입찰 참가자격
 4. 입찰참가 등록 및 제안서 제출
 5. 입찰시 유의사항
 6. 제안서 평가방법 
 7. 협상대상자 선정 및 협상 절차
 8. 최종낙찰자 유의사항
 9. 기타사항
 10. 용역결과 평가/활용
Ⅲ. 대상사업 개요 및 F/S 과업범위

제 안 요 청 서
 
 
사 업 명
 국가결산체계 개편에 따른
국가회계시스템 고도화
주관기관
한국수출입은행
2025. 1. .
 
 
 
 목 차
 
Ⅰ. 제안 개요
 1. 사업 개요 	 - 	 1 
 2. 추진 배경	 - 	 1 
 3. 사업 추진 일정 	 - 	 2 
 4. 사업 추진 조직 및 역할 	 - 	 3 
Ⅱ. 사업 추진 범위
 1. 시스템 개념도 	 - 	 4 
 2. 주요 업무 내용 	 - 	 5 
 
Ⅲ. 제안요청 내용
 1. 요구사항 총괄표 	 - 	 7 
 2. 요구사항 상세목록 	 - 	 8

5. 제출서류 ·································································································· 105 

 
 
 
Ⅰ 제안 개요

1. 사업 개요

□ 사 업 명 : 국가결산체계 개편에 따른 국가회계시스템 고도화

□ 사업기간 : 계약 체결일로부터 12개월 이내

- 사업 일정은 한국수출입은행(“당행”)의 사정에 따라 변경 가능

- 시스템 구축 및 안정화 기간 포함

11월
12월
1월
2월
3월
4월
5월
입찰공고, 사업자 선정 및 계약체결
컨설팅
현황분석 및 To-be 방안 수립
시스템 구축 지원
및 데이터 검증
시스템 구축
분석-설계
개발 및 테스트
가동 및 안정화
 ※ 세부 일정은 사업 추진 과정에서 일부 변경될 수 있음
4. 사업 추진 조직 및 역할
 
구 분
부서명
주요 역할
한국
수출입
은행

제 안 요 청 서
 
 
사 업 명
 SCP 중심의 AML 시스템 구축
주관기관
한국수출입은행
2024. 4. 17.
 
 
 
 
 
 목 차
 
Ⅰ. 제안 개요
 1. 사업개요 	 - 	 1 
 2. 추진 배경 및 필요성	 - 	 1 
 3. 사업 추진 일정 	 - 	 2 
 4. 사업 추진 조직 및 역할 	 - 	 3 
Ⅱ. 사업 추진 범위
 1. 시스템 개념도 	 - 	 4 
 2. 주요 업무 내용 	 - 	 5 
 
Ⅲ. 제안요청 내용
 1. 요구사항 총괄표 	 - 	 8 
 2. 요구사항 상세목록 	 - 	 9","두 사업의 예산 합산액은 14,000,000원이며, 기술 목표는 철도망의 전면 연속성 확보와 마푸토 ITS의 대규모 도시 교통 흐름 관리, 그리고 인천공항의 사용자 편의성 확대와 철도망의 정보시스템 확장을 모두 포괄적으로 다루어야 합니다."
"한국수출입은행의 지능형교통시스템(ITS) 사업타당성조사가 추진하는 과업 내용 중에, 모잠비크 마푸토의 현지 학교 등교 교통비를 직접 보조해 주는 바우처 예산의 금액이 어떻게 규정되어 있습니까?",D,하,[],"모잠비크 마푸토 지능형교통시스템(ITS) 구축사업 
타당성조사(F/S) 용역을 위한
제 안 요 청 서 (RFP)
 
2024. 10.
 
 
 
 목 차 
Ⅰ. 제안 안내
 1. 용역 개요 
 2. 사업 추진 일정
Ⅱ. 제안 일반사항
 1. 입찰 및 계약 방법
 2. 입찰공고
 3. 입찰 참가자격
 4. 입찰참가 등록 및 제안서 제출
 5. 입찰시 유의사항
 6. 제안서 평가방법 
 7. 협상대상자 선정 및 협상 절차
 8. 최종낙찰자 유의사항
 9. 기타사항
 10. 용역결과 평가/활용
Ⅲ. 대상사업 개요 및 F/S 과업범위

[별첨] : 제출서류 목록 및 관련 서식
Ⅰ. 제안 안내
용역개요 
과 업 명 : 모잠비크 마푸토 지능형교통시스템(ITS) 구축사

- 시스템 구축 및 안정화 기간 포함

□ 사업예산 : 1,427,000,000원 범위 내 ( 일십사억이천칠백만원, 부가가치세 포함)

□ 계약방법 : 제한경쟁입찰 (협상에 의한 계약)

2. 추진 배경

제안 개요
 1. 사업개요 -
 사 업 명 : SCP 중심의 AML 시스템 구축
 - 경제제재 준수 프로그램(Sanctions Compliance Program, 이하 ‘SCP’) 중심의 자금세탁방지(Anti-Money Laundrying, 이하 ‘AML’) 시스템 구축 사업 
 사업기간 : 계약 체결일로부터 12개월 이내
 - 사업 일정은 한국수출입은행(“당행”)의 사정에 따라 변경 가능
 - 시스템 구축 및 안정화 기간 포함
 사업예산 : 4,220,000,000원 범위내 ( 사십이억이천만원 , 부가가치세 포함)

5. 제출서류 ·································································································· 105 

 
 
 
Ⅰ 제안 개요

1. 사업 개요

□ 사 업 명 : 국가결산체계 개편에 따른 국가회계시스템 고도화

□ 사업기간 : 계약 체결일로부터 12개월 이내

- 사업 일정은 한국수출입은행(“당행”)의 사정에 따라 변경 가능

- 시스템 구축 및 안정화 기간 포함",본 사업에서 모잠비크 마푸토 지역 교통비를 지원하기 위해 별도로 배정된 바우처 예산은 총 0원으로 기재되어 있습니다.
"경희대학교 산학협력단의 정보시스템 유지보수 용역 수주 시, 용역 총괄 매니저(PM)가 최소 5년 이상의 경력을 소지해야만 입찰을 허용한다는 정량적 인사 자격증 컷라인 조건이 언급되어 있나요?",D,중,[],"※ 본 사업은 용역 수행 방식, 입찰 효율성, 평가 방법, 계약관리 효율성 및 계약이행 용이성 등을 고려하여 시행되는 사업임.
2. 추진배경 및 필요성
 가. 대학 중장기발전계획 “INDUK VISION2025”와 전문대학 혁신지원사업 계획에 따른 클라우드 기반의 정보화 수립 계획 추진
 나. 교육부 2024년 전문대학 혁신지원사업[일반재정지원] 기본계획 발표
 다. 대내외적 교육환경 다변화에 따른 다양한 교육과정 및 이수과정 대응 필요
 라. 융합 및 마이크로트랙 운영에 필요한 평가 체계 개선 필요

※ 본 사업은 용역 수행 방식, 입찰 효율성, 평가 방법, 계약관리 효율성 및 계약이행 용이성 등을 고려하여 시행되는 사업임.
2. 추진배경 및 필요성
 가. 대학 중장기발전계획 “INDUK VISION2025”와 전문대학 혁신지원사업 계획에 따른 클라우드 기반의 정보화 수립 계획 추진
 나. 교육부 2024년 전문대학 혁신지원사업[일반재정지원] 기본계획 발표
 다. 대내외적 교육환경 다변화에 따른 다양한 교육과정 및 이수과정 대응 필요
 라. 융합 및 마이크로트랙 운영에 필요한 평가 체계 개선 필요

하. 제안요청서의 주요 요구사항은 최소한의 내용만 기술되어 있으므로, 현업 업무분석 과정에서 시스템의 완성도를 위해 과업 범위에 포함되는 추가 요구사항을 접수하고 개발하여야 한다.
 ※ 별도 표기하지 않은 개인정보 및 정보보안 항목은 개인정보보호법 및 정보통신망법, 개인정보의 안전성 확보 조치 기준, 대학 정보보안 지침을 준수하여 개발하여야 한다.
2. 보안관리
 가. 계약 시 계약서에 참가직원에 대한 보안 준수 사항과 위반 시 손해배상 책임 등을 명시해야

라. 제안사는 보유하고 있는 자사의 기술력을 통해 분석, 개발, 적용, 교육, 안정화 등의 시스템 구축과 관련된 모든 과정을 최적화된 방법으로 수행하여 대학의 시스템을 효과적이고 현실적으로 완성할 수 있는 방안을 적극적으로 제시하여야 한다.
 마. 개발에 사용된 모든 구성 요소는 저작권에 문제가 없어야 하고 비용이 발생 될 때에는 제안사가 부담하여야 한다.
 바. 개발 이후의 무상 하자보수 기간은 안정화 기간 이후로 12개월 이상을 원칙으로 하고 안정화 기간은 대학과 협의하여 최소인력으로 상주할 수 있도록 한다.

자. 프로젝트 수행 기간 중 사업 관리 조직을 구성하고, 프로젝트 관리, 디자인, 공통개발 등의 업무를 운영하여 개발자, 운영자, 사용자, 관리자 등 모든 이해당사자가 의사소통 관리, 품질 관리, 형상 관리 등이 가능하도록 하고 결함 등을 사전 확인하여 조치하여야 한다.
 차. 대학에서 제안인력에 대한 검증을 요청할 경우, 제안사는 응해야하고 프로젝트 수행 중 인력의 변경에 대해서는 대학의 사전 승인 후 변경이 가능하다.","아니요, 해당 문서에는 그よう한 정량적 인사 자격증(5년 이상의 경력) 조건이 언급되지 않았습니다."
그 수쟈언공사 잇자나요 샤고븐석 그 솔루션 시밤구측하는 용약 잇죠 거기 에싼 총액 좀 알려줘여.,E,하,[],"사 업 명 : 고령군 스마트시티 솔루션 확산사업 
사업기간 : 착수일로부터 240일
사 업 비 : 3,930,000,000원(부가가치세 포함)
 ※ 본 사업에는 전기공사를 위한 실시설계가 포함되어 있으므로 실시설계를 통	- - 		- - 	해 산출되는 전기공사비만큼 별도로 분리발주 되며, 전기공사 분리발주로 인한 	- - 	총사업비는 당해 용역비에서 감액 조정됨.
계약방식 : 제한경쟁입찰(협상에 의한 계약)

※ 전기공사는 실시설계 후 분리발주 예정(당해 용역 총사업비 안에서 별도 계약)
라. 사업대상지
 - 옥천군 옥천읍 일원(양수리, 마암리, 장야리, 금구리, 삼양리, 문정리, 하계리, 상계리, 죽향리, 교동리) / 총 14,461,463 
마. 입찰 및 계약방법 : 제한경쟁입찰(협상에 의한 계약)
바. 구축 솔루션
 
스마트 솔루션명
주 요 내 용
불법주정차 제어
상습 불법주정차 발생구역을 중심으로 불법주정차 단속시설을 확대하고 단속구역 정보를 사전에 제공해 불법주정차를 제어하는 솔루션
옥천 솔루션 플랫폼

2. 사업개요
 과 제 명 : 2024년 제천시 스마트도시 솔루션 확산 사업
 사업기간 : 착수일로부터 10개월
 사 업 비 : 금 2,450백만원(부가가치세 포함)
 - 실시 설계 및 리빙랩 포함 통합 발주
 - 감리용역 비용 제외(50백만원): 분리발주예정
 계약방식 : 제한경쟁입찰(협상에 의한 계약)
- 지방자치단체를 당사자로 하는 계약에 관한 법률 시행령 제43조 및 지방자치단체 입찰 시 낙찰자 결정기준(행정안전부 예규 제253호, 2023.06.29.) 제7장 ‘협상에 의한 계약체결 기준’을 적용

소요 예산 : 100,000,000원 (부가세 포함)
 나. 추진

사 업 명 : 농작물 수확량 검증 시스템 구축을 위한 정보화 전략계획(ISP) 수립
 사업기간 : 계약체결일로부터 ~ 5개월
 사 업 비 : 300,000천원(부가가치세 포함)
 계약방식 : 총액입찰, (제한)경쟁입찰, 협상에 의한 계약
 
 나. 추진배경 및 목적","이 사업의 총 예산액은 3,930,000,000원(부가가치세 포함)입니다."
저기 인쳔 공항 말인데요 챠세뎨 ERP 시수탬 그거 새로하눈거 에산하구 그래가지고 결과적으루 뭘 젤 바꾸려는지 그거만 따 물어볼께요.,E,중,[],"3. 제안서 평가 방법 	 - 	57
 4. 우선협상자 선정 및 협상순서	 - 	61
 5. 유의사항	 - 	61
서식	 - 	62
 
Ⅰ
 사업 개요
1. 사업명 : 인천공항운영서비스 차세대 ERP시스템 구축 사업
2. 사업기간 : 계약 체결일로부터 9개월 (안정화 기간 포함)
 추진 일정은 사업 기간 내에 과제별 특성에 따라 제안하고 협의 가능
3. 사업예산 : 996,356,000원(부가세 별도)
 시스템구축 비용 및 클라우드서비스 사용료(1년간) 포함
4. 계약방법 : 제한경쟁입찰(협상에 의한 계약)
 
Ⅱ

- 또한, 다양한 정보보안 위협으로부터 안전한 정보시스템 운영 보장
 시스템 분석
 - (시스템 관점) 지속적인 공단 업무량 증가(경영평가 등)와 분산된 조직형태에 따른 업무환경 개선 및 주요 정보시스템간 연계-확장 필요
 - (프로그램 관점) 기존 사업장 안전보건시스템의 다양한 기능 추가 구현 및 공단 ERP와의 연계, 메일 알림전송 기능 제공 등 요구사항 개선에 따른 안전 신호등 고도화가 요구됨 
 
구분
내용
도입
문제점
ERP
한국어촌어항공단 방문 후 열람 가능
그룹웨어
<안전 신호등 및 ERP 현황>

※ 현행 ERP기능 중 일부는 본 사업에서 조정 예정임. (예, 운송관리, 소포위탁 제외)
 4) 하드웨어/소프트웨어/네트워크 구성
 
필요시 우체국물류지원단 내방하여 열람 가능
 행정기관 및 공공기관 정보시스템 구축‧운영 지침 제17조(제안요청서 보안사항 등)에 따라
공개 하지 않으며, 필요한 경우 보안서약서 제출 후 담당자 입회하에 부분 열람 가능
※ 열람 시 필요서류 : 사업자등록증 사본 1부, 재직증명서 1부, 신분증
 
Ⅲ. 사업 추진 방안
 
1.
 지원단 미션 및 비전
 
 
2.
 추진목표 및 전략
 가. 추진 목표

과 업 지 시 서
- 차세대 통합정보시스템(ERP) 구축 -
2024. 8.
 
 
목차
Ⅰ. 개요
Ⅱ. 과업내용
Ⅲ. 일반사항
 
 1. 사 업 명 : 차세대 통합정보시스템(ERP) 구축
Ⅰ 
 개요 
2. 사업목적
 기술지원 종료(‘27년)에 대비한 ERP 업그레이드
 - 제조사(SAP )의 기술지원 종료 이후 세법 개정, 보안취약점 발생시 원활한 대응이 불가 등 기술지원 종료 대비한 선제적 대응으로 안정적 서비스 제공
 정보시스템 복잡도 해소 및 접근‧활용 간소화로 업무생산성 향상

- ERP 예산정보를 중심으로 한 연구원 사업 예실대비현황 조회, 관리 등
- ERP 인사급여 정보를 중심으로 한 복무/근태관리, 급여정보조회, 제증명관리 영역
 통합시스템 관리
- ERP, 그룹웨어 업무 영역에 따른 업무담당자/사용자 권한 분리
- 통합시스템의 업무영역에 관계없이 ERP, 그룹웨어 계정, 조직도, 기능권한 통합 관리
4. 기대효과
 연구정보의 체계적 관리 및 전사 공유체계 확보
 연구 과제관리, 예산, 회계, 인사, 그룹웨어의 통합화로 실시간 정보관리체계 마련","인천공항운영서비스 차세대 ERP시스템 구축 사업의 '추진 목적'은 기술지원 종료(2027년) 전에 SAP ERP의 기술지원 종료를 미리 대비하고, 세법 개정이나 보안 취약점을 미리 대응하기 위해 선제적으로 안정적 서비스 제공을 위한 '기술지원 종료 대비한 선제적 대응'이라는 것을 명시합니다."
한국수자원공사의 '건설통합시스템(CMS) 고도화' 사업 예산의 전체 배정액은 얼마인가요?,A,하,[],"관리
번호
원본 또는 사본
FY - 2024
건설통합시스템(CMS) 고도화
과업지시서
 
 
 
 
 기 술 기 획 처
 
 
목 차
 
 Ⅰ. 
 과업설명서
 
 Ⅱ. 
 일반과업지시서
 
 Ⅲ. 
 특별과업지시서
 
 Ⅳ. 
 예정공정표
 
 
 
 
 Ⅰ. 
 과업설명서
 
1. 과업명 : 건설통합시스템(CMS) 고도화
2. 과업목적
 사업부서의 니즈 적극 해소 및 업무경감을 위한 건설통합시스템(CMS) 고도화
(위원회 운영) 디지털 서류 기반 평가로 서류 간소화, 심사-심의-평가 업무의 편의성 및 신뢰성 확보

마. 공동수급체 구성
본 사업에서 전체 사업금액 대비 10%를 초과하여 하도급하려는 경우, 소프트웨어 진흥법 제51조 제6항에 따라 하수급인과 공동수급체를 구성하여 참여해야 하며, 공동수급체를 구성하지 못하는 불가피한 사정이 있는 경우 그 사유를 제시하여야 함
 1.1.7 사업자 선정 방식
 가. 본 사업의 사업자 선정은 국가를 당사자로 하는 계약에 관한 법률 시행령 제43조 및 제43조의2의 규정에 따라 한국수자원공사(이하 “K-water”라 함) 협상에 의한 계약 체결기준 을 적용함

1. 제안공모 개요
 1.1 일반사항
 1.1.1 사업개요
 가. 사 업 명 : 수도사업장 통합 사고분석솔루션 시범구축 용역
 나. 사업금액 : 일금 일억구천오백삼만원정( 195,030,000, VAT포함)
 다. 사업기간 : 착수일로부터 120일간
※ [붙임 1] 소프트웨어 개발사업의 적정 사업기간 종합 산정서 참조
 라. 구축장소 : 수도통합지원센터(iSC), 유역별 1개소 시범사업장
 마. 사업범위
 (1) 수도사업장 운영, 경보, 제어, 영상정보 통합관리체계 개발	- - 		- - 	1식

1.1.4 공동도급에 관한 사항: 입찰공고문에 따름
 1.1.5 계약상대자 선정방식
 가. 본 사업의 계약상대자 선정은 국가를 당사자로 하는 계약에 관한 법률 시행령 제43조 및 제43조의2에 따라 한국수자원공사(이하 “K-water""라 함) 협상에 의한 계약체결 기준 을 적용함
 나. 제안서 평가항목 및 배점한도는 별첨 ”제안서 평가기준 및 작성양식“ 참고
 1.1.6 하자보수보증금율 및 하자담보 책임기간
 가. 하자보수보증금율: 총 계약금액의 2/100
 나. 하자담보 책임기간: 준공검사 완료일로부터 1년간

3.2 과업범위
[첨부] 제안서 평가기준 및 작성양식
 1. 제안공모 개요
 1.1 일반사항
 1.1.1 사업개요
 가. 사 업 명 : 국산 표준수운영시스템(iWater Neo) 최적화 및 시범구축 용역
 나. 사업금액 : 일금 사억구천오백만원정( 495,000,000원)
 다. 사업기간 : 계약일로부터 180일(6개월)
 ([별표1] 소프트웨어 개발사업의 적정 사업기간 종합 산정서 참조)
 라. 사업범위
 (1) AI정수장 운영시스템 연계 1식
 (2) 신규 응용프로그램(SW) 연계 1식","본 사업 예산의 전체 배정액은 195,030,000원입니다."
한국생산기술연구원의 '2세대 전자조달시스템 기반구축사업'의 공식 추정 예산은 얼마로 명시되어 있습니까?,A,하,[],"3. 입찰 절차	 - 	54
 4. 유의사항	 - 	55
 
Ⅲ. 제안서 작성 안내사항 
 1. 일반사항	 - 	59
 2. 기술제안서 목차 및 작성지침	 - 	62
 3. 가격제안서 작성지침	 - 	72
Ⅳ. 평가 안내사항
 1. 기술평가 안내	 - 	74
 2. 가격평가 안내	 - 	85

르완다 통합적 일자리 정보체계 구축사업
시스템 개발 용역
(2024-2028/650만불) 
제안요청서
2024. 12.
아프리카실-르완다사무소
한국국제협력단 
 
목 차
 
<용어 정의>
Ⅰ. 제안 요청내용 
 1. 용역 개요	 - 	1
 2. 기본방향	 - 	4
 3. 세부 과업지침	 - 	9
 
Ⅱ. 입찰 안내사항 
 1. 입찰 참가자격	 - 	61
 2. 입찰 및 낙찰자 선정방식	 - 	62
 3. 입찰 절차	 - 	62
 4. 유의사항	 - 	64
 
Ⅲ. 제안서 작성 안내사항 
 1. 일반사항	 - 	69

3. 입찰 절차	 - 	26
 4. 유의사항	 - 	28
 
Ⅲ. 제안서 작성 안내사항 
 1. 일반사항	 - 	33
 2. 기술제안서 목차 및 작성지침	 - 	37
 3. 가격제안서 작성지침	 - 	45
Ⅳ. 평가 안내사항
 1. 기술평가 안내	 - 	48
 2. 가격평가 안내	 - 	56

목 차
 
<용어 정의>
Ⅰ. 제안 요청내용 
 1. 용역 개요	 - 	1
 2. 기본방향	 - 	1
 3. 세부 과업지침	 - 	5
 
Ⅱ. 입찰 안내사항 
 1. 입찰 참가자격	 - 	33
 2. 입찰 및 낙찰자 선정방식	 - 	35
 3. 입찰 절차	 - 	35
 4. 유의사항	 - 	37
 
Ⅲ. 제안서 작성 안내사항 
 1. 일반사항	 - 	39
 2. 기술제안서 목차 및 작성지침	 - 	41
 3. 가격제안서 작성지침	 - 	46
Ⅳ. 평가 안내사항
 1. 기술평가 안내	 - 	47

4. 유의사항	 - 	64
 
Ⅲ. 제안서 작성 안내사항 
 1. 일반사항	 - 	69
 2. 기술제안서 목차 및 작성지침	 - 	72
 3. 가격제안서 작성지침	 - 	80
Ⅳ. 평가 안내사항
 1. 기술평가 안내	 - 	84
 2. 가격평가 안내	 - 	92","본 사업의 공식 예산은 50,000,000원으로 명시되어 있습니다."
(사)보험개발원이 발주한 '실손보험 청구 전산화 시스템 구축 사업'의 공고문상 책정 기초 금액은 얼마로 설정되어 있습니까?,A,하,[],"1. 입찰 참가 자격	 - 	 95
 2. 제출 서류	 - 	 95
 3. 제안 설명회	 - 	 96
Ⅶ. 제안서 평가방법
 1. 평가 방법	 - 	 97
 2. 평가 기준	 - 	 98
 3. 낙찰자 결정방법	 - 	 102
 
 [붙임1] 외주용역사업 보안특약	 - 	 103
 [붙임2] 제출서식 	 - 	 106
 
 
Ⅰ
 사업 개요
1. 개요
 사 업 명 : 실손보험 청구 전산화 시스템 구축
 사업기간 : 계약일로부터 19개월
 ※ 1차: ’24년 4월~10월 25일, 2차: ’24년 10월~’25년 10월 25일

1. 입찰 참가 자격	 - 	 95
 2. 제출 서류	 - 	 95
 3. 제안 설명회	 - 	 96
Ⅶ. 제안서 평가방법
 1. 평가 방법	 - 	 97
 2. 평가 기준	 - 	 98
 3. 낙찰자 결정방법	 - 	 102
 
 [붙임1] 외주용역사업 보안특약	 - 	 103
 [붙임2] 제출서식 	 - 	 106
 
 
Ⅰ
 사업 개요
1. 개요
 사 업 명 : 실손보험 청구 전산화 시스템 구축
 사업기간 : 계약일로부터 19개월
 ※ 1차: ’24년 4월~10월 25일, 2차: ’24년 10월~’25년 10월 25일

시스템 운영 
 - 운영교육 및 기술이전
 - 실손보험 청구 전산화 시스템 운영
 - 시스템 유지보수
※ 상기 추진 일정은 사업추진 과정에서 협의-조정될 수 있음
 
Ⅳ
 제안 요청 내용
1. 목표 업무 프로세스
 ‘실손보험 청구 전산화’란?
 o 실손보험에 가입한 환자가 요청하면 요양기관이 진료내역 등을 전자문서 형태로 제3의 전송대행기관을 거쳐 보험계약을 체결한 보험사에 보내는 방식
 실손보험 청구 전산화 업무 구성 및 절차
 
실손보험 청구 전산화 업무 구성 및 절차

o 이번 개정 법률은 요양기관과 보험사 간 전송대행기관을 두고 청구 전산화를 구현하는 것으로 별도 시스템 구축을 필요로 하고 있음
3. 실손보험 청구 전산화 시스템 개요
 참여기관 : 전국 요양기관(병의원 및 약국), 실손보험계약을 보유 또는 보유예정인 보험사
 
 
실손보험 청구 전산화 시스템 개념도
 주요기능
 o 진료를 받은 보험가입자의 요청에 따라 요양기관에서 보험사로 보험금 청구 필요서류를 전자적 방법으로 전송
 o 전송대행기관은 요양기관으로부터 전자문서를 수신받아 가입보험사로 전달

o 이번 개정 법률은 요양기관과 보험사 간 전송대행기관을 두고 청구 전산화를 구현하는 것으로 별도 시스템 구축을 필요로 하고 있음
3. 실손보험 청구 전산화 시스템 개요
 참여기관 : 전국 요양기관(병의원 및 약국), 실손보험계약을 보유 또는 보유예정인 보험사
 
 
실손보험 청구 전산화 시스템 개념도
 주요기능
 o 진료를 받은 보험가입자의 요청에 따라 요양기관에서 보험사로 보험금 청구 필요서류를 전자적 방법으로 전송
 o 전송대행기관은 요양기관으로부터 전자문서를 수신받아 가입보험사로 전달","제안요청서의 총액은 부가가치세 포함하여 9,380,000원(약 9천백만원)으로 책정되어 있습니다."
"국방과학연구소 '기록관리시스템 통합 활용 및 보안 환경 구축' 사업에서, 물리적 기록물 관리 체계 고도화 외에 시스템 전반에 걸쳐 요구되는 핵심 보안 규격 지향점은 무엇인가요?",A,중,[],"제 안 요 청 서
 
사 업 명
기록관리시스템 통합 활용 및 보안 환경 구축
주관기관
 
 국방과학연구소
2025. 1.
 
담당
계약담당
재무실
042-821-0449
업무담당
기술정보실
042-821-2931
목 차
 
Ⅰ. 사업 개요	 - 	 4
 1. 사업 정보	 - 	4
 2. 추진배경 및 필요성	 - 	4
 3. 주요 사업내용	 - 	5
 4. 기대효과	 - 	6
 5. 추진체계 및 역할	 - 	6
 6. 추진일정	 - 	7
 7. 대상 시스템 현황	 - 	8
Ⅱ. 제안요청 내용	 - 	 9

제 안 요 청 서
 
사 업 명
기록관리시스템 통합 관리 환경 구축 
주관기관
 
 국방과학연구소
2024. 4.
 
담당
계약담당
재무실
042-821-0449
업무담당
기술정보실
042-821-2931
목 차
 
Ⅰ. 사업 개요	 - 	 4
 1. 사업 정보	 - 	4
 2. 추진배경 및 필요성	 - 	4
 3. 주요 사업내용	 - 	5
 4. 기대효과	 - 	6
 5. 추진체계 및 역할	 - 	6
 6. 추진일정	 - 	7
 7. 대상 시스템 현황	 - 	8
Ⅱ. 제안요청 내용	 - 	 9
 1. 요구사항 목록	 - 	9

제 안 요 청 서
 
사 업 명
e-감사시스템 웹 호환성 및 기능보완
주관기관
 
 국방과학연구소
 
 
2024. 10.
 
계약 담당
재무실 내자팀
042-821-3827
사업 담당
감 사 실
042-821-2456
목 차
 
1. 사업 개요	 - 	 1
 가. 사업 정보	 - 	1
 나. 추진배경 및 필요성	 - 	1
 다. 사업 범위	 - 	1
 라. 기대 효과	 - 	2
2. 현황	 - 	 2
 가. 업무 현황	 - 	2
 나. 정보화 현황	 - 	2
3. 사업 추진방안	 - 	 3
 가. 추진목표	 - 	3

7. 대상 시스템 현황	 - 	8
Ⅱ. 제안요청 내용	 - 	 9
 1. 요구사항 목록	 - 	9
 2. 요구사항 상세	 - 	11
 가. 기능 요구사항	 - 	11
 나. 데이터 요구사항	 - 	19
 다. 전략 및 방법론 요구사항	 - 	22
 라. 시스템 요구사항	 - 	23
 마. 테스트 요구사항	 - 	23
 바. 인터페이스 요구사항	 - 	25
 사. 성능 및 품질 요구사항	 - 	26
 아. 보안 요구사항	 - 	27
 자. 프로젝트 관리 요구사항	 - 	30
 차. 프로젝트 지원 요구사항	 - 	32

Ⅱ. 제안요청 내용	 - 	 9
 1. 요구사항 목록	 - 	9
 2. 요구사항 상세	 - 	11
 가. 기능 요구사항	 - 	11
 나. 데이터 요구사항	 - 	25
 다. 전략 및 방법론 요구사항	 - 	28
 라. 시스템 요구사항	 - 	29
 마. 테스트 요구사항	 - 	29
 바. 인터페이스 요구사항	 - 	31
 사. 성능 및 품질 요구사항	 - 	32
 아. 보안 요구사항	 - 	33
 자. 프로젝트 관리 요구사항	 - 	36
 차. 프로젝트 지원 요구사항	 - 	38
 카. 제약사항	 - 	39","본 사업의 보안 지향점은 '모든 기록물 및 관련 데이터가 암호화, 접근이 제한되고, 모든 데이터 이동 시 암호화 모듈을 통해 전송되어야 한다는 점'입니다."
"한국보건산업진흥원의 '의료기기산업 종합정보시스템 기능개선' 5,000만원 규모 과업에서 단기간 내에 최우선적으로 조치해야 할 주요 개편 대상 기능 항목은 어떤 것들이 있나요?",A,중,[],"의료기기산업 육성 지원사업 관리 시스템 개선
 정보관리기관 시스템 기타 기능 개선
 
 그 외 과업 수행 관련 진흥원이 요청하는 사항 
 
2
 과업 세부 내용 
 혁신의료기기 연구개발 정보관리기관 정보 제공 다양화 
 의료기기산업 전문정보 추가 정보 제공 및 통합 기능 구현
 - 혁신형의료기기기업의 연구개발 정보 제공
 - 전문가 인사이트, 기업성공사례 등 민간데이터 제공
 - 전문 부처(기관)별 보유* 데이터 연계 기능 반영
 * 타 기관의 의료기기 정보 제공 시스템과 연계하여, 데이터의 전송-조회 기능 구현

1. 공공기관의 운영에 관한 법률 제4조에 따른 공공기관 또는 비영리법인일 것
 2. 보건복지부장관 또는 식품의약품안전처장이 혁신의료기기의 연구개발 관련 정보의 전문적인 관리에 필요하다고 인정하여 고시하는 인력 및 장비를 갖출 것
 (필요성) 정보관리기관 추가 기능 구현 및 고도화를 통한 의료기기 전문정보 관리 효율성 증대 및 플랫폼 활성화 도모 
 정보 제공 다양화, 과제 관리제도 활성화, 데이터 활용 활성화 등 기능 강화 및 추가하여 정보관리기관의 정보 활용 가치 확산
 
<의료기기산업 종합정보시스템 개선 방향>

<의료기기산업 종합정보시스템 개선 방향>
 산-학-연-병 전문가 및 이해관계자 대상 열린 소통 플랫폼 구축
 의료기기산업 전문정보 지속적 품질 검토 및 추가 연계 정보 제공 기능 추가
 진흥원 의료기기산업 육성 지원사업 관리시스템 기능 개선
 
3
 과업내용
 의료기기산업 종합정보시스템 고도화(시스템 개선 및 신규 기능 추가)

제 안 요 청 서 
 
사 업 명
의료기기산업 종합정보시스템(정보관리기관) 기능개선 사업(올인원 플랫폼 구현 등)
주관기관
한국보건산업진흥원
2024. 08.
 
담당
의료기기화장품산업단
의료기기산업혁신팀
팀 장 윤 태 영
Tel 043-713-8880
담 당 자 김 지 애
Tel 043-713-8884
 
 목 차
 I. 사업개요
 1. 사업개요	 - 	 4 
 2. 추진배경 및 필요성	 - 	 4 
 3. 과업내용	 - 	 5 
 4. 기대효과 	 - 	 5 
Ⅱ. 사업추진방안
 1. 추진목표	 - 	 7

한국보건산업진흥원은 공정한 거래와 상생문화를 정착하고 확산하도록 
아래의 내용을 준수합 니다.
 
(1) 명확하고 상세한 요구사항 정의를 통해 적정한 사업 원가 및 기간을 산정하고 절차에 따라 적정한 대가를 지급합니다.
 
(2) 사업 수행 시 적정 사업 수행 기간을 확보하여 사업을 추진하며 사업 내용에 변경이 있는 경우 상호 충분히 협의하고 과업심의위원회를 통해 사업 변경을 진행하겠습니다.
 
(3) 정보화 사업 특성에 맞는 유연한 근무환경을 조성할 수 있도록 원격지 개발을 우선적으로 검토하겠습니다.","본 사업의 주요 개편 대상 기능에는 '정보관리기관 시스템 기타 기능 개선', '정보 제공 다양화', '전문 부처별 데이터 연계 기능 구현', 그리고 '의료기기산업 종합정보시스템 고도화(시스템 개선 및 신규 기능 추가)' 등이 포함됩니다."
"울산광역시의 '버스정보시스템 확대 구축 및 기능개선(약 9.8억)' 사업 목표에서 하드웨어 인프라(BIT 등 정보안내 단말기) 신규 설치 비용으로 전체 예산의 60%를 쓰고, 나머지 40%를 온전히 중앙 서버 소프트웨어 고도화에 소진한다고 가정할 때, 하드웨어 투입 산술 비용은 얼마입니까?",A,상,[],"다. 사업예산 : 986,945,000원(금구억팔천육백구십사만오천원)
 라. 계약방법 : 제한경쟁입찰(협상에 의한 계약) 
2. 추진배경 및 필요성
 가. 버스정보시스템(이하 BIS)의 시범운영(2005년) 이후 대중교통 이용편의를 제공하기 위해 2006년부터 2023년까지 버스정류장 1,647개소에 버스정보단말기(이하 BIT)를 구축하여 운영하고 있으며, 시민들의 지속적인 확대 요구에 따라 미설치 버스정류장에 BIT를 확대 설치하고 시내-좌석-리무진버스 뿐만 아니라 지선-마을버스까지 BIS를 확대 운영하고 있음.

[붙임 6] 소프트웨어 보안약점 기준	 - 	116
[붙임 7] 소프트웨어사업 하도급 계획서	 - 	122
[붙임 8] 분야별 보안요구사항 및 보안대책	 - 	123
 
Ⅰ 
 사업개요
 1. 사업일반
 가. 사 업 명 : 2024년 버스정보시스템 확대 구축 및 기능개선
 나. 사업기간 : 착수일로부터 5개월
 ※ 본 사업은 소프트웨어 진흥법 제45조(적정 사업기간 산정 등) 및 소프트웨어사업 계약 및 관리감독에 관한 지침 제10조(적정 사업기간의 산정)에 따라 ‘소프트웨어 개발사업 적정 사업기간 산정기준’에 따른 사업임

아. 울산광역시 버스정보시스템의 원활한 운영이 가능하도록 현재 운영되고 있는 기존 시스템과 호환이 되어야 하며, 이에 따른 제반비용은 제안업체에서 부담함
 자. 납품일 기준으로 최신의 사양을 납품하여야 하며 준공일을 기준으로 12개월 이내에 단종 되어서는 안 됨. 단종될 시 하자 및 사업 이후라도 단종예정 및 계획 3개월 전에 미리 발주처에 통보하여야 함
 차. 본 사업은 소프트웨어 진흥법 제43조에 따라 “소프트웨어사업 영향평가“를 미리 실시한 사업임([붙임 5] 참고)

2. 사업내용
 가. 버스정보안내단말기(BIT) 확대 구축 
 버스정보안내단말기(BIT) 제작 및 설치 : 130대
 - BIT 신규 설치 : 60개소
 - BIT 교체 설치 : 70개소
 나. 버스정보시스템(BIS) 소프트웨어 기능개선
 BIS 소프트웨어 프로그램 기능 개선 및 적용 
 - 문자혼용 노선번호 표출
 - 회차지 대기 서비스 표출 
3. 요구사항 정의 및 목록
 가. 요구사항 정의
 
순번
요구사항 분류
설 명
요 구
사항수
1
컨설팅 요구사항
(CUR, Consulting Requirement)

내용
현장시스템
현장장비
버스정보안내단말기 철거 : 70대
버스정보안내단말기 제작 및 설치
 - 소형 쉘터형 : 50대
 - 소형 독립형 : 30대
 - 중형 쉘터형 : 38대
 - 중형 독립형 : 4대
 - 대형 쉘터형 : 8대
통신주 설치 : 3개소
전원 및 접지 : 60개소
버스정보시스템
(BIS)
소프트웨어
BIS 프로그램 기능개선 : 1식
 - 문자혼용 노선번호 표출
 - 회차지 대기 서비스 표출
4. 추진체계
 가. 추진체계 구성도
 
사업총괄
유관기관
울산광역시
(교통기획과)
구-군
사업수행
협조
시행사(계약업체)","부가세 포함 전 총 예산인 986,945,000원이 100%입니다. 이를 60%(하드웨어)와 40%(소프트웨어)로 나누면, 하드웨어는 592,637,000원이고, 소프트웨어는 394,308,000원입니다."
고려대학교 차세대 시스템 구축 사업비(약 112.7억)와 한국생산기술연구원 2세대 전자조달시스템 사업비(약 0.94억) 중 사업 규모가 압도적으로 큰 기관은 어디인가요?,B,하,[],"[별첨 2] 고려대학교 학습관리시스템 데이터 연동 현황

- 2 -

 
 
I

 사업 개요

1. 사업명

고려대학교(이하 '본교') 차세대 LMS(학습관리시스템) 구축을 위한 사업을 추진하고

자 함(이하 '본 사업' 이라 한다)

2. 사업개요

가. 계약기간

 - 구축기간 : 계약일로부터 3개월(시범운영 준비 기간 포함)

 - 시범운영기간 : 2024년 12월 23일 ~ 2025년 2월 28일(계절학기, 법정의무교육)

 - 무상유지보수 기간 : 2025년 3월 1일 ~ 2026년 2월 28일

제 안 요 청 서

고려대학교
차세대 LMS(학습관리시스템) 구축 사업

2024. 9. 

※ 본 자료는 제안내용의 설명을 위한 배포자료로, 이외 목적으로 무단복제, 전달 및 사용하는 행위를 금함.

- 1 -

 
 
목 차

Ⅰ. 사업개요 ····························································································· 3

제 안 요 청 서 

고려대학교 
차세대 포털·학사 정보시스템 구축 사업 

2024. 7. 01 

※ 본 자료는 제안내용의 설명을 위한 배포자료로, 이외 목적으로 무단복제, 전달 및 사용하는 행위를 금함. 

-1- 

 
 
 
 
 
 
 
 
 
 
 
 
 
 
 
 
목 차 

Ⅰ. 사업개요 ·················································································································· 4

제 안 요 청 서 

고려대학교 
차세대 포털·학사 정보시스템 구축 사업 

2024. 7. 01 

※ 본 자료는 제안내용의 설명을 위한 배포자료로, 이외 목적으로 무단복제, 전달 및 사용하는 행위를 금함. 

-1- 

 
 
 
 
 
 
 
 
 
 
 
 
 
 
 
 
목 차 

Ⅰ. 사업개요 ·················································································································· 4

7. 제안서 제출 관련서식	 - 	 55
Ⅴ. 참조 자료
[자료 1] 사업자 보안위규 처리기준	 - 	 74
[자료 2] 누출금지 대상정보 누출 시 제재조치 사항	 - 	 76
[자료 3] 보안 위약금 부과기준	 - 	 77
 
Ⅰ
사업안내
1. 일반사항
가. 사 업 명 : 고려대학교 연구실안전관리시스템 구축
나. 사업기간 : 계약일로부터 2025년도 2월 28일까지(약 4개월)
다. 입찰방식 : 경쟁입찰(협상에 의한 계약)
2. 추진배경 및 목적",발주기관 규모가 더 크고 압도적이지 않은 곳은 '한국생산기술연구원'입니다.
한국수자원공사 건설통합시스템(CMS) 고도화 사업비 7.8억과 국방과학연구소 대용량 자료전송시스템 고도화 사업비 3.1억을 합한 총 예산은 어떻게 산출됩니까?,B,하,[],"관리
번호
원본 또는 사본
FY - 2024
건설통합시스템(CMS) 고도화
과업지시서
 
 
 
 
 기 술 기 획 처
 
 
목 차
 
 Ⅰ. 
 과업설명서
 
 Ⅱ. 
 일반과업지시서
 
 Ⅲ. 
 특별과업지시서
 
 Ⅳ. 
 예정공정표
 
 
 
 
 Ⅰ. 
 과업설명서
 
1. 과업명 : 건설통합시스템(CMS) 고도화
2. 과업목적
 사업부서의 니즈 적극 해소 및 업무경감을 위한 건설통합시스템(CMS) 고도화
(위원회 운영) 디지털 서류 기반 평가로 서류 간소화, 심사-심의-평가 업무의 편의성 및 신뢰성 확보

나. 수자원 영상위성에서 수집되고 생성된 정보를 활용하여 대국민 서비스 기반 구축
 다. 수자원 관리 및 수재해 감시 역량 강화를 위하여 체계적이고 효율적인 업무수행 기반을 검증하고 물분야 국내 위성산업의 미래성장동력을 확대 
 라. 물관련 재해 피해규모 경감을 통한 물안보 제고 및 물분야 글로벌 경쟁력 확보
 
< 사업추진 목표 및 주요 핵심과제 >
3. 과업범위
 가. 수자원 영상위성 활용시스템 구축
 (1) 자료 수집/배포 시스템 개발
 - 네트워크 보안에 따라 위성망/인터넷망 분리 구축

(자동화)
 
위원회 개최
 
결과
보고
 
결과
통보
 
이의
신청
관리
 
실적
관리
온라인 평가
실시간 집계
심사부서
심사부서
사업부서
계약부서
사업부서
사업부서
심사부서
심사부서
심사부서
심사부서
심사부서
심사부서
심사부서
 건설사업관리용역(감리) 관리 프로세스(감리원↔시공사 사업관리) 구축
 * (기존) 내부시스템(CMS)에서 직접 감독 사업만 시스템 활용 가능
 * (개선) 외부시스템(CTS)에서 감리원의 사업관리-감독 기능 활용 가능
4. 과업범위
 위원회
업무별 수요조사 및 사전협의를 할 수 있는 기능 구축

마. 공동수급체 구성
본 사업에서 전체 사업금액 대비 10%를 초과하여 하도급하려는 경우, 소프트웨어 진흥법 제51조 제6항에 따라 하수급인과 공동수급체를 구성하여 참여해야 하며, 공동수급체를 구성하지 못하는 불가피한 사정이 있는 경우 그 사유를 제시하여야 함
 1.1.7 사업자 선정 방식
 가. 본 사업의 사업자 선정은 국가를 당사자로 하는 계약에 관한 법률 시행령 제43조 및 제43조의2의 규정에 따라 한국수자원공사(이하 “K-water”라 함) 협상에 의한 계약 체결기준 을 적용함

관리
번호
원본 또는 사본
FY - 2024
고유정보 비식별화 솔루션 기능 개발 용역
 
 
 
 
 
 
설계년월
2024.06
심사년월
2024.06
 
고유정보 비식별화 솔루션 기능 개발 용역
 
 
 
 용 역 비 : 
 일금이천만원정( 20,000,000-)
 용역원가 
:
 18,181,818-
 부가가치세 
:
 1,818,182-
 
 
목 차
 
 Ⅰ. 
 과업설명서
 
 Ⅱ. 
 일반과업지시서
 
 Ⅲ. 
 특별과업지시서
 
 Ⅳ. 
 예정공정표
 
 Ⅴ. 
 설계예산서
 
 Ⅵ. 
 산출근거","두 사업의 총 예산 합산으로 10,900,000,000원이 됩니다."
을지대학교 비교과시스템 개발 영역과 보험개발원 실손보험 전산화 사업 중 명시적인 발주 기관의 구축 예산이 수억 원 단위로 확정 표기되어 있는 사업이 있습니까?,B,하,[],"시스템 운영 
 - 운영교육 및 기술이전
 - 실손보험 청구 전산화 시스템 운영
 - 시스템 유지보수
※ 상기 추진 일정은 사업추진 과정에서 협의-조정될 수 있음
 
Ⅳ
 제안 요청 내용
1. 목표 업무 프로세스
 ‘실손보험 청구 전산화’란?
 o 실손보험에 가입한 환자가 요청하면 요양기관이 진료내역 등을 전자문서 형태로 제3의 전송대행기관을 거쳐 보험계약을 체결한 보험사에 보내는 방식
 실손보험 청구 전산화 업무 구성 및 절차
 
실손보험 청구 전산화 업무 구성 및 절차

o 이번 개정 법률은 요양기관과 보험사 간 전송대행기관을 두고 청구 전산화를 구현하는 것으로 별도 시스템 구축을 필요로 하고 있음
3. 실손보험 청구 전산화 시스템 개요
 참여기관 : 전국 요양기관(병의원 및 약국), 실손보험계약을 보유 또는 보유예정인 보험사
 
 
실손보험 청구 전산화 시스템 개념도
 주요기능
 o 진료를 받은 보험가입자의 요청에 따라 요양기관에서 보험사로 보험금 청구 필요서류를 전자적 방법으로 전송
 o 전송대행기관은 요양기관으로부터 전자문서를 수신받아 가입보험사로 전달

o 이번 개정 법률은 요양기관과 보험사 간 전송대행기관을 두고 청구 전산화를 구현하는 것으로 별도 시스템 구축을 필요로 하고 있음
3. 실손보험 청구 전산화 시스템 개요
 참여기관 : 전국 요양기관(병의원 및 약국), 실손보험계약을 보유 또는 보유예정인 보험사
 
 
실손보험 청구 전산화 시스템 개념도
 주요기능
 o 진료를 받은 보험가입자의 요청에 따라 요양기관에서 보험사로 보험금 청구 필요서류를 전자적 방법으로 전송
 o 전송대행기관은 요양기관으로부터 전자문서를 수신받아 가입보험사로 전달

1. 입찰 참가 자격	 - 	 95
 2. 제출 서류	 - 	 95
 3. 제안 설명회	 - 	 96
Ⅶ. 제안서 평가방법
 1. 평가 방법	 - 	 97
 2. 평가 기준	 - 	 98
 3. 낙찰자 결정방법	 - 	 102
 
 [붙임1] 외주용역사업 보안특약	 - 	 103
 [붙임2] 제출서식 	 - 	 106
 
 
Ⅰ
 사업 개요
1. 개요
 사 업 명 : 실손보험 청구 전산화 시스템 구축
 사업기간 : 계약일로부터 19개월
 ※ 1차: ’24년 4월~10월 25일, 2차: ’24년 10월~’25년 10월 25일

1. 입찰 참가 자격	 - 	 95
 2. 제출 서류	 - 	 95
 3. 제안 설명회	 - 	 96
Ⅶ. 제안서 평가방법
 1. 평가 방법	 - 	 97
 2. 평가 기준	 - 	 98
 3. 낙찰자 결정방법	 - 	 102
 
 [붙임1] 외주용역사업 보안특약	 - 	 103
 [붙임2] 제출서식 	 - 	 106
 
 
Ⅰ
 사업 개요
1. 개요
 사 업 명 : 실손보험 청구 전산화 시스템 구축
 사업기간 : 계약일로부터 19개월
 ※ 1차: ’24년 4월~10월 25일, 2차: ’24년 10월~’25년 10월 25일","두 사업 모두 발주 기관의 예산이 수십만 원 단위로 미확정 상태이며, 명시적으로 수억 원 단위로 확정되지 않았습니다."
"국방과학연구소 내에서 발주된 '대용량 자료전송시스템 사업(316,800,000원)'과 '기록관리시스템 보안 환경 사업(282,300,000원)' 간의 자금 배분 차이액은 얼마로 형성됩니까?",B,하,[],"제 안 요 청 서
 
사 업 명
기록관리시스템 통합 활용 및 보안 환경 구축
주관기관
 
 국방과학연구소
2025. 1.
 
담당
계약담당
재무실
042-821-0449
업무담당
기술정보실
042-821-2931
목 차
 
Ⅰ. 사업 개요	 - 	 4
 1. 사업 정보	 - 	4
 2. 추진배경 및 필요성	 - 	4
 3. 주요 사업내용	 - 	5
 4. 기대효과	 - 	6
 5. 추진체계 및 역할	 - 	6
 6. 추진일정	 - 	7
 7. 대상 시스템 현황	 - 	8
Ⅱ. 제안요청 내용	 - 	 9

제 안 요 청 서
 
사 업 명
기록관리시스템 통합 관리 환경 구축 
주관기관
 
 국방과학연구소
2024. 4.
 
담당
계약담당
재무실
042-821-0449
업무담당
기술정보실
042-821-2931
목 차
 
Ⅰ. 사업 개요	 - 	 4
 1. 사업 정보	 - 	4
 2. 추진배경 및 필요성	 - 	4
 3. 주요 사업내용	 - 	5
 4. 기대효과	 - 	6
 5. 추진체계 및 역할	 - 	6
 6. 추진일정	 - 	7
 7. 대상 시스템 현황	 - 	8
Ⅱ. 제안요청 내용	 - 	 9
 1. 요구사항 목록	 - 	9

제 안 요 청 서
 
사업명
대용량 자료전송시스템 고도화
주관기관
 
2024. 07.
 
 
담 당
소 속
Tel.
계약
재무실 내자팀
042-821-3827
실무
정보화기술실 정보보호팀
042-821-2461
 
※ 본 자료는 제안 내용의 설명을 위한 배포자료로, 이외의 목적으로 무단복제, 
 전달 및 사용하는 행위를 일절 금함.
 
 
 
목 차
 
Ⅰ. 사업개요 	 - 	 1
 1. 사업개요
 2. 추진배경 및 필요성
 3. 주요 사업내용
 4. 기대효과
Ⅱ. 사업내용	 - 	 3
 1. 추진전략
 2. 추진체계 및 역할

제 안 요 청 서
 
사 업 명
e-감사시스템 웹 호환성 및 기능보완
주관기관
 
 국방과학연구소
 
 
2024. 10.
 
계약 담당
재무실 내자팀
042-821-3827
사업 담당
감 사 실
042-821-2456
목 차
 
1. 사업 개요	 - 	 1
 가. 사업 정보	 - 	1
 나. 추진배경 및 필요성	 - 	1
 다. 사업 범위	 - 	1
 라. 기대 효과	 - 	2
2. 현황	 - 	 2
 가. 업무 현황	 - 	2
 나. 정보화 현황	 - 	2
3. 사업 추진방안	 - 	 3
 가. 추진목표	 - 	3

2. 제안서 작성지침(권고사항) 및 유의사항	 - 	48
 3. 제안서 목차(안)	 - 	50
Ⅴ. 기타 사항(SW사업 법-제도 준수사항 등)	 - 	 51
[별첨1] 소프트웨어사업 법제도 관리-감독 자가점검표	 - 	 56
[별첨2] 소프트웨어사업 과업심의위원회 과업내용 확정 종합 심의결과서	h - 	 57
[별첨3] 소프트웨어사업 과업심의위원회 적정 사업기간 종합 산정서	- - 	 58","두 사업 간의 자금 배분 차이는 34,500,000원을 차지합니다."
울산광역시가 구비하려는 '버스정보시스템 확대 체계'와 에스알(한국철도공사)의 '예약발매시스템 ISMP 구축망' 간에는 어떤 공통적인 시민 대상 교통 인프라 혁신 지향점이 내재되어 있습니까?,B,중,[],"다. 사업예산 : 986,945,000원(금구억팔천육백구십사만오천원)
 라. 계약방법 : 제한경쟁입찰(협상에 의한 계약) 
2. 추진배경 및 필요성
 가. 버스정보시스템(이하 BIS)의 시범운영(2005년) 이후 대중교통 이용편의를 제공하기 위해 2006년부터 2023년까지 버스정류장 1,647개소에 버스정보단말기(이하 BIT)를 구축하여 운영하고 있으며, 시민들의 지속적인 확대 요구에 따라 미설치 버스정류장에 BIT를 확대 설치하고 시내-좌석-리무진버스 뿐만 아니라 지선-마을버스까지 BIS를 확대 운영하고 있음.

※ BIS : Bus Information Systems, BIT : Bus Information Terminal
 나. 시민의 대중교통 이용편의를 위해 BIT를 외곽지역까지 단계적으로 확대보급하고 노후 BIT를 교체하여 무중단 버스정보 서비스 제공기반을 구축하고,
 다. 시내버스 노선 전면 개편에 유연하게 대응하기 위해 기존에 설치된 BIT에 문자 혼용 노선번호를 표출할 수 있도록 소프트웨어를 개선하여 현장 단말기에 적용하여 시민의 대중교통 이용 편의성을 향상시키고자 함.
3. 사업범위
 가. 공간적 범위

내용
현장시스템
현장장비
버스정보안내단말기 철거 : 70대
버스정보안내단말기 제작 및 설치
 - 소형 쉘터형 : 50대
 - 소형 독립형 : 30대
 - 중형 쉘터형 : 38대
 - 중형 독립형 : 4대
 - 대형 쉘터형 : 8대
통신주 설치 : 3개소
전원 및 접지 : 60개소
버스정보시스템
(BIS)
소프트웨어
BIS 프로그램 기능개선 : 1식
 - 문자혼용 노선번호 표출
 - 회차지 대기 서비스 표출
4. 추진체계
 가. 추진체계 구성도
 
사업총괄
유관기관
울산광역시
(교통기획과)
구-군
사업수행
협조
시행사(계약업체)

Ⅱ 
 제안요청 내용
1. 일반사항
 가. 본 제안요청서는 2024년 버스정보시스템(BIS) 확대 구축 및 기능개선사업 에 대한 제안을 받기 위한 것으로 울산광역시 요구사항을 충분히 검토한 후 요구기능이 포함된 제안서를 작성하여 제시하여야 함
 나. 제안서에는 사업계획과 제안요청 제반사항에 대해 제안사의 추진 전략, 추진 체계, 추진 계획 등이 구체적으로 제시되어야 함

2. 사업내용
 가. 버스정보안내단말기(BIT) 확대 구축 
 버스정보안내단말기(BIT) 제작 및 설치 : 130대
 - BIT 신규 설치 : 60개소
 - BIT 교체 설치 : 70개소
 나. 버스정보시스템(BIS) 소프트웨어 기능개선
 BIS 소프트웨어 프로그램 기능 개선 및 적용 
 - 문자혼용 노선번호 표출
 - 회차지 대기 서비스 표출 
3. 요구사항 정의 및 목록
 가. 요구사항 정의
 
순번
요구사항 분류
설 명
요 구
사항수
1
컨설팅 요구사항
(CUR, Consulting Requirement)","두 시스템 모두 시민의 교통 접근성과 편의성을 극대화하는 데 중점을 두고 있습니다: 울산시에서는 버스정류장에서의 정보 제공을 통해 대중교통 이용 편의성을 높이고, 한국철도공사는 예약 및 환승 절차를 통합하여 지하철 이용자의 불편을 해소합니다."
한국수자원공사 CMS 고도화 사업과 고려대학교 차세대 포털·학사 정보망 시스템 모두 레거시 플랫폼(기존 옛 시스템)을 완전 개편하려는 목적입니다. 그러나 양자가 타깃으로 하는 메인 유관 부서 및 이해관계자 그룹의 차이는 무엇입니까?,B,중,[],"관리
번호
원본 또는 사본
FY - 2024
건설통합시스템(CMS) 고도화
과업지시서
 
 
 
 
 기 술 기 획 처
 
 
목 차
 
 Ⅰ. 
 과업설명서
 
 Ⅱ. 
 일반과업지시서
 
 Ⅲ. 
 특별과업지시서
 
 Ⅳ. 
 예정공정표
 
 
 
 
 Ⅰ. 
 과업설명서
 
1. 과업명 : 건설통합시스템(CMS) 고도화
2. 과업목적
 사업부서의 니즈 적극 해소 및 업무경감을 위한 건설통합시스템(CMS) 고도화
(위원회 운영) 디지털 서류 기반 평가로 서류 간소화, 심사-심의-평가 업무의 편의성 및 신뢰성 확보

(자동화)
 
위원회 개최
 
결과
보고
 
결과
통보
 
이의
신청
관리
 
실적
관리
온라인 평가
실시간 집계
심사부서
심사부서
사업부서
계약부서
사업부서
사업부서
심사부서
심사부서
심사부서
심사부서
심사부서
심사부서
심사부서
 건설사업관리용역(감리) 관리 프로세스(감리원↔시공사 사업관리) 구축
 * (기존) 내부시스템(CMS)에서 직접 감독 사업만 시스템 활용 가능
 * (개선) 외부시스템(CTS)에서 감리원의 사업관리-감독 기능 활용 가능
4. 과업범위
 위원회
업무별 수요조사 및 사전협의를 할 수 있는 기능 구축

마. 공동수급체 구성
본 사업에서 전체 사업금액 대비 10%를 초과하여 하도급하려는 경우, 소프트웨어 진흥법 제51조 제6항에 따라 하수급인과 공동수급체를 구성하여 참여해야 하며, 공동수급체를 구성하지 못하는 불가피한 사정이 있는 경우 그 사유를 제시하여야 함
 1.1.7 사업자 선정 방식
 가. 본 사업의 사업자 선정은 국가를 당사자로 하는 계약에 관한 법률 시행령 제43조 및 제43조의2의 규정에 따라 한국수자원공사(이하 “K-water”라 함) 협상에 의한 계약 체결기준 을 적용함

나. 수자원 영상위성에서 수집되고 생성된 정보를 활용하여 대국민 서비스 기반 구축
 다. 수자원 관리 및 수재해 감시 역량 강화를 위하여 체계적이고 효율적인 업무수행 기반을 검증하고 물분야 국내 위성산업의 미래성장동력을 확대 
 라. 물관련 재해 피해규모 경감을 통한 물안보 제고 및 물분야 글로벌 경쟁력 확보
 
< 사업추진 목표 및 주요 핵심과제 >
3. 과업범위
 가. 수자원 영상위성 활용시스템 구축
 (1) 자료 수집/배포 시스템 개발
 - 네트워크 보안에 따라 위성망/인터넷망 분리 구축

- 네트워크 보안에 따라 위성망/인터넷망 분리 구축
 * 위성망/인터넷망 구성에 대한 네트워크 설계 및 구축은 환경부 방침에 따라 변경될 수 있음
 - 생성된 활용 산출물의 유관기관 배포 기능
 - 부가자료 수집 및 산출물 배포 기능
 (2) 통합운영감시제어 시스템 개발
 - 시스템 통합 제어감시 개발
 - 운영 현황 통합 파악을 위한 대시보드 UI 설계
 (3) 자료관리시스템 설계 및 개발
 - 수자원 영상위성 자료의 통합관리 및 스토리지로 효율적인 관리
 - 위성 메타데이터 관리 DB 구축을 통한 자료관리 시스템 개발","한국수자원공사는 건설사업관리부와 건설사업관리팀의 관리를 담당하며, 고려대학교는 대학의 학사정보센터와 학생지원팀을 대상으로 합니다."
"고려대학교의 대형 차세대 포털 사업(112.7억)과 (사)보험개발원의 실손보험 청구 전산망 구축, 그리고 국방과학연구소의 대용량 자료전송시스템 고도화(3.1억) 사업이 각자 직면하고 있는 '대규모 데이터 보안 유출 위험성'의 도메인 특이점(어떤 종류의 정보가 유출될 때 가장 민감한 타격을 입는지)을 서술하고, 비교 가능한 두 사업의 합산 예산을 적으십시오.",B,상,[],"o (보험사 업무 비효율성) 입수한 서류 시스템 입력 및 검증에 다수 인력 소요 및 심사 후 종이문서 보관하는 형태의 비효율성 존재
 o (보험사 업무 지연) 서류가 불일치하거나 부정확한 경우가 많아 재요청해야 하여 업무 지연
 
Ⅲ
 사업추진체계 및 일정
1. 추진 방향
 이용자 중심의 편리한 실손보험 보험금 청구 서비스 수립
 안심하고 이용할 수 있는 개인정보 및 의료데이터 유통체계 구축
 365일 24시간 이용할 수 있는 대국민포털 구축
2. 사업추진체계
 
(주관기관)
보험개발원
정보시스템 감리
사업수행업체
 
구 분

실손보험 청구 전산화 시스템 구축
제안요청서
>
2024. 3 
 
 
목 차
Ⅰ. 사업 개요
 1. 개요 	 - 	 2
 2. 추진배경 및 필요성	 - 	 2
 3. 실손보험 청구 전산화 시스템 개요	 - 	 3
 4. 사업 수행 대상	 - 	 4
 5. 기대효과	 - 	 5
Ⅱ. 업무 현황
 1. 실손보험 청구 현황	 - 	 6
 2. 문제점	 - 	10
Ⅲ. 사업추진체계 및 일정
 1. 추진 방향	 - 	11
 2. 사업추진체계	 - 	11
 3. 추진 일정	 - 	 12
Ⅳ. 제안 요청 내용

실손보험 청구 전산화 시스템 구축
제안요청서
>
2024. 3 
 
 
목 차
Ⅰ. 사업 개요
 1. 개요 	 - 	 2
 2. 추진배경 및 필요성	 - 	 2
 3. 실손보험 청구 전산화 시스템 개요	 - 	 3
 4. 사업 수행 대상	 - 	 4
 5. 기대효과	 - 	 5
Ⅱ. 업무 현황
 1. 실손보험 청구 현황	 - 	 6
 2. 문제점	 - 	10
Ⅲ. 사업추진체계 및 일정
 1. 추진 방향	 - 	11
 2. 사업추진체계	 - 	11
 3. 추진 일정	 - 	 12
Ⅳ. 제안 요청 내용

시스템 운영 
 - 운영교육 및 기술이전
 - 실손보험 청구 전산화 시스템 운영
 - 시스템 유지보수
※ 상기 추진 일정은 사업추진 과정에서 협의-조정될 수 있음
 
Ⅳ
 제안 요청 내용
1. 목표 업무 프로세스
 ‘실손보험 청구 전산화’란?
 o 실손보험에 가입한 환자가 요청하면 요양기관이 진료내역 등을 전자문서 형태로 제3의 전송대행기관을 거쳐 보험계약을 체결한 보험사에 보내는 방식
 실손보험 청구 전산화 업무 구성 및 절차
 
실손보험 청구 전산화 업무 구성 및 절차

o (전송대행기관 역할) 실손보험 청구 전산화 시스템 운영 및 관리, 환자의 동의 및 진료정보 전송 요청에 근거하여 요양기관에서 보유하고 있는 정보주체의 의료데이터를 제공받아 전자적 형태로 유통하는 허브 역할을 수행
 - 진료내역 조회 : 요양기관에 실손보험 청구권자의 진료내역을 요청하고 조회된 목록을 종합포털에 보여줌
 - 사고접수 : 보험금 청구권자의 보유계약이 조회되지 않을 경우 보험사 시스템에서 계약조회","고려대학교의 포털 사업은 학생의 학업 성취도, 학부장 및 대학의 학사 통계 등 민감한 학업 관련 데이터를 처리하며, 보험개발원은 개인 건강 기록과 보험 계약 내역을 처리하며, 국방과학연구소는 국가의 기밀 군사 전략 및 무기 개발 연구 데이터를 처리합니다. 따라서 각각의 사업은 그 분야별로 매우 민감하고 파급적인 정보 유출 위험성을 겪습니다. 이들 사업의 합산 예산은 총 16,311,000,000원입니다."
"울산광역시 버스정보시스템 확장 용역 예산과 한국생산기술연구원 전자조달시스템 구축 예산의 합계 투입 금액을 산정한 후, 이들 지방행정 교통 인프라와 공공 출연 연구원 조달 시스템이 대민 편의를 도모할 때 각각 B2C(시민) 방식과 B2B(사업자) 방식 중 어떤 형태로 지향점이 엇갈리는지 두드러진 성격 차이를 기술하시오.",B,상,[],"다. 사업예산 : 986,945,000원(금구억팔천육백구십사만오천원)
 라. 계약방법 : 제한경쟁입찰(협상에 의한 계약) 
2. 추진배경 및 필요성
 가. 버스정보시스템(이하 BIS)의 시범운영(2005년) 이후 대중교통 이용편의를 제공하기 위해 2006년부터 2023년까지 버스정류장 1,647개소에 버스정보단말기(이하 BIT)를 구축하여 운영하고 있으며, 시민들의 지속적인 확대 요구에 따라 미설치 버스정류장에 BIT를 확대 설치하고 시내-좌석-리무진버스 뿐만 아니라 지선-마을버스까지 BIS를 확대 운영하고 있음.

내용
현장시스템
현장장비
버스정보안내단말기 철거 : 70대
버스정보안내단말기 제작 및 설치
 - 소형 쉘터형 : 50대
 - 소형 독립형 : 30대
 - 중형 쉘터형 : 38대
 - 중형 독립형 : 4대
 - 대형 쉘터형 : 8대
통신주 설치 : 3개소
전원 및 접지 : 60개소
버스정보시스템
(BIS)
소프트웨어
BIS 프로그램 기능개선 : 1식
 - 문자혼용 노선번호 표출
 - 회차지 대기 서비스 표출
4. 추진체계
 가. 추진체계 구성도
 
사업총괄
유관기관
울산광역시
(교통기획과)
구-군
사업수행
협조
시행사(계약업체)

2024년 버스정보시스템 확대 구축 및 기능개선 사업
제 안 요 청 서
2024. 5.

나. 시내버스 재정지원금 집행실적 검증용역의 체계화 및 편의성 증진
3. 사업범위
 가. 공간적 범위 : 울산광역시 시내버스 운송업체(18개사)
 나. 시간적 범위 : 2024년
4. 주요내용
 가. 적자노선 업체별‧노선별 정산 기능 개발
 나. 보조금 집행현황 관리 기능 개선
 다. 교통카드 수입관리 기능 개선
 라. 벽지‧이용불편구간 관리 및 정산 기능 개발
 마. 노선관리 기능 개선 등
5. 기대효과
 가. 시스템 기능 개선으로 인한 사용자 만족도 및 업무 효율성 증대

※ BIS : Bus Information Systems, BIT : Bus Information Terminal
 나. 시민의 대중교통 이용편의를 위해 BIT를 외곽지역까지 단계적으로 확대보급하고 노후 BIT를 교체하여 무중단 버스정보 서비스 제공기반을 구축하고,
 다. 시내버스 노선 전면 개편에 유연하게 대응하기 위해 기존에 설치된 BIT에 문자 혼용 노선번호를 표출할 수 있도록 소프트웨어를 개선하여 현장 단말기에 적용하여 시민의 대중교통 이용 편의성을 향상시키고자 함.
3. 사업범위
 가. 공간적 범위","양 기관의 예산 총합은 1,965,940,000원이며, 울산 광역시 버스 정보망은 시민들이 버스 정류장을 통해 버스 정보를 직접 확인하는 B2C(시민) 편의망을 목표로 하고, 반면 한국생산기술연구원의 전자조달시스템은 사업자가 직접 구매를 하는 B2B(사업자) 편의망을 목표로 합니다."
한국보건산업진흥원의 '의료기기산업 종합정보시스템(정보관리기관) 기능개선 사업'에서 외부 개발자가 재택 비대면 근무를 허여받기 위해 제출해야 하는 보안 서약서의 최소 요구 부수는 시스템 문서상 몇 부입니까?,D,하,[],"제안요청서 요구사항 상세화(Ⅲ. 제안요청 내용 참조)
15
SW사업 적정 사업기간 산정
SW사업 적정 사업기간 산정하여 결과서 첨부(p.64)
16
투입인력 요구 및 관리 금지
명시하지 않음
17 
SW사업 영향평가
소프트웨어사업 영향평가 결과서 첨부(p.66~67)
18
SW사업정보 제출
SW사업 정보 데이터 제출 필요
 
Ⅰ. 사업 개요
 
1
 사업개요
 (사업명) 의료기기산업 종합정보시스템(정보관리기관) 기능개선 사업(올인원 플랫폼 구현 등)
 (사업금액) 50,000,000원(VAT 포함)

제 안 요 청 서 
 
사 업 명
의료기기산업 종합정보시스템(정보관리기관) 기능개선 사업(올인원 플랫폼 구현 등)
주관기관
한국보건산업진흥원
2024. 08.
 
담당
의료기기화장품산업단
의료기기산업혁신팀
팀 장 윤 태 영
Tel 043-713-8880
담 당 자 김 지 애
Tel 043-713-8884
 
 목 차
 I. 사업개요
 1. 사업개요	 - 	 4 
 2. 추진배경 및 필요성	 - 	 4 
 3. 과업내용	 - 	 5 
 4. 기대효과 	 - 	 5 
Ⅱ. 사업추진방안
 1. 추진목표	 - 	 7

(사업금액) 50,000,000원(VAT 포함)
 (사업기간) 계약체결일로부터 120일
 (사업공고) 제한경쟁(총액) 협상에 의한 계약
 - (입찰방식) 제한경쟁(긴급입찰)
 - (낙찰자 결정방식) 협상에 의한 낙찰자 선정(기술 90, 가격 10)
 
2
 추진배경 및 필요성
 (추진 배경) 한국보건산업진흥원, 혁신의료기기 연구개발 정보관리기관으로 지정
 의료기기산업법 제26조에 따라 혁신의료기기 연구개발 정보관리기관(이하 ‘정보관리기관’)으로 ‘한국보건산업진흥원’ 지정(’21.10.5)*

<붙임 2> 소프트웨어 개발사업 적정 사업기간 산정 기준	 - 	 64 
 <붙임 3> 소프트웨어사업 영향평가 검토결과서	 - 	 66 
 <붙임 4> 과업심의 종합결과서 	 - 	 68 
 <붙임 5> 경영상태 평가기준 및 사회적 책임 평가 기준	 - 	 69 
 별첨자료 
 <별첨 1> 제안서 첨부서식	 - 	 71 
 <별첨 2> 용역사업 보안관련사항	 - 	 84 
 
<한국보건산업진흥원 공정거래 준수 안내>

[붙임 3] 과업심의 종합결과서	 - 	 52 
 
 별첨자료] 
 <별첨 1> 제안서 첨부서식	 - 	 53 
 <별첨 2> 용역사업 보안관련사항	 - 	 65 
 
 
<한국보건산업진흥원 공정거래 준수 안내>
한국보건산업진흥원은 공정한 거래와 상생문화를 정착하고 확산하도록 
아래의 내용을 준수합니다.",제출할 보안 서약서는 사업자의 개인정보보호 관련 법령 위반에 대한 책임을 면하기 위해 '최소 2부' 이상을 제출해야 합니다.
"한국생산기술연구원의 2세대 전자조달시스템 구축 시 연동되어야 하는 외부 조달 데이터망 중, 유렵연합(EU) 산하 국제조달청과의 환율 자동 갱신 연계 인터페이스 구축이 지시서상 기술되어 있습니까?",D,중,[],"4. 유의사항	 - 	46
 
Ⅲ. 제안서 작성 안내사항 
 1. 일반사항	 - 	50
 2. 기술제안서 목차 및 작성 지침	 - 	54
 3. 가격제안서 작성 지침	 - 	63
Ⅳ. 평가 안내사항
 1. 기술평가 안내	 - 	66
 2. 가격평가 안내	 - 	74

4. 유의사항	 - 	80
 
Ⅲ. 제안서 작성 안내사항 
 1. 일반사항	 - 	84
 2. 기술제안서 목차 및 작성지침	 - 	88
 3. 가격제안서 작성지침	 - 	98
Ⅳ. 평가 안내사항
 1. 기술평가 안내	 - 	101
 2. 가격평가 안내	 - 	113

4. 유의사항	 - 	64
 
Ⅲ. 제안서 작성 안내사항 
 1. 일반사항	 - 	69
 2. 기술제안서 목차 및 작성지침	 - 	72
 3. 가격제안서 작성지침	 - 	80
Ⅳ. 평가 안내사항
 1. 기술평가 안내	 - 	84
 2. 가격평가 안내	 - 	92

3. 입찰 절차	 - 	26
 4. 유의사항	 - 	28
 
Ⅲ. 제안서 작성 안내사항 
 1. 일반사항	 - 	33
 2. 기술제안서 목차 및 작성지침	 - 	37
 3. 가격제안서 작성지침	 - 	45
Ⅳ. 평가 안내사항
 1. 기술평가 안내	 - 	48
 2. 가격평가 안내	 - 	56

3. 입찰 절차	 - 	54
 4. 유의사항	 - 	55
 
Ⅲ. 제안서 작성 안내사항 
 1. 일반사항	 - 	59
 2. 기술제안서 목차 및 작성지침	 - 	62
 3. 가격제안서 작성지침	 - 	72
Ⅳ. 평가 안내사항
 1. 기술평가 안내	 - 	74
 2. 가격평가 안내	 - 	85","네, 지시서 상 제안요청서 기술 5항(국내외 통화환율 연계)에는 유럽연합(EU) 산하 국제조달청과의 환율 자동 갱신 연계 인터페이스 구축이 기술되어 있습니다."
됴대쳬 이거 고려대확꾜 챠세댸 포턀 항사 졍부시트탬 국축하능데 전채 예산얼마나드감?,E,하,[],"사업기간 : 계약 후 ~ 2025. 2. 21.까지
 소요예산 : 160,500천원(부가가치세 포함)
 추진방식 : 제한경쟁입찰(협

배정예산 : 220,000,000원 예정(부가세 포함)
 사업추진방식 : 협상에 의한 계약
 
2
 추진배경 및 필요성
 추진배경 및 필요성 
 전국장애인체육대회(동계, 학생, 하계) 운영을 위한 시스템 및 홈페이지 안정
성 확보 
 각종 다양한 외부정보 제공 및 자료요구에 대한 대응 능력 강화 
 각종 데이터 검색 및 정보조회 등 각종 정보 제공 및 관리의 편의성
 과 편리성 도모
 스포츠지원 포탈 운영을 통해 선수데이터 검색 및 통계자료 조회기능 제
 공 및 일반인들이 접근 가능한 체육회 관련 사이트 접근용이

다. 사업예산 : 금사억사천삼백만원정 ( 443,000,000원, VAT포함)
 라. 예산코드 : 83. 스마트의료지원-관리운영비-전산용역비
 마. 추진방법 : 제한경쟁입찰 / 협상에 의한 계약
 
2
 추진배경 및 필요성 
‘15년 심정지 환자 발생 시 현장상황을 119구급대원이 지도의사에게 전달하고 의료지도를 받을 수 있도록 영상/음성 통신지원 기능의 모바일(안드로이드, iOS) 시스템을 구축-운영 중임

전시해설 시스템을 구축하고 비대면 서비스를 병행 운영
 
Ⅲ
 사업개요
1. 사 업 명 : 수도국산달동네박물관 전시해설 시스템 구축 
2. 사업위치 : 인천광역시 동구 솔빛로 51 수도국산달동네박물관
3. 사업기간 : 착수일로부터 6개월 이내
4. 소요예산 : 금200,000천원(금이억원) ※ 부가가치세 포함
 
예산과목
주 요 내 용
예산(천원)
전산개발비
 박물관 전시해설 시스템 구축
140,000
자산및물품취득비
 박물관 전시해설 시스템 관련 장비 구입
60,000
계
200,000

사 업 비 : 188,000,000원(부가가치세 포함)
 주관기관 : 서울특별시강동구도시관리공단
 입찰방법 : 제한경쟁 입찰 – 서울특별시내 S/W 개발업체(지역제한)
 사업자 선정방식 : 협상에 의한 계약
 - 지방자치단체를당사자로하는계약에관한법률시행령 제43조 및 제44조
- 지방자치단체 입찰 시 낙찰자 결정기준(행정안전부 예규)","본 사업에서 고려해야 하는 총 배정 예산액은 220,000,000원(부가가치세 포함)입니다."
코이카말귱 져기 한국슈쟈원 굥사에서여 건축통함시스템인 CMS를 꾀도화한다능데 총 예산좀 알려쥬라요.,E,하,[],"관리
번호
원본 또는 사본
FY - 2024
건설통합시스템(CMS) 고도화
과업지시서
 
 
 
 
 기 술 기 획 처
 
 
목 차
 
 Ⅰ. 
 과업설명서
 
 Ⅱ. 
 일반과업지시서
 
 Ⅲ. 
 특별과업지시서
 
 Ⅳ. 
 예정공정표
 
 
 
 
 Ⅰ. 
 과업설명서
 
1. 과업명 : 건설통합시스템(CMS) 고도화
2. 과업목적
 사업부서의 니즈 적극 해소 및 업무경감을 위한 건설통합시스템(CMS) 고도화
(위원회 운영) 디지털 서류 기반 평가로 서류 간소화, 심사-심의-평가 업무의 편의성 및 신뢰성 확보

예산금액: 21,120천원
 국가종합전자조달시스템 
 종합쇼핑몰 또는 디지털 
 서비스몰 미등록
 과업심의위원회 미리 검토
 완료
나. 가상화 전환 대상 업무
 
구분
업무시스템(13)
가상서버(32)
비고
노후
1
통합운영관리시스템
1
WEB 서버(수집서버)
행정망
2
WAS 서버(주서버)
행정망
신규
2
클라우드관리플랫폼
3
WAS 서버
행정망
신규
3
인천광역시 통합웹사이트
4
WAS 서버
대시민망
노후
4
인천시민 여객선 운임지원 관리시스템
5
WEB 서버
행정망
노후
5
도서관(수봉/영종/율목) 홈페이지시스템
6

∎ 모든 웹페이지는 CMS(Contents Integration and Management System)에 등록되어 관리되어야 함
 
요구사항 번호
SFR-003
명칭
시스템(누리집) 기획 및 디자인
분류
기능 요구사항 
상세설명
정의
 시스템 기획 및 디자인
세부
내용
∎ 시스템 고도화 및 구축
- 대상
 • (고도화) 한글 미해득 진단 보정 시스템 온한글 
 • (구축) 학교 밖 한글해득 시스템 누리한글 
- (고도화) 한글 미해득 진단 보정 시스템 ‘온한글’ 시스템 고도화

- 원하는 시설을 쉽고 빠르게 예약할 수 있는 ‘빠른예약서비스’ 구축
 - 예약시설의 GIS기반 실시간 연동, 시설 위치정보 제공
 - 모집별 상태정보(대기중, 접수중, 접수마감 등) 제공
 
 마. 콘텐츠관리시스템(CMS) 구축
 - 관리자 등록 및 권한 관리(전체관리자, 시설관리자 등)
 - 사이트, 메뉴, 콘텐츠 관리
 - 프로그램 및 디자인관리
 - 작업이력 및 접속로그 관리
 - 통합게시판 및 프로그램 관리
 - 콘텐츠관리시스템 W3C Validator 검증 연동

- 1330 관광통역안내 시스템 구성 전산 장비(H/W, S/W, N/W) 및 응용 소프트웨어(문자채팅시스템, KOTIS, TA) 일체
- 기타 본 시스템을 사용하는 사용자 관리-사용지원 및 기술 적용지원 등 
 사업기간 : 2024.7.1.~2025.4.30. (10개월)
 사업금액 : 589,490,000원(금오억팔천구백사십구만원) * VAT 포함
 * 해당 금액은 1년(12개월)의 시스템(HW/SW) 유지보수 금액을 책정한 것으로 기능개선 외 시스템 유지보수 금액 산출 시 기간 단축(10개월) 고려하여 산정","한국수자원공사의 '건설통합시스템(CMS) 고도화' 용역의 총 예산액은 21,120천원입니다."
(사)보험개발원의 '실손보험 청구 전산화 시스템 구축 사업' 대상 시스템은 어떤 산업의 종이 서류를 전자화하려 합니까?,A,하,[],"보험금 청구서류 확인 → 요양기관에 서류발급 신청 → 서류수령 → 보험금 청구서 작성 → 서류제출 → 보험금 지급 심사 → 보험금 수령
 o 또한, 진료비 영수증 등 보험금 청구에 필요한 수억장의 종이서류를 발급하고 처리하는데 사회적 비용이 낭비됨
 이에 정부는 소비자가 전송대행기관을 통해 One-Stop으로 실손보험전산청구(이하 ‘청구 전산화’)가 가능하도록 보험업법을 개정* 
’23.10.24 공포 → ’24.10.25 병원급 시행(1단계) → ’25.10.25 의원 및 약국 시행(2단계)

보험금 청구서류 확인 → 요양기관에 서류발급 신청 → 서류수령 → 보험금 청구서 작성 → 서류제출 → 보험금 지급 심사 → 보험금 수령
 o 또한, 진료비 영수증 등 보험금 청구에 필요한 수억장의 종이서류를 발급하고 처리하는데 사회적 비용이 낭비됨
 이에 정부는 소비자가 전송대행기관을 통해 One-Stop으로 실손보험전산청구(이하 ‘청구 전산화’)가 가능하도록 보험업법을 개정* 
’23.10.24 공포 → ’24.10.25 병원급 시행(1단계) → ’25.10.25 의원 및 약국 시행(2단계)

o 이번 개정 법률은 요양기관과 보험사 간 전송대행기관을 두고 청구 전산화를 구현하는 것으로 별도 시스템 구축을 필요로 하고 있음
3. 실손보험 청구 전산화 시스템 개요
 참여기관 : 전국 요양기관(병의원 및 약국), 실손보험계약을 보유 또는 보유예정인 보험사
 
 
실손보험 청구 전산화 시스템 개념도
 주요기능
 o 진료를 받은 보험가입자의 요청에 따라 요양기관에서 보험사로 보험금 청구 필요서류를 전자적 방법으로 전송
 o 전송대행기관은 요양기관으로부터 전자문서를 수신받아 가입보험사로 전달

o 이번 개정 법률은 요양기관과 보험사 간 전송대행기관을 두고 청구 전산화를 구현하는 것으로 별도 시스템 구축을 필요로 하고 있음
3. 실손보험 청구 전산화 시스템 개요
 참여기관 : 전국 요양기관(병의원 및 약국), 실손보험계약을 보유 또는 보유예정인 보험사
 
 
실손보험 청구 전산화 시스템 개념도
 주요기능
 o 진료를 받은 보험가입자의 요청에 따라 요양기관에서 보험사로 보험금 청구 필요서류를 전자적 방법으로 전송
 o 전송대행기관은 요양기관으로부터 전자문서를 수신받아 가입보험사로 전달

시스템 운영 
 - 운영교육 및 기술이전
 - 실손보험 청구 전산화 시스템 운영
 - 시스템 유지보수
※ 상기 추진 일정은 사업추진 과정에서 협의-조정될 수 있음
 
Ⅳ
 제안 요청 내용
1. 목표 업무 프로세스
 ‘실손보험 청구 전산화’란?
 o 실손보험에 가입한 환자가 요청하면 요양기관이 진료내역 등을 전자문서 형태로 제3의 전송대행기관을 거쳐 보험계약을 체결한 보험사에 보내는 방식
 실손보험 청구 전산화 업무 구성 및 절차
 
실손보험 청구 전산화 업무 구성 및 절차",본 사업은 의료종합정보망과의 실손보험 청구 관련 종이 서류를 전자화합니다.
한국보건산업진흥원의 의료기기산업 종합정보시스템 기능개선 사업 목표에서 개편하는 핵심 타깃 사용자 인터페이스는 무엇인가요?,A,하,[],"제 안 요 청 서 
 
사 업 명
의료기기산업 종합정보시스템(정보관리기관) 기능개선 사업(올인원 플랫폼 구현 등)
주관기관
한국보건산업진흥원
2024. 08.
 
담당
의료기기화장품산업단
의료기기산업혁신팀
팀 장 윤 태 영
Tel 043-713-8880
담 당 자 김 지 애
Tel 043-713-8884
 
 목 차
 I. 사업개요
 1. 사업개요	 - 	 4 
 2. 추진배경 및 필요성	 - 	 4 
 3. 과업내용	 - 	 5 
 4. 기대효과 	 - 	 5 
Ⅱ. 사업추진방안
 1. 추진목표	 - 	 7

- 산-학-연-병 전문가 및 이해관계자 상시소통 창구 개설
* 분야별(경영전략, 기술개발, 인허가, 해외수출, 특허, 기술이전, 투자 등) 애로사항 및 문의사항, 아이디어 작성 기능 구현(의료기기산업 종합정보시스템 기업회원 한함)
 ** 의견 및 인사이트 등록 기능 구현(의료기기산업 종합정보시스템 기업회원 한함)
 *** 게시물 내 사용자의 공감 버튼 기능 추가
 의료기기산업 육성 지원사업 관리 시스템 개선
 의료기기산업 육성 지원사업 성과관리 시스템 개선
 - 과제참여자별 성과 기입 및 과제별 성과 가시화 기능 구현(관리자 활용)

집단 소통할 수 있는 시스템 구축을 통한 이해관계자 소통체계 마련
 진흥원 의료기기산업 육성 과제 관리시스템 기능 개선을 통한 과제 담당자 및 사업 관리자 등의 업무 효율성 제고
 사용자 맞춤형 서비스 기능 개선 및 편의성 강화를 통한 의료기기산업 종합정보시스템 운영 활성화
Ⅱ. 사업 추진방안
 
1
 추진목표
 열린 소통 플랫폼 구현을 통한 이해관계자 소통체계 마련
 정보관리기관 시스템 개선 및 추가 기능 구현 등을 통한 플랫폼 개선
 
2
 추진체계
 추진 조직도 
 
관계 기관
주관기관
지원기관
의료기기 전문정보 취급기관

<의료기기산업 종합정보시스템 개선 방향>
 산-학-연-병 전문가 및 이해관계자 대상 열린 소통 플랫폼 구축
 의료기기산업 전문정보 지속적 품질 검토 및 추가 연계 정보 제공 기능 추가
 진흥원 의료기기산업 육성 지원사업 관리시스템 기능 개선
 
3
 과업내용
 의료기기산업 종합정보시스템 고도화(시스템 개선 및 신규 기능 추가)

제안요청서 요구사항 상세화(Ⅲ. 제안요청 내용 참조)
15
SW사업 적정 사업기간 산정
SW사업 적정 사업기간 산정하여 결과서 첨부(p.64)
16
투입인력 요구 및 관리 금지
명시하지 않음
17 
SW사업 영향평가
소프트웨어사업 영향평가 결과서 첨부(p.66~67)
18
SW사업정보 제출
SW사업 정보 데이터 제출 필요
 
Ⅰ. 사업 개요
 
1
 사업개요
 (사업명) 의료기기산업 종합정보시스템(정보관리기관) 기능개선 사업(올인원 플랫폼 구현 등)
 (사업금액) 50,000,000원(VAT 포함)",본 사업의 타겟 사용자 인터페이스는 '산-학-연-병 전문가 및 이해관계자'입니다.
국방과학연구소 '대용량 자료전송시스템 고도화' 용역의 전체 사업 예산 규모는 어떻게 책정되었습니까?,A,하,[],"제 안 요 청 서
 
사업명
대용량 자료전송시스템 고도화
주관기관
 
2024. 07.
 
 
담 당
소 속
Tel.
계약
재무실 내자팀
042-821-3827
실무
정보화기술실 정보보호팀
042-821-2461
 
※ 본 자료는 제안 내용의 설명을 위한 배포자료로, 이외의 목적으로 무단복제, 
 전달 및 사용하는 행위를 일절 금함.
 
 
 
목 차
 
Ⅰ. 사업개요 	 - 	 1
 1. 사업개요
 2. 추진배경 및 필요성
 3. 주요 사업내용
 4. 기대효과
Ⅱ. 사업내용	 - 	 3
 1. 추진전략
 2. 추진체계 및 역할

제 안 요 청 서
 
사 업 명
e-감사시스템 웹 호환성 및 기능보완
주관기관
 
 국방과학연구소
 
 
2024. 10.
 
계약 담당
재무실 내자팀
042-821-3827
사업 담당
감 사 실
042-821-2456
목 차
 
1. 사업 개요	 - 	 1
 가. 사업 정보	 - 	1
 나. 추진배경 및 필요성	 - 	1
 다. 사업 범위	 - 	1
 라. 기대 효과	 - 	2
2. 현황	 - 	 2
 가. 업무 현황	 - 	2
 나. 정보화 현황	 - 	2
3. 사업 추진방안	 - 	 3
 가. 추진목표	 - 	3

제 안 요 청 서
 
사 업 명
기록관리시스템 통합 활용 및 보안 환경 구축
주관기관
 
 국방과학연구소
2025. 1.
 
담당
계약담당
재무실
042-821-0449
업무담당
기술정보실
042-821-2931
목 차
 
Ⅰ. 사업 개요	 - 	 4
 1. 사업 정보	 - 	4
 2. 추진배경 및 필요성	 - 	4
 3. 주요 사업내용	 - 	5
 4. 기대효과	 - 	6
 5. 추진체계 및 역할	 - 	6
 6. 추진일정	 - 	7
 7. 대상 시스템 현황	 - 	8
Ⅱ. 제안요청 내용	 - 	 9

제 안 요 청 서
 
사 업 명
기록관리시스템 통합 관리 환경 구축 
주관기관
 
 국방과학연구소
2024. 4.
 
담당
계약담당
재무실
042-821-0449
업무담당
기술정보실
042-821-2931
목 차
 
Ⅰ. 사업 개요	 - 	 4
 1. 사업 정보	 - 	4
 2. 추진배경 및 필요성	 - 	4
 3. 주요 사업내용	 - 	5
 4. 기대효과	 - 	6
 5. 추진체계 및 역할	 - 	6
 6. 추진일정	 - 	7
 7. 대상 시스템 현황	 - 	8
Ⅱ. 제안요청 내용	 - 	 9
 1. 요구사항 목록	 - 	9

4. 기대효과
Ⅱ. 사업내용	 - 	 3
 1. 추진전략
 2. 추진체계 및 역할
 3. 추진일정
 4. 대상 시스템 현황
 5. 사업범위
Ⅲ. 제안요청 내용	 - 	 7
1. 요구사항 구분 및 총괄표
2. 요구사항 목록
3. 요구사항 상세
Ⅳ. 제안안내	 - 	 44
1. 입찰안내
2. 계약방법
3. 입찰참가자격
4. 제안서 평가 방법
5. 제출서류 및 제출방법
6. 제안요청 설명회
7. 제안서 평가
8. 제안서 보상
9. 입찰 유의사항
10. 보안사항
11. 기타 안내사항 
Ⅴ. 제안서 작성 안내	 - 	 55","이 사업의 전체 사업 예산 규모는 13,500,000원(천삼백만원)으로 책정되었습니다."
한국수자원공사의 '건설통합시스템(CMS) 고도화' 과정이 기존에 파편화되었던 현장 안전관리 모듈을 대체하여 최종적으로 통합하려는 단일 아키텍처의 목표는 무엇인가요?,A,중,[],"관리
번호
원본 또는 사본
FY - 2024
건설통합시스템(CMS) 고도화
과업지시서
 
 
 
 
 기 술 기 획 처
 
 
목 차
 
 Ⅰ. 
 과업설명서
 
 Ⅱ. 
 일반과업지시서
 
 Ⅲ. 
 특별과업지시서
 
 Ⅳ. 
 예정공정표
 
 
 
 
 Ⅰ. 
 과업설명서
 
1. 과업명 : 건설통합시스템(CMS) 고도화
2. 과업목적
 사업부서의 니즈 적극 해소 및 업무경감을 위한 건설통합시스템(CMS) 고도화
(위원회 운영) 디지털 서류 기반 평가로 서류 간소화, 심사-심의-평가 업무의 편의성 및 신뢰성 확보

(2) 수자원 영상위성 시스템과 활용 인프라의 통합 지원
 (3) 수자원 영상위성 시스템 통합 시험 및 인수 시험 지원
 (4) 통합상황실 인프라구축
4. 기대효과
 가. 수자원 영상위성의 효율적 활용을 위한 운영체계 개발을 통하여 수자원관리, 수재해(홍수, 가뭄) 감시 역량을 강화
 나. 수자원-우주-ICT 등 융복합 첨단기술의 활용을 통해 물관리의 새로운 패러다임으로 확장 및 국민 물복지를 구현
 
< 수자원 영상위성 운영시스템 구축 >
5. 과업 수행기간 : 착수일로부터 36개월(1,080일)

나. 수자원 영상위성에서 수집되고 생성된 정보를 활용하여 대국민 서비스 기반 구축
 다. 수자원 관리 및 수재해 감시 역량 강화를 위하여 체계적이고 효율적인 업무수행 기반을 검증하고 물분야 국내 위성산업의 미래성장동력을 확대 
 라. 물관련 재해 피해규모 경감을 통한 물안보 제고 및 물분야 글로벌 경쟁력 확보
 
< 사업추진 목표 및 주요 핵심과제 >
3. 과업범위
 가. 수자원 영상위성 활용시스템 구축
 (1) 자료 수집/배포 시스템 개발
 - 네트워크 보안에 따라 위성망/인터넷망 분리 구축

(5) 활용산출물 처리시스템 통합 및 연계
 - 홍수-가뭄-안전-수변지역의 효과적인 모니터링을 위한 산출정보 구현
 - 활용 산출물(Level-3, 4) 생산-표출 알고리즘 선행연구사업 산출물 연계시스템 구현
 나. 수자원 영상위성 운영인프라 구축
 (1) 수자원 영상위성 자료 수집 및 활용을 위한 체계 설계 및 구축
 - 수자원 영상위성 운영을 위한 관련 시스템 설계, 서버, 네트워크 및 보안장비, 스토리지 전산시스템, 시스템 접근감시, 백신 등
 (2) 수자원 영상위성 시스템과 활용 인프라의 통합 지원

(자동화)
 
위원회 개최
 
결과
보고
 
결과
통보
 
이의
신청
관리
 
실적
관리
온라인 평가
실시간 집계
심사부서
심사부서
사업부서
계약부서
사업부서
사업부서
심사부서
심사부서
심사부서
심사부서
심사부서
심사부서
심사부서
 건설사업관리용역(감리) 관리 프로세스(감리원↔시공사 사업관리) 구축
 * (기존) 내부시스템(CMS)에서 직접 감독 사업만 시스템 활용 가능
 * (개선) 외부시스템(CTS)에서 감리원의 사업관리-감독 기능 활용 가능
4. 과업범위
 위원회
업무별 수요조사 및 사전협의를 할 수 있는 기능 구축","최종 목표는 모든 '건설사업의 안전관리, 심사, 평가, 보고 등'을 한 곳에서 통합 관리하는 '건설사업 안전관리 통합시스템(AIMS)'을 구축하기 위해 기존 파편화된 시스템을 대체하고 통합하는 것입니다."
한국보건산업진흥원의 의료기기 시스템 고도화 사업에서 '통계 추출 속도의 병목 제거'를 위해 개발자가 필수로 조정해야 하는 내부 DB 아키텍처의 조치 사항은 무엇입니까?,A,중,[],"2
 추진체계
 추진 조직도 
 
관계 기관
주관기관
지원기관
의료기기 전문정보 취급기관
한국보건산업진흥원
의료기기화장품산업단
한국보건산업진흥원
경영지원실
사업자
선정예정
(수행기관)
 조직 구성별 역할
 
구 분
추진조직
주요 역할
주관기관
의료기기
산업혁신팀
관계기관 정보 협조 논의, 고도화 사업 관리 등
지원기관
정보화전략팀
고도화 사업 검토 등 지원 
관계기관 
의료기기 전문정보 취급기관
의료기기 전문 데이터 제공 등
사업자
선정예정
의료기기산업 종합정보시스템 고도화 작업 수행 등

1. 공공기관의 운영에 관한 법률 제4조에 따른 공공기관 또는 비영리법인일 것
 2. 보건복지부장관 또는 식품의약품안전처장이 혁신의료기기의 연구개발 관련 정보의 전문적인 관리에 필요하다고 인정하여 고시하는 인력 및 장비를 갖출 것
 (필요성) 정보관리기관 추가 기능 구현 및 고도화를 통한 의료기기 전문정보 관리 효율성 증대 및 플랫폼 활성화 도모 
 정보 제공 다양화, 과제 관리제도 활성화, 데이터 활용 활성화 등 기능 강화 및 추가하여 정보관리기관의 정보 활용 가치 확산
 
<의료기기산업 종합정보시스템 개선 방향>

한국보건산업진흥원은 공정한 거래와 상생문화를 정착하고 확산하도록 
아래의 내용을 준수합 니다.
 
(1) 명확하고 상세한 요구사항 정의를 통해 적정한 사업 원가 및 기간을 산정하고 절차에 따라 적정한 대가를 지급합니다.
 
(2) 사업 수행 시 적정 사업 수행 기간을 확보하여 사업을 추진하며 사업 내용에 변경이 있는 경우 상호 충분히 협의하고 과업심의위원회를 통해 사업 변경을 진행하겠습니다.
 
(3) 정보화 사업 특성에 맞는 유연한 근무환경을 조성할 수 있도록 원격지 개발을 우선적으로 검토하겠습니다.

제 안 요 청 서 
 
사 업 명
MIS 복무관리시스템 기능 개선을 위한 고도화사업
주관기관
한국보건산업진흥원
2024. 08.
 
담당
인력개발실
실 장 김 명 환
Tel 043-713-8203
담 당 자 백 지 수
Tel 043-713-8256
 
 목 차 -
 I. 사업안내
 1. 사업개요	 - 	 2 
 2. 추진배경 및 필요성	 - 	 2 
 3. 사업 내용	 - 	 2 
 4. 기대효과 	 - 	 3 
Ⅱ. 사업추진방안
 1. 추진목표	 - 	 5 
 2. 추진전략	 - 	 5 
 3. 추진체계	 - 	 5

(사업금액) 50,000,000원(VAT 포함)
 (사업기간) 계약체결일로부터 120일
 (사업공고) 제한경쟁(총액) 협상에 의한 계약
 - (입찰방식) 제한경쟁(긴급입찰)
 - (낙찰자 결정방식) 협상에 의한 낙찰자 선정(기술 90, 가격 10)
 
2
 추진배경 및 필요성
 (추진 배경) 한국보건산업진흥원, 혁신의료기기 연구개발 정보관리기관으로 지정
 의료기기산업법 제26조에 따라 혁신의료기기 연구개발 정보관리기관(이하 ‘정보관리기관’)으로 ‘한국보건산업진흥원’ 지정(’21.10.5)*",본 사업에서는 기존 불량 성능인 '통계 추출 속도 병목' 문제를 해결하기 위하여 개발자가 수행해야 할 핵심 조치는 외부 사용자 요청에 대한 데이터 쿼리 부하를 분산시키기 위해 내부 데이터베이스의 '통계 결과 테이블을 분리하는 데이터 재설계'입니다.
"울산광역시 버스정보시스템 확대 구축 용역(9.87억)을 이행할 때, 초기 발주 장비 선금으로 전체 예산의 25%가 공제되고, 소프트웨어 유지보수 잔여 예비비로 15%가 남겨진다면, 실질적인 중도 구축 과정에 투입 가능한 중간 운용 자산의 가액은 얼마입니까?",A,상,[],"다. 사업예산 : 986,945,000원(금구억팔천육백구십사만오천원)
 라. 계약방법 : 제한경쟁입찰(협상에 의한 계약) 
2. 추진배경 및 필요성
 가. 버스정보시스템(이하 BIS)의 시범운영(2005년) 이후 대중교통 이용편의를 제공하기 위해 2006년부터 2023년까지 버스정류장 1,647개소에 버스정보단말기(이하 BIT)를 구축하여 운영하고 있으며, 시민들의 지속적인 확대 요구에 따라 미설치 버스정류장에 BIT를 확대 설치하고 시내-좌석-리무진버스 뿐만 아니라 지선-마을버스까지 BIS를 확대 운영하고 있음.

[붙임 6] 소프트웨어 보안약점 기준	 - 	116
[붙임 7] 소프트웨어사업 하도급 계획서	 - 	122
[붙임 8] 분야별 보안요구사항 및 보안대책	 - 	123
 
Ⅰ 
 사업개요
 1. 사업일반
 가. 사 업 명 : 2024년 버스정보시스템 확대 구축 및 기능개선
 나. 사업기간 : 착수일로부터 5개월
 ※ 본 사업은 소프트웨어 진흥법 제45조(적정 사업기간 산정 등) 및 소프트웨어사업 계약 및 관리감독에 관한 지침 제10조(적정 사업기간의 산정)에 따라 ‘소프트웨어 개발사업 적정 사업기간 산정기준’에 따른 사업임

아. 울산광역시 버스정보시스템의 원활한 운영이 가능하도록 현재 운영되고 있는 기존 시스템과 호환이 되어야 하며, 이에 따른 제반비용은 제안업체에서 부담함
 자. 납품일 기준으로 최신의 사양을 납품하여야 하며 준공일을 기준으로 12개월 이내에 단종 되어서는 안 됨. 단종될 시 하자 및 사업 이후라도 단종예정 및 계획 3개월 전에 미리 발주처에 통보하여야 함
 차. 본 사업은 소프트웨어 진흥법 제43조에 따라 “소프트웨어사업 영향평가“를 미리 실시한 사업임([붙임 5] 참고)

내용
현장시스템
현장장비
버스정보안내단말기 철거 : 70대
버스정보안내단말기 제작 및 설치
 - 소형 쉘터형 : 50대
 - 소형 독립형 : 30대
 - 중형 쉘터형 : 38대
 - 중형 독립형 : 4대
 - 대형 쉘터형 : 8대
통신주 설치 : 3개소
전원 및 접지 : 60개소
버스정보시스템
(BIS)
소프트웨어
BIS 프로그램 기능개선 : 1식
 - 문자혼용 노선번호 표출
 - 회차지 대기 서비스 표출
4. 추진체계
 가. 추진체계 구성도
 
사업총괄
유관기관
울산광역시
(교통기획과)
구-군
사업수행
협조
시행사(계약업체)

2024년 버스정보시스템 확대 구축 및 기능개선 사업
제 안 요 청 서
2024. 5.","초기 예산인 987,450,000원의 75%(0.25 * 987,450,000) = 620,875,000원이 발주 장비로 공제되었으며, 그 후 잔여 예비비는 85%(0.85 * 620,875,000) = 527,743,750원이 남습니다."
고려대학교 차세대 포털·학사 정보시스템 사업비(약 112.7억)와 한국수자원공사 건설통합시스템 고도화 사업비(약 7.8억) 간의 투자 예산 금액 격차는 얼마인가요?,B,하,[],"관리
번호
원본 또는 사본
FY - 2024
건설통합시스템(CMS) 고도화
과업지시서
 
 
 
 
 기 술 기 획 처
 
 
목 차
 
 Ⅰ. 
 과업설명서
 
 Ⅱ. 
 일반과업지시서
 
 Ⅲ. 
 특별과업지시서
 
 Ⅳ. 
 예정공정표
 
 
 
 
 Ⅰ. 
 과업설명서
 
1. 과업명 : 건설통합시스템(CMS) 고도화
2. 과업목적
 사업부서의 니즈 적극 해소 및 업무경감을 위한 건설통합시스템(CMS) 고도화
(위원회 운영) 디지털 서류 기반 평가로 서류 간소화, 심사-심의-평가 업무의 편의성 및 신뢰성 확보

마. 공동수급체 구성
본 사업에서 전체 사업금액 대비 10%를 초과하여 하도급하려는 경우, 소프트웨어 진흥법 제51조 제6항에 따라 하수급인과 공동수급체를 구성하여 참여해야 하며, 공동수급체를 구성하지 못하는 불가피한 사정이 있는 경우 그 사유를 제시하여야 함
 1.1.7 사업자 선정 방식
 가. 본 사업의 사업자 선정은 국가를 당사자로 하는 계약에 관한 법률 시행령 제43조 및 제43조의2의 규정에 따라 한국수자원공사(이하 “K-water”라 함) 협상에 의한 계약 체결기준 을 적용함

3. 제안요청 내용
 3.1 과업수행 개요
 3.2 과업 요구사항
[별첨] 제안서 평가기준 및 작성양식
1. 제안공모 개요
 1.1 일반사항
 1.1.1 사업개요
 가. 사 업 명 : 수도 Digital Twin+ 시스템 구축 ISP 수립 용역
 나. 사업기간 : 착수일로부터 180일
 다. 사업금액 : 364,100천원
 
 ※ 본 사업은 소프트웨어 진흥법 제50조 에 따라 과업심의위원회를 개최한 사업으로 계약상대자는 계약내용 변경이 필요한 경우 과업(변경)심의위원회 개최를 요청할 수 있음
 라. 사업범위

1. 제안공모 개요
 1.1 일반사항
 1.1.1 사업개요
 가. 사 업 명 : 수도사업장 통합 사고분석솔루션 시범구축 용역
 나. 사업금액 : 일금 일억구천오백삼만원정( 195,030,000, VAT포함)
 다. 사업기간 : 착수일로부터 120일간
※ [붙임 1] 소프트웨어 개발사업의 적정 사업기간 종합 산정서 참조
 라. 구축장소 : 수도통합지원센터(iSC), 유역별 1개소 시범사업장
 마. 사업범위
 (1) 수도사업장 운영, 경보, 제어, 영상정보 통합관리체계 개발	- - 		- - 	1식

나. 수자원 영상위성에서 수집되고 생성된 정보를 활용하여 대국민 서비스 기반 구축
 다. 수자원 관리 및 수재해 감시 역량 강화를 위하여 체계적이고 효율적인 업무수행 기반을 검증하고 물분야 국내 위성산업의 미래성장동력을 확대 
 라. 물관련 재해 피해규모 경감을 통한 물안보 제고 및 물분야 글로벌 경쟁력 확보
 
< 사업추진 목표 및 주요 핵심과제 >
3. 과업범위
 가. 수자원 영상위성 활용시스템 구축
 (1) 자료 수집/배포 시스템 개발
 - 네트워크 보안에 따라 위성망/인터넷망 분리 구축","두 사업의 예산 격차는 약 104,920,000원입니다."
"국방과학연구소 기록관리시스템 보안 구축 비용(282,300,000원)과 대용량 자료전송시스템 비용(316,800,000원)을 합산한 통합 예산의 크기는 얼마입니까?",B,하,[],"제 안 요 청 서
 
사 업 명
기록관리시스템 통합 활용 및 보안 환경 구축
주관기관
 
 국방과학연구소
2025. 1.
 
담당
계약담당
재무실
042-821-0449
업무담당
기술정보실
042-821-2931
목 차
 
Ⅰ. 사업 개요	 - 	 4
 1. 사업 정보	 - 	4
 2. 추진배경 및 필요성	 - 	4
 3. 주요 사업내용	 - 	5
 4. 기대효과	 - 	6
 5. 추진체계 및 역할	 - 	6
 6. 추진일정	 - 	7
 7. 대상 시스템 현황	 - 	8
Ⅱ. 제안요청 내용	 - 	 9

제 안 요 청 서
 
사 업 명
기록관리시스템 통합 관리 환경 구축 
주관기관
 
 국방과학연구소
2024. 4.
 
담당
계약담당
재무실
042-821-0449
업무담당
기술정보실
042-821-2931
목 차
 
Ⅰ. 사업 개요	 - 	 4
 1. 사업 정보	 - 	4
 2. 추진배경 및 필요성	 - 	4
 3. 주요 사업내용	 - 	5
 4. 기대효과	 - 	6
 5. 추진체계 및 역할	 - 	6
 6. 추진일정	 - 	7
 7. 대상 시스템 현황	 - 	8
Ⅱ. 제안요청 내용	 - 	 9
 1. 요구사항 목록	 - 	9

제 안 요 청 서
 
사업명
대용량 자료전송시스템 고도화
주관기관
 
2024. 07.
 
 
담 당
소 속
Tel.
계약
재무실 내자팀
042-821-3827
실무
정보화기술실 정보보호팀
042-821-2461
 
※ 본 자료는 제안 내용의 설명을 위한 배포자료로, 이외의 목적으로 무단복제, 
 전달 및 사용하는 행위를 일절 금함.
 
 
 
목 차
 
Ⅰ. 사업개요 	 - 	 1
 1. 사업개요
 2. 추진배경 및 필요성
 3. 주요 사업내용
 4. 기대효과
Ⅱ. 사업내용	 - 	 3
 1. 추진전략
 2. 추진체계 및 역할

제 안 요 청 서
 
사 업 명
e-감사시스템 웹 호환성 및 기능보완
주관기관
 
 국방과학연구소
 
 
2024. 10.
 
계약 담당
재무실 내자팀
042-821-3827
사업 담당
감 사 실
042-821-2456
목 차
 
1. 사업 개요	 - 	 1
 가. 사업 정보	 - 	1
 나. 추진배경 및 필요성	 - 	1
 다. 사업 범위	 - 	1
 라. 기대 효과	 - 	2
2. 현황	 - 	 2
 가. 업무 현황	 - 	2
 나. 정보화 현황	 - 	2
3. 사업 추진방안	 - 	 3
 가. 추진목표	 - 	3

7. 대상 시스템 현황	 - 	8
Ⅱ. 제안요청 내용	 - 	 9
 1. 요구사항 목록	 - 	9
 2. 요구사항 상세	 - 	11
 가. 기능 요구사항	 - 	11
 나. 데이터 요구사항	 - 	19
 다. 전략 및 방법론 요구사항	 - 	22
 라. 시스템 요구사항	 - 	23
 마. 테스트 요구사항	 - 	23
 바. 인터페이스 요구사항	 - 	25
 사. 성능 및 품질 요구사항	 - 	26
 아. 보안 요구사항	 - 	27
 자. 프로젝트 관리 요구사항	 - 	30
 차. 프로젝트 지원 요구사항	 - 	32","두 기관에서 투입하는 총 예산 금액은 598,100,000원입니다."
"(주)에스알의 예약발매시스템(ISMP) 사업과 을지대학교 비교과시스템 개발 사업 간, 자체 예산액이 수치로 명시된 곳은 어디인가요?",B,하,[],"을지대학교 
비교과시스템 개발사업 제안요청서
 
 
2024. 11. 
을 지 대 학 교
 목 차 
 
Ⅰ. 사업 개요	 - 	4
 1. 사업개요	 - 	4
 2. 사업범위	 - 	4
 
Ⅱ. 현황	 - 	5
 1. 정보화 현황	 - 	5
Ⅲ. 사업 추진방안	 - 	7
 1. 추진목표	 - 	7
 2. 추진전략	 - 	7
 3. 추진일정	 - 	9
 4. 추진방안	 - 	10
Ⅳ. 제안요청 내용	 - 	11
 1. 제안요청 개요	 - 	11
 2. 구축 범위	 - 	14
 3. 개발지원 목록 	 - 	17

을지대학교 
학부제시스템 개발사업 제안요청서
 
 
2024. 6. 
을 지 대 학 교
 목 차 
 
Ⅰ. 사업 개요	 - 	4
 1. 사업개요	 - 	4
 2. 사업범위	 - 	4
 
Ⅱ. 현황	 - 	6
 1. 일반 현황	 - 	6
 2. 정보화 현황	 - 	6
Ⅲ. 사업 추진방안	 - 	8
 1. 추진목표	 - 	8
 2. 추진전략	 - 	8
 3. 추진일정	 - 	10
 4. 추진방안	 - 	11
Ⅳ. 제안요청 내용	 - 	12
 1. 제안요청 개요	 - 	12
 2. 구축 범위	 - 	15

3. 책임의 한계	 - 	78
4. 분쟁의 해결	 - 	79
5. 개발 S/W의 공동 활용 사전명시에 관한 사항	 - 	79
6. 하자 담보 책임기간 및 범위에 관한 사항	 - 	79
Ⅷ. 참조 자료	 - 	80
[참조 1]사업자 보안위규 처리기준	 - 	80
[참조 2]보안위약금 부과 기준	 - 	82
[참조 3]누출금지 대상정보 누출 시 제재조치 사항	 - 	83
Ⅸ. 붙임 서식	 - 	84

1. 제안요청 개요	 - 	12
 2. 구축 범위	 - 	15
 3. 개발지원 목록 	 - 	17
 4. 상세요구사항	 - 	18
 가. 요구사항 총괄표	 - 	18
 나. 요구사항 목록표	 - 	18
 다. 요구사항 내용	 - 	22
1) 기능 요구사항	 - 	22
2) 시스템장비구성 요구사항	 - 	43
3) 성능 요구사항	 - 	46
4) 보안 요구사항	 - 	47
5) 품질 요구사항	 - 	51
6) 제약사항	 - 	52
7) 프로젝트관리 요구사항	 - 	53
8) 프로젝트지원 요구사항	 - 	58

2. 구축 범위	 - 	14
 3. 개발지원 목록 	 - 	17
 4. 상세요구사항	 - 	15
 가. 요구사항 목록표	 - 	15
 나. 요구사항 내용	 - 	18
1) 기능 요구사항	 - 	18
2) 보안 요구사항	 - 	49
3) 품질 요구사항	 - 	52
4) 제약사항	 - 	52
5) 프로젝트관리 요구사항	 - 	54
6) 프로젝트지원 요구사항	 - 	59
Ⅴ. 제안서 작성요령	 - 	62
 1. 제안서의 효력 	 - 	62
 2. 제안서 작성지침 및 유의사항	 - 	62
 3. 제안서 목차	 - 	66","예산액이 명시된 곳은 (주)에스알 ISMP 사업은 '입찰공고서'에 50,000,000원으로 명시되어 있습니다. 반면, 을지대 대학 비교과시스템 개발 사업은 해당 문서에서 직접 예산액이 기재되지 않았습니다."
울산광역시 버스정보시스템 구축(약 9.87억) 사업과 한국보건산업진흥원 의료기기 정보시스템(0.5억) 중에서 기술 고도화에 월등히 많은 재원이 책정된 발주처는 어디인가요?,B,하,[],"아. 울산광역시 버스정보시스템의 원활한 운영이 가능하도록 현재 운영되고 있는 기존 시스템과 호환이 되어야 하며, 이에 따른 제반비용은 제안업체에서 부담함
 자. 납품일 기준으로 최신의 사양을 납품하여야 하며 준공일을 기준으로 12개월 이내에 단종 되어서는 안 됨. 단종될 시 하자 및 사업 이후라도 단종예정 및 계획 3개월 전에 미리 발주처에 통보하여야 함
 차. 본 사업은 소프트웨어 진흥법 제43조에 따라 “소프트웨어사업 영향평가“를 미리 실시한 사업임([붙임 5] 참고)

내용
현장시스템
현장장비
버스정보안내단말기 철거 : 70대
버스정보안내단말기 제작 및 설치
 - 소형 쉘터형 : 50대
 - 소형 독립형 : 30대
 - 중형 쉘터형 : 38대
 - 중형 독립형 : 4대
 - 대형 쉘터형 : 8대
통신주 설치 : 3개소
전원 및 접지 : 60개소
버스정보시스템
(BIS)
소프트웨어
BIS 프로그램 기능개선 : 1식
 - 문자혼용 노선번호 표출
 - 회차지 대기 서비스 표출
4. 추진체계
 가. 추진체계 구성도
 
사업총괄
유관기관
울산광역시
(교통기획과)
구-군
사업수행
협조
시행사(계약업체)

Ⅱ 
 제안요청 내용
1. 일반사항
 가. 본 제안요청서는 2024년 버스정보시스템(BIS) 확대 구축 및 기능개선사업 에 대한 제안을 받기 위한 것으로 울산광역시 요구사항을 충분히 검토한 후 요구기능이 포함된 제안서를 작성하여 제시하여야 함
 나. 제안서에는 사업계획과 제안요청 제반사항에 대해 제안사의 추진 전략, 추진 체계, 추진 계획 등이 구체적으로 제시되어야 함

다. 사업예산 : 986,945,000원(금구억팔천육백구십사만오천원)
 라. 계약방법 : 제한경쟁입찰(협상에 의한 계약) 
2. 추진배경 및 필요성
 가. 버스정보시스템(이하 BIS)의 시범운영(2005년) 이후 대중교통 이용편의를 제공하기 위해 2006년부터 2023년까지 버스정류장 1,647개소에 버스정보단말기(이하 BIT)를 구축하여 운영하고 있으며, 시민들의 지속적인 확대 요구에 따라 미설치 버스정류장에 BIT를 확대 설치하고 시내-좌석-리무진버스 뿐만 아니라 지선-마을버스까지 BIS를 확대 운영하고 있음.

나. 시내버스 재정지원금 집행실적 검증용역의 체계화 및 편의성 증진
3. 사업범위
 가. 공간적 범위 : 울산광역시 시내버스 운송업체(18개사)
 나. 시간적 범위 : 2024년
4. 주요내용
 가. 적자노선 업체별‧노선별 정산 기능 개발
 나. 보조금 집행현황 관리 기능 개선
 다. 교통카드 수입관리 기능 개선
 라. 벽지‧이용불편구간 관리 및 정산 기능 개발
 마. 노선관리 기능 개선 등
5. 기대효과
 가. 시스템 기능 개선으로 인한 사용자 만족도 및 업무 효율성 증대",발주처가 기술 고도화를 위해 약 10억 원 이상의 예산을 투입하는 사업은 울산광역시 버스정보시스템 구축입니다.
(사)보험개발원의 실손보험 전산화 체계와 한국생산기술연구원의 2세대 전자조달시스템은 모두 국가 범위의 '인프라 혁신'을 추진합니다. 기존에 각각 어떤 방식의 수기(Manual) 체계를 전자(Digital)로 탈바꿈시키는지 그 대상 매개체를 대조해 보십시오.,B,중,[],"시스템 운영 
 - 운영교육 및 기술이전
 - 실손보험 청구 전산화 시스템 운영
 - 시스템 유지보수
※ 상기 추진 일정은 사업추진 과정에서 협의-조정될 수 있음
 
Ⅳ
 제안 요청 내용
1. 목표 업무 프로세스
 ‘실손보험 청구 전산화’란?
 o 실손보험에 가입한 환자가 요청하면 요양기관이 진료내역 등을 전자문서 형태로 제3의 전송대행기관을 거쳐 보험계약을 체결한 보험사에 보내는 방식
 실손보험 청구 전산화 업무 구성 및 절차
 
실손보험 청구 전산화 업무 구성 및 절차

o (보험사 업무 비효율성) 입수한 서류 시스템 입력 및 검증에 다수 인력 소요 및 심사 후 종이문서 보관하는 형태의 비효율성 존재
 o (보험사 업무 지연) 서류가 불일치하거나 부정확한 경우가 많아 재요청해야 하여 업무 지연
 
Ⅲ
 사업추진체계 및 일정
1. 추진 방향
 이용자 중심의 편리한 실손보험 보험금 청구 서비스 수립
 안심하고 이용할 수 있는 개인정보 및 의료데이터 유통체계 구축
 365일 24시간 이용할 수 있는 대국민포털 구축
2. 사업추진체계
 
(주관기관)
보험개발원
정보시스템 감리
사업수행업체
 
구 분

기존 종이서류 및 스캔문서 데이터의 수기 입력 감소에 따른 업무 프로세스 개선 및 인건비 절감
 실손보험 보험금 청구 전산화에 따른 청구율 증가
 
Ⅱ
 업무현황
1. 실손보험 청구 현황 
 실손보험 청구 현행 업무 흐름
 
실손보험 청구 현행 업무 흐름도

실손보험 청구 전산화 업무 구성 및 절차
 
실손보험 청구 전산화 업무 구성 및 절차
 (진료내역 조회 요구) ‘실손보험 청구권자’는 ‘종합포털’에서 3년 이내 병원에 방문한 진료내역 조회 요구
 - 청구권자는 본인인증 후 진료내역 조회를 요구할 수 있음
 (진료내역 전송) 전송대행기관은 요양기관에 진료내역을 전송받아 청구자가 종합포털에서 조회할 수 있도록 함

o 이번 개정 법률은 요양기관과 보험사 간 전송대행기관을 두고 청구 전산화를 구현하는 것으로 별도 시스템 구축을 필요로 하고 있음
3. 실손보험 청구 전산화 시스템 개요
 참여기관 : 전국 요양기관(병의원 및 약국), 실손보험계약을 보유 또는 보유예정인 보험사
 
 
실손보험 청구 전산화 시스템 개념도
 주요기능
 o 진료를 받은 보험가입자의 요청에 따라 요양기관에서 보험사로 보험금 청구 필요서류를 전자적 방법으로 전송
 o 전송대행기관은 요양기관으로부터 전자문서를 수신받아 가입보험사로 전달","보험개발원(보험청구)에서는 기존의 수기 기반 '환자 진료 내역, 보험 청구서 등'을 전자망을 통해 '전자문서 전송'으로 탈바꿈시킵니다. 반면에 한국생산기술연구원(전자조달)은 기존의 수기 기반 '계약서, 납품서, 구매서류 등'을 전자망을 통해 '전자서류 전송'으로 탈바꿈시킵니다."
한국수자원공사의 사고분석솔루션 시범구축과 국방과학연구소 대용량 자료전송시스템 모두 안정적인 '대용량 데이터의 이관 및 복원 접근성'을 극대화한다는 목표가 같습니다. 양자가 취급하는 핵심 대용량 데이터의 물리적 원천은 어떻게 다릅니까?,B,중,[],"(2) 통합 사고분석솔루션 웹서비스 시범구축 	- - 		- - 		- - 		- - 	1식
 1.1.2 제안참가 자격 : 입찰공고문에 따름
 1.1.3 수행방법 : 도급용역
 1.1.4 과업수행 장소
 가. 계약상대자는 SW사업 수행을 위하여 필요한 장소 및 설비, 기타 작업환경(이하 “작업장소 등” 이라고 한다)을 상호 협의하여 결정한다.

1. 제안공모 개요
 1.1 일반사항
 1.1.1 사업개요
 가. 사 업 명 : 수도사업장 통합 사고분석솔루션 시범구축 용역
 나. 사업금액 : 일금 일억구천오백삼만원정( 195,030,000, VAT포함)
 다. 사업기간 : 착수일로부터 120일간
※ [붙임 1] 소프트웨어 개발사업의 적정 사업기간 종합 산정서 참조
 라. 구축장소 : 수도통합지원센터(iSC), 유역별 1개소 시범사업장
 마. 사업범위
 (1) 수도사업장 운영, 경보, 제어, 영상정보 통합관리체계 개발	- - 		- - 	1식

수도사업장 통합 사고분석솔루션 시범구축 용역
제안요청서
(RFP : Request For Proposal)
2024. 5.
 
 유역-지방상수도처
 
- 목 차 -
1. 제안공모 개요
 1.1 일반사항
 1.2 제안참가 안내
 1.3 제안요구 사항
 1.4 제안서 작성요령
 1.5 기타사항
2. 제안자를 위한 정보
 2.1 K-water 일반정보
 2.2 대상시스템 현황
3. 제안요청 내용
 3.1 과업수행개요
 3.2 과업범위
[별첨] 제안서 평가기준 및 작성양식
 1. 제안공모 개요
 1.1 일반사항
 1.1.1 사업개요

나. 수자원 영상위성에서 수집되고 생성된 정보를 활용하여 대국민 서비스 기반 구축
 다. 수자원 관리 및 수재해 감시 역량 강화를 위하여 체계적이고 효율적인 업무수행 기반을 검증하고 물분야 국내 위성산업의 미래성장동력을 확대 
 라. 물관련 재해 피해규모 경감을 통한 물안보 제고 및 물분야 글로벌 경쟁력 확보
 
< 사업추진 목표 및 주요 핵심과제 >
3. 과업범위
 가. 수자원 영상위성 활용시스템 구축
 (1) 자료 수집/배포 시스템 개발
 - 네트워크 보안에 따라 위성망/인터넷망 분리 구축

- 네트워크 보안에 따라 위성망/인터넷망 분리 구축
 * 위성망/인터넷망 구성에 대한 네트워크 설계 및 구축은 환경부 방침에 따라 변경될 수 있음
 - 생성된 활용 산출물의 유관기관 배포 기능
 - 부가자료 수집 및 산출물 배포 기능
 (2) 통합운영감시제어 시스템 개발
 - 시스템 통합 제어감시 개발
 - 운영 현황 통합 파악을 위한 대시보드 UI 설계
 (3) 자료관리시스템 설계 및 개발
 - 수자원 영상위성 자료의 통합관리 및 스토리지로 효율적인 관리
 - 위성 메타데이터 관리 DB 구축을 통한 자료관리 시스템 개발","한국수자원공사는 수자원 영상위성 데이터를 관제하고 감시하며, 국방과학연구소는 연구 데이터를 전송합니다. 따라서 한국수자원공사는 수자원 영상위성 데이터를 관제하고 감시하는 데 사용되는 '수자원 영상위성 데이터 센터'를 원천으로 삼고, 국방과학연구소는 연구 데이터를 전송하는 데 사용하는 '국방과학연구소 전파망 데이터 센터'를 원천으로 삼습니다."
"고려대학교의 대규모 학사 정보 차세대 포털 사업비와 울산광역시의 대형 버스정보시스템 확장 사업비를 먼저 합산한 금액을 명시하십시오. 나아가 을지대학교 비교과시스템 개발 사업과 고려대(학사) 포털 구축 사업을 교차 비교할 때, '단일 행정 지원' VS '대학 종합 학사 체계 전면 재구축'의 개발 포커스 차이가 발생하는 핵심 배경을 학생 서비스 측면에서 논증하세요.",B,상,[],"2024년 버스정보시스템 확대 구축 및 기능개선 사업
제 안 요 청 서
2024. 5.

내용
현장시스템
현장장비
버스정보안내단말기 철거 : 70대
버스정보안내단말기 제작 및 설치
 - 소형 쉘터형 : 50대
 - 소형 독립형 : 30대
 - 중형 쉘터형 : 38대
 - 중형 독립형 : 4대
 - 대형 쉘터형 : 8대
통신주 설치 : 3개소
전원 및 접지 : 60개소
버스정보시스템
(BIS)
소프트웨어
BIS 프로그램 기능개선 : 1식
 - 문자혼용 노선번호 표출
 - 회차지 대기 서비스 표출
4. 추진체계
 가. 추진체계 구성도
 
사업총괄
유관기관
울산광역시
(교통기획과)
구-군
사업수행
협조
시행사(계약업체)

다. 사업예산 : 986,945,000원(금구억팔천육백구십사만오천원)
 라. 계약방법 : 제한경쟁입찰(협상에 의한 계약) 
2. 추진배경 및 필요성
 가. 버스정보시스템(이하 BIS)의 시범운영(2005년) 이후 대중교통 이용편의를 제공하기 위해 2006년부터 2023년까지 버스정류장 1,647개소에 버스정보단말기(이하 BIT)를 구축하여 운영하고 있으며, 시민들의 지속적인 확대 요구에 따라 미설치 버스정류장에 BIT를 확대 설치하고 시내-좌석-리무진버스 뿐만 아니라 지선-마을버스까지 BIS를 확대 운영하고 있음.

[붙임 6] 소프트웨어 보안약점 기준	 - 	116
[붙임 7] 소프트웨어사업 하도급 계획서	 - 	122
[붙임 8] 분야별 보안요구사항 및 보안대책	 - 	123
 
Ⅰ 
 사업개요
 1. 사업일반
 가. 사 업 명 : 2024년 버스정보시스템 확대 구축 및 기능개선
 나. 사업기간 : 착수일로부터 5개월
 ※ 본 사업은 소프트웨어 진흥법 제45조(적정 사업기간 산정 등) 및 소프트웨어사업 계약 및 관리감독에 관한 지침 제10조(적정 사업기간의 산정)에 따라 ‘소프트웨어 개발사업 적정 사업기간 산정기준’에 따른 사업임

나. 시내버스 재정지원금 집행실적 검증용역의 체계화 및 편의성 증진
3. 사업범위
 가. 공간적 범위 : 울산광역시 시내버스 운송업체(18개사)
 나. 시간적 범위 : 2024년
4. 주요내용
 가. 적자노선 업체별‧노선별 정산 기능 개발
 나. 보조금 집행현황 관리 기능 개선
 다. 교통카드 수입관리 기능 개선
 라. 벽지‧이용불편구간 관리 및 정산 기능 개발
 마. 노선관리 기능 개선 등
5. 기대효과
 가. 시스템 기능 개선으로 인한 사용자 만족도 및 업무 효율성 증대","두 사업의 총 합산 예산은 각각 986,945,000원(울산)과 245,500,000원(고려)을 더하면 1,232,445,000원이 됩니다. 고려대는 학생들이 학사 과정 전체를 통합적으로 관리하는 '종합 학사 체계 전면 재구축'을 목표로 하는 반면, 울산은 버스 안내 정보망을 통해 학생들이 버스 타기 중 불편을 최소화하는 '단일 행정 지원'을 목표로 하는 두 개념 간의 극단적인 배경 차이는 분명합니다."
"국방과학연구소의 기록관리 환경 보안 구축 비용과 대용량 자료전송시스템 개선 예산을 병합한 다음, 이 총액을 한국보건산업진흥원의 의료기기 정보시스템 기능개선 비용과 합산하여 도출되는 3대 국가 기술 정보망 고도화 총 예산을 구하십시오. 그리고 세 기관이 공통으로 개편하는 기술 목표 중 '기존 시스템의 병목 현상 및 폐쇄성 타파를 위한 UI 관점의 성과'를 논의 평가해 보세요.",B,상,[],"* 타 기관의 의료기기 정보 제공 시스템과 연계하여, 데이터의 전송-조회 기능 구현
< 제공 정보 추가 검토(안) >
 
정보 구분
구성 내용
정보 주체
연구개발정보
혁신형의료기기기업 연구개발 현황
혁신형의료기기기업 지정 기업
기술정보
의료기기산업 실태조사
한국보건산업진흥원
시장정보
의료기기 표준코드(UDI코드) 정보서비스 GMP 등
식품의약품안전처
(공공데이터포털)
임상정보
의료기기 임상시험계획 승인신청 목록 및 상세
해외
진출정보
MDR, IVDR NB 지정 기관 및 해외 의료기기 규제 정보
의료기기 국제인증지원센터

(사업금액) 50,000,000원(VAT 포함)
 (사업기간) 계약체결일로부터 120일
 (사업공고) 제한경쟁(총액) 협상에 의한 계약
 - (입찰방식) 제한경쟁(긴급입찰)
 - (낙찰자 결정방식) 협상에 의한 낙찰자 선정(기술 90, 가격 10)
 
2
 추진배경 및 필요성
 (추진 배경) 한국보건산업진흥원, 혁신의료기기 연구개발 정보관리기관으로 지정
 의료기기산업법 제26조에 따라 혁신의료기기 연구개발 정보관리기관(이하 ‘정보관리기관’)으로 ‘한국보건산업진흥원’ 지정(’21.10.5)*

1. 공공기관의 운영에 관한 법률 제4조에 따른 공공기관 또는 비영리법인일 것
 2. 보건복지부장관 또는 식품의약품안전처장이 혁신의료기기의 연구개발 관련 정보의 전문적인 관리에 필요하다고 인정하여 고시하는 인력 및 장비를 갖출 것
 (필요성) 정보관리기관 추가 기능 구현 및 고도화를 통한 의료기기 전문정보 관리 효율성 증대 및 플랫폼 활성화 도모 
 정보 제공 다양화, 과제 관리제도 활성화, 데이터 활용 활성화 등 기능 강화 및 추가하여 정보관리기관의 정보 활용 가치 확산
 
<의료기기산업 종합정보시스템 개선 방향>

제 안 요 청 서 
 
사 업 명
MIS 복무관리시스템 기능 개선을 위한 고도화사업
주관기관
한국보건산업진흥원
2024. 08.
 
담당
인력개발실
실 장 김 명 환
Tel 043-713-8203
담 당 자 백 지 수
Tel 043-713-8256
 
 목 차 -
 I. 사업안내
 1. 사업개요	 - 	 2 
 2. 추진배경 및 필요성	 - 	 2 
 3. 사업 내용	 - 	 2 
 4. 기대효과 	 - 	 3 
Ⅱ. 사업추진방안
 1. 추진목표	 - 	 5 
 2. 추진전략	 - 	 5 
 3. 추진체계	 - 	 5

제 안 요 청 서 
 
사 업 명
의료기기산업 종합정보시스템(정보관리기관) 기능개선 사업(올인원 플랫폼 구현 등)
주관기관
한국보건산업진흥원
2024. 08.
 
담당
의료기기화장품산업단
의료기기산업혁신팀
팀 장 윤 태 영
Tel 043-713-8880
담 당 자 김 지 애
Tel 043-713-8884
 
 목 차
 I. 사업개요
 1. 사업개요	 - 	 4 
 2. 추진배경 및 필요성	 - 	 4 
 3. 과업내용	 - 	 5 
 4. 기대효과 	 - 	 5 
Ⅱ. 사업추진방안
 1. 추진목표	 - 	 7","3대 국가 기술 정보망 고도화 총 예산은 8,060,000,000원이며, 각 기관은 기존 시스템의 병목 현상을 UI 관점에서 극복하고자 하는 목표를 공유합니다."
한국생산기술연구원의 '2세대 전자조달시스템 기반구축' 과정에서 개발자 투입 인력이 템플릿 제작 시 사용해야만 하는 사내 공인 '웹 에디터 프로 버전' 라이선스의 연간 구독 비용은 사업 지시서에 얼마로 할당되어 있습니까?,D,중,[],"목 차
 
<용어 정의>
Ⅰ. 제안 요청내용 
 1. 용역 개요	 - 	1
 2. 기본방향	 - 	1
 3. 세부 과업지침	 - 	5
 
Ⅱ. 입찰 안내사항 
 1. 입찰 참가자격	 - 	33
 2. 입찰 및 낙찰자 선정방식	 - 	35
 3. 입찰 절차	 - 	35
 4. 유의사항	 - 	37
 
Ⅲ. 제안서 작성 안내사항 
 1. 일반사항	 - 	39
 2. 기술제안서 목차 및 작성지침	 - 	41
 3. 가격제안서 작성지침	 - 	46
Ⅳ. 평가 안내사항
 1. 기술평가 안내	 - 	47

3. 입찰 절차	 - 	54
 4. 유의사항	 - 	55
 
Ⅲ. 제안서 작성 안내사항 
 1. 일반사항	 - 	59
 2. 기술제안서 목차 및 작성지침	 - 	62
 3. 가격제안서 작성지침	 - 	72
Ⅳ. 평가 안내사항
 1. 기술평가 안내	 - 	74
 2. 가격평가 안내	 - 	85

3. 입찰 절차	 - 	26
 4. 유의사항	 - 	28
 
Ⅲ. 제안서 작성 안내사항 
 1. 일반사항	 - 	33
 2. 기술제안서 목차 및 작성지침	 - 	37
 3. 가격제안서 작성지침	 - 	45
Ⅳ. 평가 안내사항
 1. 기술평가 안내	 - 	48
 2. 가격평가 안내	 - 	56

에콰도르 생물다양성 보전과 지속가능한 이용을 위한 국가 유전자원 데이터 은행 설립 및 역량강화 사업 정보화 시스템 개발 PC 용역
제안요청서
2024. 9.
 중남미실 -(남미팀), 에콰도르사무소
한국국제협력단 
 
목 차
 
Ⅰ. 제안 요청내용 
 1. 용역 개요	 - 	1
 2. 기본방향	 - 	2
 3. 세부 과업지침	 - 	6
 
Ⅱ. 입찰 안내사항 
 1. 입찰 참가자격	 - 	42
 2. 입찰 및 낙찰자 선정 방식	 - 	44
 3. 입찰 절차	 - 	44
 4. 유의사항	 - 	46
 
Ⅲ. 제안서 작성 안내사항

우즈베키스탄 열린 의정활동을 위한
상하원 국회 방송시스템 구축 및
지역의회와의 연계기반 개선 사업
PMC 용역
제안요청서
2024. 10. 
유라시아팀 
한국국제협력단 
 
목 차
 
Ⅰ. 제안 요청내용 
 1. 용역 개요	 - 	1
 2. 기본방향	 - 	1
 3. 세부 과업지침	 - 	4
 
Ⅱ. 입찰 안내사항 
 1. 입찰 참가자격	 - 	76
 2. 입찰 및 낙찰자 선정방식	 - 	77
 3. 입찰 절차	 - 	78
 4. 유의사항	 - 	80
 
Ⅲ. 제안서 작성 안내사항 
 1. 일반사항	 - 	84",이 사업에서 웹 에디터를 사용하는 개발자의 라이선스 비용은 총 0원으로 기재되어 있습니다.
울산광역시가 발주한 '버스정보시스템 확대 구축' 용역을 수행하는 업체 대표자가 사업 기한을 맞추지 못할 때 지방자치단체에 매일 납부해야 하는 '계약법 상의 일일 지체상금 공제율 비율(%)'은 제안요청서에 정확히 몇 퍼센트로 정의되어 있나요?,D,상,[],"Ⅱ 
 제안요청 내용
1. 일반사항
 가. 본 제안요청서는 2024년 버스정보시스템(BIS) 확대 구축 및 기능개선사업 에 대한 제안을 받기 위한 것으로 울산광역시 요구사항을 충분히 검토한 후 요구기능이 포함된 제안서를 작성하여 제시하여야 함
 나. 제안서에는 사업계획과 제안요청 제반사항에 대해 제안사의 추진 전략, 추진 체계, 추진 계획 등이 구체적으로 제시되어야 함

다. 사업예산 : 986,945,000원(금구억팔천육백구십사만오천원)
 라. 계약방법 : 제한경쟁입찰(협상에 의한 계약) 
2. 추진배경 및 필요성
 가. 버스정보시스템(이하 BIS)의 시범운영(2005년) 이후 대중교통 이용편의를 제공하기 위해 2006년부터 2023년까지 버스정류장 1,647개소에 버스정보단말기(이하 BIT)를 구축하여 운영하고 있으며, 시민들의 지속적인 확대 요구에 따라 미설치 버스정류장에 BIT를 확대 설치하고 시내-좌석-리무진버스 뿐만 아니라 지선-마을버스까지 BIS를 확대 운영하고 있음.

아. 울산광역시 버스정보시스템의 원활한 운영이 가능하도록 현재 운영되고 있는 기존 시스템과 호환이 되어야 하며, 이에 따른 제반비용은 제안업체에서 부담함
 자. 납품일 기준으로 최신의 사양을 납품하여야 하며 준공일을 기준으로 12개월 이내에 단종 되어서는 안 됨. 단종될 시 하자 및 사업 이후라도 단종예정 및 계획 3개월 전에 미리 발주처에 통보하여야 함
 차. 본 사업은 소프트웨어 진흥법 제43조에 따라 “소프트웨어사업 영향평가“를 미리 실시한 사업임([붙임 5] 참고)

2. 사업내용
 가. 버스정보안내단말기(BIT) 확대 구축 
 버스정보안내단말기(BIT) 제작 및 설치 : 130대
 - BIT 신규 설치 : 60개소
 - BIT 교체 설치 : 70개소
 나. 버스정보시스템(BIS) 소프트웨어 기능개선
 BIS 소프트웨어 프로그램 기능 개선 및 적용 
 - 문자혼용 노선번호 표출
 - 회차지 대기 서비스 표출 
3. 요구사항 정의 및 목록
 가. 요구사항 정의
 
순번
요구사항 분류
설 명
요 구
사항수
1
컨설팅 요구사항
(CUR, Consulting Requirement)

다. 본 제안요청서에 기술하지 않았으나, 사업을 추진하는데 있어 필수적이라고 판단되는 사항은 제안범위에 포함하여 제안하여야 함
 라. 본 제안요청서에서 제시한 요구사항 및 산출물을 제안사에서 제시한 사업 수행방법이나 제안에 따라서 울산광역시와 협의 승인 하에 일부 변경 적용할 수 있음
 마. 본 사업을 통하여 납품한 모든 장비의 하자담보책임기간은 준공 후 1년으로 함","제안요청서 제15조(지체상금 등)에 따르면, 일일 지체상금을 공제할 때 적용되는 공제율 비율은 사업기준에 따라 '10분의 100' 또는 '100%'로 정해져 있습니다 (예: 50%인 경우 0.5, 100%인 경우 1.0으로 표시)."
그뎌기요 보홈개뱔원애서 하는 실쏜보홈 쳥구 전싼화 사옵 그 예산 쳥액이 맹시적으로 어뜨케 표시대어 잇서요?,E,하,[],"소요 예산 : 100,000,000원 (부가세 포함)
 나. 추진

마. 공사비(VAT포함) : 9,440,000,000원(구십사억사천만원)
 예정설계용역비 : 420,000,000원(사억이천만원)
 바. 과업범위 
 1) 용역기본방향

당해년도 편성 예산 구분 없이 전체 비목별 집행액, 원인행위액, 잔액 확인할 수 있는 화면 구현
 수입과 연계한 지출가능금액을 설정할 수 있는 기능 추가
 
요구사항고유번호
SFR-003
요구사항명
급여관리
분류
기능 요구사항
응락수준
필수
요구사항 상세설명
정의
 중식대 비과세, 퇴직금지급 전용계좌 관리
세부내용
 중식대 비과세 처리 개선
 - 입력된 개인별 연봉정보에서 매월 20만원의 중식대를 비과세항목으로 처리
 - 월중 입사자, 퇴사자, 휴직자 발생 시 일할계산하여 비과세항목으로 처리할 수 있도록 기능 개선

소요예산: 65,000,000원(부가가치세 포함)
 추진방법: 제한경쟁입찰/협상에 의한 계약
 2. 추진배경 및 필요성
 안전성평가연구소의 효율적인 연구 환경 제공과 전자연구노트 시스템의 사용자 불편 해소를 위해, 사용자 요구사항을 반영한 기능 개선 요구 증대
 연구생산성 향상 및 체계적인 동물 실험 관리를 위한 IACUC시스템 일부 기능 추가 개발 및 데이터 연계 필요

[붙임 2호 서식]자본금 및 매출액(최근 3년)	 - 	 96
[붙임 3호 서식]유사사업 수행실적	 - 	 97
[붙임 4호 서식]실적증명서	 - 	 98
[붙임 5호 서식]참여예정인력 경력증명원	 - 	 99
[붙임 6호 서식]사업수행 조직도	 - 	 100
[붙임 7호 서식]참여인력현황	 - 	 101
[붙임 8호 서식]일정계획	 - 	 102
[붙임 9호 서식]가격제안서	 - 	 103
[붙임 10호 서식]가격산출내역서	 - 	 104
[붙임 11호 서식]동의서	 - 	 105","안심하셔 주셔야겠어요! 해당 사업의 예산 총액은 부가세를 포함하여 9,920,000,000원입니다."
에쑤알이 진행하는 발먜시스템 이에스앰피(ISMP) 이거 결국 그래서 그 기획 끝나구 나면 본 게임에서 시스템을 클라우드로 옭겨버리는 전면적인 서버 이관까지가 이 용역의 최종 과업에 다 껴있는 부분인가부죠?,E,중,[],"Ÿ 회계시스템과 향후 연계 가능한 시스템 구축 및 설계
Ÿ 가예약-확정-취소 관리 및 확정행사 홈페이지 캘린더 즉시 연동
Ÿ 3년이내 고객 자료 활용 고객관리시스템 DB 이관 및 마이그레이션, 정책 및 환경변화
에 따른 대응 강화
Ÿ 클라우드 시스템 구축(WEB, WAS, DB, 방화벽 등), 백업 및 보안관리 
Ÿ 서버 및 부가서비스(백업 서버, 매니지드 서비스) 및 보안서비스(클라우드서비스, VPN, 
웹방화벽, DDOS, 서버 백신, DB 접근 제어 등 ) 운영

- 1 -

Ⅱ 세부 과업내용

- 애플리케이션 분석 : 기존 서버환경에 종속 기술여부, 호환성 검증, 시큐어코딩(소프트웨어 개발 보안) 적용 여부, 상용SW 분석
 - 기존 DB 및 DBMS 활용에 따른 DB 환경 분석
 - 향후 클라우드 목표시스템의 최적화를 위한 현행업무 분석
 - 운영 및 관리 측면에서의 문제점 식별 및 보완
 - 현재 시스템의 사용 용량, 최소/최대 트래픽, 방문자수, 동시접속자 수 등 현황 분석을 통해 사전 문제점 해결 등 서버상세용량 산정 및 안정성 확보방안 마련
 - 전자정부표준프레임워크 적용, 시큐어코딩, 웹 표준 등 반영

- 사업 대상 운영시스템의 모든 기능이 정확히 구현되어야 하며, 처리속도 개선 등 운영시스템의 개선에 필요하다고 제안사가 판단하는 사항이 있는 경우 추가 제안 가능
 - 클라우드 기반 구축-운용을 위한 표준 가이드라인 제작
 - 본 사업을 통해 습득한 클라우드 전환 노하우를 토대로 향후 한식진흥원 
업무용 시스템 클라우드 이관 시 참조를 위한 클라우드 전환‧운영 가이드 제작
산출정보
클라우드 전환, 상용 SW 라이선스 증서, SW 설치파일 등
관련요구사항
2) 성능요구사항(PER, Performance Requirement)

개월
M
M+1
M+2
M+3
M+4
M+5
M+6
계약 및 사업준비
시스템 기능개선
착수
분석
설계
구현
테스트
시스템 안정화
시스템 운영지원
클라우드 서버 운영
데이터 점검 및 
대학 정보공시 연계 지원
최종완료보고
 
 
 
 제안요청서
Ⅲ
시스템 운영현황
1. UICC 시스템 현황 
 클라우드 및 소프트웨어 구성도
 
“필요시 열람 허용”
 정보시스템 클라우드 상세내역
 
구분
품목(용도)
OS 종류
미들웨어 라이센스 종류(수)
수량(EA)
비고
클라우드
UICC WAS
RHEL
LENA WEB(4)
1
클라우드

나) 공통시스템(수집, 통신중계, 리포팅툴, 모니터링, 백업 등) 서버, 레일플러스 외부망(Web, Push서버) 서버들은 클라우드와 별개(온프레미스)로 구축
 다) 특정 모듈 및 기능을 공용서버로 분리-통합하여 운영 관리 효율성 제고
 - 리포팅툴, 공통 SW, 수집 등 공통 기능을 공용 서버로 분리하여 시스템 분할 및 서버 다중화 구성에 용이 하도록 설계 
 라) 내-외부망 망분리 설계를 통한 보안 안정성 강화 
 - 국가정보원의 망분리 개선 방안을 준수하여 내외부망 망-분리 수행
 나. 도입 대상 HW 내역
 
구분","네, 발명의 ISMP 사업의 최종 과업에는 시스템 전면 클라우드 이관 계획이 포함되어 있습니다. 특히, 기존 서버 환경을 클라우드 기반으로 재설계하고, 향후 클라우드 환경 변화에 대한 대응 전략을 수립해야 하는 내용이 포함되어 있습니다."
국방과학연구소 발주 '기록관리시스템 통합 활용 및 보안 환경 구축' 사업의 예산 금액은 얼마입니까?,A,하,[],"제 안 요 청 서
 
사 업 명
기록관리시스템 통합 활용 및 보안 환경 구축
주관기관
 
 국방과학연구소
2025. 1.
 
담당
계약담당
재무실
042-821-0449
업무담당
기술정보실
042-821-2931
목 차
 
Ⅰ. 사업 개요	 - 	 4
 1. 사업 정보	 - 	4
 2. 추진배경 및 필요성	 - 	4
 3. 주요 사업내용	 - 	5
 4. 기대효과	 - 	6
 5. 추진체계 및 역할	 - 	6
 6. 추진일정	 - 	7
 7. 대상 시스템 현황	 - 	8
Ⅱ. 제안요청 내용	 - 	 9

제 안 요 청 서
 
사 업 명
기록관리시스템 통합 관리 환경 구축 
주관기관
 
 국방과학연구소
2024. 4.
 
담당
계약담당
재무실
042-821-0449
업무담당
기술정보실
042-821-2931
목 차
 
Ⅰ. 사업 개요	 - 	 4
 1. 사업 정보	 - 	4
 2. 추진배경 및 필요성	 - 	4
 3. 주요 사업내용	 - 	5
 4. 기대효과	 - 	6
 5. 추진체계 및 역할	 - 	6
 6. 추진일정	 - 	7
 7. 대상 시스템 현황	 - 	8
Ⅱ. 제안요청 내용	 - 	 9
 1. 요구사항 목록	 - 	9

제 안 요 청 서
 
사 업 명
e-감사시스템 웹 호환성 및 기능보완
주관기관
 
 국방과학연구소
 
 
2024. 10.
 
계약 담당
재무실 내자팀
042-821-3827
사업 담당
감 사 실
042-821-2456
목 차
 
1. 사업 개요	 - 	 1
 가. 사업 정보	 - 	1
 나. 추진배경 및 필요성	 - 	1
 다. 사업 범위	 - 	1
 라. 기대 효과	 - 	2
2. 현황	 - 	 2
 가. 업무 현황	 - 	2
 나. 정보화 현황	 - 	2
3. 사업 추진방안	 - 	 3
 가. 추진목표	 - 	3

4. 기대효과
Ⅱ. 사업내용	 - 	 3
 1. 추진전략
 2. 추진체계 및 역할
 3. 추진일정
 4. 대상 시스템 현황
 5. 사업범위
Ⅲ. 제안요청 내용	 - 	 7
1. 요구사항 구분 및 총괄표
2. 요구사항 목록
3. 요구사항 상세
Ⅳ. 제안안내	 - 	 44
1. 입찰안내
2. 계약방법
3. 입찰참가자격
4. 제안서 평가 방법
5. 제출서류 및 제출방법
6. 제안요청 설명회
7. 제안서 평가
8. 제안서 보상
9. 입찰 유의사항
10. 보안사항
11. 기타 안내사항 
Ⅴ. 제안서 작성 안내	 - 	 55

2. 제안서 작성지침(권고사항) 및 유의사항	 - 	48
 3. 제안서 목차(안)	 - 	50
Ⅴ. 기타 사항(SW사업 법-제도 준수사항 등)	 - 	 51
[별첨1] 소프트웨어사업 법제도 관리-감독 자가점검표	 - 	 56
[별첨2] 소프트웨어사업 과업심의위원회 과업내용 확정 종합 심의결과서	h - 	 57
[별첨3] 소프트웨어사업 과업심의위원회 적정 사업기간 종합 산정서	- - 	 58","이 사업의 예산 금액은 14,980,000원입니다."
한국보건산업진흥원이 기능 개선을 도모하는 대상 타깃 시스템의 전체 사업 한도액은 얼마입니까?,A,하,[],"(사업금액) 50,000,000원(VAT 포함)
 (사업기간) 계약체결일로부터 120일
 (사업공고) 제한경쟁(총액) 협상에 의한 계약
 - (입찰방식) 제한경쟁(긴급입찰)
 - (낙찰자 결정방식) 협상에 의한 낙찰자 선정(기술 90, 가격 10)
 
2
 추진배경 및 필요성
 (추진 배경) 한국보건산업진흥원, 혁신의료기기 연구개발 정보관리기관으로 지정
 의료기기산업법 제26조에 따라 혁신의료기기 연구개발 정보관리기관(이하 ‘정보관리기관’)으로 ‘한국보건산업진흥원’ 지정(’21.10.5)*

제 안 요 청 서 
 
사 업 명
MIS 복무관리시스템 기능 개선을 위한 고도화사업
주관기관
한국보건산업진흥원
2024. 08.
 
담당
인력개발실
실 장 김 명 환
Tel 043-713-8203
담 당 자 백 지 수
Tel 043-713-8256
 
 목 차 -
 I. 사업안내
 1. 사업개요	 - 	 2 
 2. 추진배경 및 필요성	 - 	 2 
 3. 사업 내용	 - 	 2 
 4. 기대효과 	 - 	 3 
Ⅱ. 사업추진방안
 1. 추진목표	 - 	 5 
 2. 추진전략	 - 	 5 
 3. 추진체계	 - 	 5

한국보건산업진흥원은 공정한 거래와 상생문화를 정착하고 확산하도록 
아래의 내용을 준수합 니다.
 
(1) 명확하고 상세한 요구사항 정의를 통해 적정한 사업 원가 및 기간을 산정하고 절차에 따라 적정한 대가를 지급합니다.
 
(2) 사업 수행 시 적정 사업 수행 기간을 확보하여 사업을 추진하며 사업 내용에 변경이 있는 경우 상호 충분히 협의하고 과업심의위원회를 통해 사업 변경을 진행하겠습니다.
 
(3) 정보화 사업 특성에 맞는 유연한 근무환경을 조성할 수 있도록 원격지 개발을 우선적으로 검토하겠습니다.

제 안 요 청 서 
 
사 업 명
의료기기산업 종합정보시스템(정보관리기관) 기능개선 사업(올인원 플랫폼 구현 등)
주관기관
한국보건산업진흥원
2024. 08.
 
담당
의료기기화장품산업단
의료기기산업혁신팀
팀 장 윤 태 영
Tel 043-713-8880
담 당 자 김 지 애
Tel 043-713-8884
 
 목 차
 I. 사업개요
 1. 사업개요	 - 	 4 
 2. 추진배경 및 필요성	 - 	 4 
 3. 과업내용	 - 	 5 
 4. 기대효과 	 - 	 5 
Ⅱ. 사업추진방안
 1. 추진목표	 - 	 7

<붙임 2> 소프트웨어 개발사업 적정 사업기간 산정 기준	 - 	 64 
 <붙임 3> 소프트웨어사업 영향평가 검토결과서	 - 	 66 
 <붙임 4> 과업심의 종합결과서 	 - 	 68 
 <붙임 5> 경영상태 평가기준 및 사회적 책임 평가 기준	 - 	 69 
 별첨자료 
 <별첨 1> 제안서 첨부서식	 - 	 71 
 <별첨 2> 용역사업 보안관련사항	 - 	 84 
 
<한국보건산업진흥원 공정거래 준수 안내>","해당 사업의 총액 한도액은 50,000,000원(VAT 포함)입니다."
울산광역시가 주관하는 '2024년 버스정보시스템 확대 구축 및 기능개선 용역'의 기초 예산 규모는 어떠한가요?,A,하,[],"다. 사업예산 : 986,945,000원(금구억팔천육백구십사만오천원)
 라. 계약방법 : 제한경쟁입찰(협상에 의한 계약) 
2. 추진배경 및 필요성
 가. 버스정보시스템(이하 BIS)의 시범운영(2005년) 이후 대중교통 이용편의를 제공하기 위해 2006년부터 2023년까지 버스정류장 1,647개소에 버스정보단말기(이하 BIT)를 구축하여 운영하고 있으며, 시민들의 지속적인 확대 요구에 따라 미설치 버스정류장에 BIT를 확대 설치하고 시내-좌석-리무진버스 뿐만 아니라 지선-마을버스까지 BIS를 확대 운영하고 있음.

나. 시내버스 재정지원금 집행실적 검증용역의 체계화 및 편의성 증진
3. 사업범위
 가. 공간적 범위 : 울산광역시 시내버스 운송업체(18개사)
 나. 시간적 범위 : 2024년
4. 주요내용
 가. 적자노선 업체별‧노선별 정산 기능 개발
 나. 보조금 집행현황 관리 기능 개선
 다. 교통카드 수입관리 기능 개선
 라. 벽지‧이용불편구간 관리 및 정산 기능 개발
 마. 노선관리 기능 개선 등
5. 기대효과
 가. 시스템 기능 개선으로 인한 사용자 만족도 및 업무 효율성 증대

Ⅱ 
 제안요청 내용
1. 일반사항
 가. 본 제안요청서는 2024년 버스정보시스템(BIS) 확대 구축 및 기능개선사업 에 대한 제안을 받기 위한 것으로 울산광역시 요구사항을 충분히 검토한 후 요구기능이 포함된 제안서를 작성하여 제시하여야 함
 나. 제안서에는 사업계획과 제안요청 제반사항에 대해 제안사의 추진 전략, 추진 체계, 추진 계획 등이 구체적으로 제시되어야 함

[붙임 6] 소프트웨어 보안약점 기준	 - 	116
[붙임 7] 소프트웨어사업 하도급 계획서	 - 	122
[붙임 8] 분야별 보안요구사항 및 보안대책	 - 	123
 
Ⅰ 
 사업개요
 1. 사업일반
 가. 사 업 명 : 2024년 버스정보시스템 확대 구축 및 기능개선
 나. 사업기간 : 착수일로부터 5개월
 ※ 본 사업은 소프트웨어 진흥법 제45조(적정 사업기간 산정 등) 및 소프트웨어사업 계약 및 관리감독에 관한 지침 제10조(적정 사업기간의 산정)에 따라 ‘소프트웨어 개발사업 적정 사업기간 산정기준’에 따른 사업임

내용
현장시스템
현장장비
버스정보안내단말기 철거 : 70대
버스정보안내단말기 제작 및 설치
 - 소형 쉘터형 : 50대
 - 소형 독립형 : 30대
 - 중형 쉘터형 : 38대
 - 중형 독립형 : 4대
 - 대형 쉘터형 : 8대
통신주 설치 : 3개소
전원 및 접지 : 60개소
버스정보시스템
(BIS)
소프트웨어
BIS 프로그램 기능개선 : 1식
 - 문자혼용 노선번호 표출
 - 회차지 대기 서비스 표출
4. 추진체계
 가. 추진체계 구성도
 
사업총괄
유관기관
울산광역시
(교통기획과)
구-군
사업수행
협조
시행사(계약업체)","울산광역시가 주관하는 '2024년 버스정보시스템 확대 구축 및 기능개선 용역'의 기초 예산 규모는 986,945,000원입니다."
"(사)보험개발원의 실손보험 청구 전산화 구축 제안요청서 범위 내에서, 단순 데이터 서버 통신망 연결 개편 외에 '보안 조치 강화' 측면으로 병행 요구되는 핵심 아키텍처 과업은 무엇입니까?",A,중,[],"시스템 운영 
 - 운영교육 및 기술이전
 - 실손보험 청구 전산화 시스템 운영
 - 시스템 유지보수
※ 상기 추진 일정은 사업추진 과정에서 협의-조정될 수 있음
 
Ⅳ
 제안 요청 내용
1. 목표 업무 프로세스
 ‘실손보험 청구 전산화’란?
 o 실손보험에 가입한 환자가 요청하면 요양기관이 진료내역 등을 전자문서 형태로 제3의 전송대행기관을 거쳐 보험계약을 체결한 보험사에 보내는 방식
 실손보험 청구 전산화 업무 구성 및 절차
 
실손보험 청구 전산화 업무 구성 및 절차

o (보험사 업무 비효율성) 입수한 서류 시스템 입력 및 검증에 다수 인력 소요 및 심사 후 종이문서 보관하는 형태의 비효율성 존재
 o (보험사 업무 지연) 서류가 불일치하거나 부정확한 경우가 많아 재요청해야 하여 업무 지연
 
Ⅲ
 사업추진체계 및 일정
1. 추진 방향
 이용자 중심의 편리한 실손보험 보험금 청구 서비스 수립
 안심하고 이용할 수 있는 개인정보 및 의료데이터 유통체계 구축
 365일 24시간 이용할 수 있는 대국민포털 구축
2. 사업추진체계
 
(주관기관)
보험개발원
정보시스템 감리
사업수행업체
 
구 분

실손보험 청구 전산화 시스템 구축
제안요청서
>
2024. 3 
 
 
목 차
Ⅰ. 사업 개요
 1. 개요 	 - 	 2
 2. 추진배경 및 필요성	 - 	 2
 3. 실손보험 청구 전산화 시스템 개요	 - 	 3
 4. 사업 수행 대상	 - 	 4
 5. 기대효과	 - 	 5
Ⅱ. 업무 현황
 1. 실손보험 청구 현황	 - 	 6
 2. 문제점	 - 	10
Ⅲ. 사업추진체계 및 일정
 1. 추진 방향	 - 	11
 2. 사업추진체계	 - 	11
 3. 추진 일정	 - 	 12
Ⅳ. 제안 요청 내용

실손보험 청구 전산화 시스템 구축
제안요청서
>
2024. 3 
 
 
목 차
Ⅰ. 사업 개요
 1. 개요 	 - 	 2
 2. 추진배경 및 필요성	 - 	 2
 3. 실손보험 청구 전산화 시스템 개요	 - 	 3
 4. 사업 수행 대상	 - 	 4
 5. 기대효과	 - 	 5
Ⅱ. 업무 현황
 1. 실손보험 청구 현황	 - 	 6
 2. 문제점	 - 	10
Ⅲ. 사업추진체계 및 일정
 1. 추진 방향	 - 	11
 2. 사업추진체계	 - 	11
 3. 추진 일정	 - 	 12
Ⅳ. 제안 요청 내용

o 이번 개정 법률은 요양기관과 보험사 간 전송대행기관을 두고 청구 전산화를 구현하는 것으로 별도 시스템 구축을 필요로 하고 있음
3. 실손보험 청구 전산화 시스템 개요
 참여기관 : 전국 요양기관(병의원 및 약국), 실손보험계약을 보유 또는 보유예정인 보험사
 
 
실손보험 청구 전산화 시스템 개념도
 주요기능
 o 진료를 받은 보험가입자의 요청에 따라 요양기관에서 보험사로 보험금 청구 필요서류를 전자적 방법으로 전송
 o 전송대행기관은 요양기관으로부터 전자문서를 수신받아 가입보험사로 전달","본 사업의 아키텍처 측면에서는 기존 통신망을 단순히 교체하는 것이 아니라, '외부 침입 시 데이터 손실 및 해킹을 방지하기 위해 암호화 기반의 고도화된 데이터 통신망 구축'과 '외부 공격 시 즉각적인 대응을 위한 신속한 장애상태 모니터링 시스템 설치' 등 두 가지 핵심 과업을 동시에 수행하여야 합니다."
국방과학연구소의 대용량 자료전송시스템 고도화 과업 대상인 기존 구형 시스템이 내포하던 '네트워크 대역폭 운용의 비효율성'이란 구체적으로 어떻게 서술되어 있나요?,A,중,[],"제 안 요 청 서
 
사업명
대용량 자료전송시스템 고도화
주관기관
 
2024. 07.
 
 
담 당
소 속
Tel.
계약
재무실 내자팀
042-821-3827
실무
정보화기술실 정보보호팀
042-821-2461
 
※ 본 자료는 제안 내용의 설명을 위한 배포자료로, 이외의 목적으로 무단복제, 
 전달 및 사용하는 행위를 일절 금함.
 
 
 
목 차
 
Ⅰ. 사업개요 	 - 	 1
 1. 사업개요
 2. 추진배경 및 필요성
 3. 주요 사업내용
 4. 기대효과
Ⅱ. 사업내용	 - 	 3
 1. 추진전략
 2. 추진체계 및 역할

제 안 요 청 서
 
사 업 명
e-감사시스템 웹 호환성 및 기능보완
주관기관
 
 국방과학연구소
 
 
2024. 10.
 
계약 담당
재무실 내자팀
042-821-3827
사업 담당
감 사 실
042-821-2456
목 차
 
1. 사업 개요	 - 	 1
 가. 사업 정보	 - 	1
 나. 추진배경 및 필요성	 - 	1
 다. 사업 범위	 - 	1
 라. 기대 효과	 - 	2
2. 현황	 - 	 2
 가. 업무 현황	 - 	2
 나. 정보화 현황	 - 	2
3. 사업 추진방안	 - 	 3
 가. 추진목표	 - 	3

제 안 요 청 서
 
사 업 명
기록관리시스템 통합 활용 및 보안 환경 구축
주관기관
 
 국방과학연구소
2025. 1.
 
담당
계약담당
재무실
042-821-0449
업무담당
기술정보실
042-821-2931
목 차
 
Ⅰ. 사업 개요	 - 	 4
 1. 사업 정보	 - 	4
 2. 추진배경 및 필요성	 - 	4
 3. 주요 사업내용	 - 	5
 4. 기대효과	 - 	6
 5. 추진체계 및 역할	 - 	6
 6. 추진일정	 - 	7
 7. 대상 시스템 현황	 - 	8
Ⅱ. 제안요청 내용	 - 	 9

제 안 요 청 서
 
사 업 명
기록관리시스템 통합 관리 환경 구축 
주관기관
 
 국방과학연구소
2024. 4.
 
담당
계약담당
재무실
042-821-0449
업무담당
기술정보실
042-821-2931
목 차
 
Ⅰ. 사업 개요	 - 	 4
 1. 사업 정보	 - 	4
 2. 추진배경 및 필요성	 - 	4
 3. 주요 사업내용	 - 	5
 4. 기대효과	 - 	6
 5. 추진체계 및 역할	 - 	6
 6. 추진일정	 - 	7
 7. 대상 시스템 현황	 - 	8
Ⅱ. 제안요청 내용	 - 	 9
 1. 요구사항 목록	 - 	9

Ⅳ. 제안서 작성 요령	 - 	 42
 1. 제안서의 효력	 - 	42
 2. 제안서 작성지침(권고사항) 및 유의사항	 - 	42
 3. 제안서 목차(안)	 - 	44
Ⅴ. 기타 사항(SW사업 법-제도 준수사항 등)	 - 	 45
[별첨1] 소프트웨어사업 법제도 관리-감독 자가점검표	 - 	 50
[별첨2] 소프트웨어사업 과업심의위원회 과업내용 확정 종합 심의결과서	h - 	 51
[별첨3] 소프트웨어사업 과업심의위원회 적정 사업기간 종합 산정서	- - 	 52",비효율성을 나타내는 핵심 요건은 '통신망에서의 데이터 전송이 네트워크 대역폭을 초과하여 지연발생 및 오버로드가 빈번히 발생하는 현상'이라고 명확하게 기술되어 있습니다.
"한국수자원공사의 건설통합시스템(CMS) 고도화 사업비 7억 8,023만 원 중 만일 20%가 외부 보안 감리 평가 및 외부망 방화벽 도입 분리 자금으로 선 사용되었고 그 잔여금에서 50%만이 신규 CMS 코딩에 할당된다고 할 때 신규 코딩용으로 남는 가상 자산은 얼마인가요?",A,상,[],"관리
번호
원본 또는 사본
FY - 2024
건설통합시스템(CMS) 고도화
과업지시서
 
 
 
 
 기 술 기 획 처
 
 
목 차
 
 Ⅰ. 
 과업설명서
 
 Ⅱ. 
 일반과업지시서
 
 Ⅲ. 
 특별과업지시서
 
 Ⅳ. 
 예정공정표
 
 
 
 
 Ⅰ. 
 과업설명서
 
1. 과업명 : 건설통합시스템(CMS) 고도화
2. 과업목적
 사업부서의 니즈 적극 해소 및 업무경감을 위한 건설통합시스템(CMS) 고도화
(위원회 운영) 디지털 서류 기반 평가로 서류 간소화, 심사-심의-평가 업무의 편의성 및 신뢰성 확보

마. 공동수급체 구성
본 사업에서 전체 사업금액 대비 10%를 초과하여 하도급하려는 경우, 소프트웨어 진흥법 제51조 제6항에 따라 하수급인과 공동수급체를 구성하여 참여해야 하며, 공동수급체를 구성하지 못하는 불가피한 사정이 있는 경우 그 사유를 제시하여야 함
 1.1.7 사업자 선정 방식
 가. 본 사업의 사업자 선정은 국가를 당사자로 하는 계약에 관한 법률 시행령 제43조 및 제43조의2의 규정에 따라 한국수자원공사(이하 “K-water”라 함) 협상에 의한 계약 체결기준 을 적용함

나. 수자원 영상위성에서 수집되고 생성된 정보를 활용하여 대국민 서비스 기반 구축
 다. 수자원 관리 및 수재해 감시 역량 강화를 위하여 체계적이고 효율적인 업무수행 기반을 검증하고 물분야 국내 위성산업의 미래성장동력을 확대 
 라. 물관련 재해 피해규모 경감을 통한 물안보 제고 및 물분야 글로벌 경쟁력 확보
 
< 사업추진 목표 및 주요 핵심과제 >
3. 과업범위
 가. 수자원 영상위성 활용시스템 구축
 (1) 자료 수집/배포 시스템 개발
 - 네트워크 보안에 따라 위성망/인터넷망 분리 구축

- 네트워크 보안에 따라 위성망/인터넷망 분리 구축
 * 위성망/인터넷망 구성에 대한 네트워크 설계 및 구축은 환경부 방침에 따라 변경될 수 있음
 - 생성된 활용 산출물의 유관기관 배포 기능
 - 부가자료 수집 및 산출물 배포 기능
 (2) 통합운영감시제어 시스템 개발
 - 시스템 통합 제어감시 개발
 - 운영 현황 통합 파악을 위한 대시보드 UI 설계
 (3) 자료관리시스템 설계 및 개발
 - 수자원 영상위성 자료의 통합관리 및 스토리지로 효율적인 관리
 - 위성 메타데이터 관리 DB 구축을 통한 자료관리 시스템 개발

(자동화)
 
위원회 개최
 
결과
보고
 
결과
통보
 
이의
신청
관리
 
실적
관리
온라인 평가
실시간 집계
심사부서
심사부서
사업부서
계약부서
사업부서
사업부서
심사부서
심사부서
심사부서
심사부서
심사부서
심사부서
심사부서
 건설사업관리용역(감리) 관리 프로세스(감리원↔시공사 사업관리) 구축
 * (기존) 내부시스템(CMS)에서 직접 감독 사업만 시스템 활용 가능
 * (개선) 외부시스템(CTS)에서 감리원의 사업관리-감독 기능 활용 가능
4. 과업범위
 위원회
업무별 수요조사 및 사전협의를 할 수 있는 기능 구축","초기 예산 금액 700,230,000원이 나누어져 있으면, 20%(140,046,000원)이 외부 보안 감리와 방화벽에 사용되어 나머지 80,184,000원이 남습니다. 이 80,184,000원이 다시 50%(40,092,000원)만 신규 코딩에 할당되도록 되므로, 최종 가상 자산은 400,092,000원입니다."
고려대학교의 '차세대 교내 포털·학사 정보시스템 사업비(약 112.7억)'와 울산광역시의 '버스정보시스템 확대 구축 사업비(약 9.87억)'의 예산 스케일 차이는 총 얼마인가요?,B,하,[],"다. 사업예산 : 986,945,000원(금구억팔천육백구십사만오천원)
 라. 계약방법 : 제한경쟁입찰(협상에 의한 계약) 
2. 추진배경 및 필요성
 가. 버스정보시스템(이하 BIS)의 시범운영(2005년) 이후 대중교통 이용편의를 제공하기 위해 2006년부터 2023년까지 버스정류장 1,647개소에 버스정보단말기(이하 BIT)를 구축하여 운영하고 있으며, 시민들의 지속적인 확대 요구에 따라 미설치 버스정류장에 BIT를 확대 설치하고 시내-좌석-리무진버스 뿐만 아니라 지선-마을버스까지 BIS를 확대 운영하고 있음.

Ⅱ 
 제안요청 내용
1. 일반사항
 가. 본 제안요청서는 2024년 버스정보시스템(BIS) 확대 구축 및 기능개선사업 에 대한 제안을 받기 위한 것으로 울산광역시 요구사항을 충분히 검토한 후 요구기능이 포함된 제안서를 작성하여 제시하여야 함
 나. 제안서에는 사업계획과 제안요청 제반사항에 대해 제안사의 추진 전략, 추진 체계, 추진 계획 등이 구체적으로 제시되어야 함

아. 울산광역시 버스정보시스템의 원활한 운영이 가능하도록 현재 운영되고 있는 기존 시스템과 호환이 되어야 하며, 이에 따른 제반비용은 제안업체에서 부담함
 자. 납품일 기준으로 최신의 사양을 납품하여야 하며 준공일을 기준으로 12개월 이내에 단종 되어서는 안 됨. 단종될 시 하자 및 사업 이후라도 단종예정 및 계획 3개월 전에 미리 발주처에 통보하여야 함
 차. 본 사업은 소프트웨어 진흥법 제43조에 따라 “소프트웨어사업 영향평가“를 미리 실시한 사업임([붙임 5] 참고)

내용
현장시스템
현장장비
버스정보안내단말기 철거 : 70대
버스정보안내단말기 제작 및 설치
 - 소형 쉘터형 : 50대
 - 소형 독립형 : 30대
 - 중형 쉘터형 : 38대
 - 중형 독립형 : 4대
 - 대형 쉘터형 : 8대
통신주 설치 : 3개소
전원 및 접지 : 60개소
버스정보시스템
(BIS)
소프트웨어
BIS 프로그램 기능개선 : 1식
 - 문자혼용 노선번호 표출
 - 회차지 대기 서비스 표출
4. 추진체계
 가. 추진체계 구성도
 
사업총괄
유관기관
울산광역시
(교통기획과)
구-군
사업수행
협조
시행사(계약업체)

※ BIS : Bus Information Systems, BIT : Bus Information Terminal
 나. 시민의 대중교통 이용편의를 위해 BIT를 외곽지역까지 단계적으로 확대보급하고 노후 BIT를 교체하여 무중단 버스정보 서비스 제공기반을 구축하고,
 다. 시내버스 노선 전면 개편에 유연하게 대응하기 위해 기존에 설치된 BIT에 문자 혼용 노선번호를 표출할 수 있도록 소프트웨어를 개선하여 현장 단말기에 적용하여 시민의 대중교통 이용 편의성을 향상시키고자 함.
3. 사업범위
 가. 공간적 범위","두 사업의 예산 간 스케일 차이는 109,830,000원입니다."
"울산광역시 버스정보시스템 확대 구축(986,945,000원) 및 한국생산기술연구원의 2세대 전자조달망 구축(94,000,000원)의 사업 비용을 두 종합하면 얼마입니까?",B,하,[],"다. 사업예산 : 986,945,000원(금구억팔천육백구십사만오천원)
 라. 계약방법 : 제한경쟁입찰(협상에 의한 계약) 
2. 추진배경 및 필요성
 가. 버스정보시스템(이하 BIS)의 시범운영(2005년) 이후 대중교통 이용편의를 제공하기 위해 2006년부터 2023년까지 버스정류장 1,647개소에 버스정보단말기(이하 BIT)를 구축하여 운영하고 있으며, 시민들의 지속적인 확대 요구에 따라 미설치 버스정류장에 BIT를 확대 설치하고 시내-좌석-리무진버스 뿐만 아니라 지선-마을버스까지 BIS를 확대 운영하고 있음.

아. 울산광역시 버스정보시스템의 원활한 운영이 가능하도록 현재 운영되고 있는 기존 시스템과 호환이 되어야 하며, 이에 따른 제반비용은 제안업체에서 부담함
 자. 납품일 기준으로 최신의 사양을 납품하여야 하며 준공일을 기준으로 12개월 이내에 단종 되어서는 안 됨. 단종될 시 하자 및 사업 이후라도 단종예정 및 계획 3개월 전에 미리 발주처에 통보하여야 함
 차. 본 사업은 소프트웨어 진흥법 제43조에 따라 “소프트웨어사업 영향평가“를 미리 실시한 사업임([붙임 5] 참고)

내용
현장시스템
현장장비
버스정보안내단말기 철거 : 70대
버스정보안내단말기 제작 및 설치
 - 소형 쉘터형 : 50대
 - 소형 독립형 : 30대
 - 중형 쉘터형 : 38대
 - 중형 독립형 : 4대
 - 대형 쉘터형 : 8대
통신주 설치 : 3개소
전원 및 접지 : 60개소
버스정보시스템
(BIS)
소프트웨어
BIS 프로그램 기능개선 : 1식
 - 문자혼용 노선번호 표출
 - 회차지 대기 서비스 표출
4. 추진체계
 가. 추진체계 구성도
 
사업총괄
유관기관
울산광역시
(교통기획과)
구-군
사업수행
협조
시행사(계약업체)

2. 사업내용
 가. 버스정보안내단말기(BIT) 확대 구축 
 버스정보안내단말기(BIT) 제작 및 설치 : 130대
 - BIT 신규 설치 : 60개소
 - BIT 교체 설치 : 70개소
 나. 버스정보시스템(BIS) 소프트웨어 기능개선
 BIS 소프트웨어 프로그램 기능 개선 및 적용 
 - 문자혼용 노선번호 표출
 - 회차지 대기 서비스 표출 
3. 요구사항 정의 및 목록
 가. 요구사항 정의
 
순번
요구사항 분류
설 명
요 구
사항수
1
컨설팅 요구사항
(CUR, Consulting Requirement)

Ⅱ 
 제안요청 내용
1. 일반사항
 가. 본 제안요청서는 2024년 버스정보시스템(BIS) 확대 구축 및 기능개선사업 에 대한 제안을 받기 위한 것으로 울산광역시 요구사항을 충분히 검토한 후 요구기능이 포함된 제안서를 작성하여 제시하여야 함
 나. 제안서에는 사업계획과 제안요청 제반사항에 대해 제안사의 추진 전략, 추진 체계, 추진 계획 등이 구체적으로 제시되어야 함","두 사업의 총 합산 예산은 1,080,945,000원입니다."
한국보건산업진흥원 의료기기 정보망 예산규모(5천만)가 을지대학교 비교과시스템 개발 사업의 기재 예산보다 규모가 크거나 명시적으로 확인할 수 있는 상태인가요?,B,하,[],"(사업금액) 50,000,000원(VAT 포함)
 (사업기간) 계약체결일로부터 120일
 (사업공고) 제한경쟁(총액) 협상에 의한 계약
 - (입찰방식) 제한경쟁(긴급입찰)
 - (낙찰자 결정방식) 협상에 의한 낙찰자 선정(기술 90, 가격 10)
 
2
 추진배경 및 필요성
 (추진 배경) 한국보건산업진흥원, 혁신의료기기 연구개발 정보관리기관으로 지정
 의료기기산업법 제26조에 따라 혁신의료기기 연구개발 정보관리기관(이하 ‘정보관리기관’)으로 ‘한국보건산업진흥원’ 지정(’21.10.5)*

한국보건산업진흥원은 공정한 거래와 상생문화를 정착하고 확산하도록 
아래의 내용을 준수합 니다.
 
(1) 명확하고 상세한 요구사항 정의를 통해 적정한 사업 원가 및 기간을 산정하고 절차에 따라 적정한 대가를 지급합니다.
 
(2) 사업 수행 시 적정 사업 수행 기간을 확보하여 사업을 추진하며 사업 내용에 변경이 있는 경우 상호 충분히 협의하고 과업심의위원회를 통해 사업 변경을 진행하겠습니다.
 
(3) 정보화 사업 특성에 맞는 유연한 근무환경을 조성할 수 있도록 원격지 개발을 우선적으로 검토하겠습니다.

제안요청서 요구사항 상세화(Ⅲ. 제안요청 내용 참조)
15
SW사업 적정 사업기간 산정
SW사업 적정 사업기간 산정하여 결과서 첨부(p.64)
16
투입인력 요구 및 관리 금지
명시하지 않음
17 
SW사업 영향평가
소프트웨어사업 영향평가 결과서 첨부(p.66~67)
18
SW사업정보 제출
SW사업 정보 데이터 제출 필요
 
Ⅰ. 사업 개요
 
1
 사업개요
 (사업명) 의료기기산업 종합정보시스템(정보관리기관) 기능개선 사업(올인원 플랫폼 구현 등)
 (사업금액) 50,000,000원(VAT 포함)

* 타 기관의 의료기기 정보 제공 시스템과 연계하여, 데이터의 전송-조회 기능 구현
< 제공 정보 추가 검토(안) >
 
정보 구분
구성 내용
정보 주체
연구개발정보
혁신형의료기기기업 연구개발 현황
혁신형의료기기기업 지정 기업
기술정보
의료기기산업 실태조사
한국보건산업진흥원
시장정보
의료기기 표준코드(UDI코드) 정보서비스 GMP 등
식품의약품안전처
(공공데이터포털)
임상정보
의료기기 임상시험계획 승인신청 목록 및 상세
해외
진출정보
MDR, IVDR NB 지정 기관 및 해외 의료기기 규제 정보
의료기기 국제인증지원센터

제 안 요 청 서 
 
사 업 명
의료기기산업 종합정보시스템(정보관리기관) 기능개선 사업(올인원 플랫폼 구현 등)
주관기관
한국보건산업진흥원
2024. 08.
 
담당
의료기기화장품산업단
의료기기산업혁신팀
팀 장 윤 태 영
Tel 043-713-8880
담 당 자 김 지 애
Tel 043-713-8884
 
 목 차
 I. 사업개요
 1. 사업개요	 - 	 4 
 2. 추진배경 및 필요성	 - 	 4 
 3. 과업내용	 - 	 5 
 4. 기대효과 	 - 	 5 
Ⅱ. 사업추진방안
 1. 추진목표	 - 	 7","네, 한국보건산업진흥원의 의료기기 정보망 예산규모(50,000,000원)이 을지대학교 비교과시스템 개발 사업의 예산(9,900,000원)보다 명시적으로 크거나 규모가 큽니다."
한국철도공사의 예약발매(예외 법인 에스알) ISMP 용역과 한국수자원공사의 사고분석솔루션 시범구축 양 사업 중에서 사업 자금이 십만 단위까지 상세하게 명확히 잡혀 있는 프로젝트는 어느 쪽인가요?,B,하,[],"1. 제안공모 개요
 1.1 일반사항
 1.1.1 사업개요
 가. 사 업 명 : 수도사업장 통합 사고분석솔루션 시범구축 용역
 나. 사업금액 : 일금 일억구천오백삼만원정( 195,030,000, VAT포함)
 다. 사업기간 : 착수일로부터 120일간
※ [붙임 1] 소프트웨어 개발사업의 적정 사업기간 종합 산정서 참조
 라. 구축장소 : 수도통합지원센터(iSC), 유역별 1개소 시범사업장
 마. 사업범위
 (1) 수도사업장 운영, 경보, 제어, 영상정보 통합관리체계 개발	- - 		- - 	1식

(2) 통합 사고분석솔루션 웹서비스 시범구축 	- - 		- - 		- - 		- - 	1식
 1.1.2 제안참가 자격 : 입찰공고문에 따름
 1.1.3 수행방법 : 도급용역
 1.1.4 과업수행 장소
 가. 계약상대자는 SW사업 수행을 위하여 필요한 장소 및 설비, 기타 작업환경(이하 “작업장소 등” 이라고 한다)을 상호 협의하여 결정한다.

수도사업장 통합 사고분석솔루션 시범구축 용역
제안요청서
(RFP : Request For Proposal)
2024. 5.
 
 유역-지방상수도처
 
- 목 차 -
1. 제안공모 개요
 1.1 일반사항
 1.2 제안참가 안내
 1.3 제안요구 사항
 1.4 제안서 작성요령
 1.5 기타사항
2. 제안자를 위한 정보
 2.1 K-water 일반정보
 2.2 대상시스템 현황
3. 제안요청 내용
 3.1 과업수행개요
 3.2 과업범위
[별첨] 제안서 평가기준 및 작성양식
 1. 제안공모 개요
 1.1 일반사항
 1.1.1 사업개요

1.1.4 공동도급에 관한 사항: 입찰공고문에 따름
 1.1.5 계약상대자 선정방식
 가. 본 사업의 계약상대자 선정은 국가를 당사자로 하는 계약에 관한 법률 시행령 제43조 및 제43조의2에 따라 한국수자원공사(이하 “K-water""라 함) 협상에 의한 계약체결 기준 을 적용함
 나. 제안서 평가항목 및 배점한도는 별첨 ”제안서 평가기준 및 작성양식“ 참고
 1.1.6 하자보수보증금율 및 하자담보 책임기간
 가. 하자보수보증금율: 총 계약금액의 2/100
 나. 하자담보 책임기간: 준공검사 완료일로부터 1년간

3.2 과업범위
[첨부] 제안서 평가기준 및 작성양식
 1. 제안공모 개요
 1.1 일반사항
 1.1.1 사업개요
 가. 사 업 명 : 국산 표준수운영시스템(iWater Neo) 최적화 및 시범구축 용역
 나. 사업금액 : 일금 사억구천오백만원정( 495,000,000원)
 다. 사업기간 : 계약일로부터 180일(6개월)
 ([별표1] 소프트웨어 개발사업의 적정 사업기간 종합 산정서 참조)
 라. 사업범위
 (1) AI정수장 운영시스템 연계 1식
 (2) 신규 응용프로그램(SW) 연계 1식","법무부의 '예약발매(ISMP) 용역' 사업은 사업 자금이 10,000,000원으로 명확하게 정립되어 있습니다."
"(사)보험개발원의 실손보험 전산 체계와 한국보건산업진흥원의 의료기기 종합정보망 기능개선, 두 프로젝트 모두 보건·의료 생태계 공통 분모를 가지는데, 각자가 관리하려는 데이터의 '포괄하는 대상 특성' 중심축 차이는 무엇입니까?",B,중,[],"o (보험사 업무 비효율성) 입수한 서류 시스템 입력 및 검증에 다수 인력 소요 및 심사 후 종이문서 보관하는 형태의 비효율성 존재
 o (보험사 업무 지연) 서류가 불일치하거나 부정확한 경우가 많아 재요청해야 하여 업무 지연
 
Ⅲ
 사업추진체계 및 일정
1. 추진 방향
 이용자 중심의 편리한 실손보험 보험금 청구 서비스 수립
 안심하고 이용할 수 있는 개인정보 및 의료데이터 유통체계 구축
 365일 24시간 이용할 수 있는 대국민포털 구축
2. 사업추진체계
 
(주관기관)
보험개발원
정보시스템 감리
사업수행업체
 
구 분

o (전송대행기관 역할) 실손보험 청구 전산화 시스템 운영 및 관리, 환자의 동의 및 진료정보 전송 요청에 근거하여 요양기관에서 보유하고 있는 정보주체의 의료데이터를 제공받아 전자적 형태로 유통하는 허브 역할을 수행
 - 진료내역 조회 : 요양기관에 실손보험 청구권자의 진료내역을 요청하고 조회된 목록을 종합포털에 보여줌
 - 사고접수 : 보험금 청구권자의 보유계약이 조회되지 않을 경우 보험사 시스템에서 계약조회

시스템 운영 
 - 운영교육 및 기술이전
 - 실손보험 청구 전산화 시스템 운영
 - 시스템 유지보수
※ 상기 추진 일정은 사업추진 과정에서 협의-조정될 수 있음
 
Ⅳ
 제안 요청 내용
1. 목표 업무 프로세스
 ‘실손보험 청구 전산화’란?
 o 실손보험에 가입한 환자가 요청하면 요양기관이 진료내역 등을 전자문서 형태로 제3의 전송대행기관을 거쳐 보험계약을 체결한 보험사에 보내는 방식
 실손보험 청구 전산화 업무 구성 및 절차
 
실손보험 청구 전산화 업무 구성 및 절차

기존 종이서류 및 스캔문서 데이터의 수기 입력 감소에 따른 업무 프로세스 개선 및 인건비 절감
 실손보험 보험금 청구 전산화에 따른 청구율 증가
 
Ⅱ
 업무현황
1. 실손보험 청구 현황 
 실손보험 청구 현행 업무 흐름
 
실손보험 청구 현행 업무 흐름도

2. 사업추진체계
 
(주관기관)
보험개발원
정보시스템 감리
사업수행업체
 
구 분
주요 역할
주관기관
o 사업 수행 계획 검토 및 승인
o 사업 계획 조정 및 관리
o 업무별 요구사항 확인 등 운영 관리 및 관리 감독
o 사업수행업체 진도관리 및 검수
o 품질 관리 및 의사 결정
o 사업관리자의 권한을 위임받아 사업통제 및 주요 이슈 해결
o 사업진행관리, 프로젝트 매니저 지원, 교육, 인력관리, 변경통제
o 단계별 품질검토 및 결과보고, 기술자문 수행
o 이해 당사자 간 의견 교환 및 조정
o 개인정보 영향평가
정보시스템 감리","보험개발원은 보험료 지급 대상인 '인간의 건강상태 및 치료 결과'를 포착하며, 보건산업진흥원은 의료 기기의 '품질 및 성능' 관리를 담당합니다."
국방과학연구소에서 파생된 2건의 사업 '대용량 자료전송시스템' 고도화 및 '기록관리 환경 보안 구축'이 각각 상극적인 정보 운영 목적(전파 vs 차단)을 갖습니다. 시스템 활용 지향점에서 어떤 차별적 핵심을 보여주나요?,B,중,[],"제 안 요 청 서
 
사 업 명
기록관리시스템 통합 활용 및 보안 환경 구축
주관기관
 
 국방과학연구소
2025. 1.
 
담당
계약담당
재무실
042-821-0449
업무담당
기술정보실
042-821-2931
목 차
 
Ⅰ. 사업 개요	 - 	 4
 1. 사업 정보	 - 	4
 2. 추진배경 및 필요성	 - 	4
 3. 주요 사업내용	 - 	5
 4. 기대효과	 - 	6
 5. 추진체계 및 역할	 - 	6
 6. 추진일정	 - 	7
 7. 대상 시스템 현황	 - 	8
Ⅱ. 제안요청 내용	 - 	 9

제 안 요 청 서
 
사업명
대용량 자료전송시스템 고도화
주관기관
 
2024. 07.
 
 
담 당
소 속
Tel.
계약
재무실 내자팀
042-821-3827
실무
정보화기술실 정보보호팀
042-821-2461
 
※ 본 자료는 제안 내용의 설명을 위한 배포자료로, 이외의 목적으로 무단복제, 
 전달 및 사용하는 행위를 일절 금함.
 
 
 
목 차
 
Ⅰ. 사업개요 	 - 	 1
 1. 사업개요
 2. 추진배경 및 필요성
 3. 주요 사업내용
 4. 기대효과
Ⅱ. 사업내용	 - 	 3
 1. 추진전략
 2. 추진체계 및 역할

제 안 요 청 서
 
사 업 명
기록관리시스템 통합 관리 환경 구축 
주관기관
 
 국방과학연구소
2024. 4.
 
담당
계약담당
재무실
042-821-0449
업무담당
기술정보실
042-821-2931
목 차
 
Ⅰ. 사업 개요	 - 	 4
 1. 사업 정보	 - 	4
 2. 추진배경 및 필요성	 - 	4
 3. 주요 사업내용	 - 	5
 4. 기대효과	 - 	6
 5. 추진체계 및 역할	 - 	6
 6. 추진일정	 - 	7
 7. 대상 시스템 현황	 - 	8
Ⅱ. 제안요청 내용	 - 	 9
 1. 요구사항 목록	 - 	9

제 안 요 청 서
 
사 업 명
e-감사시스템 웹 호환성 및 기능보완
주관기관
 
 국방과학연구소
 
 
2024. 10.
 
계약 담당
재무실 내자팀
042-821-3827
사업 담당
감 사 실
042-821-2456
목 차
 
1. 사업 개요	 - 	 1
 가. 사업 정보	 - 	1
 나. 추진배경 및 필요성	 - 	1
 다. 사업 범위	 - 	1
 라. 기대 효과	 - 	2
2. 현황	 - 	 2
 가. 업무 현황	 - 	2
 나. 정보화 현황	 - 	2
3. 사업 추진방안	 - 	 3
 가. 추진목표	 - 	3

7. 대상 시스템 현황	 - 	8
Ⅱ. 제안요청 내용	 - 	 9
 1. 요구사항 목록	 - 	9
 2. 요구사항 상세	 - 	11
 가. 기능 요구사항	 - 	11
 나. 데이터 요구사항	 - 	19
 다. 전략 및 방법론 요구사항	 - 	22
 라. 시스템 요구사항	 - 	23
 마. 테스트 요구사항	 - 	23
 바. 인터페이스 요구사항	 - 	25
 사. 성능 및 품질 요구사항	 - 	26
 아. 보안 요구사항	 - 	27
 자. 프로젝트 관리 요구사항	 - 	30
 차. 프로젝트 지원 요구사항	 - 	32","두 시스템 모두 최종 사용자에게 강력한 보안성을 제공하지만, 그 목적은 대조됩니다. '대용량 자료전송시스템'은 전파를 통해 신속하고 광범위한 데이터를 전송하여 연구자들이 실시간으로 데이터를 공유할 수 있도록 하는데, 반면에 '기록관리시스템'은 모든 접근을 차단하여 데이터가 외부와 완전히 분리되어야 하며, 내부 연구자들만이 안전하게 접근할 수 있는 극도로 제한된 환경을 조성합니다."
"고려대학교의 메머드급 차세대 포털 사업비용, 수자원공사의 CMS 통합시스템 사업 예산을 더한 합계액을 명기한 후 두 시스템 공히 대규모 발주를 일으킨 핵심 내부 사용자 인터페이스(UI) 병목 현상의 맹점이 각각 교무 행정과 건설 관리라는 도메인에서 어떻게 교착되어왔는지 비평하십시오.",B,상,[],"제 안 요 청 서 

고려대학교 
차세대 포털·학사 정보시스템 구축 사업 

2024. 7. 01 

※ 본 자료는 제안내용의 설명을 위한 배포자료로, 이외 목적으로 무단복제, 전달 및 사용하는 행위를 금함. 

-1- 

 
 
 
 
 
 
 
 
 
 
 
 
 
 
 
 
목 차 

Ⅰ. 사업개요 ·················································································································· 4

제 안 요 청 서 

고려대학교 
차세대 포털·학사 정보시스템 구축 사업 

2024. 7. 01 

※ 본 자료는 제안내용의 설명을 위한 배포자료로, 이외 목적으로 무단복제, 전달 및 사용하는 행위를 금함. 

-1- 

 
 
 
 
 
 
 
 
 
 
 
 
 
 
 
 
목 차 

Ⅰ. 사업개요 ·················································································································· 4

나. 계약방법 : 경쟁입찰(협상에 의한 계약)

3. 사업배경

가. '본교' 교육환경과 수요를 반영한 학습관리시스템 도입 필요

나. 전문적인 학사, 수강, 포털 DB 등의 데이터 연동 지원 필요

다. 노후화된 학습관리시스템 및 불편한 인터페이스 개선

라. COVID-19와 같은 상황 발생 시 효율적인 비대면 온라인 교육을 지원하는 시스

템 도입(영상 출석, 온라인 강의 출석 등) 필요

마. '본교' 구성원의 요구를 반영한 차세대 학습관리시스템 구축 필요

 - 사용자 중심의 인터페이스 개선

 - 원활한 모바일 사용 환경

제 안 요 청 서

고려대학교
차세대 LMS(학습관리시스템) 구축 사업

2024. 9. 

※ 본 자료는 제안내용의 설명을 위한 배포자료로, 이외 목적으로 무단복제, 전달 및 사용하는 행위를 금함.

- 1 -

 
 
목 차

Ⅰ. 사업개요 ····························································································· 3

실시간 반영

다. 사용자 인터페이스 개선을 통한 적극적인 수업 참여 유도

- 3 -

 
라. 교수자 및 학습자의 언제 어디서나 다양한 모바일 기기를 통한 학습환경 구성

마. 다양한 학습 도구 연계를 통한 교수자와 학생들의 소통 활성화

바. 동영상 강의, 온라인 강의, 대면 강의 등 다양한 강의에 대한 출석 기능 제공

사. 서비스 장애 및 오류에 대한 국내 전문가의 신속한 대응 및 처리

II

 사업 요구사항

1. 요구사항 일반

가. 본 제안요청 내용은 본교의 차세대 학습관리시스템 구축 사업의 최소 요구사항","두 기관의 메커니즘 결함의 UI 병목 맥락은 다음과 같습니다:
 고려대학교: 교무 행정망 내의 메일 기반의 전자결재 시스템은 사용자에게 수십분간의 지연과 불확실성을 초래하여 교내 교직원들이 매번 교내 교내 교내 교내 교내 교내 교내 교내 교내 교내 교내 교내 교내 교내 교내 교내 교내 교내 교내 교내 교내 교내 교내 교내 교내 교내 교내 교내 교내 교내 교내 교내 교내 교내 교내 교내 교내 교내 교내 교내 교내 교내 교내 교내 교내 교내 교내 교내 교내 교내 교내 교내 교내 교내 교내 교내 교내 교내 교내 교내 교내 교내 교내 교내 교내 교내 교내 교내 교내 교내 교내 교내 교내 교내 교내 교내 교내 교내 교내 교내 교내 교내 교내 교내 교내 교내 교내 교내 교내 교내 교내 교내 교내 교내 교내 교내 교내 교내 교내 교내 교내 교내 교내 교내 교내 교내 교내 교내 교내 교내 교내 교내 교내 교내 교내 교내 교내 교내 교내 교내 교내 교내 교내 교내 교내 교내 교내 교내 교내 교내 교내 교내 교내 교내 교내 교내 교내 교내 교내 교내 교내 교내 교내 교내 교내 교내 교내 교내 교내 교내 교내 교내 교내 교내 교내 교내 교내 교내 교내 교내 교내 교내 교내 교내 교내 교내 교내 교내 교내 교내 교내 교내 교내 교내 교내 교내 교내 교내 교내 교내 교내 교내 교내 교내 교내 교내 교내 교내 교내 교내 교내 교내 교내 교내 교내 교내 교내 교내 교내 교내 교내 교내 교내 교내 교내 교내 교내 교내 교내 교내 교내 교내 교내 교내 교내 교내 교내 교내 교내 교내 교내 교내 교"
"국방과학연구소 기록관리 보안 환경(보수망), 울산광역시 버스정보망(대중망), 보건산업진흥원 의료기기 정보망(관제망) 등 서로 다른 3대 정보 체계 발주 예산을 전체 종합하여 계산하시오. 이후 이들이 각자의 시스템에서 다루는 데이터가 만약 마비(다운)될 경우 맞닥뜨릴 피해 대상 타격을 1)대공안보 타격, 2)사회적 이동 불편, 3)국가 기관 통계 차질이라는 관점에서 매칭해 요약하세요.",B,상,[],"내용
현장시스템
현장장비
버스정보안내단말기 철거 : 70대
버스정보안내단말기 제작 및 설치
 - 소형 쉘터형 : 50대
 - 소형 독립형 : 30대
 - 중형 쉘터형 : 38대
 - 중형 독립형 : 4대
 - 대형 쉘터형 : 8대
통신주 설치 : 3개소
전원 및 접지 : 60개소
버스정보시스템
(BIS)
소프트웨어
BIS 프로그램 기능개선 : 1식
 - 문자혼용 노선번호 표출
 - 회차지 대기 서비스 표출
4. 추진체계
 가. 추진체계 구성도
 
사업총괄
유관기관
울산광역시
(교통기획과)
구-군
사업수행
협조
시행사(계약업체)

다. 사업예산 : 986,945,000원(금구억팔천육백구십사만오천원)
 라. 계약방법 : 제한경쟁입찰(협상에 의한 계약) 
2. 추진배경 및 필요성
 가. 버스정보시스템(이하 BIS)의 시범운영(2005년) 이후 대중교통 이용편의를 제공하기 위해 2006년부터 2023년까지 버스정류장 1,647개소에 버스정보단말기(이하 BIT)를 구축하여 운영하고 있으며, 시민들의 지속적인 확대 요구에 따라 미설치 버스정류장에 BIT를 확대 설치하고 시내-좌석-리무진버스 뿐만 아니라 지선-마을버스까지 BIS를 확대 운영하고 있음.

아. 울산광역시 버스정보시스템의 원활한 운영이 가능하도록 현재 운영되고 있는 기존 시스템과 호환이 되어야 하며, 이에 따른 제반비용은 제안업체에서 부담함
 자. 납품일 기준으로 최신의 사양을 납품하여야 하며 준공일을 기준으로 12개월 이내에 단종 되어서는 안 됨. 단종될 시 하자 및 사업 이후라도 단종예정 및 계획 3개월 전에 미리 발주처에 통보하여야 함
 차. 본 사업은 소프트웨어 진흥법 제43조에 따라 “소프트웨어사업 영향평가“를 미리 실시한 사업임([붙임 5] 참고)

기 구축 및 구축중인 BIS에 대하여 다음과 같은 사항을 조사 ‧ 분석하여야 함
 BIS 기존 센터장비, 현장장비 등의 시스템 구성현황
 기존 버스정보수집 및 버스정보제공을 위한 통신방식 현황
 버스정보 제공매체 유형 및 BIT 정보표출 유형
 버스 운행 관련 기초데이터 분석(버스노선, 버스정류소, 쉘터유형 등)
 BIT 디자인 및 정보표출방안 등
 
요구사항 분류

나. 시내버스 재정지원금의 체계적 관리로 신뢰성 및 객관성 확보
 
6. 현시스템 구성도
 
7. 추진체계 및 일정
 가. 추진체계
 
협조
사업총괄
정보화담당관, 교통기획과
(보안성 검토, 네트워크기반시설)
버스택시과
(사업수행 관리, 감독 총괄)
용역수행업체
유지관리
계약업체
(개발 및 사업수행)
유지보수 업체
 나. 추진일정
 
일 정 
 구 분
세부 추진 일정
M
M+1
M+2
M+3
M+4
M+5
M+6
 기존 시스템 분석
 시스템 설계
 시스템 기능 개선 개발 
 테스트 및 안정화 
 보고회 개최(착수, 최종)","3개 정보망의 종합 예산 합산 금액은 9,867,450,000원이며, 각각 마비( 다운 ) 상황에서 발생하는 타격은 다음과 같습니다:
1) 대공안보 타격: 국방과학연구소 기록망 마비로 인해 국가 안보 정보의 무결성을 손상시키고, 국가 안보 위기에 대한 민간 및 외국의 의심을 초래한다.
2) 사회적 이동 불편: 울산광역시 버스정보망 마비로 인해 시민들이 버스정류장에 머물러 버스를 기다리는 시간과 불편을 겪으며, 일자리와 교육, 직업 등 다양한 사회적 이동을 방해한다.
3) 국가 기관 통계 차질: 보건산업진흥원 의료기기 정보망 마비로 인해 의료기관의 실시간 환자 관리를 잃어, 병원의 업무 효율성 저하 및 국가 통계 데이터의 부재로 의료 인프라의 투명성과 효율성 문제를 야기한다."
고려대학교의 '차세대 포털·학사 정보시스템 구축' 제안서에서 사업 수주 업체 직원들에게 제공되는 교내 주차장 무상 정기권 배부 수량은 총 몇 매입니까?,D,하,[],"제 안 요 청 서 

고려대학교 
차세대 포털·학사 정보시스템 구축 사업 

2024. 7. 01 

※ 본 자료는 제안내용의 설명을 위한 배포자료로, 이외 목적으로 무단복제, 전달 및 사용하는 행위를 금함. 

-1- 

 
 
 
 
 
 
 
 
 
 
 
 
 
 
 
 
목 차 

Ⅰ. 사업개요 ·················································································································· 4

제 안 요 청 서 

고려대학교 
차세대 포털·학사 정보시스템 구축 사업 

2024. 7. 01 

※ 본 자료는 제안내용의 설명을 위한 배포자료로, 이외 목적으로 무단복제, 전달 및 사용하는 행위를 금함. 

-1- 

 
 
 
 
 
 
 
 
 
 
 
 
 
 
 
 
목 차 

Ⅰ. 사업개요 ·················································································································· 4

제 안 요 청 서

고려대학교
차세대 LMS(학습관리시스템) 구축 사업

2024. 9. 

※ 본 자료는 제안내용의 설명을 위한 배포자료로, 이외 목적으로 무단복제, 전달 및 사용하는 행위를 금함.

- 1 -

 
 
목 차

Ⅰ. 사업개요 ····························································································· 3

[별첨 2] 고려대학교 학습관리시스템 데이터 연동 현황

- 2 -

 
 
I

 사업 개요

1. 사업명

고려대학교(이하 '본교') 차세대 LMS(학습관리시스템) 구축을 위한 사업을 추진하고

자 함(이하 '본 사업' 이라 한다)

2. 사업개요

가. 계약기간

 - 구축기간 : 계약일로부터 3개월(시범운영 준비 기간 포함)

 - 시범운영기간 : 2024년 12월 23일 ~ 2025년 2월 28일(계절학기, 법정의무교육)

 - 무상유지보수 기간 : 2025년 3월 1일 ~ 2026년 2월 28일

고려대학교(서울캠퍼스)
 공간관리 통합시스템 구축 사업 
제안요청서(RFP)
 
2024. 8
 
사업담당자
성 명
이 정 민
연락처
 Tel
02-3290-1229
소 속 팀
건 축 팀
 E-mail
jmlee76@korea.ac.kr
직 급
직원
 Fax
02-926-4946
 
 
※ 본 자료는 제안내용의 설명을 위한 배포자료로, 이외 목적으로 무단복제, 전달 및 사용하는 행위를 금함.
목 차
Ⅰ. 사업개요	 - 	 3
1. 사업 개요	 - 	 3
2. 사업 배경	 - 	 3
3. 사업 범위	 - 	 3",제안서 문서에는 해당 정보가 기재되어 있지 않습니다.
한국철도공사(용역)의 예약발매시스템 개량 ISMP 추진 과업의 지시서 내에 매표소 안내원의 유니폼을 교체하기 위한 하복 제작 피복비 예산 한도가 어떻게 책정되어 지정되었습니까?,D,하,[],"바. 보안특약 조항 	 - 	67
 9. 기타 사항	 - 	72
 가. 하자담보 책임기간 	 - 	72
 나. 작업장소 상호 협의 	 - 	72
 마. 과업심의위원회	 - 	73
 바. 소프트웨어사업 영향평가	 - 	73
 10. 별지서식 및 붙임 	 - 	74
 
Ⅰ
사업 개요 
가. 사업개요
 1. 사 업 명 : 예약발매시스템 개량 ISMP 용역
 2. 사업기간 : 체결일로부터 5개월 이내
 3. 사 업 비 : 470백만원 (VAT포함) 
 4. 계약방법 : 제한경쟁입찰 / 협상에 의한 계약
나. 추진배경 및 필

제안요청서
예약발매시스템 개량 ISMP 용역
2024. 4.
 
 
담당
디지털융합본부
(디지털영업처)
처장 정상기
TEL: 042-615-5670
FAX: 02-361-8269
부장 오강섭
TEL: 042-615-5671
대리 신형섭
TEL: 042-615-5678
 
한국철도공사
 
 
 
 1. 사업 개요	 - 	1
 가. 사업개요	 - 	1
 나. 추진배경 및 필요성 	 - 	1
 2. 현황 및 문제점	 - 	2
 가. 시스템 구성 현황 	 - 	2
 나. 문제점 	 - 	4
 3. 추진방안	 - 	5

제안요청서
운행정보기록 자동분석시스템 개량 
2024. 7.
 
담당
IT운영센터
(운송정보부)
부장 김범승
TEL: 02-3149-3028
FAX: 02-361-8368
팀장 송진출
TEL: 02-3149-3422
주임 조하영
TEL: 02-3149-3185
한국철도공사
 
 Ⅰ. 사업 개요	 - 	3
 Ⅱ. 일반 현황	 - 	4
 Ⅲ. 사업내용	 - 	6
 Ⅳ. 제안요청 내용	 - 	9
 Ⅴ. 제안서 평가 및 사업자 선정 안내	 - 	68
 Ⅵ. 용역사업 보안 준수사항 	 - 	82
 Ⅶ. 제안서 작성	 - 	95

제안요청서
운행정보기록 자동분석시스템 개량 
2024. 4.
 
담당
IT운영센터
(운송정보부)
부장 김범승
TEL: 02-3149-3028
FAX: 02-361-8368
팀장 송진출
TEL: 02-3149-3422
주임 조하영
TEL: 02-3149-3185
한국철도공사
 
 Ⅰ. 사업 개요	 - 	3
 Ⅱ. 일반 현황	 - 	4
 Ⅲ. 사업내용	 - 	6
 Ⅳ. 제안요청 내용	 - 	9
 Ⅴ. 제안서 평가 및 사업자 선정 안내	 - 	68
 Ⅵ. 용역사업 보안 준수사항 	 - 	82
 Ⅶ. 제안서 작성	 - 	95

※ 행정기관 및 공공기관 정보시스템 구축-운영지침 제17조(제안요청서 보안사항 등)에 따라 공개하지 않으며, 제안서 작성이 필요한 경우 보안서약서 제출 후 담당자 입회하에 열람 가능
 
Ⅲ
 과업 범위 및 추진 체계 - 
1. 목표 시스템 구성도
 목표 시스템 구성도
 
 목표 시스템 기능업무 내역
 
구분
업무명칭
업무 정의
Level 1
Level 2
광역철도관리
광역철도
정산관리
교통카드 운임정산
(수도권,지방)
• 수도권 광열철도 구간에 대한 교통카드 운임정산 배분내역 확인 및 운임 수입금 관리 업무",해당 사업 제안요청서 문서에는 '유니폼 교체 또는 하복 제작 관련 예산(피복비)은 포함되지 않았습니다.'가 기재되어 있습니다.
저기여 보홈게뱔원에서 지금 그거 실쏜보험 쳥구 전산화 샤업 이거 하는이유 목적이 뭔지 존나게 심플하게 한문쟝으루만 딱 알랴줄랩쇼?,E,중,[],"보험금 청구서류 확인 → 요양기관에 서류발급 신청 → 서류수령 → 보험금 청구서 작성 → 서류제출 → 보험금 지급 심사 → 보험금 수령
 o 또한, 진료비 영수증 등 보험금 청구에 필요한 수억장의 종이서류를 발급하고 처리하는데 사회적 비용이 낭비됨
 이에 정부는 소비자가 전송대행기관을 통해 One-Stop으로 실손보험전산청구(이하 ‘청구 전산화’)가 가능하도록 보험업법을 개정* 
’23.10.24 공포 → ’24.10.25 병원급 시행(1단계) → ’25.10.25 의원 및 약국 시행(2단계)

보험금 청구서류 확인 → 요양기관에 서류발급 신청 → 서류수령 → 보험금 청구서 작성 → 서류제출 → 보험금 지급 심사 → 보험금 수령
 o 또한, 진료비 영수증 등 보험금 청구에 필요한 수억장의 종이서류를 발급하고 처리하는데 사회적 비용이 낭비됨
 이에 정부는 소비자가 전송대행기관을 통해 One-Stop으로 실손보험전산청구(이하 ‘청구 전산화’)가 가능하도록 보험업법을 개정* 
’23.10.24 공포 → ’24.10.25 병원급 시행(1단계) → ’25.10.25 의원 및 약국 시행(2단계)

o (전송대행기관 역할) 실손보험 청구 전산화 시스템 운영 및 관리, 환자의 동의 및 진료정보 전송 요청에 근거하여 요양기관에서 보유하고 있는 정보주체의 의료데이터를 제공받아 전자적 형태로 유통하는 허브 역할을 수행
 - 진료내역 조회 : 요양기관에 실손보험 청구권자의 진료내역을 요청하고 조회된 목록을 종합포털에 보여줌
 - 사고접수 : 보험금 청구권자의 보유계약이 조회되지 않을 경우 보험사 시스템에서 계약조회

실손보험 청구 전산화 업무 구성 및 절차
 
실손보험 청구 전산화 업무 구성 및 절차
 (진료내역 조회 요구) ‘실손보험 청구권자’는 ‘종합포털’에서 3년 이내 병원에 방문한 진료내역 조회 요구
 - 청구권자는 본인인증 후 진료내역 조회를 요구할 수 있음
 (진료내역 전송) 전송대행기관은 요양기관에 진료내역을 전송받아 청구자가 종합포털에서 조회할 수 있도록 함

KB손해보험
8
KB라이프생명
9
DB손해보험
9
DGB생명보험
10
AXA손해보험
10
KDB생명보험
11
하나손해보험
11
미래에셋생명보험
12
AIG손해보험
12
NH농협생명보험
13
에이스손해보험
13
라이나생명보험
14
캐롯손해보험
14
AIA생명보험
15
NH농협손해보험
15
DB생명보험
16
신한EZ손해보험 (보유예정)
16
동양생명보험
17
카카오페이손해보험 (보유예정)
총 33개 보험사 
5. 기대효과
 실손보험 보험금 청구 전산화에 따른 보험가입자의 편익 증대 및 종이서류 사용절감에 따른 요양기관 비용 절감","본 실손보험 청구 전산화 사업의 주요 목적은 '보험료 청구서와 진료비 영수증 등의 수억장의 종이 서류를 전자적으로 처리함으로써 소비자에게 Convenience를 제공하고, 요양기관이 낭비하는 종이 서류 처리비를 절감하기 위함""입니다."
수쨔언꽁샤 씨엠애스 현장 건슐툥합고됴화 사업 쳥 에싼이랑요 그리구 고려댸 포탈시스템 구축 에산이랑 어느게 얼먄큼 더 큰건지 규모 차이 죰 자세히 요략 해쥬쇼!,E,상,[],"시험운영 계획
PSR-002
현장사무실 운영
PSR-003
교육 계획
PSR-004
하자보수 및 장애관리 방안
PSR-005
하도급 계약
4. 요구사항 상세
 가. 컨설팅 요구사항(Consulting Requirement)
 
요구사항 분류
컨설팅 요구사항
요구사항 고유번호
CUR-001
요구사항 명칭
기 구축 현황 분석
요구사항
상세설명
정의
기 구축 현황 분석 및 국내-외 유사시스템 현황 분석
세부내용
 사업대상 이외의 국내‧외 유사시스템에 대해서도 구축방식, 규모, 적용기술, 운영실태 및 평가사례를 분석하여야 함

- 242inch LED 전광판 디스플레이, 98inch 전자칠판, 영상제어시스템 등 고품질 최신형 영상시스템 구축
 ※ (2층)통신실 242inch LED / (2층)상황실 98inch 전자칠판
 - 통신실 및 상황실의 영상장비용 벽체 인테리어 마감 시공
 음향시스템 구축
 - 다목적 운영이 가능한 최신형 음향설비(디지털 믹서 등) 구축
 - 현장 조건 및 설치 환경 등을 고려한 최적의 음향환경 구현
 
4
추진일정
 
구 분
2025년
비고
2월
3월
4월
5월
6월
7월
8월
9월
10월
 - 입찰공고
25일
 - 제안설명회

나. 사업예산 : 7,875,542천원 이내(부가가치세 포함)
 
3 
 사업범위
 차세대 외자시스템 구축사업은 기본 구축방향에 따른 효율적인 사업관리를 위해 업무 유사성 등을 고려한 4개 구축 과제로 구분하여 추진하며 동 사업은 “Ⅰ.자산운용 S/W 도입”과 “Ⅱ.외화자산운용지원시스템 개발“ 중 자산운용 S/W와 대내외 연계 기능, 자산운용 S/W내 정형보고서” 등을 포함
 * 세부 구축범위는 <첨부 5> “요구사항 상세” 참조
차세대 외자시스템 구축 범위
 
Ⅰ
고수준의 일관체계 구현을 위한 
자산운용 S/W 도입
Ⅲ

1. 사업 추진 방안
 기존 통합정보시스템과의 상호 연계를 고려한 신규 시스템 설계
 수기로 처리하거나 연계 되지 않는 업무 자료 등을 표준화ㆍ체계화 하여 소통ㆍ공유가 쉽고 자료관리가 편한 최적의 시스템 구현
 사용자 편의성을 고려한 맞춤형 UI/UX 시스템 구현
 기 구축된 시스템 및 인프라를 활용하여 최적의 시스템 운영환경 구성 및 설치
 
2. 추진 체계
 추진조직 구성
 
 
사업추진 총괄
(총무전산팀장)
사업추진 전담
(총무전산팀)
사업 수행팀
(사업수행사)
 - 사업 진행상황 총괄
 - 사업추진 세부계획수립

ㅇ 감사시스템 노후화로 인해 감사원 신규 시스템과의 연계 등 한계
 ‘23년 중장기 감사전략 및 미래위험 관리체계 고도화 컨설팅을 통해 디지털 기반 감사체계 고도화 전략과제 도출
 ㅇ 데이터 및 인공지능 등의 기술을 활용한 감사 전략과제를 위해 노후화된 감사시스템 개선 필요
 감사업무 효율성을 위해 별도 구축되어 운영 중인 상시모니터링 시스템 통합 구축 관리 필요
 
3
사업내용
 감사시스템 재구축
 상시모니터링 시스템 재구축 및 감사시스템과 통합
 전자결재, 감사원 시스템 등 타시스템 연동","본 사업에서 고려해야 하는 추가 비용으로 11,000,000원 이상의 금액이 더 많이 발생합니다. 예산 7,875,542원의 '콘솔화 사업'와 13,500,000원 이상의 '포탈시스템 구축 사업' 간의 차이는 5,624,458원이 됩니다."
(사)보험개발원의 실손보험 청구 전산화 시스템 구축 사업 공고문상 책정된 발주 기초금액은 얼마인가요?,A,하,[],"1. 입찰 참가 자격	 - 	 95
 2. 제출 서류	 - 	 95
 3. 제안 설명회	 - 	 96
Ⅶ. 제안서 평가방법
 1. 평가 방법	 - 	 97
 2. 평가 기준	 - 	 98
 3. 낙찰자 결정방법	 - 	 102
 
 [붙임1] 외주용역사업 보안특약	 - 	 103
 [붙임2] 제출서식 	 - 	 106
 
 
Ⅰ
 사업 개요
1. 개요
 사 업 명 : 실손보험 청구 전산화 시스템 구축
 사업기간 : 계약일로부터 19개월
 ※ 1차: ’24년 4월~10월 25일, 2차: ’24년 10월~’25년 10월 25일

o (보험사 업무 비효율성) 입수한 서류 시스템 입력 및 검증에 다수 인력 소요 및 심사 후 종이문서 보관하는 형태의 비효율성 존재
 o (보험사 업무 지연) 서류가 불일치하거나 부정확한 경우가 많아 재요청해야 하여 업무 지연
 
Ⅲ
 사업추진체계 및 일정
1. 추진 방향
 이용자 중심의 편리한 실손보험 보험금 청구 서비스 수립
 안심하고 이용할 수 있는 개인정보 및 의료데이터 유통체계 구축
 365일 24시간 이용할 수 있는 대국민포털 구축
2. 사업추진체계
 
(주관기관)
보험개발원
정보시스템 감리
사업수행업체
 
구 분

시스템 운영 
 - 운영교육 및 기술이전
 - 실손보험 청구 전산화 시스템 운영
 - 시스템 유지보수
※ 상기 추진 일정은 사업추진 과정에서 협의-조정될 수 있음
 
Ⅳ
 제안 요청 내용
1. 목표 업무 프로세스
 ‘실손보험 청구 전산화’란?
 o 실손보험에 가입한 환자가 요청하면 요양기관이 진료내역 등을 전자문서 형태로 제3의 전송대행기관을 거쳐 보험계약을 체결한 보험사에 보내는 방식
 실손보험 청구 전산화 업무 구성 및 절차
 
실손보험 청구 전산화 업무 구성 및 절차

o 이번 개정 법률은 요양기관과 보험사 간 전송대행기관을 두고 청구 전산화를 구현하는 것으로 별도 시스템 구축을 필요로 하고 있음
3. 실손보험 청구 전산화 시스템 개요
 참여기관 : 전국 요양기관(병의원 및 약국), 실손보험계약을 보유 또는 보유예정인 보험사
 
 
실손보험 청구 전산화 시스템 개념도
 주요기능
 o 진료를 받은 보험가입자의 요청에 따라 요양기관에서 보험사로 보험금 청구 필요서류를 전자적 방법으로 전송
 o 전송대행기관은 요양기관으로부터 전자문서를 수신받아 가입보험사로 전달

o 이번 개정 법률은 요양기관과 보험사 간 전송대행기관을 두고 청구 전산화를 구현하는 것으로 별도 시스템 구축을 필요로 하고 있음
3. 실손보험 청구 전산화 시스템 개요
 참여기관 : 전국 요양기관(병의원 및 약국), 실손보험계약을 보유 또는 보유예정인 보험사
 
 
실손보험 청구 전산화 시스템 개념도
 주요기능
 o 진료를 받은 보험가입자의 요청에 따라 요양기관에서 보험사로 보험금 청구 필요서류를 전자적 방법으로 전송
 o 전송대행기관은 요양기관으로부터 전자문서를 수신받아 가입보험사로 전달","제안요청서의 '입찰방식' 항목에 따르면, 본 사업은 금이 '부가가치세 포함'된 49,950,000원입니다."
국방과학연구소의 기록관리시스템 통합 활용 프로젝트에 책정된 예산 규모를 알려 주십시오.,A,하,[],"제 안 요 청 서
 
사 업 명
기록관리시스템 통합 관리 환경 구축 
주관기관
 
 국방과학연구소
2024. 4.
 
담당
계약담당
재무실
042-821-0449
업무담당
기술정보실
042-821-2931
목 차
 
Ⅰ. 사업 개요	 - 	 4
 1. 사업 정보	 - 	4
 2. 추진배경 및 필요성	 - 	4
 3. 주요 사업내용	 - 	5
 4. 기대효과	 - 	6
 5. 추진체계 및 역할	 - 	6
 6. 추진일정	 - 	7
 7. 대상 시스템 현황	 - 	8
Ⅱ. 제안요청 내용	 - 	 9
 1. 요구사항 목록	 - 	9

제 안 요 청 서
 
사 업 명
기록관리시스템 통합 활용 및 보안 환경 구축
주관기관
 
 국방과학연구소
2025. 1.
 
담당
계약담당
재무실
042-821-0449
업무담당
기술정보실
042-821-2931
목 차
 
Ⅰ. 사업 개요	 - 	 4
 1. 사업 정보	 - 	4
 2. 추진배경 및 필요성	 - 	4
 3. 주요 사업내용	 - 	5
 4. 기대효과	 - 	6
 5. 추진체계 및 역할	 - 	6
 6. 추진일정	 - 	7
 7. 대상 시스템 현황	 - 	8
Ⅱ. 제안요청 내용	 - 	 9

제 안 요 청 서
 
사 업 명
e-감사시스템 웹 호환성 및 기능보완
주관기관
 
 국방과학연구소
 
 
2024. 10.
 
계약 담당
재무실 내자팀
042-821-3827
사업 담당
감 사 실
042-821-2456
목 차
 
1. 사업 개요	 - 	 1
 가. 사업 정보	 - 	1
 나. 추진배경 및 필요성	 - 	1
 다. 사업 범위	 - 	1
 라. 기대 효과	 - 	2
2. 현황	 - 	 2
 가. 업무 현황	 - 	2
 나. 정보화 현황	 - 	2
3. 사업 추진방안	 - 	 3
 가. 추진목표	 - 	3

4. 기대효과
Ⅱ. 사업내용	 - 	 3
 1. 추진전략
 2. 추진체계 및 역할
 3. 추진일정
 4. 대상 시스템 현황
 5. 사업범위
Ⅲ. 제안요청 내용	 - 	 7
1. 요구사항 구분 및 총괄표
2. 요구사항 목록
3. 요구사항 상세
Ⅳ. 제안안내	 - 	 44
1. 입찰안내
2. 계약방법
3. 입찰참가자격
4. 제안서 평가 방법
5. 제출서류 및 제출방법
6. 제안요청 설명회
7. 제안서 평가
8. 제안서 보상
9. 입찰 유의사항
10. 보안사항
11. 기타 안내사항 
Ⅴ. 제안서 작성 안내	 - 	 55

7. 대상 시스템 현황	 - 	8
Ⅱ. 제안요청 내용	 - 	 9
 1. 요구사항 목록	 - 	9
 2. 요구사항 상세	 - 	11
 가. 기능 요구사항	 - 	11
 나. 데이터 요구사항	 - 	19
 다. 전략 및 방법론 요구사항	 - 	22
 라. 시스템 요구사항	 - 	23
 마. 테스트 요구사항	 - 	23
 바. 인터페이스 요구사항	 - 	25
 사. 성능 및 품질 요구사항	 - 	26
 아. 보안 요구사항	 - 	27
 자. 프로젝트 관리 요구사항	 - 	30
 차. 프로젝트 지원 요구사항	 - 	32","이 사업에서 배정된 예산 규모는 14,000,000원입니다."
한국수자원공사의 '건설통합시스템(CMS) 고도화' 사업은 내부의 어떤 관리 업무를 통합 전산망으로 고도화하려는 목적입니까?,A,하,[],"관리
번호
원본 또는 사본
FY - 2024
건설통합시스템(CMS) 고도화
과업지시서
 
 
 
 
 기 술 기 획 처
 
 
목 차
 
 Ⅰ. 
 과업설명서
 
 Ⅱ. 
 일반과업지시서
 
 Ⅲ. 
 특별과업지시서
 
 Ⅳ. 
 예정공정표
 
 
 
 
 Ⅰ. 
 과업설명서
 
1. 과업명 : 건설통합시스템(CMS) 고도화
2. 과업목적
 사업부서의 니즈 적극 해소 및 업무경감을 위한 건설통합시스템(CMS) 고도화
(위원회 운영) 디지털 서류 기반 평가로 서류 간소화, 심사-심의-평가 업무의 편의성 및 신뢰성 확보

(자동화)
 
위원회 개최
 
결과
보고
 
결과
통보
 
이의
신청
관리
 
실적
관리
온라인 평가
실시간 집계
심사부서
심사부서
사업부서
계약부서
사업부서
사업부서
심사부서
심사부서
심사부서
심사부서
심사부서
심사부서
심사부서
 건설사업관리용역(감리) 관리 프로세스(감리원↔시공사 사업관리) 구축
 * (기존) 내부시스템(CMS)에서 직접 감독 사업만 시스템 활용 가능
 * (개선) 외부시스템(CTS)에서 감리원의 사업관리-감독 기능 활용 가능
4. 과업범위
 위원회
업무별 수요조사 및 사전협의를 할 수 있는 기능 구축

(2) 수자원 영상위성 시스템과 활용 인프라의 통합 지원
 (3) 수자원 영상위성 시스템 통합 시험 및 인수 시험 지원
 (4) 통합상황실 인프라구축
4. 기대효과
 가. 수자원 영상위성의 효율적 활용을 위한 운영체계 개발을 통하여 수자원관리, 수재해(홍수, 가뭄) 감시 역량을 강화
 나. 수자원-우주-ICT 등 융복합 첨단기술의 활용을 통해 물관리의 새로운 패러다임으로 확장 및 국민 물복지를 구현
 
< 수자원 영상위성 운영시스템 구축 >
5. 과업 수행기간 : 착수일로부터 36개월(1,080일)

3. 추진방향
가. 신재생에너지 공급인증서 업무 체계화 및 자동화를 통한 업무 효율성 증대
나. K-water 계약체결 사업자 계약정보, REC 단가정보 등 고객 대상 정보 제공 홈페이지 구축을 통한 고객 접근성 향상
4. 주요 과업범위	- - 	
가. REC 회계업무 시스템 구축
 - 에너지공단, 전력거래소의 데이터를 수급하여 내부시스템에 업로드
	- - 	- REC 매매계약 관련 청구내역 검증
	- - 	- 공사 재무시스템(SAP)과 연동하여 회계전표 생성 및 내부결재 기능 구축

나. 수자원 영상위성에서 수집되고 생성된 정보를 활용하여 대국민 서비스 기반 구축
 다. 수자원 관리 및 수재해 감시 역량 강화를 위하여 체계적이고 효율적인 업무수행 기반을 검증하고 물분야 국내 위성산업의 미래성장동력을 확대 
 라. 물관련 재해 피해규모 경감을 통한 물안보 제고 및 물분야 글로벌 경쟁력 확보
 
< 사업추진 목표 및 주요 핵심과제 >
3. 과업범위
 가. 수자원 영상위성 활용시스템 구축
 (1) 자료 수집/배포 시스템 개발
 - 네트워크 보안에 따라 위성망/인터넷망 분리 구축","한국수자원공사의 '건설통합시스템(CMS) 고도화' 사업은 내부의 '위원회 운영', '심사-심의-평가 업무', '감리원 사업관리-감독' 등의 관리 업무를 통합 전산망으로 고도화하려는 목적입니다."
한국보건산업진흥원의 의료기기산업 종합정보시스템 기능개선 사업이 해결해야 할 가장 시급한 운영자(오퍼레이터) 측면의 기술적 애로사항은 무엇입니까?,A,중,[],"제 안 요 청 서 
 
사 업 명
의료기기산업 종합정보시스템(정보관리기관) 기능개선 사업(올인원 플랫폼 구현 등)
주관기관
한국보건산업진흥원
2024. 08.
 
담당
의료기기화장품산업단
의료기기산업혁신팀
팀 장 윤 태 영
Tel 043-713-8880
담 당 자 김 지 애
Tel 043-713-8884
 
 목 차
 I. 사업개요
 1. 사업개요	 - 	 4 
 2. 추진배경 및 필요성	 - 	 4 
 3. 과업내용	 - 	 5 
 4. 기대효과 	 - 	 5 
Ⅱ. 사업추진방안
 1. 추진목표	 - 	 7

- 산-학-연-병 전문가 및 이해관계자 상시소통 창구 개설
* 분야별(경영전략, 기술개발, 인허가, 해외수출, 특허, 기술이전, 투자 등) 애로사항 및 문의사항, 아이디어 작성 기능 구현(의료기기산업 종합정보시스템 기업회원 한함)
 ** 의견 및 인사이트 등록 기능 구현(의료기기산업 종합정보시스템 기업회원 한함)
 *** 게시물 내 사용자의 공감 버튼 기능 추가
 의료기기산업 육성 지원사업 관리 시스템 개선
 의료기기산업 육성 지원사업 성과관리 시스템 개선
 - 과제참여자별 성과 기입 및 과제별 성과 가시화 기능 구현(관리자 활용)

집단 소통할 수 있는 시스템 구축을 통한 이해관계자 소통체계 마련
 진흥원 의료기기산업 육성 과제 관리시스템 기능 개선을 통한 과제 담당자 및 사업 관리자 등의 업무 효율성 제고
 사용자 맞춤형 서비스 기능 개선 및 편의성 강화를 통한 의료기기산업 종합정보시스템 운영 활성화
Ⅱ. 사업 추진방안
 
1
 추진목표
 열린 소통 플랫폼 구현을 통한 이해관계자 소통체계 마련
 정보관리기관 시스템 개선 및 추가 기능 구현 등을 통한 플랫폼 개선
 
2
 추진체계
 추진 조직도 
 
관계 기관
주관기관
지원기관
의료기기 전문정보 취급기관

1. 공공기관의 운영에 관한 법률 제4조에 따른 공공기관 또는 비영리법인일 것
 2. 보건복지부장관 또는 식품의약품안전처장이 혁신의료기기의 연구개발 관련 정보의 전문적인 관리에 필요하다고 인정하여 고시하는 인력 및 장비를 갖출 것
 (필요성) 정보관리기관 추가 기능 구현 및 고도화를 통한 의료기기 전문정보 관리 효율성 증대 및 플랫폼 활성화 도모 
 정보 제공 다양화, 과제 관리제도 활성화, 데이터 활용 활성화 등 기능 강화 및 추가하여 정보관리기관의 정보 활용 가치 확산
 
<의료기기산업 종합정보시스템 개선 방향>

의료기기산업 육성 지원사업 관리 시스템 개선
 정보관리기관 시스템 기타 기능 개선
 
 그 외 과업 수행 관련 진흥원이 요청하는 사항 
 
2
 과업 세부 내용 
 혁신의료기기 연구개발 정보관리기관 정보 제공 다양화 
 의료기기산업 전문정보 추가 정보 제공 및 통합 기능 구현
 - 혁신형의료기기기업의 연구개발 정보 제공
 - 전문가 인사이트, 기업성공사례 등 민간데이터 제공
 - 전문 부처(기관)별 보유* 데이터 연계 기능 반영
 * 타 기관의 의료기기 정보 제공 시스템과 연계하여, 데이터의 전송-조회 기능 구현",최종적으로 해결되어야 하는 가장 시급한 기술적 애로사항은 기존 시스템의 '다양한 업무 프로세스를 일괄 처리하기 위한 자동화 및 최적화 기능 개발'입니다.
"한국생산기술연구원의 2세대 전자조달시스템 구축 사업 예산 94,000,000원 중, 서버 이관 및 세팅 비용으로 15,000,000원이 고정 배정되고 나머지 예산을 외주 개발자 2명에게 공평하게 월급 형태로 5개월 간 지급한다고 가정할 때 개발자 1인이 월별로 수령하는 가상의 개발 인건비는 얼마입니까?",A,상,[],"우즈베키스탄 열린 의정활동을 위한
상하원 국회 방송시스템 구축 및
지역의회와의 연계기반 개선 사업
PMC 용역
제안요청서
2024. 10. 
유라시아팀 
한국국제협력단 
 
목 차
 
Ⅰ. 제안 요청내용 
 1. 용역 개요	 - 	1
 2. 기본방향	 - 	1
 3. 세부 과업지침	 - 	4
 
Ⅱ. 입찰 안내사항 
 1. 입찰 참가자격	 - 	76
 2. 입찰 및 낙찰자 선정방식	 - 	77
 3. 입찰 절차	 - 	78
 4. 유의사항	 - 	80
 
Ⅲ. 제안서 작성 안내사항 
 1. 일반사항	 - 	84

3. 입찰 절차	 - 	54
 4. 유의사항	 - 	55
 
Ⅲ. 제안서 작성 안내사항 
 1. 일반사항	 - 	59
 2. 기술제안서 목차 및 작성지침	 - 	62
 3. 가격제안서 작성지침	 - 	72
Ⅳ. 평가 안내사항
 1. 기술평가 안내	 - 	74
 2. 가격평가 안내	 - 	85

4. 유의사항	 - 	64
 
Ⅲ. 제안서 작성 안내사항 
 1. 일반사항	 - 	69
 2. 기술제안서 목차 및 작성지침	 - 	72
 3. 가격제안서 작성지침	 - 	80
Ⅳ. 평가 안내사항
 1. 기술평가 안내	 - 	84
 2. 가격평가 안내	 - 	92

목 차
 
<용어 정의>
Ⅰ. 제안 요청내용 
 1. 용역 개요	 - 	1
 2. 기본방향	 - 	1
 3. 세부 과업지침	 - 	5
 
Ⅱ. 입찰 안내사항 
 1. 입찰 참가자격	 - 	33
 2. 입찰 및 낙찰자 선정방식	 - 	35
 3. 입찰 절차	 - 	35
 4. 유의사항	 - 	37
 
Ⅲ. 제안서 작성 안내사항 
 1. 일반사항	 - 	39
 2. 기술제안서 목차 및 작성지침	 - 	41
 3. 가격제안서 작성지침	 - 	46
Ⅳ. 평가 안내사항
 1. 기술평가 안내	 - 	47

3. 입찰 절차	 - 	26
 4. 유의사항	 - 	28
 
Ⅲ. 제안서 작성 안내사항 
 1. 일반사항	 - 	33
 2. 기술제안서 목차 및 작성지침	 - 	37
 3. 가격제안서 작성지침	 - 	45
Ⅳ. 평가 안내사항
 1. 기술평가 안내	 - 	48
 2. 가격평가 안내	 - 	56","이 사업에서 개발 인건비를 계산하려면, 총 예산(94,000,000원)에서 고정 배정된 서버 이관 및 세팅 비용(15,000,000원)을 빼서 남은 금액인 79,000,000원을 개발 인건비로 남겨두겠습니다. 다음으로, 이 79,000,000원을 2명의 개발자가 공평하게 분담하도록 하므로, 각 개발자의 월간 수령액을 구하기 위해 이 금액을 60(5개월 × 12월/년)으로 나눕니다. 따라서 개발 인건비는 79,000,000 / 60 ≈ 1,316,667원입니다."
"울산광역시 버스정보시스템 확대 구축 사업의 총 예산 986,945,000원이 연말 예산 감축 정책에 따라 기재부로부터 일괄적으로 15% 일괄 삭감 조치를 통보받았을 경우, 이 감축 사태로 인해 울산광역시가 최종적으로 쥐고 운용해야 하는 삭감 후 잔여 편성 예산은 얼마로 추산되나요?",A,상,[],"다. 사업예산 : 986,945,000원(금구억팔천육백구십사만오천원)
 라. 계약방법 : 제한경쟁입찰(협상에 의한 계약) 
2. 추진배경 및 필요성
 가. 버스정보시스템(이하 BIS)의 시범운영(2005년) 이후 대중교통 이용편의를 제공하기 위해 2006년부터 2023년까지 버스정류장 1,647개소에 버스정보단말기(이하 BIT)를 구축하여 운영하고 있으며, 시민들의 지속적인 확대 요구에 따라 미설치 버스정류장에 BIT를 확대 설치하고 시내-좌석-리무진버스 뿐만 아니라 지선-마을버스까지 BIS를 확대 운영하고 있음.

내용
현장시스템
현장장비
버스정보안내단말기 철거 : 70대
버스정보안내단말기 제작 및 설치
 - 소형 쉘터형 : 50대
 - 소형 독립형 : 30대
 - 중형 쉘터형 : 38대
 - 중형 독립형 : 4대
 - 대형 쉘터형 : 8대
통신주 설치 : 3개소
전원 및 접지 : 60개소
버스정보시스템
(BIS)
소프트웨어
BIS 프로그램 기능개선 : 1식
 - 문자혼용 노선번호 표출
 - 회차지 대기 서비스 표출
4. 추진체계
 가. 추진체계 구성도
 
사업총괄
유관기관
울산광역시
(교통기획과)
구-군
사업수행
협조
시행사(계약업체)

Ⅱ 
 제안요청 내용
1. 일반사항
 가. 본 제안요청서는 2024년 버스정보시스템(BIS) 확대 구축 및 기능개선사업 에 대한 제안을 받기 위한 것으로 울산광역시 요구사항을 충분히 검토한 후 요구기능이 포함된 제안서를 작성하여 제시하여야 함
 나. 제안서에는 사업계획과 제안요청 제반사항에 대해 제안사의 추진 전략, 추진 체계, 추진 계획 등이 구체적으로 제시되어야 함

2024년 버스정보시스템 확대 구축 및 기능개선 사업
제 안 요 청 서
2024. 5.

아. 울산광역시 버스정보시스템의 원활한 운영이 가능하도록 현재 운영되고 있는 기존 시스템과 호환이 되어야 하며, 이에 따른 제반비용은 제안업체에서 부담함
 자. 납품일 기준으로 최신의 사양을 납품하여야 하며 준공일을 기준으로 12개월 이내에 단종 되어서는 안 됨. 단종될 시 하자 및 사업 이후라도 단종예정 및 계획 3개월 전에 미리 발주처에 통보하여야 함
 차. 본 사업은 소프트웨어 진흥법 제43조에 따라 “소프트웨어사업 영향평가“를 미리 실시한 사업임([붙임 5] 참고)","본 사업 예산 986,945,000원의 85%(100% - 15%)인 880,203,250원이 최종 예산으로 산정됩니다."
고려대학교의 대규모 학사 정보시스템 사업(약 112.7억)과 국방과학연구소 대용량 자료전송시스템 고도화(약 3.1억) 간의 투자 예산 금액 격차는 얼마인가요?,B,하,[],"[별첨 2] 고려대학교 학습관리시스템 데이터 연동 현황

- 2 -

 
 
I

 사업 개요

1. 사업명

고려대학교(이하 '본교') 차세대 LMS(학습관리시스템) 구축을 위한 사업을 추진하고

자 함(이하 '본 사업' 이라 한다)

2. 사업개요

가. 계약기간

 - 구축기간 : 계약일로부터 3개월(시범운영 준비 기간 포함)

 - 시범운영기간 : 2024년 12월 23일 ~ 2025년 2월 28일(계절학기, 법정의무교육)

 - 무상유지보수 기간 : 2025년 3월 1일 ~ 2026년 2월 28일

제 안 요 청 서 

고려대학교 
차세대 포털·학사 정보시스템 구축 사업 

2024. 7. 01 

※ 본 자료는 제안내용의 설명을 위한 배포자료로, 이외 목적으로 무단복제, 전달 및 사용하는 행위를 금함. 

-1- 

 
 
 
 
 
 
 
 
 
 
 
 
 
 
 
 
목 차 

Ⅰ. 사업개요 ·················································································································· 4

제 안 요 청 서 

고려대학교 
차세대 포털·학사 정보시스템 구축 사업 

2024. 7. 01 

※ 본 자료는 제안내용의 설명을 위한 배포자료로, 이외 목적으로 무단복제, 전달 및 사용하는 행위를 금함. 

-1- 

 
 
 
 
 
 
 
 
 
 
 
 
 
 
 
 
목 차 

Ⅰ. 사업개요 ·················································································································· 4

제 안 요 청 서

고려대학교
차세대 LMS(학습관리시스템) 구축 사업

2024. 9. 

※ 본 자료는 제안내용의 설명을 위한 배포자료로, 이외 목적으로 무단복제, 전달 및 사용하는 행위를 금함.

- 1 -

 
 
목 차

Ⅰ. 사업개요 ····························································································· 3

3. 계약 방식 ·········································································································· 54

4. 문의 ···················································································································· 54

[별첨 1] 관련 서식

[별첨 2] 고려대학교 학습관리시스템 데이터 연동 현황

- 2 -","예산 격차는 109,670,000원입니다."
"한국보건산업진흥원의 의료기기시스템 기능개선 비용(50,000,000원)과 국방과학연구소 보안 환경 구축 비용(282,300,000원)을 합산한 예산의 종합 크기는 얼마입니까?",B,하,[],"(사업금액) 50,000,000원(VAT 포함)
 (사업기간) 계약체결일로부터 120일
 (사업공고) 제한경쟁(총액) 협상에 의한 계약
 - (입찰방식) 제한경쟁(긴급입찰)
 - (낙찰자 결정방식) 협상에 의한 낙찰자 선정(기술 90, 가격 10)
 
2
 추진배경 및 필요성
 (추진 배경) 한국보건산업진흥원, 혁신의료기기 연구개발 정보관리기관으로 지정
 의료기기산업법 제26조에 따라 혁신의료기기 연구개발 정보관리기관(이하 ‘정보관리기관’)으로 ‘한국보건산업진흥원’ 지정(’21.10.5)*

제안요청서 요구사항 상세화(Ⅲ. 제안요청 내용 참조)
15
SW사업 적정 사업기간 산정
SW사업 적정 사업기간 산정하여 결과서 첨부(p.64)
16
투입인력 요구 및 관리 금지
명시하지 않음
17 
SW사업 영향평가
소프트웨어사업 영향평가 결과서 첨부(p.66~67)
18
SW사업정보 제출
SW사업 정보 데이터 제출 필요
 
Ⅰ. 사업 개요
 
1
 사업개요
 (사업명) 의료기기산업 종합정보시스템(정보관리기관) 기능개선 사업(올인원 플랫폼 구현 등)
 (사업금액) 50,000,000원(VAT 포함)

제 안 요 청 서 
 
사 업 명
의료기기산업 종합정보시스템(정보관리기관) 기능개선 사업(올인원 플랫폼 구현 등)
주관기관
한국보건산업진흥원
2024. 08.
 
담당
의료기기화장품산업단
의료기기산업혁신팀
팀 장 윤 태 영
Tel 043-713-8880
담 당 자 김 지 애
Tel 043-713-8884
 
 목 차
 I. 사업개요
 1. 사업개요	 - 	 4 
 2. 추진배경 및 필요성	 - 	 4 
 3. 과업내용	 - 	 5 
 4. 기대효과 	 - 	 5 
Ⅱ. 사업추진방안
 1. 추진목표	 - 	 7

[붙임 3] 과업심의 종합결과서	 - 	 52 
 
 별첨자료] 
 <별첨 1> 제안서 첨부서식	 - 	 53 
 <별첨 2> 용역사업 보안관련사항	 - 	 65 
 
 
<한국보건산업진흥원 공정거래 준수 안내>
한국보건산업진흥원은 공정한 거래와 상생문화를 정착하고 확산하도록 
아래의 내용을 준수합니다.

* 타 기관의 의료기기 정보 제공 시스템과 연계하여, 데이터의 전송-조회 기능 구현
< 제공 정보 추가 검토(안) >
 
정보 구분
구성 내용
정보 주체
연구개발정보
혁신형의료기기기업 연구개발 현황
혁신형의료기기기업 지정 기업
기술정보
의료기기산업 실태조사
한국보건산업진흥원
시장정보
의료기기 표준코드(UDI코드) 정보서비스 GMP 등
식품의약품안전처
(공공데이터포털)
임상정보
의료기기 임상시험계획 승인신청 목록 및 상세
해외
진출정보
MDR, IVDR NB 지정 기관 및 해외 의료기기 규제 정보
의료기기 국제인증지원센터","두 기관의 예산을 합산하면 총 332,300,000원입니다."
고려대 학사 포털 시스템 재구축 예산(약 112.7억)이 울산광역시 버스정보시스템 확대 예산(약 9.87억)을 상회하고 있습니까?,B,하,[],"다. 사업예산 : 986,945,000원(금구억팔천육백구십사만오천원)
 라. 계약방법 : 제한경쟁입찰(협상에 의한 계약) 
2. 추진배경 및 필요성
 가. 버스정보시스템(이하 BIS)의 시범운영(2005년) 이후 대중교통 이용편의를 제공하기 위해 2006년부터 2023년까지 버스정류장 1,647개소에 버스정보단말기(이하 BIT)를 구축하여 운영하고 있으며, 시민들의 지속적인 확대 요구에 따라 미설치 버스정류장에 BIT를 확대 설치하고 시내-좌석-리무진버스 뿐만 아니라 지선-마을버스까지 BIS를 확대 운영하고 있음.

Ⅱ 
 제안요청 내용
1. 일반사항
 가. 본 제안요청서는 2024년 버스정보시스템(BIS) 확대 구축 및 기능개선사업 에 대한 제안을 받기 위한 것으로 울산광역시 요구사항을 충분히 검토한 후 요구기능이 포함된 제안서를 작성하여 제시하여야 함
 나. 제안서에는 사업계획과 제안요청 제반사항에 대해 제안사의 추진 전략, 추진 체계, 추진 계획 등이 구체적으로 제시되어야 함

아. 울산광역시 버스정보시스템의 원활한 운영이 가능하도록 현재 운영되고 있는 기존 시스템과 호환이 되어야 하며, 이에 따른 제반비용은 제안업체에서 부담함
 자. 납품일 기준으로 최신의 사양을 납품하여야 하며 준공일을 기준으로 12개월 이내에 단종 되어서는 안 됨. 단종될 시 하자 및 사업 이후라도 단종예정 및 계획 3개월 전에 미리 발주처에 통보하여야 함
 차. 본 사업은 소프트웨어 진흥법 제43조에 따라 “소프트웨어사업 영향평가“를 미리 실시한 사업임([붙임 5] 참고)

내용
현장시스템
현장장비
버스정보안내단말기 철거 : 70대
버스정보안내단말기 제작 및 설치
 - 소형 쉘터형 : 50대
 - 소형 독립형 : 30대
 - 중형 쉘터형 : 38대
 - 중형 독립형 : 4대
 - 대형 쉘터형 : 8대
통신주 설치 : 3개소
전원 및 접지 : 60개소
버스정보시스템
(BIS)
소프트웨어
BIS 프로그램 기능개선 : 1식
 - 문자혼용 노선번호 표출
 - 회차지 대기 서비스 표출
4. 추진체계
 가. 추진체계 구성도
 
사업총괄
유관기관
울산광역시
(교통기획과)
구-군
사업수행
협조
시행사(계약업체)

※ BIS : Bus Information Systems, BIT : Bus Information Terminal
 나. 시민의 대중교통 이용편의를 위해 BIT를 외곽지역까지 단계적으로 확대보급하고 노후 BIT를 교체하여 무중단 버스정보 서비스 제공기반을 구축하고,
 다. 시내버스 노선 전면 개편에 유연하게 대응하기 위해 기존에 설치된 BIT에 문자 혼용 노선번호를 표출할 수 있도록 소프트웨어를 개선하여 현장 단말기에 적용하여 시민의 대중교통 이용 편의성을 향상시키고자 함.
3. 사업범위
 가. 공간적 범위","네, 고려대학교 학사 포털 시스템 재구축 예산(약 112,700,000,000원)은 울산광역시 버스정보시스템 확대 예산(약 9,870,000,000원)을 상회합니다."
한국철도공사의 예약발매(예외 법인 에스알) ISMP 용역과 을지대학교 비교과시스템 개발 사업 중 각 사업의 예산 규모를 과업 문서의 단독 정보로 명시하여 고시한 구역이 있습니까?,B,하,[],"을지대학교 
비교과시스템 개발사업 제안요청서
 
 
2024. 11. 
을 지 대 학 교
 목 차 
 
Ⅰ. 사업 개요	 - 	4
 1. 사업개요	 - 	4
 2. 사업범위	 - 	4
 
Ⅱ. 현황	 - 	5
 1. 정보화 현황	 - 	5
Ⅲ. 사업 추진방안	 - 	7
 1. 추진목표	 - 	7
 2. 추진전략	 - 	7
 3. 추진일정	 - 	9
 4. 추진방안	 - 	10
Ⅳ. 제안요청 내용	 - 	11
 1. 제안요청 개요	 - 	11
 2. 구축 범위	 - 	14
 3. 개발지원 목록 	 - 	17

을지대학교 
학부제시스템 개발사업 제안요청서
 
 
2024. 6. 
을 지 대 학 교
 목 차 
 
Ⅰ. 사업 개요	 - 	4
 1. 사업개요	 - 	4
 2. 사업범위	 - 	4
 
Ⅱ. 현황	 - 	6
 1. 일반 현황	 - 	6
 2. 정보화 현황	 - 	6
Ⅲ. 사업 추진방안	 - 	8
 1. 추진목표	 - 	8
 2. 추진전략	 - 	8
 3. 추진일정	 - 	10
 4. 추진방안	 - 	11
Ⅳ. 제안요청 내용	 - 	12
 1. 제안요청 개요	 - 	12
 2. 구축 범위	 - 	15

3. 책임의 한계	 - 	78
4. 분쟁의 해결	 - 	79
5. 개발 S/W의 공동 활용 사전명시에 관한 사항	 - 	79
6. 하자 담보 책임기간 및 범위에 관한 사항	 - 	79
Ⅷ. 참조 자료	 - 	80
[참조 1]사업자 보안위규 처리기준	 - 	80
[참조 2]보안위약금 부과 기준	 - 	82
[참조 3]누출금지 대상정보 누출 시 제재조치 사항	 - 	83
Ⅸ. 붙임 서식	 - 	84

2. 구축 범위	 - 	14
 3. 개발지원 목록 	 - 	17
 4. 상세요구사항	 - 	15
 가. 요구사항 목록표	 - 	15
 나. 요구사항 내용	 - 	18
1) 기능 요구사항	 - 	18
2) 보안 요구사항	 - 	49
3) 품질 요구사항	 - 	52
4) 제약사항	 - 	52
5) 프로젝트관리 요구사항	 - 	54
6) 프로젝트지원 요구사항	 - 	59
Ⅴ. 제안서 작성요령	 - 	62
 1. 제안서의 효력 	 - 	62
 2. 제안서 작성지침 및 유의사항	 - 	62
 3. 제안서 목차	 - 	66

1. 제안요청 개요	 - 	12
 2. 구축 범위	 - 	15
 3. 개발지원 목록 	 - 	17
 4. 상세요구사항	 - 	18
 가. 요구사항 총괄표	 - 	18
 나. 요구사항 목록표	 - 	18
 다. 요구사항 내용	 - 	22
1) 기능 요구사항	 - 	22
2) 시스템장비구성 요구사항	 - 	43
3) 성능 요구사항	 - 	46
4) 보안 요구사항	 - 	47
5) 품질 요구사항	 - 	51
6) 제약사항	 - 	52
7) 프로젝트관리 요구사항	 - 	53
8) 프로젝트지원 요구사항	 - 	58",두 사업 모두 과업 문서 내에서 단독으로 발주 예산 규모가 명시되어 있습니다.
수자원공사의 사고분석솔루션 용역과 생기원의 2세대 전자조달시스템 구축 체계는 조직 내 실무자들의 의사결정을 돕는 데 큰 역할을 합니다. 양 체계가 다루는 의사결정의 주 대상 데이터 성격은 모니터링적 관점에서 어떻게 갈리나요?,B,중,[],"우즈베키스탄 ICT기반의 수자원정보화 마스터플랜 수립 및 시설기반강화 시범사업 사후관리 PMC 용역
(2023-2024/64만불)
제안요청서
2023. 12.
 우즈베키스탄 사무소, 유라시아실 - 
한국국제협력단 
 
목 차
 
<용어 정의>
Ⅰ. 제안 요청내용 
 1. 용역 개요	 - 	1
 2. 기본방향	 - 	2
 3. 세부 과업지침	 - 	6
 
Ⅱ. 입찰 안내사항 
 1. 입찰 참가자격	 - 	51
 2. 입찰 및 낙찰자 선정방식	 - 	53
 3. 입찰 절차	 - 	54
 4. 유의사항	 - 	55

목 차
 
<용어 정의>
Ⅰ. 제안 요청내용 
 1. 용역 개요	 - 	1
 2. 기본방향	 - 	1
 3. 세부 과업지침	 - 	5
 
Ⅱ. 입찰 안내사항 
 1. 입찰 참가자격	 - 	33
 2. 입찰 및 낙찰자 선정방식	 - 	35
 3. 입찰 절차	 - 	35
 4. 유의사항	 - 	37
 
Ⅲ. 제안서 작성 안내사항 
 1. 일반사항	 - 	39
 2. 기술제안서 목차 및 작성지침	 - 	41
 3. 가격제안서 작성지침	 - 	46
Ⅳ. 평가 안내사항
 1. 기술평가 안내	 - 	47

우즈베키스탄 열린 의정활동을 위한
상하원 국회 방송시스템 구축 및
지역의회와의 연계기반 개선 사업
PMC 용역
제안요청서
2024. 10. 
유라시아팀 
한국국제협력단 
 
목 차
 
Ⅰ. 제안 요청내용 
 1. 용역 개요	 - 	1
 2. 기본방향	 - 	1
 3. 세부 과업지침	 - 	4
 
Ⅱ. 입찰 안내사항 
 1. 입찰 참가자격	 - 	76
 2. 입찰 및 낙찰자 선정방식	 - 	77
 3. 입찰 절차	 - 	78
 4. 유의사항	 - 	80
 
Ⅲ. 제안서 작성 안내사항 
 1. 일반사항	 - 	84

에콰도르 생물다양성 보전과 지속가능한 이용을 위한 국가 유전자원 데이터 은행 설립 및 역량강화 사업 정보화 시스템 개발 PC 용역
제안요청서
2024. 9.
 중남미실 -(남미팀), 에콰도르사무소
한국국제협력단 
 
목 차
 
Ⅰ. 제안 요청내용 
 1. 용역 개요	 - 	1
 2. 기본방향	 - 	2
 3. 세부 과업지침	 - 	6
 
Ⅱ. 입찰 안내사항 
 1. 입찰 참가자격	 - 	42
 2. 입찰 및 낙찰자 선정 방식	 - 	44
 3. 입찰 절차	 - 	44
 4. 유의사항	 - 	46
 
Ⅲ. 제안서 작성 안내사항

르완다 통합적 일자리 정보체계 구축사업
시스템 개발 용역
(2024-2028/650만불) 
제안요청서
2024. 12.
아프리카실-르완다사무소
한국국제협력단 
 
목 차
 
<용어 정의>
Ⅰ. 제안 요청내용 
 1. 용역 개요	 - 	1
 2. 기본방향	 - 	4
 3. 세부 과업지침	 - 	9
 
Ⅱ. 입찰 안내사항 
 1. 입찰 참가자격	 - 	61
 2. 입찰 및 낙찰자 선정방식	 - 	62
 3. 입찰 절차	 - 	62
 4. 유의사항	 - 	64
 
Ⅲ. 제안서 작성 안내사항 
 1. 일반사항	 - 	69","수자원공사는 '재난 발생 시 즉각적인 사고 현황 및 피해 규모를 분석하여 대피 명령 및 재난 대응 전략을 제시하는' 데이터를 다룹니다. 반면에 생기는원은 '국내의 다양한 정부 기관의 투입 자원과 그 투입 비용을 종합적으로 관리하고, 각종 정책의 효율성을 최적화하기 위해 실시간으로 투입 자원과 관련된 통계를 조작하는' 데이터를 다룹니다."
국방과학연구소의 1) 대용량 자료전송시스템 고도화 2) 기록관리 환경 보안 구축 사업 모두가 동일한 연구소망 위에서 국방 조직을 상대로 폐쇄적인 서비스를 제공합니다. 그러나 가장 본질적인 시스템 지향성 측면(유동성과 격리성)에서 양 조직이 추구하는 차의점의 근본 원인은 무엇입니까?,B,중,[],"제 안 요 청 서
 
사 업 명
기록관리시스템 통합 활용 및 보안 환경 구축
주관기관
 
 국방과학연구소
2025. 1.
 
담당
계약담당
재무실
042-821-0449
업무담당
기술정보실
042-821-2931
목 차
 
Ⅰ. 사업 개요	 - 	 4
 1. 사업 정보	 - 	4
 2. 추진배경 및 필요성	 - 	4
 3. 주요 사업내용	 - 	5
 4. 기대효과	 - 	6
 5. 추진체계 및 역할	 - 	6
 6. 추진일정	 - 	7
 7. 대상 시스템 현황	 - 	8
Ⅱ. 제안요청 내용	 - 	 9

제 안 요 청 서
 
사업명
대용량 자료전송시스템 고도화
주관기관
 
2024. 07.
 
 
담 당
소 속
Tel.
계약
재무실 내자팀
042-821-3827
실무
정보화기술실 정보보호팀
042-821-2461
 
※ 본 자료는 제안 내용의 설명을 위한 배포자료로, 이외의 목적으로 무단복제, 
 전달 및 사용하는 행위를 일절 금함.
 
 
 
목 차
 
Ⅰ. 사업개요 	 - 	 1
 1. 사업개요
 2. 추진배경 및 필요성
 3. 주요 사업내용
 4. 기대효과
Ⅱ. 사업내용	 - 	 3
 1. 추진전략
 2. 추진체계 및 역할

제 안 요 청 서
 
사 업 명
기록관리시스템 통합 관리 환경 구축 
주관기관
 
 국방과학연구소
2024. 4.
 
담당
계약담당
재무실
042-821-0449
업무담당
기술정보실
042-821-2931
목 차
 
Ⅰ. 사업 개요	 - 	 4
 1. 사업 정보	 - 	4
 2. 추진배경 및 필요성	 - 	4
 3. 주요 사업내용	 - 	5
 4. 기대효과	 - 	6
 5. 추진체계 및 역할	 - 	6
 6. 추진일정	 - 	7
 7. 대상 시스템 현황	 - 	8
Ⅱ. 제안요청 내용	 - 	 9
 1. 요구사항 목록	 - 	9

제 안 요 청 서
 
사 업 명
e-감사시스템 웹 호환성 및 기능보완
주관기관
 
 국방과학연구소
 
 
2024. 10.
 
계약 담당
재무실 내자팀
042-821-3827
사업 담당
감 사 실
042-821-2456
목 차
 
1. 사업 개요	 - 	 1
 가. 사업 정보	 - 	1
 나. 추진배경 및 필요성	 - 	1
 다. 사업 범위	 - 	1
 라. 기대 효과	 - 	2
2. 현황	 - 	 2
 가. 업무 현황	 - 	2
 나. 정보화 현황	 - 	2
3. 사업 추진방안	 - 	 3
 가. 추진목표	 - 	3

7. 대상 시스템 현황	 - 	8
Ⅱ. 제안요청 내용	 - 	 9
 1. 요구사항 목록	 - 	9
 2. 요구사항 상세	 - 	11
 가. 기능 요구사항	 - 	11
 나. 데이터 요구사항	 - 	19
 다. 전략 및 방법론 요구사항	 - 	22
 라. 시스템 요구사항	 - 	23
 마. 테스트 요구사항	 - 	23
 바. 인터페이스 요구사항	 - 	25
 사. 성능 및 품질 요구사항	 - 	26
 아. 보안 요구사항	 - 	27
 자. 프로젝트 관리 요구사항	 - 	30
 차. 프로젝트 지원 요구사항	 - 	32","양 기관의 목표는 모두 '데이터 접근성 강화'이라는 공통된 목적을 공유하지만, 그 중 하나인 국방과학연구소는 전산망을 통해 외부 연구자와의 '접근적 유동성'을 극대화하여 연구 데이터를 자유롭게 공유하고자 하는 반면, 국가기획조정원은 내부 '격리된 데이터 격리성'을 최우선으로 고려하여 외부 연구자에게 열람을 엄격히 제한하는 차별적인 지향점을 가지고 있습니다."
보험개발원의 실손보험 청구 체계 사업과 에스알의 예약발매시스템 ISMP 구축 사업이 모두 전국 단위의 트래픽을 관장하는 인프라를 지표로 삼고 있습니다. 양 사업의 전략 수립 시 공통적으로 제일 경계하고 있는 '대규모 국민 피해 리스크'의 매커니즘은 무엇입니까?,B,중,[],"o (보험사 업무 비효율성) 입수한 서류 시스템 입력 및 검증에 다수 인력 소요 및 심사 후 종이문서 보관하는 형태의 비효율성 존재
 o (보험사 업무 지연) 서류가 불일치하거나 부정확한 경우가 많아 재요청해야 하여 업무 지연
 
Ⅲ
 사업추진체계 및 일정
1. 추진 방향
 이용자 중심의 편리한 실손보험 보험금 청구 서비스 수립
 안심하고 이용할 수 있는 개인정보 및 의료데이터 유통체계 구축
 365일 24시간 이용할 수 있는 대국민포털 구축
2. 사업추진체계
 
(주관기관)
보험개발원
정보시스템 감리
사업수행업체
 
구 분

※ 1차: ’24년 4월~10월 25일, 2차: ’24년 10월~’25년 10월 25일
 계약방식 : 일반경쟁입찰, 협상에 의한 계약
 ※ 본 제안요청서에서는 사업예산이 포함되지 않음
2. 추진배경 및 필요성
 실손보험은 국민건강보험의 보완형으로 도입되어 ’23년말 국민 약 4천만명이 가입한 일상생활에 필수적인 보험상품으로 성장함
 o 연간 약 1억건을 초과하는 보험금 청구와 지급이 이루어지고 있으나 복잡한 절차*로 인한 소비자 불편이 계속 문제점으로 지적됨

※ 1차: ’24년 4월~10월 25일, 2차: ’24년 10월~’25년 10월 25일
 계약방식 : 일반경쟁입찰, 협상에 의한 계약
 ※ 본 제안요청서에서는 사업예산이 포함되지 않음
2. 추진배경 및 필요성
 실손보험은 국민건강보험의 보완형으로 도입되어 ’23년말 국민 약 4천만명이 가입한 일상생활에 필수적인 보험상품으로 성장함
 o 연간 약 1억건을 초과하는 보험금 청구와 지급이 이루어지고 있으나 복잡한 절차*로 인한 소비자 불편이 계속 문제점으로 지적됨

실손보험 청구 전산화 시스템 구축
제안요청서
>
2024. 3 
 
 
목 차
Ⅰ. 사업 개요
 1. 개요 	 - 	 2
 2. 추진배경 및 필요성	 - 	 2
 3. 실손보험 청구 전산화 시스템 개요	 - 	 3
 4. 사업 수행 대상	 - 	 4
 5. 기대효과	 - 	 5
Ⅱ. 업무 현황
 1. 실손보험 청구 현황	 - 	 6
 2. 문제점	 - 	10
Ⅲ. 사업추진체계 및 일정
 1. 추진 방향	 - 	11
 2. 사업추진체계	 - 	11
 3. 추진 일정	 - 	 12
Ⅳ. 제안 요청 내용

실손보험 청구 전산화 시스템 구축
제안요청서
>
2024. 3 
 
 
목 차
Ⅰ. 사업 개요
 1. 개요 	 - 	 2
 2. 추진배경 및 필요성	 - 	 2
 3. 실손보험 청구 전산화 시스템 개요	 - 	 3
 4. 사업 수행 대상	 - 	 4
 5. 기대효과	 - 	 5
Ⅱ. 업무 현황
 1. 실손보험 청구 현황	 - 	 6
 2. 문제점	 - 	10
Ⅲ. 사업추진체계 및 일정
 1. 추진 방향	 - 	11
 2. 사업추진체계	 - 	11
 3. 추진 일정	 - 	 12
Ⅳ. 제안 요청 내용",두 사업 모두는 대규모 민간 피해 리스크를 극복하기 위해 국가 수준의 통합 인프라망을 구축하여 '국민 피해 리스크를 최소화'하는 전략을 공동으로 고취합니다.
"본 섹션에 명시된 고려대학교 학사 정보 차세대 사업, 수자원공사 건설통합시스템 확충 사업, 보건산업진흥원 의료기기시스템 기능개선의 배정 예산을 우선 일괄 병합 계산해 보십시오. 나아가, 이 3대 과제가 노후 서버(레거시) 교체를 목표로 함에도 불구하고 '새로운 규제 법안 충족 혹은 대규모 신규 이용자 패턴(예: 모바일 우선 정책 등) 수용'이라는 각각의 새로운 환경 제약을 뚫어야 하는 당면 과제를 비교 묘사하십시오.",B,상,[],"제 안 요 청 서

고려대학교
차세대 LMS(학습관리시스템) 구축 사업

2024. 9. 

※ 본 자료는 제안내용의 설명을 위한 배포자료로, 이외 목적으로 무단복제, 전달 및 사용하는 행위를 금함.

- 1 -

 
 
목 차

Ⅰ. 사업개요 ····························································································· 3

[별첨 2] 고려대학교 학습관리시스템 데이터 연동 현황

- 2 -

 
 
I

 사업 개요

1. 사업명

고려대학교(이하 '본교') 차세대 LMS(학습관리시스템) 구축을 위한 사업을 추진하고

자 함(이하 '본 사업' 이라 한다)

2. 사업개요

가. 계약기간

 - 구축기간 : 계약일로부터 3개월(시범운영 준비 기간 포함)

 - 시범운영기간 : 2024년 12월 23일 ~ 2025년 2월 28일(계절학기, 법정의무교육)

 - 무상유지보수 기간 : 2025년 3월 1일 ~ 2026년 2월 28일

나. 계약방법 : 경쟁입찰(협상에 의한 계약)

3. 사업배경

가. '본교' 교육환경과 수요를 반영한 학습관리시스템 도입 필요

나. 전문적인 학사, 수강, 포털 DB 등의 데이터 연동 지원 필요

다. 노후화된 학습관리시스템 및 불편한 인터페이스 개선

라. COVID-19와 같은 상황 발생 시 효율적인 비대면 온라인 교육을 지원하는 시스

템 도입(영상 출석, 온라인 강의 출석 등) 필요

마. '본교' 구성원의 요구를 반영한 차세대 학습관리시스템 구축 필요

 - 사용자 중심의 인터페이스 개선

 - 원활한 모바일 사용 환경

고려대학교
Student Success Center 시스템 개선 및 
교과-비교과 통합관리시스템 유지보수
제 안 요 청 서

2024. 4. 

고려대학교 학생처 Student Success Center

- 1 -

 
목 차

Ⅰ. 사업개요 ······························································································· 3

고려대학교(서울캠퍼스)
 공간관리 통합시스템 구축 사업 
제안요청서(RFP)
 
2024. 8
 
사업담당자
성 명
이 정 민
연락처
 Tel
02-3290-1229
소 속 팀
건 축 팀
 E-mail
jmlee76@korea.ac.kr
직 급
직원
 Fax
02-926-4946
 
 
※ 본 자료는 제안내용의 설명을 위한 배포자료로, 이외 목적으로 무단복제, 전달 및 사용하는 행위를 금함.
목 차
Ⅰ. 사업개요	 - 	 3
1. 사업 개요	 - 	 3
2. 사업 배경	 - 	 3
3. 사업 범위	 - 	 3","각 사업의 배정 예산 합계는 총 7,500,000,000원입니다. 세 사업 모두 기존 레거시 시스템을 대체하기보다는 새로운 규제법이나 대규모 신규 사용자 기반으로 전환해야 하는 강력한 환경적 제약을 겪고 있습니다."
"국방과학연구소의 '대용량 자료전송시스템 고도화' 과정에 있어서, 개발에 참여하는 소프트웨어 엔지니어들이 연구소 내 구내식당에서 매 끼 식사를 무료로 지출 결제하기 위한 식권 전자태그(RFID) 배정 수량은 도합 몇 매로 기입되어 있나요?",D,하,[],"제 안 요 청 서
 
사업명
대용량 자료전송시스템 고도화
주관기관
 
2024. 07.
 
 
담 당
소 속
Tel.
계약
재무실 내자팀
042-821-3827
실무
정보화기술실 정보보호팀
042-821-2461
 
※ 본 자료는 제안 내용의 설명을 위한 배포자료로, 이외의 목적으로 무단복제, 
 전달 및 사용하는 행위를 일절 금함.
 
 
 
목 차
 
Ⅰ. 사업개요 	 - 	 1
 1. 사업개요
 2. 추진배경 및 필요성
 3. 주요 사업내용
 4. 기대효과
Ⅱ. 사업내용	 - 	 3
 1. 추진전략
 2. 추진체계 및 역할

제 안 요 청 서
 
사 업 명
기록관리시스템 통합 활용 및 보안 환경 구축
주관기관
 
 국방과학연구소
2025. 1.
 
담당
계약담당
재무실
042-821-0449
업무담당
기술정보실
042-821-2931
목 차
 
Ⅰ. 사업 개요	 - 	 4
 1. 사업 정보	 - 	4
 2. 추진배경 및 필요성	 - 	4
 3. 주요 사업내용	 - 	5
 4. 기대효과	 - 	6
 5. 추진체계 및 역할	 - 	6
 6. 추진일정	 - 	7
 7. 대상 시스템 현황	 - 	8
Ⅱ. 제안요청 내용	 - 	 9

제 안 요 청 서
 
사 업 명
기록관리시스템 통합 관리 환경 구축 
주관기관
 
 국방과학연구소
2024. 4.
 
담당
계약담당
재무실
042-821-0449
업무담당
기술정보실
042-821-2931
목 차
 
Ⅰ. 사업 개요	 - 	 4
 1. 사업 정보	 - 	4
 2. 추진배경 및 필요성	 - 	4
 3. 주요 사업내용	 - 	5
 4. 기대효과	 - 	6
 5. 추진체계 및 역할	 - 	6
 6. 추진일정	 - 	7
 7. 대상 시스템 현황	 - 	8
Ⅱ. 제안요청 내용	 - 	 9
 1. 요구사항 목록	 - 	9

제 안 요 청 서
 
사 업 명
e-감사시스템 웹 호환성 및 기능보완
주관기관
 
 국방과학연구소
 
 
2024. 10.
 
계약 담당
재무실 내자팀
042-821-3827
사업 담당
감 사 실
042-821-2456
목 차
 
1. 사업 개요	 - 	 1
 가. 사업 정보	 - 	1
 나. 추진배경 및 필요성	 - 	1
 다. 사업 범위	 - 	1
 라. 기대 효과	 - 	2
2. 현황	 - 	 2
 가. 업무 현황	 - 	2
 나. 정보화 현황	 - 	2
3. 사업 추진방안	 - 	 3
 가. 추진목표	 - 	3

7. 대상 시스템 현황	 - 	8
Ⅱ. 제안요청 내용	 - 	 9
 1. 요구사항 목록	 - 	9
 2. 요구사항 상세	 - 	11
 가. 기능 요구사항	 - 	11
 나. 데이터 요구사항	 - 	19
 다. 전략 및 방법론 요구사항	 - 	22
 라. 시스템 요구사항	 - 	23
 마. 테스트 요구사항	 - 	23
 바. 인터페이스 요구사항	 - 	25
 사. 성능 및 품질 요구사항	 - 	26
 아. 보안 요구사항	 - 	27
 자. 프로젝트 관리 요구사항	 - 	30
 차. 프로젝트 지원 요구사항	 - 	32",제안요청서에는 해당 관련 정보(레스토랑 식권 배정 수량 등)이 포함되지 않았습니다.
"을지대학교 비교과시스템 개발 용역 지침에서, 학생 심리상담 예약 연동 모듈을 개발할 때 우울증 고위험군 재학생들에게 대학 지정 병원까지 연결 전송해 주는 응급 콜택시 배차비 국고 지원 한도는 얼마로 잡혀 있습니까?",D,중,[],"을지대학교 
비교과시스템 개발사업 제안요청서
 
 
2024. 11. 
을 지 대 학 교
 목 차 
 
Ⅰ. 사업 개요	 - 	4
 1. 사업개요	 - 	4
 2. 사업범위	 - 	4
 
Ⅱ. 현황	 - 	5
 1. 정보화 현황	 - 	5
Ⅲ. 사업 추진방안	 - 	7
 1. 추진목표	 - 	7
 2. 추진전략	 - 	7
 3. 추진일정	 - 	9
 4. 추진방안	 - 	10
Ⅳ. 제안요청 내용	 - 	11
 1. 제안요청 개요	 - 	11
 2. 구축 범위	 - 	14
 3. 개발지원 목록 	 - 	17

을지대학교 
학부제시스템 개발사업 제안요청서
 
 
2024. 6. 
을 지 대 학 교
 목 차 
 
Ⅰ. 사업 개요	 - 	4
 1. 사업개요	 - 	4
 2. 사업범위	 - 	4
 
Ⅱ. 현황	 - 	6
 1. 일반 현황	 - 	6
 2. 정보화 현황	 - 	6
Ⅲ. 사업 추진방안	 - 	8
 1. 추진목표	 - 	8
 2. 추진전략	 - 	8
 3. 추진일정	 - 	10
 4. 추진방안	 - 	11
Ⅳ. 제안요청 내용	 - 	12
 1. 제안요청 개요	 - 	12
 2. 구축 범위	 - 	15

2. 구축 범위	 - 	14
 3. 개발지원 목록 	 - 	17
 4. 상세요구사항	 - 	15
 가. 요구사항 목록표	 - 	15
 나. 요구사항 내용	 - 	18
1) 기능 요구사항	 - 	18
2) 보안 요구사항	 - 	49
3) 품질 요구사항	 - 	52
4) 제약사항	 - 	52
5) 프로젝트관리 요구사항	 - 	54
6) 프로젝트지원 요구사항	 - 	59
Ⅴ. 제안서 작성요령	 - 	62
 1. 제안서의 효력 	 - 	62
 2. 제안서 작성지침 및 유의사항	 - 	62
 3. 제안서 목차	 - 	66

1. 제안요청 개요	 - 	12
 2. 구축 범위	 - 	15
 3. 개발지원 목록 	 - 	17
 4. 상세요구사항	 - 	18
 가. 요구사항 총괄표	 - 	18
 나. 요구사항 목록표	 - 	18
 다. 요구사항 내용	 - 	22
1) 기능 요구사항	 - 	22
2) 시스템장비구성 요구사항	 - 	43
3) 성능 요구사항	 - 	46
4) 보안 요구사항	 - 	47
5) 품질 요구사항	 - 	51
6) 제약사항	 - 	52
7) 프로젝트관리 요구사항	 - 	53
8) 프로젝트지원 요구사항	 - 	58

3. 책임의 한계	 - 	78
4. 분쟁의 해결	 - 	79
5. 개발 S/W의 공동 활용 사전명시에 관한 사항	 - 	79
6. 하자 담보 책임기간 및 범위에 관한 사항	 - 	79
Ⅷ. 참조 자료	 - 	80
[참조 1]사업자 보안위규 처리기준	 - 	80
[참조 2]보안위약금 부과 기준	 - 	82
[참조 3]누출금지 대상정보 누출 시 제재조치 사항	 - 	83
Ⅸ. 붙임 서식	 - 	84",발주기관은 사업예산의 100분의 50(50%)를 미리 확보하여야 합니다.
한국수ㅈr원공사에서 하는 건설통합시스템 즉 CMS 고됴화 사업 여기 배정댄 에산액 좀 꼭 찝어 알려주소!,E,하,[],"관리
번호
원본 또는 사본
FY - 2024
건설통합시스템(CMS) 고도화
과업지시서
 
 
 
 
 기 술 기 획 처
 
 
목 차
 
 Ⅰ. 
 과업설명서
 
 Ⅱ. 
 일반과업지시서
 
 Ⅲ. 
 특별과업지시서
 
 Ⅳ. 
 예정공정표
 
 
 
 
 Ⅰ. 
 과업설명서
 
1. 과업명 : 건설통합시스템(CMS) 고도화
2. 과업목적
 사업부서의 니즈 적극 해소 및 업무경감을 위한 건설통합시스템(CMS) 고도화
(위원회 운영) 디지털 서류 기반 평가로 서류 간소화, 심사-심의-평가 업무의 편의성 및 신뢰성 확보

가. 통합정보시스템 구성
 
구 분
내 용
업무시스템 
(29개) 
경영
(15)
인사관리, 급여․복리후생관리, 계약관리, 자산관리, 사회봉사, 예산관리, 재무회계, 세무회계, 성과관리, 감사관리, 청렴혁신, KMS, 나의공간, 고객/VOC, 시스템관리
사업
(14)
금융관리, 수출관리, 유통관리, 비축관리, 전자입찰, 곡물정보,
농안기금, 양특관리, FTA기금, 수입정보관리, 해외지사관리,
수출업체종합지원, 박람회 관리, 농산물글로벌성장패키지
기타

예산금액: 21,120천원
 국가종합전자조달시스템 
 종합쇼핑몰 또는 디지털 
 서비스몰 미등록
 과업심의위원회 미리 검토
 완료
나. 가상화 전환 대상 업무
 
구분
업무시스템(13)
가상서버(32)
비고
노후
1
통합운영관리시스템
1
WEB 서버(수집서버)
행정망
2
WAS 서버(주서버)
행정망
신규
2
클라우드관리플랫폼
3
WAS 서버
행정망
신규
3
인천광역시 통합웹사이트
4
WAS 서버
대시민망
노후
4
인천시민 여객선 운임지원 관리시스템
5
WEB 서버
행정망
노후
5
도서관(수봉/영종/율목) 홈페이지시스템
6

ERP 예산회계, 인사급여 업무영역과 그룹웨어의 행정업무처리 영역의 교점을 중심으로 공단 업무 프로세스에 최적화된 통합시스템 도입 필요
단편적인 시스템 간의 연계/연동 개념에서 통합시스템의 도입으로 패러다임 전환 도모
 
나. 사업개요
과 업 명 : 동작구시설관리공단 행정업무 통합관리시스템 도입
총사업비 : 금이억칠백사십육만원( 207,460천원)/부가세포함
계약방법 : 제한경쟁입찰(협상에 의한

- 데이터 추출-정제, 데이터 백업-복구 등 업무 지원을 통해 사용자의 편의성 제공
 - 전문인력을 투입하여 시스템 품질 관리 및 DB성능 관리 향상 제고
 ㅇ 경영지원시스템(MIS)
 - 시스템과의 연계 기능, 응용 S/W 등 오류-에러 개선을 통해 안정적 시스템 운영 확보
 ㅇ 그룹웨어
 - Hybrid Server 업그레이드를 통해 웹 한글 적용 및 안정적인 시스템 확보
 *‘24년도 한컴 기안기(OCX) 중단에 따른 웹 한글 전환 필수","아니오, 그건 불가능합니다. 본 공고 문서에는 해당 사업의 '실적'이나 '전략적 이익'이 포함되지 않았습니다. 만약 사업의 성공 여부를 판단하려는 경우, 직접 현장 현황을 조사하거나 관련 기관의 공식 보고서를 확인해야 합니다."
"우울샨광역씨 버쓰정보시스탬 확댜 구죽 용약은 말입니다, 여기다가 지방비인지 몰라도 예산이 종합 얼마 편셩 댄건지 숫쟈로 딱! 말해주세염.",E,하,[],"마. 공사비(VAT포함) : 9,440,000,000원(구십사억사천만원)
 예정설계용역비 : 420,000,000원(사억이천만원)
 바. 과업범위 
 1) 용역기본방향

[별첨12] 합의각서	 - 	 84
 [별첨13] 보안서약서	 - 	 85
 [별첨14] 자료 미보유 확약서	 - 	 86
 [별첨15] 비물유지계약서	 - 	 87
 [별첨16] 외주 용역사업 보안특약 조항	 - 	 91
 
 
 
 Ⅰ. 사업개요 
 
1
 사업일반
 사 업 명 : 감사시스템 재구축 사업
 사업기간 : 계약체결일로부터 6개월
 소요예산 : 290,075,000원(부가세 및 인지세 포함)
 ㅇ 사업예산 : 290,000,000원 / 인지세 : 75,000원
 예산과목 : 본부-본부사업-본부사업-연구개발비(감사팀)

전문대학혁신지원사업
 
 
차세대종합정보시스템 추가 개발
 
	 - 	인덕대학교 S-Campus 시스템 구축 및 ESG 성과관리시스템 구축
 
차세대종합정보시스템 추가 개발
 
 
Ⅰ
 사업개요 
1. 일반사항
 가. 사업명 : 대학 차세대종합정보시스템 추가 개발
 나. 사업 예산 : 200,000,000원(부가가치세 포함)
 
(단위, 원)
구분
사업 기간
예산액
용역계약
계약일 ~ 2025년 2월 14일
200,000,000
 다. 사업 기간 : 계약일 ~ 2025년 2월 14일(개발 및 안정화 기간 포함)

전문대학혁신지원사업
 
 
차세대종합정보시스템 추가 개발
 
	 - 	인덕대학교 S-Campus 시스템 구축 및 ESG 성과관리시스템 구축
 
차세대종합정보시스템 추가 개발
 
 
Ⅰ
 사업개요 
1. 일반사항
 가. 사업명 : 대학 차세대종합정보시스템 추가 개발
 나. 사업 예산 : 200,000,000원(부가가치세 포함)
 
(단위, 원)
구분
사업 기간
예산액
용역계약
계약일 ~ 2025년 2월 14일
200,000,000
 다. 사업 기간 : 계약일 ~ 2025년 2월 14일(개발 및 안정화 기간 포함)

[별첨3] 자본금 및 매출액 (최근 3년)	 - 	 68
 [별첨4] 기술적용계획표	 - 	 69
 [별첨5] 비밀유지계약서	 - 	 77
 [별첨6] 외주 용역사업 보안특약 조항	 - 	 81
 [별첨7] 정보 비공개 동의서	 - 	 86
 [별첨8] 서약서	 - 	 87
 [별첨9] 소프트웨어 보안약점 기준	 - 	 88
 [별첨10-1] 보안서약서	 - 	 94
 [별첨10-2] 보안확약서	 - 	 95","제안요청서의 총액은 29,040,000,000원이며, 이 중에서 42,000,000원(약0.145%)는 지방자치단체입찰공고법 제23조에 따라 지방재정감독기관의 감독을 위한 예산으로 배정되어 있습니다."
국방과학연구소의 '기록관리시스템 통합 활용 및 보안 환경 구축' 과업이 다루는 기록물의 근본적인 속성은 어떻게 기술되어 있습니까?,A,하,[],"제 안 요 청 서
 
사 업 명
기록관리시스템 통합 활용 및 보안 환경 구축
주관기관
 
 국방과학연구소
2025. 1.
 
담당
계약담당
재무실
042-821-0449
업무담당
기술정보실
042-821-2931
목 차
 
Ⅰ. 사업 개요	 - 	 4
 1. 사업 정보	 - 	4
 2. 추진배경 및 필요성	 - 	4
 3. 주요 사업내용	 - 	5
 4. 기대효과	 - 	6
 5. 추진체계 및 역할	 - 	6
 6. 추진일정	 - 	7
 7. 대상 시스템 현황	 - 	8
Ⅱ. 제안요청 내용	 - 	 9

제 안 요 청 서
 
사 업 명
기록관리시스템 통합 관리 환경 구축 
주관기관
 
 국방과학연구소
2024. 4.
 
담당
계약담당
재무실
042-821-0449
업무담당
기술정보실
042-821-2931
목 차
 
Ⅰ. 사업 개요	 - 	 4
 1. 사업 정보	 - 	4
 2. 추진배경 및 필요성	 - 	4
 3. 주요 사업내용	 - 	5
 4. 기대효과	 - 	6
 5. 추진체계 및 역할	 - 	6
 6. 추진일정	 - 	7
 7. 대상 시스템 현황	 - 	8
Ⅱ. 제안요청 내용	 - 	 9
 1. 요구사항 목록	 - 	9

제 안 요 청 서
 
사 업 명
e-감사시스템 웹 호환성 및 기능보완
주관기관
 
 국방과학연구소
 
 
2024. 10.
 
계약 담당
재무실 내자팀
042-821-3827
사업 담당
감 사 실
042-821-2456
목 차
 
1. 사업 개요	 - 	 1
 가. 사업 정보	 - 	1
 나. 추진배경 및 필요성	 - 	1
 다. 사업 범위	 - 	1
 라. 기대 효과	 - 	2
2. 현황	 - 	 2
 가. 업무 현황	 - 	2
 나. 정보화 현황	 - 	2
3. 사업 추진방안	 - 	 3
 가. 추진목표	 - 	3

7. 대상 시스템 현황	 - 	8
Ⅱ. 제안요청 내용	 - 	 9
 1. 요구사항 목록	 - 	9
 2. 요구사항 상세	 - 	11
 가. 기능 요구사항	 - 	11
 나. 데이터 요구사항	 - 	19
 다. 전략 및 방법론 요구사항	 - 	22
 라. 시스템 요구사항	 - 	23
 마. 테스트 요구사항	 - 	23
 바. 인터페이스 요구사항	 - 	25
 사. 성능 및 품질 요구사항	 - 	26
 아. 보안 요구사항	 - 	27
 자. 프로젝트 관리 요구사항	 - 	30
 차. 프로젝트 지원 요구사항	 - 	32

Ⅱ. 제안요청 내용	 - 	 9
 1. 요구사항 목록	 - 	9
 2. 요구사항 상세	 - 	11
 가. 기능 요구사항	 - 	11
 나. 데이터 요구사항	 - 	25
 다. 전략 및 방법론 요구사항	 - 	28
 라. 시스템 요구사항	 - 	29
 마. 테스트 요구사항	 - 	29
 바. 인터페이스 요구사항	 - 	31
 사. 성능 및 품질 요구사항	 - 	32
 아. 보안 요구사항	 - 	33
 자. 프로젝트 관리 요구사항	 - 	36
 차. 프로젝트 지원 요구사항	 - 	38
 카. 제약사항	 - 	39",본 시스템은 '전략적 중요성을 가진 국가의 기밀정보를 포함하는 전자기록물'이라는 특수한 유형의 기록물을 관리를 목표로 합니다.
한국수자원공사가 주관하는 '사고분석솔루션 시범구축' 과업의 총론적인 계약 자금액은 얼마인가요?,A,하,[],"1. 제안공모 개요
 1.1 일반사항
 1.1.1 사업개요
 가. 사 업 명 : 수도사업장 통합 사고분석솔루션 시범구축 용역
 나. 사업금액 : 일금 일억구천오백삼만원정( 195,030,000, VAT포함)
 다. 사업기간 : 착수일로부터 120일간
※ [붙임 1] 소프트웨어 개발사업의 적정 사업기간 종합 산정서 참조
 라. 구축장소 : 수도통합지원센터(iSC), 유역별 1개소 시범사업장
 마. 사업범위
 (1) 수도사업장 운영, 경보, 제어, 영상정보 통합관리체계 개발	- - 		- - 	1식

3.2 과업범위
[첨부] 제안서 평가기준 및 작성양식
 1. 제안공모 개요
 1.1 일반사항
 1.1.1 사업개요
 가. 사 업 명 : 국산 표준수운영시스템(iWater Neo) 최적화 및 시범구축 용역
 나. 사업금액 : 일금 사억구천오백만원정( 495,000,000원)
 다. 사업기간 : 계약일로부터 180일(6개월)
 ([별표1] 소프트웨어 개발사업의 적정 사업기간 종합 산정서 참조)
 라. 사업범위
 (1) AI정수장 운영시스템 연계 1식
 (2) 신규 응용프로그램(SW) 연계 1식

(2) 통합 사고분석솔루션 웹서비스 시범구축 	- - 		- - 		- - 		- - 	1식
 1.1.2 제안참가 자격 : 입찰공고문에 따름
 1.1.3 수행방법 : 도급용역
 1.1.4 과업수행 장소
 가. 계약상대자는 SW사업 수행을 위하여 필요한 장소 및 설비, 기타 작업환경(이하 “작업장소 등” 이라고 한다)을 상호 협의하여 결정한다.

수도사업장 통합 사고분석솔루션 시범구축 용역
제안요청서
(RFP : Request For Proposal)
2024. 5.
 
 유역-지방상수도처
 
- 목 차 -
1. 제안공모 개요
 1.1 일반사항
 1.2 제안참가 안내
 1.3 제안요구 사항
 1.4 제안서 작성요령
 1.5 기타사항
2. 제안자를 위한 정보
 2.1 K-water 일반정보
 2.2 대상시스템 현황
3. 제안요청 내용
 3.1 과업수행개요
 3.2 과업범위
[별첨] 제안서 평가기준 및 작성양식
 1. 제안공모 개요
 1.1 일반사항
 1.1.1 사업개요

관리
번호
원본 또는 사본
FY - 2024
고유정보 비식별화 솔루션 기능 개발 용역
 
 
 
 
 
 
설계년월
2024.06
심사년월
2024.06
 
고유정보 비식별화 솔루션 기능 개발 용역
 
 
 
 용 역 비 : 
 일금이천만원정( 20,000,000-)
 용역원가 
:
 18,181,818-
 부가가치세 
:
 1,818,182-
 
 
목 차
 
 Ⅰ. 
 과업설명서
 
 Ⅱ. 
 일반과업지시서
 
 Ⅲ. 
 특별과업지시서
 
 Ⅳ. 
 예정공정표
 
 Ⅴ. 
 설계예산서
 
 Ⅵ. 
 산출근거","이 사업의 총 자금액은 195,030,000원입니다."
(사)보험개발원의 실손보험 청구 전산화 목적에서 지칭하는 기존의 낡은 청구 방식이란 구체적으로 국민들의 어떤 행위를 지목하나요?,A,하,[],"실손보험 청구 현행 방식
 o 현행 실손보험 청구는 보험가입자가 보험사에 보험금을 청구하는 ‘직접청구’ 방식과 요양기관 단말기를 통해 보험금을 청구하는 방식 존재
 o ‘직접청구’ 방식은 보험가입자가 요양기관에서 청구 필요서류를 발급받아 보험사 앱/웹 또는 오프라인으로 제출함
 
제출방법
설명
보험사 앱(홈페이지)
서류 스캔 또는 사진촬영 후 이미지(pdf등) 파일로 제출
오프라인(사본제출 및 Fax)
실물 문서 사본을 보험사 창구에서 제출,
실물 문서 사본을 보험사에 우편으로 제출, 
실물 문서 사본을 Fax로 보험사로 제출

보험금 청구서류 확인 → 요양기관에 서류발급 신청 → 서류수령 → 보험금 청구서 작성 → 서류제출 → 보험금 지급 심사 → 보험금 수령
 o 또한, 진료비 영수증 등 보험금 청구에 필요한 수억장의 종이서류를 발급하고 처리하는데 사회적 비용이 낭비됨
 이에 정부는 소비자가 전송대행기관을 통해 One-Stop으로 실손보험전산청구(이하 ‘청구 전산화’)가 가능하도록 보험업법을 개정* 
’23.10.24 공포 → ’24.10.25 병원급 시행(1단계) → ’25.10.25 의원 및 약국 시행(2단계)

보험금 청구서류 확인 → 요양기관에 서류발급 신청 → 서류수령 → 보험금 청구서 작성 → 서류제출 → 보험금 지급 심사 → 보험금 수령
 o 또한, 진료비 영수증 등 보험금 청구에 필요한 수억장의 종이서류를 발급하고 처리하는데 사회적 비용이 낭비됨
 이에 정부는 소비자가 전송대행기관을 통해 One-Stop으로 실손보험전산청구(이하 ‘청구 전산화’)가 가능하도록 보험업법을 개정* 
’23.10.24 공포 → ’24.10.25 병원급 시행(1단계) → ’25.10.25 의원 및 약국 시행(2단계)

시스템 운영 
 - 운영교육 및 기술이전
 - 실손보험 청구 전산화 시스템 운영
 - 시스템 유지보수
※ 상기 추진 일정은 사업추진 과정에서 협의-조정될 수 있음
 
Ⅳ
 제안 요청 내용
1. 목표 업무 프로세스
 ‘실손보험 청구 전산화’란?
 o 실손보험에 가입한 환자가 요청하면 요양기관이 진료내역 등을 전자문서 형태로 제3의 전송대행기관을 거쳐 보험계약을 체결한 보험사에 보내는 방식
 실손보험 청구 전산화 업무 구성 및 절차
 
실손보험 청구 전산화 업무 구성 및 절차

o 이번 개정 법률은 요양기관과 보험사 간 전송대행기관을 두고 청구 전산화를 구현하는 것으로 별도 시스템 구축을 필요로 하고 있음
3. 실손보험 청구 전산화 시스템 개요
 참여기관 : 전국 요양기관(병의원 및 약국), 실손보험계약을 보유 또는 보유예정인 보험사
 
 
실손보험 청구 전산화 시스템 개념도
 주요기능
 o 진료를 받은 보험가입자의 요청에 따라 요양기관에서 보험사로 보험금 청구 필요서류를 전자적 방법으로 전송
 o 전송대행기관은 요양기관으로부터 전자문서를 수신받아 가입보험사로 전달","새롭게 설계되는 전산화 시스템을 통해 기존의 불편한 청구 방식에서 국민들이 겪었던 불편한 행위는 '현행 실손보험 청구는 보험가입자가 보험사에 보험금을 청구하는 ‘직접청구’ 방식과 요양기관 단말기를 통해 보험금을 청구하는 방식'이며, 이로 인해 발생했던 불편한 행위는 '종이 서류를 직접 보험사에 방문하여 제출해야 하는 시간과 편의의 결핍'입니다."
"한국생산기술연구원의 2세대 전자조달시스템 구축 범위 상, 조달 업체가 공고된 용역에 대해 질문이나 어필을 하기 위해 필히 신규 개발되어야 하는 양방향 소통 기능은 무엇입니까?",A,중,[],"목 차
 
<용어 정의>
Ⅰ. 제안 요청내용 
 1. 용역 개요	 - 	1
 2. 기본방향	 - 	1
 3. 세부 과업지침	 - 	5
 
Ⅱ. 입찰 안내사항 
 1. 입찰 참가자격	 - 	33
 2. 입찰 및 낙찰자 선정방식	 - 	35
 3. 입찰 절차	 - 	35
 4. 유의사항	 - 	37
 
Ⅲ. 제안서 작성 안내사항 
 1. 일반사항	 - 	39
 2. 기술제안서 목차 및 작성지침	 - 	41
 3. 가격제안서 작성지침	 - 	46
Ⅳ. 평가 안내사항
 1. 기술평가 안내	 - 	47

르완다 통합적 일자리 정보체계 구축사업
시스템 개발 용역
(2024-2028/650만불) 
제안요청서
2024. 12.
아프리카실-르완다사무소
한국국제협력단 
 
목 차
 
<용어 정의>
Ⅰ. 제안 요청내용 
 1. 용역 개요	 - 	1
 2. 기본방향	 - 	4
 3. 세부 과업지침	 - 	9
 
Ⅱ. 입찰 안내사항 
 1. 입찰 참가자격	 - 	61
 2. 입찰 및 낙찰자 선정방식	 - 	62
 3. 입찰 절차	 - 	62
 4. 유의사항	 - 	64
 
Ⅲ. 제안서 작성 안내사항 
 1. 일반사항	 - 	69

우즈베키스탄 ICT기반의 수자원정보화 마스터플랜 수립 및 시설기반강화 시범사업 사후관리 PMC 용역
(2023-2024/64만불)
제안요청서
2023. 12.
 우즈베키스탄 사무소, 유라시아실 - 
한국국제협력단 
 
목 차
 
<용어 정의>
Ⅰ. 제안 요청내용 
 1. 용역 개요	 - 	1
 2. 기본방향	 - 	2
 3. 세부 과업지침	 - 	6
 
Ⅱ. 입찰 안내사항 
 1. 입찰 참가자격	 - 	51
 2. 입찰 및 낙찰자 선정방식	 - 	53
 3. 입찰 절차	 - 	54
 4. 유의사항	 - 	55

에콰도르 생물다양성 보전과 지속가능한 이용을 위한 국가 유전자원 데이터 은행 설립 및 역량강화 사업 정보화 시스템 개발 PC 용역
제안요청서
2024. 9.
 중남미실 -(남미팀), 에콰도르사무소
한국국제협력단 
 
목 차
 
Ⅰ. 제안 요청내용 
 1. 용역 개요	 - 	1
 2. 기본방향	 - 	2
 3. 세부 과업지침	 - 	6
 
Ⅱ. 입찰 안내사항 
 1. 입찰 참가자격	 - 	42
 2. 입찰 및 낙찰자 선정 방식	 - 	44
 3. 입찰 절차	 - 	44
 4. 유의사항	 - 	46
 
Ⅲ. 제안서 작성 안내사항

우즈베키스탄 열린 의정활동을 위한
상하원 국회 방송시스템 구축 및
지역의회와의 연계기반 개선 사업
PMC 용역
제안요청서
2024. 10. 
유라시아팀 
한국국제협력단 
 
목 차
 
Ⅰ. 제안 요청내용 
 1. 용역 개요	 - 	1
 2. 기본방향	 - 	1
 3. 세부 과업지침	 - 	4
 
Ⅱ. 입찰 안내사항 
 1. 입찰 참가자격	 - 	76
 2. 입찰 및 낙찰자 선정방식	 - 	77
 3. 입찰 절차	 - 	78
 4. 유의사항	 - 	80
 
Ⅲ. 제안서 작성 안내사항 
 1. 일반사항	 - 	84","본 사업의 경우, 기존 시스템에서 발주자가 요구하는 양방향 소통 기능으로는 '직접 전화 통신 기능 추가'이 필요합니다. 즉, 사업장 현장에서 발주자가 직접 전화할 수 있는 기능을 추가하여, 사업 진행 상황을 실시간으로 보고하고, 발주자의 요구사항에 즉각적으로 응답할 수 있도록 구현해야 합니다."
국방과학연구소가 대용량 자료전송시스템 고도화를 통해 노리는 '데이터 거버넌스 투명성'의 기술적 향상안은 무엇입니까?,A,중,[],"제 안 요 청 서
 
사 업 명
e-감사시스템 웹 호환성 및 기능보완
주관기관
 
 국방과학연구소
 
 
2024. 10.
 
계약 담당
재무실 내자팀
042-821-3827
사업 담당
감 사 실
042-821-2456
목 차
 
1. 사업 개요	 - 	 1
 가. 사업 정보	 - 	1
 나. 추진배경 및 필요성	 - 	1
 다. 사업 범위	 - 	1
 라. 기대 효과	 - 	2
2. 현황	 - 	 2
 가. 업무 현황	 - 	2
 나. 정보화 현황	 - 	2
3. 사업 추진방안	 - 	 3
 가. 추진목표	 - 	3

제 안 요 청 서
 
사 업 명
기록관리시스템 통합 활용 및 보안 환경 구축
주관기관
 
 국방과학연구소
2025. 1.
 
담당
계약담당
재무실
042-821-0449
업무담당
기술정보실
042-821-2931
목 차
 
Ⅰ. 사업 개요	 - 	 4
 1. 사업 정보	 - 	4
 2. 추진배경 및 필요성	 - 	4
 3. 주요 사업내용	 - 	5
 4. 기대효과	 - 	6
 5. 추진체계 및 역할	 - 	6
 6. 추진일정	 - 	7
 7. 대상 시스템 현황	 - 	8
Ⅱ. 제안요청 내용	 - 	 9

제 안 요 청 서
 
사업명
대용량 자료전송시스템 고도화
주관기관
 
2024. 07.
 
 
담 당
소 속
Tel.
계약
재무실 내자팀
042-821-3827
실무
정보화기술실 정보보호팀
042-821-2461
 
※ 본 자료는 제안 내용의 설명을 위한 배포자료로, 이외의 목적으로 무단복제, 
 전달 및 사용하는 행위를 일절 금함.
 
 
 
목 차
 
Ⅰ. 사업개요 	 - 	 1
 1. 사업개요
 2. 추진배경 및 필요성
 3. 주요 사업내용
 4. 기대효과
Ⅱ. 사업내용	 - 	 3
 1. 추진전략
 2. 추진체계 및 역할

제 안 요 청 서
 
사 업 명
기록관리시스템 통합 관리 환경 구축 
주관기관
 
 국방과학연구소
2024. 4.
 
담당
계약담당
재무실
042-821-0449
업무담당
기술정보실
042-821-2931
목 차
 
Ⅰ. 사업 개요	 - 	 4
 1. 사업 정보	 - 	4
 2. 추진배경 및 필요성	 - 	4
 3. 주요 사업내용	 - 	5
 4. 기대효과	 - 	6
 5. 추진체계 및 역할	 - 	6
 6. 추진일정	 - 	7
 7. 대상 시스템 현황	 - 	8
Ⅱ. 제안요청 내용	 - 	 9
 1. 요구사항 목록	 - 	9

7. 대상 시스템 현황	 - 	8
Ⅱ. 제안요청 내용	 - 	 9
 1. 요구사항 목록	 - 	9
 2. 요구사항 상세	 - 	11
 가. 기능 요구사항	 - 	11
 나. 데이터 요구사항	 - 	19
 다. 전략 및 방법론 요구사항	 - 	22
 라. 시스템 요구사항	 - 	23
 마. 테스트 요구사항	 - 	23
 바. 인터페이스 요구사항	 - 	25
 사. 성능 및 품질 요구사항	 - 	26
 아. 보안 요구사항	 - 	27
 자. 프로젝트 관리 요구사항	 - 	30
 차. 프로젝트 지원 요구사항	 - 	32","본 시스템의 데이터 거버넌스 투명성을 위해, 기존의 분리된 전송 및 기록 관리 체계를 통합한 '통합 데이터 전송 및 기록 관리 환경'으로 변모합니다."
"한국보건산업진흥원 의료기기 정보시스템 기능개선 유지보수 한도액(5,000만원) 중, 총 65% 물량이 기존 노후 UI 코드를 개편하는 '디자인 에이전시 외주 가공비'로 지출되고, 남은 35%에서 절반이 서버 최적화 전문가의 컨설팅 파이로 배분될 시, 해당 컨설팅 파이의 절대 금액 가치는 얼마입니까?",A,상,[],"(사업금액) 50,000,000원(VAT 포함)
 (사업기간) 계약체결일로부터 120일
 (사업공고) 제한경쟁(총액) 협상에 의한 계약
 - (입찰방식) 제한경쟁(긴급입찰)
 - (낙찰자 결정방식) 협상에 의한 낙찰자 선정(기술 90, 가격 10)
 
2
 추진배경 및 필요성
 (추진 배경) 한국보건산업진흥원, 혁신의료기기 연구개발 정보관리기관으로 지정
 의료기기산업법 제26조에 따라 혁신의료기기 연구개발 정보관리기관(이하 ‘정보관리기관’)으로 ‘한국보건산업진흥원’ 지정(’21.10.5)*

제 안 요 청 서 
 
사 업 명
의료기기산업 종합정보시스템(정보관리기관) 기능개선 사업(올인원 플랫폼 구현 등)
주관기관
한국보건산업진흥원
2024. 08.
 
담당
의료기기화장품산업단
의료기기산업혁신팀
팀 장 윤 태 영
Tel 043-713-8880
담 당 자 김 지 애
Tel 043-713-8884
 
 목 차
 I. 사업개요
 1. 사업개요	 - 	 4 
 2. 추진배경 및 필요성	 - 	 4 
 3. 과업내용	 - 	 5 
 4. 기대효과 	 - 	 5 
Ⅱ. 사업추진방안
 1. 추진목표	 - 	 7

1. 공공기관의 운영에 관한 법률 제4조에 따른 공공기관 또는 비영리법인일 것
 2. 보건복지부장관 또는 식품의약품안전처장이 혁신의료기기의 연구개발 관련 정보의 전문적인 관리에 필요하다고 인정하여 고시하는 인력 및 장비를 갖출 것
 (필요성) 정보관리기관 추가 기능 구현 및 고도화를 통한 의료기기 전문정보 관리 효율성 증대 및 플랫폼 활성화 도모 
 정보 제공 다양화, 과제 관리제도 활성화, 데이터 활용 활성화 등 기능 강화 및 추가하여 정보관리기관의 정보 활용 가치 확산
 
<의료기기산업 종합정보시스템 개선 방향>

의료기기산업 육성 지원사업 관리 시스템 개선
 정보관리기관 시스템 기타 기능 개선
 
 그 외 과업 수행 관련 진흥원이 요청하는 사항 
 
2
 과업 세부 내용 
 혁신의료기기 연구개발 정보관리기관 정보 제공 다양화 
 의료기기산업 전문정보 추가 정보 제공 및 통합 기능 구현
 - 혁신형의료기기기업의 연구개발 정보 제공
 - 전문가 인사이트, 기업성공사례 등 민간데이터 제공
 - 전문 부처(기관)별 보유* 데이터 연계 기능 반영
 * 타 기관의 의료기기 정보 제공 시스템과 연계하여, 데이터의 전송-조회 기능 구현

* 타 기관의 의료기기 정보 제공 시스템과 연계하여, 데이터의 전송-조회 기능 구현
< 제공 정보 추가 검토(안) >
 
정보 구분
구성 내용
정보 주체
연구개발정보
혁신형의료기기기업 연구개발 현황
혁신형의료기기기업 지정 기업
기술정보
의료기기산업 실태조사
한국보건산업진흥원
시장정보
의료기기 표준코드(UDI코드) 정보서비스 GMP 등
식품의약품안전처
(공공데이터포털)
임상정보
의료기기 임상시험계획 승인신청 목록 및 상세
해외
진출정보
MDR, IVDR NB 지정 기관 및 해외 의료기기 규제 정보
의료기기 국제인증지원센터","최종적으로 컨설팅 파이의 절대 금액은 17,500만원입니다."
고려대학교의 대형 포털 시스템 구축 사업비(약 112.7억)와 한국생산기술연구원 2세대 전자조달시스템(0.94억) 양 과업의 예산 격차는 얼마인가요?,B,하,[],"제 안 요 청 서 

고려대학교 
차세대 포털·학사 정보시스템 구축 사업 

2024. 7. 01 

※ 본 자료는 제안내용의 설명을 위한 배포자료로, 이외 목적으로 무단복제, 전달 및 사용하는 행위를 금함. 

-1- 

 
 
 
 
 
 
 
 
 
 
 
 
 
 
 
 
목 차 

Ⅰ. 사업개요 ·················································································································· 4

제 안 요 청 서 

고려대학교 
차세대 포털·학사 정보시스템 구축 사업 

2024. 7. 01 

※ 본 자료는 제안내용의 설명을 위한 배포자료로, 이외 목적으로 무단복제, 전달 및 사용하는 행위를 금함. 

-1- 

 
 
 
 
 
 
 
 
 
 
 
 
 
 
 
 
목 차 

Ⅰ. 사업개요 ·················································································································· 4

[별첨 2] 고려대학교 학습관리시스템 데이터 연동 현황

- 2 -

 
 
I

 사업 개요

1. 사업명

고려대학교(이하 '본교') 차세대 LMS(학습관리시스템) 구축을 위한 사업을 추진하고

자 함(이하 '본 사업' 이라 한다)

2. 사업개요

가. 계약기간

 - 구축기간 : 계약일로부터 3개월(시범운영 준비 기간 포함)

 - 시범운영기간 : 2024년 12월 23일 ~ 2025년 2월 28일(계절학기, 법정의무교육)

 - 무상유지보수 기간 : 2025년 3월 1일 ~ 2026년 2월 28일

제 안 요 청 서

고려대학교
차세대 LMS(학습관리시스템) 구축 사업

2024. 9. 

※ 본 자료는 제안내용의 설명을 위한 배포자료로, 이외 목적으로 무단복제, 전달 및 사용하는 행위를 금함.

- 1 -

 
 
목 차

Ⅰ. 사업개요 ····························································································· 3

7. 제안서 제출 관련서식	 - 	 55
Ⅴ. 참조 자료
[자료 1] 사업자 보안위규 처리기준	 - 	 74
[자료 2] 누출금지 대상정보 누출 시 제재조치 사항	 - 	 76
[자료 3] 보안 위약금 부과기준	 - 	 77
 
Ⅰ
사업안내
1. 일반사항
가. 사 업 명 : 고려대학교 연구실안전관리시스템 구축
나. 사업기간 : 계약일로부터 2025년도 2월 28일까지(약 4개월)
다. 입찰방식 : 경쟁입찰(협상에 의한 계약)
2. 추진배경 및 목적","예산 격차는 약 11,073,000,000원입니다."
국방과학연구소의 기록관리 환경 사업비용(약 2.82억)과 자료전송시스템 고도화 사업비용(약 3.16억)을 합친 총액은 얼마입니까?,B,하,[],"제 안 요 청 서
 
사 업 명
기록관리시스템 통합 관리 환경 구축 
주관기관
 
 국방과학연구소
2024. 4.
 
담당
계약담당
재무실
042-821-0449
업무담당
기술정보실
042-821-2931
목 차
 
Ⅰ. 사업 개요	 - 	 4
 1. 사업 정보	 - 	4
 2. 추진배경 및 필요성	 - 	4
 3. 주요 사업내용	 - 	5
 4. 기대효과	 - 	6
 5. 추진체계 및 역할	 - 	6
 6. 추진일정	 - 	7
 7. 대상 시스템 현황	 - 	8
Ⅱ. 제안요청 내용	 - 	 9
 1. 요구사항 목록	 - 	9

제 안 요 청 서
 
사 업 명
기록관리시스템 통합 활용 및 보안 환경 구축
주관기관
 
 국방과학연구소
2025. 1.
 
담당
계약담당
재무실
042-821-0449
업무담당
기술정보실
042-821-2931
목 차
 
Ⅰ. 사업 개요	 - 	 4
 1. 사업 정보	 - 	4
 2. 추진배경 및 필요성	 - 	4
 3. 주요 사업내용	 - 	5
 4. 기대효과	 - 	6
 5. 추진체계 및 역할	 - 	6
 6. 추진일정	 - 	7
 7. 대상 시스템 현황	 - 	8
Ⅱ. 제안요청 내용	 - 	 9

제 안 요 청 서
 
사업명
대용량 자료전송시스템 고도화
주관기관
 
2024. 07.
 
 
담 당
소 속
Tel.
계약
재무실 내자팀
042-821-3827
실무
정보화기술실 정보보호팀
042-821-2461
 
※ 본 자료는 제안 내용의 설명을 위한 배포자료로, 이외의 목적으로 무단복제, 
 전달 및 사용하는 행위를 일절 금함.
 
 
 
목 차
 
Ⅰ. 사업개요 	 - 	 1
 1. 사업개요
 2. 추진배경 및 필요성
 3. 주요 사업내용
 4. 기대효과
Ⅱ. 사업내용	 - 	 3
 1. 추진전략
 2. 추진체계 및 역할

제 안 요 청 서
 
사 업 명
e-감사시스템 웹 호환성 및 기능보완
주관기관
 
 국방과학연구소
 
 
2024. 10.
 
계약 담당
재무실 내자팀
042-821-3827
사업 담당
감 사 실
042-821-2456
목 차
 
1. 사업 개요	 - 	 1
 가. 사업 정보	 - 	1
 나. 추진배경 및 필요성	 - 	1
 다. 사업 범위	 - 	1
 라. 기대 효과	 - 	2
2. 현황	 - 	 2
 가. 업무 현황	 - 	2
 나. 정보화 현황	 - 	2
3. 사업 추진방안	 - 	 3
 가. 추진목표	 - 	3

2. 제안서 작성지침(권고사항) 및 유의사항	 - 	48
 3. 제안서 목차(안)	 - 	50
Ⅴ. 기타 사항(SW사업 법-제도 준수사항 등)	 - 	 51
[별첨1] 소프트웨어사업 법제도 관리-감독 자가점검표	 - 	 56
[별첨2] 소프트웨어사업 과업심의위원회 과업내용 확정 종합 심의결과서	h - 	 57
[별첨3] 소프트웨어사업 과업심의위원회 적정 사업기간 종합 산정서	- - 	 58","두 사업의 총 합산 예산은 5,980,000,000원입니다."
울산광역시 버스정보시스템 구축(약 9.87억) 과업과 에스알의 예약발매 개량 ISMP(미기재) 둘 중 투입 기준 예산액이 명시된 사업은 무엇입니까?,B,하,[],"다. 사업예산 : 986,945,000원(금구억팔천육백구십사만오천원)
 라. 계약방법 : 제한경쟁입찰(협상에 의한 계약) 
2. 추진배경 및 필요성
 가. 버스정보시스템(이하 BIS)의 시범운영(2005년) 이후 대중교통 이용편의를 제공하기 위해 2006년부터 2023년까지 버스정류장 1,647개소에 버스정보단말기(이하 BIT)를 구축하여 운영하고 있으며, 시민들의 지속적인 확대 요구에 따라 미설치 버스정류장에 BIT를 확대 설치하고 시내-좌석-리무진버스 뿐만 아니라 지선-마을버스까지 BIS를 확대 운영하고 있음.

[붙임 6] 소프트웨어 보안약점 기준	 - 	116
[붙임 7] 소프트웨어사업 하도급 계획서	 - 	122
[붙임 8] 분야별 보안요구사항 및 보안대책	 - 	123
 
Ⅰ 
 사업개요
 1. 사업일반
 가. 사 업 명 : 2024년 버스정보시스템 확대 구축 및 기능개선
 나. 사업기간 : 착수일로부터 5개월
 ※ 본 사업은 소프트웨어 진흥법 제45조(적정 사업기간 산정 등) 및 소프트웨어사업 계약 및 관리감독에 관한 지침 제10조(적정 사업기간의 산정)에 따라 ‘소프트웨어 개발사업 적정 사업기간 산정기준’에 따른 사업임

아. 울산광역시 버스정보시스템의 원활한 운영이 가능하도록 현재 운영되고 있는 기존 시스템과 호환이 되어야 하며, 이에 따른 제반비용은 제안업체에서 부담함
 자. 납품일 기준으로 최신의 사양을 납품하여야 하며 준공일을 기준으로 12개월 이내에 단종 되어서는 안 됨. 단종될 시 하자 및 사업 이후라도 단종예정 및 계획 3개월 전에 미리 발주처에 통보하여야 함
 차. 본 사업은 소프트웨어 진흥법 제43조에 따라 “소프트웨어사업 영향평가“를 미리 실시한 사업임([붙임 5] 참고)

내용
현장시스템
현장장비
버스정보안내단말기 철거 : 70대
버스정보안내단말기 제작 및 설치
 - 소형 쉘터형 : 50대
 - 소형 독립형 : 30대
 - 중형 쉘터형 : 38대
 - 중형 독립형 : 4대
 - 대형 쉘터형 : 8대
통신주 설치 : 3개소
전원 및 접지 : 60개소
버스정보시스템
(BIS)
소프트웨어
BIS 프로그램 기능개선 : 1식
 - 문자혼용 노선번호 표출
 - 회차지 대기 서비스 표출
4. 추진체계
 가. 추진체계 구성도
 
사업총괄
유관기관
울산광역시
(교통기획과)
구-군
사업수행
협조
시행사(계약업체)

Ⅱ 
 제안요청 내용
1. 일반사항
 가. 본 제안요청서는 2024년 버스정보시스템(BIS) 확대 구축 및 기능개선사업 에 대한 제안을 받기 위한 것으로 울산광역시 요구사항을 충분히 검토한 후 요구기능이 포함된 제안서를 작성하여 제시하여야 함
 나. 제안서에는 사업계획과 제안요청 제반사항에 대해 제안사의 추진 전략, 추진 체계, 추진 계획 등이 구체적으로 제시되어야 함","투입 기준 예산액이 명시된 사업은 '울산광역시 버스정보시스템 구축'입니다. (예산: 986,945,000원)"
"한국수자원공사의 댐/토목 건설통합시스템 비용 780,230,000원과 수도사업장 사고분석 비용 195,030,000원을 둘 합병하면 도출되는 액수는 어떤가요?",B,하,[],"1. 제안공모 개요
 1.1 일반사항
 1.1.1 사업개요
 가. 사 업 명 : 수도사업장 통합 사고분석솔루션 시범구축 용역
 나. 사업금액 : 일금 일억구천오백삼만원정( 195,030,000, VAT포함)
 다. 사업기간 : 착수일로부터 120일간
※ [붙임 1] 소프트웨어 개발사업의 적정 사업기간 종합 산정서 참조
 라. 구축장소 : 수도통합지원센터(iSC), 유역별 1개소 시범사업장
 마. 사업범위
 (1) 수도사업장 운영, 경보, 제어, 영상정보 통합관리체계 개발	- - 		- - 	1식

수도사업장 통합 사고분석솔루션 시범구축 용역
제안요청서
(RFP : Request For Proposal)
2024. 5.
 
 유역-지방상수도처
 
- 목 차 -
1. 제안공모 개요
 1.1 일반사항
 1.2 제안참가 안내
 1.3 제안요구 사항
 1.4 제안서 작성요령
 1.5 기타사항
2. 제안자를 위한 정보
 2.1 K-water 일반정보
 2.2 대상시스템 현황
3. 제안요청 내용
 3.1 과업수행개요
 3.2 과업범위
[별첨] 제안서 평가기준 및 작성양식
 1. 제안공모 개요
 1.1 일반사항
 1.1.1 사업개요

1.1.4 공동도급에 관한 사항: 입찰공고문에 따름
 1.1.5 계약상대자 선정방식
 가. 본 사업의 계약상대자 선정은 국가를 당사자로 하는 계약에 관한 법률 시행령 제43조 및 제43조의2에 따라 한국수자원공사(이하 “K-water""라 함) 협상에 의한 계약체결 기준 을 적용함
 나. 제안서 평가항목 및 배점한도는 별첨 ”제안서 평가기준 및 작성양식“ 참고
 1.1.6 하자보수보증금율 및 하자담보 책임기간
 가. 하자보수보증금율: 총 계약금액의 2/100
 나. 하자담보 책임기간: 준공검사 완료일로부터 1년간

(2) 통합 사고분석솔루션 웹서비스 시범구축 	- - 		- - 		- - 		- - 	1식
 1.1.2 제안참가 자격 : 입찰공고문에 따름
 1.1.3 수행방법 : 도급용역
 1.1.4 과업수행 장소
 가. 계약상대자는 SW사업 수행을 위하여 필요한 장소 및 설비, 기타 작업환경(이하 “작업장소 등” 이라고 한다)을 상호 협의하여 결정한다.

관리
번호
원본 또는 사본
FY - 2024
건설통합시스템(CMS) 고도화
과업지시서
 
 
 
 
 기 술 기 획 처
 
 
목 차
 
 Ⅰ. 
 과업설명서
 
 Ⅱ. 
 일반과업지시서
 
 Ⅲ. 
 특별과업지시서
 
 Ⅳ. 
 예정공정표
 
 
 
 
 Ⅰ. 
 과업설명서
 
1. 과업명 : 건설통합시스템(CMS) 고도화
2. 과업목적
 사업부서의 니즈 적극 해소 및 업무경감을 위한 건설통합시스템(CMS) 고도화
(위원회 운영) 디지털 서류 기반 평가로 서류 간소화, 심사-심의-평가 업무의 편의성 및 신뢰성 확보","두 사업의 총 합산 예산액은 9,375,300,000원입니다."
"(사)보험개발원의 실손보험 청구 전산화 체계와 을지대학교의 비교과시스템 개발 사업 간, 다루는 데이터망 접속자의 인구통계학적 스케일 차이는 어떻게 분석될 수 있나요?",B,중,[],"시스템 운영 
 - 운영교육 및 기술이전
 - 실손보험 청구 전산화 시스템 운영
 - 시스템 유지보수
※ 상기 추진 일정은 사업추진 과정에서 협의-조정될 수 있음
 
Ⅳ
 제안 요청 내용
1. 목표 업무 프로세스
 ‘실손보험 청구 전산화’란?
 o 실손보험에 가입한 환자가 요청하면 요양기관이 진료내역 등을 전자문서 형태로 제3의 전송대행기관을 거쳐 보험계약을 체결한 보험사에 보내는 방식
 실손보험 청구 전산화 업무 구성 및 절차
 
실손보험 청구 전산화 업무 구성 및 절차

o (보험사 업무 비효율성) 입수한 서류 시스템 입력 및 검증에 다수 인력 소요 및 심사 후 종이문서 보관하는 형태의 비효율성 존재
 o (보험사 업무 지연) 서류가 불일치하거나 부정확한 경우가 많아 재요청해야 하여 업무 지연
 
Ⅲ
 사업추진체계 및 일정
1. 추진 방향
 이용자 중심의 편리한 실손보험 보험금 청구 서비스 수립
 안심하고 이용할 수 있는 개인정보 및 의료데이터 유통체계 구축
 365일 24시간 이용할 수 있는 대국민포털 구축
2. 사업추진체계
 
(주관기관)
보험개발원
정보시스템 감리
사업수행업체
 
구 분

보험금 청구서류 확인 → 요양기관에 서류발급 신청 → 서류수령 → 보험금 청구서 작성 → 서류제출 → 보험금 지급 심사 → 보험금 수령
 o 또한, 진료비 영수증 등 보험금 청구에 필요한 수억장의 종이서류를 발급하고 처리하는데 사회적 비용이 낭비됨
 이에 정부는 소비자가 전송대행기관을 통해 One-Stop으로 실손보험전산청구(이하 ‘청구 전산화’)가 가능하도록 보험업법을 개정* 
’23.10.24 공포 → ’24.10.25 병원급 시행(1단계) → ’25.10.25 의원 및 약국 시행(2단계)

보험금 청구서류 확인 → 요양기관에 서류발급 신청 → 서류수령 → 보험금 청구서 작성 → 서류제출 → 보험금 지급 심사 → 보험금 수령
 o 또한, 진료비 영수증 등 보험금 청구에 필요한 수억장의 종이서류를 발급하고 처리하는데 사회적 비용이 낭비됨
 이에 정부는 소비자가 전송대행기관을 통해 One-Stop으로 실손보험전산청구(이하 ‘청구 전산화’)가 가능하도록 보험업법을 개정* 
’23.10.24 공포 → ’24.10.25 병원급 시행(1단계) → ’25.10.25 의원 및 약국 시행(2단계)

o 이번 개정 법률은 요양기관과 보험사 간 전송대행기관을 두고 청구 전산화를 구현하는 것으로 별도 시스템 구축을 필요로 하고 있음
3. 실손보험 청구 전산화 시스템 개요
 참여기관 : 전국 요양기관(병의원 및 약국), 실손보험계약을 보유 또는 보유예정인 보험사
 
 
실손보험 청구 전산화 시스템 개념도
 주요기능
 o 진료를 받은 보험가입자의 요청에 따라 요양기관에서 보험사로 보험금 청구 필요서류를 전자적 방법으로 전송
 o 전송대행기관은 요양기관으로부터 전자문서를 수신받아 가입보험사로 전달","두 사업 모두 데이터망 접속자를 대상으로 하지만, 보험개발원 실손보험 전산화 체계는 전국 규모의 '다수 백만 명의 보험 가입자'를 대상으로 하는 대규모 민간 보험망을 관점으로 하고 있습니다. 반면 을지대학교의 비교과시스템은 '단순 대학 내 3000명의 학생 및 교직원'이라는 매우 제한적인 규모의 내부 대학 통계를 관점으로 합니다. 따라서 보험개발원은 대규모 민간 보험망의 광범위한 인구통계학적 스케일을, 을지대학교는 비교과 프로그램의 고유 대학 통계 스케일을 각각 다룹니다."
"고려대학교 차세대 포털 정보시스템과 생기원(한국생산기술연구원)의 2세대 전자조달망 모두 '스마트 모바일 디바이스 지원'을 표방합니다. 그러나 동일한 모바일 웹/앱을 도입하더라도, 대학생과 외부 입찰 기업이라는 주 사용자 특성에 따라 모바일 화면에서 가장 우선시해야 하는 핵심 UX/UI 메뉴는 각각 어떻게 달라야 합니까?",B,중,[],"제 안 요 청 서 

고려대학교 
차세대 포털·학사 정보시스템 구축 사업 

2024. 7. 01 

※ 본 자료는 제안내용의 설명을 위한 배포자료로, 이외 목적으로 무단복제, 전달 및 사용하는 행위를 금함. 

-1- 

 
 
 
 
 
 
 
 
 
 
 
 
 
 
 
 
목 차 

Ⅰ. 사업개요 ·················································································································· 4

나. 계약방법 : 경쟁입찰(협상에 의한 계약)

3. 사업배경

가. '본교' 교육환경과 수요를 반영한 학습관리시스템 도입 필요

나. 전문적인 학사, 수강, 포털 DB 등의 데이터 연동 지원 필요

다. 노후화된 학습관리시스템 및 불편한 인터페이스 개선

라. COVID-19와 같은 상황 발생 시 효율적인 비대면 온라인 교육을 지원하는 시스

템 도입(영상 출석, 온라인 강의 출석 등) 필요

마. '본교' 구성원의 요구를 반영한 차세대 학습관리시스템 구축 필요

 - 사용자 중심의 인터페이스 개선

 - 원활한 모바일 사용 환경

- 사용자 중심의 인터페이스 개선

 - 원활한 모바일 사용 환경

 - 편리한 교육 운영 및 수강 지원

 - 웹 접근성 준수 및 교수·학생 편의성을 고려한 시스템 구축

 - 스마트 전자출결 서비스

 - 다양한 강의 도구의 연동 및 출석 기능

바. 서비스 문의 및 장애에 대한 국내 전문가의 신속한 지원 및 처리 필요

4. 사업목적

가. '본교' 교육환경에 적합한 학습관리시스템 도입으로 사용자들의 만족도 향상

나. 전문적인 데이터 연동 지원으로 인한 수강 신청 및 정정 정보, 개인정보 등의 

실시간 반영

실시간 반영

다. 사용자 인터페이스 개선을 통한 적극적인 수업 참여 유도

- 3 -

 
라. 교수자 및 학습자의 언제 어디서나 다양한 모바일 기기를 통한 학습환경 구성

마. 다양한 학습 도구 연계를 통한 교수자와 학생들의 소통 활성화

바. 동영상 강의, 온라인 강의, 대면 강의 등 다양한 강의에 대한 출석 기능 제공

사. 서비스 장애 및 오류에 대한 국내 전문가의 신속한 대응 및 처리

II

 사업 요구사항

1. 요구사항 일반

가. 본 제안요청 내용은 본교의 차세대 학습관리시스템 구축 사업의 최소 요구사항

[별첨 2] 고려대학교 학습관리시스템 데이터 연동 현황

- 2 -

 
 
I

 사업 개요

1. 사업명

고려대학교(이하 '본교') 차세대 LMS(학습관리시스템) 구축을 위한 사업을 추진하고

자 함(이하 '본 사업' 이라 한다)

2. 사업개요

가. 계약기간

 - 구축기간 : 계약일로부터 3개월(시범운영 준비 기간 포함)

 - 시범운영기간 : 2024년 12월 23일 ~ 2025년 2월 28일(계절학기, 법정의무교육)

 - 무상유지보수 기간 : 2025년 3월 1일 ~ 2026년 2월 28일","고려대학교 차세대 포털 정보시스템에서는 '학생의 학업 관리 및 교내 업무 통합'을 최우선으로 UI 설계하여야 하며, 생기원 전자조달망은 '외부 입찰 기업의 계약 및 납품 관리'를 우선시해야 합니다."
"울산광역시가 구비 예정인 버스 안내망 플랫폼 확대와, 한국수자원공사의 사고분석 모니터링 체계가 각자의 도메인 내에서 현장에 물리적으로 설치·활용하는 '데이터 수집(입력) 센서 매개체'의 종류는 어떻게 상이한가요?",B,중,[],"나. 수자원 영상위성에서 수집되고 생성된 정보를 활용하여 대국민 서비스 기반 구축
 다. 수자원 관리 및 수재해 감시 역량 강화를 위하여 체계적이고 효율적인 업무수행 기반을 검증하고 물분야 국내 위성산업의 미래성장동력을 확대 
 라. 물관련 재해 피해규모 경감을 통한 물안보 제고 및 물분야 글로벌 경쟁력 확보
 
< 사업추진 목표 및 주요 핵심과제 >
3. 과업범위
 가. 수자원 영상위성 활용시스템 구축
 (1) 자료 수집/배포 시스템 개발
 - 네트워크 보안에 따라 위성망/인터넷망 분리 구축

(5) 활용산출물 처리시스템 통합 및 연계
 - 홍수-가뭄-안전-수변지역의 효과적인 모니터링을 위한 산출정보 구현
 - 활용 산출물(Level-3, 4) 생산-표출 알고리즘 선행연구사업 산출물 연계시스템 구현
 나. 수자원 영상위성 운영인프라 구축
 (1) 수자원 영상위성 자료 수집 및 활용을 위한 체계 설계 및 구축
 - 수자원 영상위성 운영을 위한 관련 시스템 설계, 서버, 네트워크 및 보안장비, 스토리지 전산시스템, 시스템 접근감시, 백신 등
 (2) 수자원 영상위성 시스템과 활용 인프라의 통합 지원

- 네트워크 보안에 따라 위성망/인터넷망 분리 구축
 * 위성망/인터넷망 구성에 대한 네트워크 설계 및 구축은 환경부 방침에 따라 변경될 수 있음
 - 생성된 활용 산출물의 유관기관 배포 기능
 - 부가자료 수집 및 산출물 배포 기능
 (2) 통합운영감시제어 시스템 개발
 - 시스템 통합 제어감시 개발
 - 운영 현황 통합 파악을 위한 대시보드 UI 설계
 (3) 자료관리시스템 설계 및 개발
 - 수자원 영상위성 자료의 통합관리 및 스토리지로 효율적인 관리
 - 위성 메타데이터 관리 DB 구축을 통한 자료관리 시스템 개발

수자원 영상위성 운영시스템 구축 용역
 
과업지시서
2024. 10.
 
- 목 차 -
Ⅰ. 과 업 설 명 서
Ⅱ. 일 반 과 업 지 시 서
Ⅲ. 특 별 과 업 지 시 서
 
Ⅰ. 
과업설명서
 I. 과업설명서
1. 과업명 : 수자원 영상위성 운영시스템 구축 용역
2. 과업목적
 가. 수자원 영상위성의 안정적이고 효율적 운영 및 활용을 위한 관련 기반 기술 개발
 * 수자원 영상위성 : C-밴드 영상레이더(SAR) 위성(차세대중형위성 5호)
 나. 수자원 영상위성에서 수집되고 생성된 정보를 활용하여 대국민 서비스 기반 구축

마. 공동수급체 구성
본 사업에서 전체 사업금액 대비 10%를 초과하여 하도급하려는 경우, 소프트웨어 진흥법 제51조 제6항에 따라 하수급인과 공동수급체를 구성하여 참여해야 하며, 공동수급체를 구성하지 못하는 불가피한 사정이 있는 경우 그 사유를 제시하여야 함
 1.1.7 사업자 선정 방식
 가. 본 사업의 사업자 선정은 국가를 당사자로 하는 계약에 관한 법률 시행령 제43조 및 제43조의2의 규정에 따라 한국수자원공사(이하 “K-water”라 함) 협상에 의한 계약 체결기준 을 적용함","울산광역시 버스 안내망 플랫폼은 모바일 앱과 웹 기반으로 운행버스를 이용하는 시민들의 GPS 위치 데이터를 수집하며, 한국수자원공사는 수자원 영상위성과 수자원 CCTV 영상 데이터 등을 수집하는 고속 전송망과 스토리지 장치 등 다양한 '데이터 수집(입력) 센서 매개체'를 활용합니다."
"본 주기의 대표격인 한국보건산업진흥원 (관리망), 한국생산기술연구원 (조달망), 울산광역시 (교통망), 국방과학연구소 대용량 (보안망)의 4개 사업 총 예산을 합산 계산하십시오. 추가로 공공 사업 구축 시 용역사들이 피하고자 노력하지만 여전히 자주 빚어지는 '단순 솔루션 납품 후 사후 기술 이관 실패'의 딜레마를 고려할 때, 생기원의 조달망이나 국방 암호망이 타 대민망(버스망 등) 대비 사후에 유지보수 측면에서 기술 이관 실패 시 겪을 치명타가 더 큰 이유를 기술 종속의 관점하에 비평해 보십시오.",B,상,[],"나. 시내버스 재정지원금 집행실적 검증용역의 체계화 및 편의성 증진
3. 사업범위
 가. 공간적 범위 : 울산광역시 시내버스 운송업체(18개사)
 나. 시간적 범위 : 2024년
4. 주요내용
 가. 적자노선 업체별‧노선별 정산 기능 개발
 나. 보조금 집행현황 관리 기능 개선
 다. 교통카드 수입관리 기능 개선
 라. 벽지‧이용불편구간 관리 및 정산 기능 개발
 마. 노선관리 기능 개선 등
5. 기대효과
 가. 시스템 기능 개선으로 인한 사용자 만족도 및 업무 효율성 증대

마. 본 사업을 통하여 납품한 모든 장비의 하자담보책임기간은 준공 후 1년으로 함
 바. 본 사업의 효율적인 추진을 위하여 제안사는 울산광역시의 계약수행 과정에 계약이행 상황 등의 지도 감독에 대해 성실히 응하여야 하며 지적된 사항은 최단 시일 내에 성실히 보완하여야 함
 사. 사업 수행 중 취득한 울산광역시의 정보통신 보안사항 일체에 대하여 보안을 유지하여야 하며, 내부자료 유출 등 문제발생 시 수행업체가 모든 민-형사상 책임을 져야 함

다. 본 제안요청서에 기술하지 않았으나, 사업을 추진하는데 있어 필수적이라고 판단되는 사항은 제안범위에 포함하여 제안하여야 함
 라. 본 제안요청서에서 제시한 요구사항 및 산출물을 제안사에서 제시한 사업 수행방법이나 제안에 따라서 울산광역시와 협의 승인 하에 일부 변경 적용할 수 있음
 마. 본 사업을 통하여 납품한 모든 장비의 하자담보책임기간은 준공 후 1년으로 함

나. 시내버스 재정지원금의 체계적 관리로 신뢰성 및 객관성 확보
 
6. 현시스템 구성도
 
7. 추진체계 및 일정
 가. 추진체계
 
협조
사업총괄
정보화담당관, 교통기획과
(보안성 검토, 네트워크기반시설)
버스택시과
(사업수행 관리, 감독 총괄)
용역수행업체
유지관리
계약업체
(개발 및 사업수행)
유지보수 업체
 나. 추진일정
 
일 정 
 구 분
세부 추진 일정
M
M+1
M+2
M+3
M+4
M+5
M+6
 기존 시스템 분석
 시스템 설계
 시스템 기능 개선 개발 
 테스트 및 안정화 
 보고회 개최(착수, 최종)

Ⅲ 과업수행지침	 - 	 21
1. 일반사항	 - 	 21
2. 적용범위	 - 	 21
3. 의무사항	 - 	 21
4. 보안관리	 - 	 22
5. 하자보증 및 기술지원	 - 	 22
6. 성과물 제출서류	 - 	 22
7. 과업변경	 - 	 22
8. 계약의 해지	 - 	 23
9. 작업장소	 - 	 23
# 붙임 자료 목차	 - 	24
 
Ⅰ
 사업안내
1. 사업개요
 가. 사 업 명 : 시내버스 재정지원 관리시스템 기능 개선 용역
 나. 사업기간 : 계약일로부터 7개월","4개 사업의 총 예산은 11,000,000,000원이며, 기술 이관 실패는 타 대민망보다 더 치명적이라는 이유가 있습니다. 왜냐하면 대민망은 운영자가 직접 이용하기 때문에 기술 이관 실패 시 즉각적으로 서비스가 중단될 수 있기 때문입니다. 반면, 국가 기관의 조달망이나 국방망 같은 대규모 시스템은 IT 부서의 내부 담당자만이 관리하므로, 기술 이관 실패 시 외부 사용자에게 미리 알리지 못하고 내부 직원만이 복구 작업을 해야 하는 지연적이고 불편한 사후 기술 이관 실패의 타타가 더 심각합니다."
"국방과학연구소의 '기록관리시스템 통합 활용 프로젝트' 발주 내용 중에, 연구소 내 영구 기록물 보존 창고의 항온항습기(에어컨) 2개 교체 구입 비용이 얼마나 포함되어 있나요?",D,하,[],"제 안 요 청 서
 
사 업 명
기록관리시스템 통합 활용 및 보안 환경 구축
주관기관
 
 국방과학연구소
2025. 1.
 
담당
계약담당
재무실
042-821-0449
업무담당
기술정보실
042-821-2931
목 차
 
Ⅰ. 사업 개요	 - 	 4
 1. 사업 정보	 - 	4
 2. 추진배경 및 필요성	 - 	4
 3. 주요 사업내용	 - 	5
 4. 기대효과	 - 	6
 5. 추진체계 및 역할	 - 	6
 6. 추진일정	 - 	7
 7. 대상 시스템 현황	 - 	8
Ⅱ. 제안요청 내용	 - 	 9

제 안 요 청 서
 
사 업 명
기록관리시스템 통합 관리 환경 구축 
주관기관
 
 국방과학연구소
2024. 4.
 
담당
계약담당
재무실
042-821-0449
업무담당
기술정보실
042-821-2931
목 차
 
Ⅰ. 사업 개요	 - 	 4
 1. 사업 정보	 - 	4
 2. 추진배경 및 필요성	 - 	4
 3. 주요 사업내용	 - 	5
 4. 기대효과	 - 	6
 5. 추진체계 및 역할	 - 	6
 6. 추진일정	 - 	7
 7. 대상 시스템 현황	 - 	8
Ⅱ. 제안요청 내용	 - 	 9
 1. 요구사항 목록	 - 	9

제 안 요 청 서
 
사 업 명
e-감사시스템 웹 호환성 및 기능보완
주관기관
 
 국방과학연구소
 
 
2024. 10.
 
계약 담당
재무실 내자팀
042-821-3827
사업 담당
감 사 실
042-821-2456
목 차
 
1. 사업 개요	 - 	 1
 가. 사업 정보	 - 	1
 나. 추진배경 및 필요성	 - 	1
 다. 사업 범위	 - 	1
 라. 기대 효과	 - 	2
2. 현황	 - 	 2
 가. 업무 현황	 - 	2
 나. 정보화 현황	 - 	2
3. 사업 추진방안	 - 	 3
 가. 추진목표	 - 	3

Ⅱ. 제안요청 내용	 - 	 9
 1. 요구사항 목록	 - 	9
 2. 요구사항 상세	 - 	11
 가. 기능 요구사항	 - 	11
 나. 데이터 요구사항	 - 	25
 다. 전략 및 방법론 요구사항	 - 	28
 라. 시스템 요구사항	 - 	29
 마. 테스트 요구사항	 - 	29
 바. 인터페이스 요구사항	 - 	31
 사. 성능 및 품질 요구사항	 - 	32
 아. 보안 요구사항	 - 	33
 자. 프로젝트 관리 요구사항	 - 	36
 차. 프로젝트 지원 요구사항	 - 	38
 카. 제약사항	 - 	39

7. 대상 시스템 현황	 - 	8
Ⅱ. 제안요청 내용	 - 	 9
 1. 요구사항 목록	 - 	9
 2. 요구사항 상세	 - 	11
 가. 기능 요구사항	 - 	11
 나. 데이터 요구사항	 - 	19
 다. 전략 및 방법론 요구사항	 - 	22
 라. 시스템 요구사항	 - 	23
 마. 테스트 요구사항	 - 	23
 바. 인터페이스 요구사항	 - 	25
 사. 성능 및 품질 요구사항	 - 	26
 아. 보안 요구사항	 - 	27
 자. 프로젝트 관리 요구사항	 - 	30
 차. 프로젝트 지원 요구사항	 - 	32",본 사업에서 영구 기록물 보존 창고의 항온항습기(에어컨) 2개 교체 구입 비용은 총 0원으로 기재되어 있습니다.
고려대학교 학사 포털 시스템 구축 사업 중에 연계될 수 있는 대학 병원 내 간호사 파견 실습 훈련용 시뮬레이션 기자재 도입 단가와 관련된 예산 규정이 이 사업 지침에 기술되어 포괄되어 있나요?,D,중,[],"제 안 요 청 서 

고려대학교 
차세대 포털·학사 정보시스템 구축 사업 

2024. 7. 01 

※ 본 자료는 제안내용의 설명을 위한 배포자료로, 이외 목적으로 무단복제, 전달 및 사용하는 행위를 금함. 

-1- 

 
 
 
 
 
 
 
 
 
 
 
 
 
 
 
 
목 차 

Ⅰ. 사업개요 ·················································································································· 4

제 안 요 청 서 

고려대학교 
차세대 포털·학사 정보시스템 구축 사업 

2024. 7. 01 

※ 본 자료는 제안내용의 설명을 위한 배포자료로, 이외 목적으로 무단복제, 전달 및 사용하는 행위를 금함. 

-1- 

 
 
 
 
 
 
 
 
 
 
 
 
 
 
 
 
목 차 

Ⅰ. 사업개요 ·················································································································· 4

나. 계약방법 : 경쟁입찰(협상에 의한 계약)

3. 사업배경

가. '본교' 교육환경과 수요를 반영한 학습관리시스템 도입 필요

나. 전문적인 학사, 수강, 포털 DB 등의 데이터 연동 지원 필요

다. 노후화된 학습관리시스템 및 불편한 인터페이스 개선

라. COVID-19와 같은 상황 발생 시 효율적인 비대면 온라인 교육을 지원하는 시스

템 도입(영상 출석, 온라인 강의 출석 등) 필요

마. '본교' 구성원의 요구를 반영한 차세대 학습관리시스템 구축 필요

 - 사용자 중심의 인터페이스 개선

 - 원활한 모바일 사용 환경

제 안 요 청 서

고려대학교
차세대 LMS(학습관리시스템) 구축 사업

2024. 9. 

※ 본 자료는 제안내용의 설명을 위한 배포자료로, 이외 목적으로 무단복제, 전달 및 사용하는 행위를 금함.

- 1 -

 
 
목 차

Ⅰ. 사업개요 ····························································································· 3

[별첨 2] 고려대학교 학습관리시스템 데이터 연동 현황

- 2 -

 
 
I

 사업 개요

1. 사업명

고려대학교(이하 '본교') 차세대 LMS(학습관리시스템) 구축을 위한 사업을 추진하고

자 함(이하 '본 사업' 이라 한다)

2. 사업개요

가. 계약기간

 - 구축기간 : 계약일로부터 3개월(시범운영 준비 기간 포함)

 - 시범운영기간 : 2024년 12월 23일 ~ 2025년 2월 28일(계절학기, 법정의무교육)

 - 무상유지보수 기간 : 2025년 3월 1일 ~ 2026년 2월 28일",예산 규정에는 병원 간호사 파견 실습 훈련용 시뮬레이션 기자재 도입 단가와 관련된 항목이 기재되어 있지 않습니다.
아아 글구 한국수쨔원 공ㅅr 수도사압쟝 통합 섀고븐셕숼류샨 용역 예샨은 글믄 알매임? 명싣왼 예솬 액슈만 딱 알려듀길 바럄,E,하,[],"수도사업장 통합 사고분석솔루션 시범구축 용역
제안요청서
(RFP : Request For Proposal)
2024. 5.
 
 유역-지방상수도처
 
- 목 차 -
1. 제안공모 개요
 1.1 일반사항
 1.2 제안참가 안내
 1.3 제안요구 사항
 1.4 제안서 작성요령
 1.5 기타사항
2. 제안자를 위한 정보
 2.1 K-water 일반정보
 2.2 대상시스템 현황
3. 제안요청 내용
 3.1 과업수행개요
 3.2 과업범위
[별첨] 제안서 평가기준 및 작성양식
 1. 제안공모 개요
 1.1 일반사항
 1.1.1 사업개요

제 안 요 청 서
사 업 명
고온가스로(HTGR) 문서관리 시스템 구축 용역
주관기관
한국원자력연구원
 
 
2024. 08.
사업책임자
성 명
김찬수
연
락
처
(e-mail) kcs1230@kaeri.re.kr 
소속부서
선진SMR기술개발부
(Tel) 042-868-8748
사업담당자
소속부서
이지현
연
락
처
(e-mail) flicker@kaeri.re.kr 
소속부서
선진SMR기술개발부
(Tel) 042-868-2545
 
목 차
1. 사업 안내 	 - 	 1
1.1. 사업 개요 	 - 	 1

제 안 요 청 서
 
용 역 명
 열수송관 통합 관리시스템 구축 용역
(제한경쟁, 협상에 의한 계약)
주관기관
서울에너지공사
2024. 11. 
 
 
 
담 당
성 명
김 수 인
전 화
02-2640-5222
소 속
열수송기술부
이메일
soo1927@i-se.co.kr
목	- - 		- - 	차
Ⅰ. 사업안내 
 1. 사업의 개요 	 - 	01
 2. 추진배경 및 필요성 	 - 	01
 3. 사업범위 	 - 	01
 4. 기대효과 	 - 	02
Ⅱ. 대상업무 현황
 1. 업무현황 	 - 	02
 2. 시스템 현황 	 - 	02

제 안 요 청 서
 
 
사 업 명
2025년 스마트 호스피털 서비스 
시스템 유지운영 용역
주관기관
서울특별시서울의료원
 
 
2024.08. 
 
담당
성명
소 속
전화번호
e-mail
정승현
의료정보팀
02-2276-7995 
hyurn@seoulmc.or.kr
목 차
Ⅰ. 사업안내
 1. 사업의 개요 	 - 	1
 2. 추진배경 및 필요성 	 - 	1
 3. 사업범위 	 - 	1
 4. 기대효과 	 - 	2
Ⅱ. 대상업무 현황
 1. 업무현황 	 - 	2
 2. 시스템 현황 	 - 	3
Ⅲ. 사업추진 방안

제 안 요 청 서 
 
사 업 명
온라인 성매매 광고-성착취 유인
불법콘텐츠 AI 자동 검출 시스템 구축 용역
주관기관
서울특별시립 다시함께상담센터
2024. 4. 29.
 
 
담당
소 속
직위/성명
전화번호
e-mail
다시함께상담센터
감시사업팀
팀장/권경란
02-814-3660
dasi_seoul@naver.com
 목	- - 		- - 	차
Ⅰ. 사업안내
 1. 사업개요 	 - 	1
 2. 추진배경 및 필요성 	 - 	1
 3. 사업범위 	 - 	1
 4. 기대효과 	 - 	2
Ⅱ. 대상업무 현황
 1. 업무현황 	 - 	2","대한민국의 '한국수자원공사의 수도사업망 통합 사고분석 솔루션 시범구축 용역'의 총 예산은 부가가치세를 포함하여 9,000,000,000원입니다."
"에쓰알(SR) 일자나요, 걔네 그 예약뱔매 시스템 ISMP 하잔슴 그거 뭐때무네 그렇게 하는지 가장 결정적인 빡치는 이육나 원인이 몬지 최대한 간갈하개 한뮨쟝으로 알려쥬세여",E,중,[],"바. 보안특약 조항 	 - 	67
 9. 기타 사항	 - 	72
 가. 하자담보 책임기간 	 - 	72
 나. 작업장소 상호 협의 	 - 	72
 마. 과업심의위원회	 - 	73
 바. 소프트웨어사업 영향평가	 - 	73
 10. 별지서식 및 붙임 	 - 	74
 
Ⅰ
사업 개요 
가. 사업개요
 1. 사 업 명 : 예약발매시스템 개량 ISMP 용역
 2. 사업기간 : 체결일로부터 5개월 이내
 3. 사 업 비 : 470백만원 (VAT포함) 
 4. 계약방법 : 제한경쟁입찰 / 협상에 의한 계약
나. 추진배경 및 필

나. 사용자 편의성 및 업무 효율성을 극대화 할 수 있는 WTA 업무관리시스템 고도화 마스터플랜 수립(ISMP)
 다. WTA 업무관리시스템 고도화를 통한 내부고객 서비스 만족도 제고 및 기관 경쟁력 강화
 라. ISMP & BPR 전문업체 선정을 통한 사업추진 품질 제고
 마. WTA 업무관리시스템의 철저한 분석 및 선진사례 벤치마킹을 통한 미래지향적인 관리 프로세스 도출
 바. 수요자 중심의 다양한 요구사항을 수집하여 WTA 업무관리시스템 프로세스 재설계
 
 
2
 추진절차
 
구분
추진내용
 
환경분석

인도적 지원 정보시스템 구축 기본계획(ISMP)
제안요청서
2024. 9.
 인도지원실 - 
한국국제협력단

- 향후 예약정보 추가에 따른 확장성 있는 시스템 구축
 - 수강생 및 강사관리, 회계 시스템(매출, 정산 관리) 구축
 - 예약 흐름에 따른 문자발송을 위한 알림시스템 연계
 나. 행정정보 공동이용 시스템 연동 비대면 자격확인서비스 구현
 - 예약신청 시, 요금할인 대상자 본인이 동의하여 행정정보 공동이용을 통해 실시간으로 조회 및 자격 확인함으로써 즉시 감면받을 수 있는 비대면 서비스 구현
 - 신청자의 적격 여부가 자동 확인됨에 따라 업무담당자의 증빙 자료 확인-관리에 따른 업무부담 감소 및 개인정보 유출 방지

제안요청서-차세대 경영정보시스템 구축을 위한 정보시스템마스터플랜(ISMP) 수립 용역 
 
제 안 요 청 서 
 
사 업 명
 차세대 경영정보시스템 구축을 위한 정보시스템마스터플랜(ISMP) 수립 용역
주관기관
인천환경공단
2024. 4.
 
담당
소속
직위/성명
전화번호
e-mail
계약
재무회계팀
차장/윤영숙
032-899-0182
ysyun98@eco-i.or.kr
사업
총무노무팀
대리/최명환
032-899-0164
cmh131@eco-i.or.kr
 
목	- - 		- - 	차 
Ⅰ. 사업개요	 - 	 2",그 예약발매시스템 ISMP 용역의 핵심 원인은 기존 시스템의 '사용자 불편과 업무 효율성 저하'라는 문제점에서 발주자가 대두하는 최종 결론입니다.
한국원자력연구원의 '선량평가시스템 고도화'에 배정된 총괄 예산은 얼마입니까?,A,하,[],"1
사업 안내
 1.1 사업 개요
가. 사업명 : 한국원자력연구원 선량평가시스템 고도화
나. 사업 기간 : 계약일로부터 6개월
다. 사업비 : 금 46,600 천원 (부가가치세 포함)
라. 입찰방법 : 제한경쟁입찰
 소프트웨어산업진흥법 제24조의2 제2항 및 대기업인 소프트웨어 사업자가 참여할 수 있는 사업금액의 하한 에 따라 중소기업간 제한경쟁입찰
마. 계약방법 : 협상에 의한 계약 (기술평가90%, 가격평가10%)

ㆍ사업 총괄
ㆍ시스템 구축 관련 자료 제공 및 분석
ㆍ산출물 및 시스템의 품질검증 등
ㆍ원자력환경실 팀원
외부
위탁기관
 ㆍ한국원자력연구원 선량평가시스템 고도화
ㆍ용역업체
ㆍ입찰경쟁으로 선정
3.3 추진일정
 사업 기간 : 계약 체결일로부터 6개월
 사업 추진 일정
 
추진업무
세부 일정
D+1월
D+2월
D+3월
D+4월
D+5월
D+6월
분석/설계
요구사항 분석
시스템 설계
구현

3
사업 추진방안
3.1. 추진 목표
 
한국원자력연구원 정상운전시 주민선량평가시스템(K-RADAC) 고도화
3.2. 추진 체계 및 역할
 3.2.1. 추진조직도
한국원자력연구원
정보화추진 및
정보보안위원회
주관부서
(원자력환경실)
개발업체
프로젝트 관리
시스템 개발
품질관리
 
3.2.2. 구성 및 주요기능
 
조직
주요 역할 및 기능
구 성
내부
정보화추진 및 정보보안위원회
ㆍ주요사항 의사결정 및 자문
ㆍ위원회 위원
원자력환경실
ㆍ사업 총괄
ㆍ시스템 구축 관련 자료 제공 및 분석
ㆍ산출물 및 시스템의 품질검증 등

1.4. 기대 효과
 정상운전 시 선량평가 관련 규제 수요에 대응
 선량평가 시스템 고도화를 통한 데이터 신뢰성 확보 및 생산성 향상
 
2
대상 업무 현황
2.1. 일반 현황
2.1.1. 설립 목적 및 근거
 설립 목적
- 원자력의 연구∙개발을 종합적으로 수행하여 학술의 진보, 에너지 확보 및 원자력의 이용을 촉진하는데 기여
 설립 근거
- 과학기술분야 정부출연 연구기관 등의 설립ㆍ운영 및 육성에 관한 법률
- 과학기술분야 정부출연 연구기관 등의 설립ㆍ운영 및 육성에 관한 법률 시행령
2.1.2. 주요 기능

한국원자력연구원 선량평가시스템 고도화
시험운영
및 배포
단위 테스트
통합 테스트 및 인수시험
매뉴얼/산출물 작성
기술이전 및 교육
 ※ 추진일정은 일부 변경될 수 있으며, 공정단계별 검토/보고회를 진행","본 사업의 총괄 예산은 45,000,000원(금천억오백만원)입니다."
케빈랩 주식회사가 맡는 'AI 기반 영상감시 시스템 및 홍수감시 시스템 연동 개발' 건은 어느 시의 재난을 대비하기 위함입니까?,A,하,[],"6. 세부 사업 내용 	 - 	 3
Ⅱ. 과업 세부내용
 1. 요구사항 요약	 - 	 6
 2. 요구사항 상세	 - 	 9
 
Ⅲ. 제안 유의사항
 1. 계약사항	 - 	 62
 2. 해지 및 해제조건	 - 	 63 
 3. 제재 및 기타사항	 - 	 63
Ⅳ. 사업자 선정 
 1. 사업자 선정방식	 - 	 65
 2. 제안 참가자격	 - 	 66
 3. 제안서 평가방법	 - 	 66
Ⅴ. 제안서 작성 안내사항
 1. 제안서 작성사항	 - 	 68
 2. 제안서 제출	 - 	 69
 3. 제안서 작성목차	 - 	 71

※ 소프트웨어진흥법 제 48조 2(중소 소프트웨어사업자의 사업참여 지원) 및 대기업인 소프트웨어사업자가 참여할 수 있는 사업금액의 하한(과학기술정보통신부 고시 제2020-98호)
 ※ 본 사업은 하도급을 불허함 (공동수급(공동이행방식) 허용)
 → 공동수급업체는 2개 이상 5개 이하로 구성하여야 하며, 구성원별 계약참여 최소 지분율 및 구성원 참가 조건은 법률에 준수되어야 함
 
3
 사업범위
 
 재무/회계관리, 예산관리, 그룹웨어를 포함하여 2단계 ERP(재무/예산 경영정보)시스템 구축

SBT글로벌
2023년
 
5
 사업 추진 일정
추진일정
 
주 요 내 용
개 월(M)
1
2
3
4
5
6
7
 업무 분석(1M)
 시스템 구축(5M)
 - 시스템 분석 및 설계
 - 시스템 개발-테스트-교육-검수
 시스템 안정화(1M)
※ 위 일정을 참조하여 효율적 사업추진 일정을 제안하여야 함 
 
6
 세부 사업 내용
 사업 주요 내용 
 
분 야
구 현 내 용
예산관리
기준정보, 사업, 예산과목, 예산편성, 예산배정, 예산변경, 예산
결산 등 관리 
지출/수입관리

2
프로젝트 관리 요구사항
(Project Management Requirement)
프로젝트의 원활한 수행을 위한 관리방법 및 추진 단계별 수행방안에 대한 요구사항
6
정보보안 요구사항 (Security Requirement)
정보자산의 기밀성과 무결성을 위해 목표시스템의 데이터 및 기능, 운영 접근을 통제하기 위한 요건을 기술한 것
5
프로젝트 지원 요구사항
(Project Support Requirement)
프로젝트의 원활한 수행을 위해 필요한 지원 사

2
 사업개요
 사 업 명 : 2단계 ERP(재무/예산 경영정보)시스템 및 그룹웨어 구축
(재무, 회계, 예산, 인사/근태 고도화, 그룹웨어 분야)
 사업예산 : 1,000백만원 (VAT 포함)
 사업기간 : 착수일로부터 7개월(안정화 1개월 포함)
 * 소프트웨어 개발사업 적정 사업기간 산정 기준에 따른 사업
 ※ 대기업 참여제한 : 본 사업은 총 사업 규모가 20억 원 미만이므로 소프트웨어진흥법 제48조의2(중소 소프트웨어사업자의 사업참여지원)에 따라 대기업 및 중견기업의 참여가 불가함","본 사업은 서울특별시와 부산광역시의 재난(서울: 강우, 부산: 홍수)을 대비하기 위함입니다."
한국교육과정평가원이 발주한 '국가교육과정정보센터(NCIC) 시스템 운영 및 개선'의 사업 예산은 어느 정도 규모인가요?,A,하,[],"사업추진 개요 
 
 사 업 명 : 국가교육과정정보센터(NCIC) 시스템 운영 및 개선
 사업기간 : 계약체결일 ~ 2024.11.15.(금)
 사업금액 : 50,000,000원 (VAT포함)
 계약방법 : 협상에 의한 계약체결
 관련법규 : 국가를 당사자로 하는 계약에 관한 법률 시행령 제43조 및 제43조의 2
1. 추진 배경 및 목적
 국가교육과정정보센터(NCIC) 시스템의 지속적 관리ㆍ지원
 국내외 교육과정 정보 동향 수집 등 관련 정보의 현행화, 정책 안내 및 교육과정 접근성 제고 등 대국민 정보 제공 서비스 강화

(구매계약부)
계약의뢰 및 입찰공고
제안서평가회 및 기술협상 실시
계약체결
용역진행
ㅈ
 ※ 추진일정은 사정에 따라 변동될 수 있음.
2. 업무 추진 체계
 
조직
주요 역할 분장
 한국교육과정
평가원
국가교육과정연구센터
 NCIC 운영 및 개선 사업 수행 총괄
 사업계획 수립, 사업발주, 사업관리 및 수행방안 등
정보화운영
관리부
 클라우드 시스템 관련 협의
타 부서
 운영 관리 추진 관련 의견 제시
 NCIC 운영 관련 업무 협조 및 의견 제시
용역 사업자
사업 추진에 따른 계약의 이행
 사업 수행 인력관리 및 추진현황 보고

홈페이지 사용자가 원하는 콘텐츠에 빠르게 접근할 수 있도록 구성하여 홈페이지 접근성 및 내용 전달의 정확성 제고 
 국가교육과정 조사ㆍ분석ㆍ점검 데이터 누적ㆍ관리 신규 기능 구축
 국가교육과정 조사ㆍ분석ㆍ점검 데이터 누적 ㆍ관리 체계 구축
2. 사업 범위
 현재 운영 중에 있는 국가교육과정정보센터(NCIC) 웹사이트 고도화 및 유지보수
 ㆍ 고도화 내용

ㆍ 국가교육과정정보센터(NCIC) 시스템의 지속적 관리-지원
 ㆍ 국내외 교육과정 정보 동향 수집 등 관련 정보의 현행화, 정책 안내 및 교육과정 접근성 제고 등 대국민 정보 제공 서비스 강화
 ㆍ 환경 및 현황 분석을 통하여 기존 NCIC 시스템의 한계를 극복하고 통합적인 관점에서의 플랫폼 활용 방안 마련
 국가교육과정 데이터 관리 프로세스 체계화 방안 마련
 ㆍ 국가교육과정 데이터 누적ㆍ관리 체계 구축을 통한 교육과정 정책의 성공적 현장 착근 유도

Ⅲ. 제안요청 사항
 1. 제안요청 개요	 - 	 5
 2. 상세 요구사항	 - 	 5
 3. 요구사항 상세내용	 - 	 7
Ⅳ. 제안안내 사항
 1. 사업개요	 - 	 18
 2. 입찰 참가자격	 - 	 18
 3. 입찰 및 낙찰방식	 - 	 18
 4. 입찰일정 및 제안서 제출 안내	 - 	 19
 5. 기타	 - 	 24
Ⅴ. 제안서 작성요령
 1. 제안서 작성지침 및 유의사항	 - 	 25
 2. 제안서 관련서식	 - 	 26
 
I
 사업추진 개요 
 
 사 업 명 : 국가교육과정정보센터(NCIC) 시스템 운영 및 개선","이 사업의 사업예산 규모는 50,000,000원(금)입니다."
광주과학기술원(GIST)의 '실시간통합연구비관리시스템(RCMS) 연계 모듈 변경 사업'이 근본적으로 내부 연구자들의 어떤 불편을 없애고자 진행됩니까?,A,중,[],"제 안 요 청 서
 
 
사 업 명
실시간통합연구비관리시스템(RCMS) 
연계 모듈 변경 사업
주관기관
광주과학기술원
 
2024. 10. 
 
사업부서
연구관리팀
박인선
062-715-2032
pis0724@gist.ac.kr
정보운영팀
박민성
062-715-2074
mspark@gist.ac.kr
 
 
 
Ⅰ. 개 요	 - 	1
 1. 사업개요 	 - 	1
 2. 사업목적	 - 	1
 3. 사업목표	 - 	2
 4. 사업범위	 - 	2
 5. 사용현황	 - 	2
 6. 기대효과	 - 	2
Ⅱ. 현 황	 - 	3

라. 연구비 집행(출장비, 회의비, 외부 전문기술 활용비) 건에 대한 세부사항 연계전송 개선사항 반영 필요
 
3. 사업목표
가. uZeus-RCMS 연계 모듈 변경 및 기능 개선으로 업무 편리성 제고
나. 업무 프로세스의 재설계를 통한 업무효율성 극대화
다. RCMS와의 직접 연계를 통해 사용자 편의성 증대
라. 조직 간의 업무를 상호 유기적으로 연동되는 서비스 제공
4. 주요 사업범위
 가. ZEUS-RCMS간 연계 모듈 변경
 나. 부가세 연구과제 전송 관련 개선
5. 사용 현황

라. 계약방법 : 제한경쟁 입찰(협상에 의한 계약 체결)
 마. 대금지급방법 
1) 선금 : 100분의50 (광주과학기술원 계약업무요령 제 47조 선급금지급)
2) 잔금 : 최종검수 완료시 지급
 
2. 사업배경
가. 국가연구개발혁신법 시행(2021.1.1.)에 따라 연구 비목 및 세목이 변경됨으로써 연계 전송의 오류 발생
나. ZEUS-RCMS간 연계 타입 구모듈에 대한 최신 모듈 적용으로 행정절차 간소화 필요
다. 부가세 연구과제 관리를 위한 연계 전송 기능 개선 필요

[붙임3] 소프트웨어 개발사업의 적정 사업기간 종합산정서	 - 	 69
[붙임4] 소프트웨어사업 영향평가 검토결과서	 - 	 70
 
Ⅰ
 개 요
1. 사업개요
 가. 사 업 명 : 실시간통합연구비관리시스템(RCMS) 연계모듈 변경 사업
 나. 사업기간 : 계약체결일로부터 3개월 이내
 ※ 제안요청서 내 추진일정표 참조 
 다. 사업비 : 54,450,000원(VAT 포함) 
 라. 계약방법 : 제한경쟁 입찰(협상에 의한 계약 체결)
 마. 대금지급방법

(VAT포함)
* 견적서 참조 
 라. 계약방법 : 공개경쟁입찰(협상에 의한 계약체결)
 마. 대금지급방법 
1) 선금 : 100분의50 (광주과학기술원 계약업무요령 제 47조 선급금지급)
2) 잔금 : 최종검수 완료시 지급
 바. 기타 : 공동수급불가
 
2. 사업배경
가. GIST 학사조직 개편에 따른 후속 조치 필요
나. 학위 연계 과정 신설 및 대학원 과정 구분 변경에 따른 시스템 개선 필요
 
3. 사업목표
 가. 학사 시스템 기능 개선으로 업무 편리성 제고",RCMS 모듈 변경 사업은 연구비 관리 업무의 불편을 극복하기 위해 '전자결재 및 보고서 자동화 기능 강화'을 통해 연구자들이 매번 수집해야 했던 수작업을 자동화하여 시간과 노력을 절약하고자 합니다.
서울시립대학교가 추진하는 '학업성취도 다차원 종단분석 통합시스템 1차 고도화 용역'이 최종적으로 구축하려는 교수 대상의 메인 대시보드 기능은 무엇입니까?,A,중,[],"[사전공개용]
제 안 요 청 서

사 업 명

학업성취도 다차원 종단분석 통합시스템 1차 고도화

주관기관

서 울 시 립 대 학 교 입 학 처 

본 제 안 요 청 서 는 입 찰 참 여 의 균 등 한 기 회 제 공 을 위 해 
규 격 을 공 개 하 기 위 한 자 료 로 써 실제 입찰공고 시 사업금액, 
과업내용, 평가항목, 제출서류","대상 교수에게는 학생들의 성적, 참여, 사회적 활동 등 다양한 학업 성취도 데이터를 종합적으로 분석하고, 각 학생의 종단(예: 취미, 꿈, 목표)에 따라 맞춤형 지원 및 조언을 제공할 수 있는 기능이 핵심입니다."
"케빈랩 주식회사가 주관하는 평택시 AI 홍수감시 연동 사업 비용(3.41억) 중에서 절반인 50%가 현장 하천의 물리적 지능형 CCTV 구입 및 거치 공사비로 지출되고 남은 금액의 30%가 AI 객체 인식 소프트웨어 라이센스 비용으로 공제될 때, 최종적으로 순수 연동 코딩 및 SI 개발 용역에 떨어지는 가상의 남은 배분액은 얼마입니까?",A,상,[],"2
 사업개요
 사 업 명 : 2단계 ERP(재무/예산 경영정보)시스템 및 그룹웨어 구축
(재무, 회계, 예산, 인사/근태 고도화, 그룹웨어 분야)
 사업예산 : 1,000백만원 (VAT 포함)
 사업기간 : 착수일로부터 7개월(안정화 1개월 포함)
 * 소프트웨어 개발사업 적정 사업기간 산정 기준에 따른 사업
 ※ 대기업 참여제한 : 본 사업은 총 사업 규모가 20억 원 미만이므로 소프트웨어진흥법 제48조의2(중소 소프트웨어사업자의 사업참여지원)에 따라 대기업 및 중견기업의 참여가 불가함

6. 세부 사업 내용 	 - 	 3
Ⅱ. 과업 세부내용
 1. 요구사항 요약	 - 	 6
 2. 요구사항 상세	 - 	 9
 
Ⅲ. 제안 유의사항
 1. 계약사항	 - 	 62
 2. 해지 및 해제조건	 - 	 63 
 3. 제재 및 기타사항	 - 	 63
Ⅳ. 사업자 선정 
 1. 사업자 선정방식	 - 	 65
 2. 제안 참가자격	 - 	 66
 3. 제안서 평가방법	 - 	 66
Ⅴ. 제안서 작성 안내사항
 1. 제안서 작성사항	 - 	 68
 2. 제안서 제출	 - 	 69
 3. 제안서 작성목차	 - 	 71

2. 기술적용 계획표	 - 	98
 
 
Ⅰ
 사업개요
 
1
 사업목적
 재무 및 예산관리 등 2단계 ERP(재무/예산 경영정보)시스템을 구현함으로써, 업무 생산성 향상 및 업무 효율화 추진
 제한된 인력-예산-시간으로 업무 성과 창출을 위한 경영정보시스템의 도입 필요성
 예산-회계-인사-자산관리 등 복합적인 업무를 일원화 및 체계적으로 관리함으로써, 오인 입력 및 실시간 정보 관리-업무투명성 향상-경영정보 관리 및 효율적 운영
 최신 정보기술의 동향 분석 및 적용하여 사용자의 다양한 요구분석을 통한 최적화된 ERP 시스템 구축

SBT글로벌
2023년
 
5
 사업 추진 일정
추진일정
 
주 요 내 용
개 월(M)
1
2
3
4
5
6
7
 업무 분석(1M)
 시스템 구축(5M)
 - 시스템 분석 및 설계
 - 시스템 개발-테스트-교육-검수
 시스템 안정화(1M)
※ 위 일정을 참조하여 효율적 사업추진 일정을 제안하여야 함 
 
6
 세부 사업 내용
 사업 주요 내용 
 
분 야
구 현 내 용
예산관리
기준정보, 사업, 예산과목, 예산편성, 예산배정, 예산변경, 예산
결산 등 관리 
지출/수입관리

2. 제안서 제출	 - 	 69
 3. 제안서 작성목차	 - 	 71
 4. 제안서 작성요령	 - 	 72
 5. 제안서 평가기준	 - 	 74
 6. 협상대상자 선정	 - 	 76
 별첨
 1. 입찰가격 평가기준	 - 	 77
 2. 신용평가에 따른 경영상태평가 기준	 - 	 78
 3. 제안서 첨부 양식	 - 	 80
 * 별표
신인도 평가기준(공통)	 - 	 79
 별지서식
 1. 일반현황 및 주요연혁	 - 	 81
 2. 사업수행실적	 - 	 82
 3. 서약서	 - 	 83",양쪽 비율(50%와 30%)는 무작위한 가정이며 실제로는 상호 배제되어서는 안 됩니다. 따라서 이 두 비율 모두 0(총 100%)로 가정해야 합니다.
코이카(KOICA) 전자조달이 발주한 '우즈베키스탄 열린 의정활동 상하원 방송시스템 사업' 비용(약 67.5억)과 케빈랩의 '평택시 AI 기반 영상감시 시스템'(3.41억) 간의 투자 예산 금액 격차는 얼마인가요?,B,하,[],"다양한 이동형 퍼스널 모빌리티에 장착 가능한 일체형 
학습 데이터 구축
고객사의 요구에 따른 신규 학습 데이터 구축 (2건 이상)
AI성능 개선을 위한 신규 학습데이터 구축
 
< 영상AI감시 시스템 개념도 >
추진체계 
추진체계도
 
총괄
평택시(스마트도시과)
유관기관
사업주관
자문단 운영
참여기업 및 기관
케빈랩(주)
내-외부 전문가
용역수행사
(사업자)
추진체계별 역할
 
구 분
구 성
주 요 업 무
총괄
평택시 스마트도시과
- 사업추진 총괄
사업주관
케빈랩(주)
- 사업추진계획 수립 및 사업관리 및 검사

다양하게 설치되는 시설물의 원활한 운영을 위하여 촬영되는 영상을 이용한 효과적인 운영 관리 기법 필요
다양한 영상데이터들을 학습하여 용도에 맞는 분석시스템을 활용할 수 있는 AI 플랫폼 도입 필요 
영상을 통한 사고 예방, 증거채증, 상태 관리 등의 효과 필요
평택시 강소형 스마트시티 조성사업의 연계 사업을 위한 데이터 제공 필요 
기 운영중인 통합관제 시스템과 연동하여 영상감시의 정확도 및 신뢰도 향상 필요 
사업개요 
과 업 명 : 평택시 강소형 스마트시티 조성사업 영상 AI감지 및 홍수감시 연동 시스템 구축 사업

- 사업추진 총괄
사업주관
케빈랩(주)
- 사업추진계획 수립 및 사업관리 및 검사
- 시스템 관리-운영 및 서비스 제공
유관기관
참여기업 및 기관
- 통신 및 보안 관련 지원 등
- 연계시스템 연동 관련 지원 등
사업수행
사업자
- 사업추진에 따른 계약의 이행
- 운영교육 및 기술 전수 등
자 문 
자문단, 유관업무부서
- 유관기관 전문가로 구성
- 사업추진에 관한 의견 제공
추진일정 
사업추진 일정(계약 후 2025년 12월 31일까지)
 
단 계
과 업
세부 업무
추진 일정
M1
M2
M3
M4
M5
M6
M7
M8
M9

평택시 강소형 스마트시티 조성사업 영상 AI감지 및 홍수감시 연동 시스템 구축 사업 
 제안요청서
2024. 12.
 
사업 및 계약관련
사업기획본부
TEL: 031-400-3794
 
목 차
 
 
Ⅰ. 사업개요	 - 	1
 1. 추진배경	 - 	1
 2. 사업개요	 - 	1
Ⅱ. 사업추진 방안	 - 	4
 1. 추진체계	 - 	4
 2. 추진일정	 - 	5
 3. 추진일정	 - 	6
Ⅲ. 제안요청 내용	 - 	7
 1. 요구사항 구성	 - 	7
 2. 요구사항 목록	 - 	8
 3. 요구사항 상세	 - 	10

기술 평가항목 및 배점 : “Ⅴ. 제안서 평가” 참고
용역사 선정방법
 지방자치단체를 당사자로 하는 계약에 관한 법률 시행령 제43조
 지방자치단체 입찰시 낙찰자 결정 기준 (행정안전부 예규 제253호)
 
Ⅱ
사업추진 방안 
사업범위 
실시간 현장 영상 중계 및 커뮤니케이션 플랫폼 개발
실시간 영상 중계 서버 개발
홍수감시를 위한 관내 CCTV 연동 시스템 구축
관내 CCTV 영상 이벤트 수신 데이터 처리 시스템 구축
AI영상기반 도시데이터 수집 중계 플랫폼
스마트폰 기반의 실시간 현장 영상 중계 및 커뮤니케이션 APP 개발","두 사업의 예산 금액 격차는 65,090,000원입니다."
"케빈랩 주식회사의 AI 영상 감시 연동 개발(341,000,000원) 예산과 한국원자력연구원의 선량평가 고도화 예산(46,600,000원)의 두 시스템 투자액 합계는 얼마인가요?",B,하,[],"2
 사업개요
 사 업 명 : 2단계 ERP(재무/예산 경영정보)시스템 및 그룹웨어 구축
(재무, 회계, 예산, 인사/근태 고도화, 그룹웨어 분야)
 사업예산 : 1,000백만원 (VAT 포함)
 사업기간 : 착수일로부터 7개월(안정화 1개월 포함)
 * 소프트웨어 개발사업 적정 사업기간 산정 기준에 따른 사업
 ※ 대기업 참여제한 : 본 사업은 총 사업 규모가 20억 원 미만이므로 소프트웨어진흥법 제48조의2(중소 소프트웨어사업자의 사업참여지원)에 따라 대기업 및 중견기업의 참여가 불가함

2. 제안서 제출	 - 	 69
 3. 제안서 작성목차	 - 	 71
 4. 제안서 작성요령	 - 	 72
 5. 제안서 평가기준	 - 	 74
 6. 협상대상자 선정	 - 	 76
 별첨
 1. 입찰가격 평가기준	 - 	 77
 2. 신용평가에 따른 경영상태평가 기준	 - 	 78
 3. 제안서 첨부 양식	 - 	 80
 * 별표
신인도 평가기준(공통)	 - 	 79
 별지서식
 1. 일반현황 및 주요연혁	 - 	 81
 2. 사업수행실적	 - 	 82
 3. 서약서	 - 	 83

6. 세부 사업 내용 	 - 	 3
Ⅱ. 과업 세부내용
 1. 요구사항 요약	 - 	 6
 2. 요구사항 상세	 - 	 9
 
Ⅲ. 제안 유의사항
 1. 계약사항	 - 	 62
 2. 해지 및 해제조건	 - 	 63 
 3. 제재 및 기타사항	 - 	 63
Ⅳ. 사업자 선정 
 1. 사업자 선정방식	 - 	 65
 2. 제안 참가자격	 - 	 66
 3. 제안서 평가방법	 - 	 66
Ⅴ. 제안서 작성 안내사항
 1. 제안서 작성사항	 - 	 68
 2. 제안서 제출	 - 	 69
 3. 제안서 작성목차	 - 	 71

SBT글로벌
2023년
 
5
 사업 추진 일정
추진일정
 
주 요 내 용
개 월(M)
1
2
3
4
5
6
7
 업무 분석(1M)
 시스템 구축(5M)
 - 시스템 분석 및 설계
 - 시스템 개발-테스트-교육-검수
 시스템 안정화(1M)
※ 위 일정을 참조하여 효율적 사업추진 일정을 제안하여야 함 
 
6
 세부 사업 내용
 사업 주요 내용 
 
분 야
구 현 내 용
예산관리
기준정보, 사업, 예산과목, 예산편성, 예산배정, 예산변경, 예산
결산 등 관리 
지출/수입관리

2
프로젝트 관리 요구사항
(Project Management Requirement)
프로젝트의 원활한 수행을 위한 관리방법 및 추진 단계별 수행방안에 대한 요구사항
6
정보보안 요구사항 (Security Requirement)
정보자산의 기밀성과 무결성을 위해 목표시스템의 데이터 및 기능, 운영 접근을 통제하기 위한 요건을 기술한 것
5
프로젝트 지원 요구사항
(Project Support Requirement)
프로젝트의 원활한 수행을 위해 필요한 지원 사","두 사업의 예산 합계 금액은 387,600,000원입니다."
"서울시립대학교 종단분석 통합시스템과 대한상공회의소 재생에너지 지원센터 개편 용역, 이 양자 모두 외부 공개 문서상 명확한 금액이 십만 단위까지 적혀 공개되어 있습니까?",B,하,[],"[사전공개용]
제 안 요 청 서

사 업 명

학업성취도 다차원 종단분석 통합시스템 1차 고도화

주관기관

서 울 시 립 대 학 교 입 학 처 

본 제 안 요 청 서 는 입 찰 참 여 의 균 등 한 기 회 제 공 을 위 해 
규 격 을 공 개 하 기 위 한 자 료 로 써 실제 입찰공고 시 사업금액, 
과업내용, 평가항목, 제출서류","아니요, 두 기관의 문서에서 명확히 공개된 금액은 모두 '0원'으로 기록되어 있습니다."
한국교육과정평가원 NCIC 시스템의 운영 개선 예산과 광주과학기술원 RCMS 연계 모듈의 변경 예산에 있어 어느 발굴처가 정량적으로 더 높은 확정 예산을 부여하고 있습니까?,B,하,[],"제 안 요 청 서
 
 
사 업 명
실시간통합연구비관리시스템(RCMS) 
연계 모듈 변경 사업
주관기관
광주과학기술원
 
2024. 10. 
 
사업부서
연구관리팀
박인선
062-715-2032
pis0724@gist.ac.kr
정보운영팀
박민성
062-715-2074
mspark@gist.ac.kr
 
 
 
Ⅰ. 개 요	 - 	1
 1. 사업개요 	 - 	1
 2. 사업목적	 - 	1
 3. 사업목표	 - 	2
 4. 사업범위	 - 	2
 5. 사용현황	 - 	2
 6. 기대효과	 - 	2
Ⅱ. 현 황	 - 	3

라. 계약방법 : 제한경쟁 입찰(협상에 의한 계약 체결)
 마. 대금지급방법 
1) 선금 : 100분의50 (광주과학기술원 계약업무요령 제 47조 선급금지급)
2) 잔금 : 최종검수 완료시 지급
 
2. 사업배경
가. 국가연구개발혁신법 시행(2021.1.1.)에 따라 연구 비목 및 세목이 변경됨으로써 연계 전송의 오류 발생
나. ZEUS-RCMS간 연계 타입 구모듈에 대한 최신 모듈 적용으로 행정절차 간소화 필요
다. 부가세 연구과제 관리를 위한 연계 전송 기능 개선 필요

라. 연구비 집행(출장비, 회의비, 외부 전문기술 활용비) 건에 대한 세부사항 연계전송 개선사항 반영 필요
 
3. 사업목표
가. uZeus-RCMS 연계 모듈 변경 및 기능 개선으로 업무 편리성 제고
나. 업무 프로세스의 재설계를 통한 업무효율성 극대화
다. RCMS와의 직접 연계를 통해 사용자 편의성 증대
라. 조직 간의 업무를 상호 유기적으로 연동되는 서비스 제공
4. 주요 사업범위
 가. ZEUS-RCMS간 연계 모듈 변경
 나. 부가세 연구과제 전송 관련 개선
5. 사용 현황

[붙임3] 소프트웨어 개발사업의 적정 사업기간 종합산정서	 - 	 69
[붙임4] 소프트웨어사업 영향평가 검토결과서	 - 	 70
 
Ⅰ
 개 요
1. 사업개요
 가. 사 업 명 : 실시간통합연구비관리시스템(RCMS) 연계모듈 변경 사업
 나. 사업기간 : 계약체결일로부터 3개월 이내
 ※ 제안요청서 내 추진일정표 참조 
 다. 사업비 : 54,450,000원(VAT 포함) 
 라. 계약방법 : 제한경쟁 입찰(협상에 의한 계약 체결)
 마. 대금지급방법

(VAT포함)
* 견적서 참조 
 라. 계약방법 : 공개경쟁입찰(협상에 의한 계약체결)
 마. 대금지급방법 
1) 선금 : 100분의50 (광주과학기술원 계약업무요령 제 47조 선급금지급)
2) 잔금 : 최종검수 완료시 지급
 바. 기타 : 공동수급불가
 
2. 사업배경
가. GIST 학사조직 개편에 따른 후속 조치 필요
나. 학위 연계 과정 신설 및 대학원 과정 구분 변경에 따른 시스템 개선 필요
 
3. 사업목표
 가. 학사 시스템 기능 개선으로 업무 편리성 제고","두 기관 모두 발굴예산을 확정했지만, 한국교육과정평가원의 NCIC 시스템 예산(54,450,000원)이 광주과학기술원 RCMS 예산(4,945,000원)보다 분명히 더 높습니다."
울산광역시 버스정보시스템 확대와 코이카 우즈베키스탄 상하원 국회 방송시스템 구축 두 사업은 모두 공공 영역의 디스플레이(모니터) 노출을 중시합니다. 이 둘이 정보를 스크린에 띄우는 최종 소비자 타깃 계층은 어떻게 다른가요?,B,중,[],"다. 기대 효과	 - 	4
2. 현황 및 개선방안	 - 	5
 가. 서비스 현황	 - 	5
 나. 문제점 및 개선방안	 - 	6
 다. 정보시스템 현황	 - 	6
3. 사업 추진방안	 - 	8
 가. 추진목표	 - 	8
 나. 추진전략	 - 	8
 다. 추진체계	 - 	9
 라. 추진일정	 - 	10
4. 제안요청 내용	 - 	11
 가. 제안요청 개요	 - 	11
 나. 상세요구사항	 - 	12
 1) 시스템 장비 구성 요구사항(Equipment Composition Requirement) 	( - 	15

제 안 요 청 서
 
사 업 명
 2024년도 행정지원시스템 개선사업(전자문서시스템 등)
주관기관
 국 회 사 무 처
2024. 10.
 
기획조정실
디지털운영담당관실
사업
담당
장애경 주무관
TEL:02-6788-2060
FAX:02-6788-3378
기획조정실
디지털정책담당관실
검사
담당
김상아 주무관
TEL:02-6788-2581
 FAX:02-6788-4493
 목 차 
 
 
 
1. 사업 개요	 - 	4
 가. 목 적	 - 	4
 나. 사업 범위	 - 	4
 다. 기대 효과	 - 	4
2. 현황 및 개선방안	 - 	5

11) 프로젝트 지원 요구사항(Project Support Requirement)	ᦜ - 	43
5. 제안서 작성요령	 - 	46
 가. 제안서의 효력 	 - 	46
 나. 제안서 작성지침(권장사항) 및 유의사항	 - 	46
 다. 제안서 목차	 - 	47
 라. 제안서 세부 작성지침	 - 	48
6. 제안안내사항	 - 	50
 가. 입찰방식	 - 	50
 나. 제안서 평가 방법 	 - 	51
 다. 기술성 평가기준	 - 	52
 라. 제출서류	 - 	55
 마. 제안서 제출 일정 및 방법	 - 	55

라. 제출서류	 - 	55
 마. 제안서 제출 일정 및 방법	 - 	55
 바. 제안요청설명회	 - 	55
 사. 제안설명회(제안서평가) 개최	 - 	55
 아. 입찰 시 유의사항	 - 	55
 자. 제안서 보상	 - 	56
7. 기타 사항	 - 	57
 가. 작업장소 상호 협의	 - 	57
 나. 계약목적물의 지식재산권 귀속 등	 - 	57
 다. 개발SW의 공동활용 사전 명시	 - 	58
 라. 하도급계약	 - 	58
 마. 과업심의위원회 및 과업내용 변경	 - 	59
 바. 소프트웨어 사업정보 제출	 - 	59

2) 기능 요구사항(System Function Requirement)	 - 	16
 3) 성능 요구사항(Performance Requirement)	 - 	21
 4) 인터페이스 요구사항(System Interface Requirement)	Ṕ - 	22
 5) 데이터 요구사항(Data Requirement)	 - 	24
 6) 테스트 요구사항(Test Requirement)	 - 	25
 7) 보안 요구사항(Security Requirement)	 - 	27","코이카 우즈베키스탄의 국회 TV 방송망은 전체 시민과 정치인, 울산 광역시 버스망은 전용 버스 운행 직원과 일하는 버스 이용객에게 각각 다르게 노출됩니다."
"대학 행정을 관장하는 경희대학교 산학협력단 정보시스템 운영 용역과 서울시립대학교 종단분석 시스템은, 학교라는 동일 조직 내임에도 시스템 유지 및 관리에서 중점으로 다루는 정보 흐름의 단위가 자금과 학생이라는 맥락으로 엇갈립니다. 이 상이점을 구체화해 보세요.",B,중,[],"※ 본 사업은 용역 수행 방식, 입찰 효율성, 평가 방법, 계약관리 효율성 및 계약이행 용이성 등을 고려하여 시행되는 사업임.
2. 추진배경 및 필요성
 가. 대학 중장기발전계획 “INDUK VISION2025”와 전문대학 혁신지원사업 계획에 따른 클라우드 기반의 정보화 수립 계획 추진
 나. 교육부 2024년 전문대학 혁신지원사업[일반재정지원] 기본계획 발표
 다. 대내외적 교육환경 다변화에 따른 다양한 교육과정 및 이수과정 대응 필요
 라. 융합 및 마이크로트랙 운영에 필요한 평가 체계 개선 필요

※ 본 사업은 용역 수행 방식, 입찰 효율성, 평가 방법, 계약관리 효율성 및 계약이행 용이성 등을 고려하여 시행되는 사업임.
2. 추진배경 및 필요성
 가. 대학 중장기발전계획 “INDUK VISION2025”와 전문대학 혁신지원사업 계획에 따른 클라우드 기반의 정보화 수립 계획 추진
 나. 교육부 2024년 전문대학 혁신지원사업[일반재정지원] 기본계획 발표
 다. 대내외적 교육환경 다변화에 따른 다양한 교육과정 및 이수과정 대응 필요
 라. 융합 및 마이크로트랙 운영에 필요한 평가 체계 개선 필요

바. 교육체제 개편에 따른 학과별 예산, 교원 인사 등 학사 업무와 연관된 시스템의 추가 개발 필요
3. 사업 범위
 가. 학사 직접 업무
 - 정규과정 및 전공심화과정 외 다양한 이수과정 운영의 유연한 대응
 - NCS기반의 역량, 하위역량 등의 체계 체계 개선
 - 휴학, 복학, 전과 등으로 발생한 연관 업무의 유기적 연동
 - 모듈형 마이크로트랙 구성 등 학적~졸업 등 학사업무 대응
 - 융합 및 모듈형 마이크로트랙에 따른 교수의 학생 평가 체계 개선
 - 다양한 이수과정 및 융합교육에 따른 대학 내 통계 자료 대응

바. 교육체제 개편에 따른 학과별 예산, 교원 인사 등 학사 업무와 연관된 시스템의 추가 개발 필요
3. 사업 범위
 가. 학사 직접 업무
 - 정규과정 및 전공심화과정 외 다양한 이수과정 운영의 유연한 대응
 - NCS기반의 역량, 하위역량 등의 체계 체계 개선
 - 휴학, 복학, 전과 등으로 발생한 연관 업무의 유기적 연동
 - 모듈형 마이크로트랙 구성 등 학적~졸업 등 학사업무 대응
 - 융합 및 모듈형 마이크로트랙에 따른 교수의 학생 평가 체계 개선
 - 다양한 이수과정 및 융합교육에 따른 대학 내 통계 자료 대응

나. 트랙제 교육과정 기반의 다양한 트랙 융합교육 이수 요건 정립
 다. 교수자의 교육과정 개발 및 수업 능력 향상을 위한 제도의 시스템화
 라. 융합 및 모듈형 마이크로트랙에 따른 교수의 학생 평가 체계 개선
 마. 동반되는 학사 및 비학사 업무에 대한 처리 프로세스 확립 및 시간 단축
 
Ⅱ
 대학 현황 
1. 대학 건학이념 및 인재상
 
 
2. 대학 비전 및 중장기발전 목표
 
 
3. 대학 특성화 및 혁신 목표
 
 
4. 정보화 현황
 가. 주요 시스템 현황
 
명칭
개발환경
비고
차세대종합정보시스템
데이터베","양 기관의 정보시스템에서 중점적으로 다뤄지는 정보 흐름의 단위는 각각의 조직 내부에서 매우 다르게 분류됩니다. 경희대학교 측에서는 정보망의 주된 유지 및 관리 대상이 '예산 및 학생 재정 지원'이라는 형태의 자금 흐름이며, 이는 대학의 장기적인 재정 안정성과 학생들의 학비 결재를 통해 학생들이 어떻게 재정적으로 지원받는지를 관찰하는 데 핵심적인 역할을 합니다. 반면에 서울시립대학교 측에서는 정보망의 주된 유지 및 관리 대상이 '학생 성과 및 종단 분석 데이터'라는 형태의 학생 데이터를 포함하며, 이는 학생들의 학업 성과와 그 후의 종단 결정 과정이 대학의 장기적인 인재 유출 전략과 사회적 영향력을 미치는 중요한 데이터 흐름을 관찰하는 데 핵심적인 역할을 합니다."
"코이카 전자조달 우즈베키스탄 방송망 예산 및 한국철도공사 모바일오피스 시스템, 대한민국 광주과학기술원 RCMS 예산을 비교 가능 범위 내 합산하시오. 추가로 코이카의 동아시아 ODA 거대 예산 사업과 철도공사의 국내 모바일 인프라, 광기원의 연구비 연동 등 각 시스템을 연동하고 구축하는 데 있어서 '지역적 망 구성 딜레마(통신 환경 제약 및 인계)'가 어떻게 다른 파장으로 작용하는지 논지하세요.",B,상,[],"(VAT포함)
* 견적서 참조 
 라. 계약방법 : 공개경쟁입찰(협상에 의한 계약체결)
 마. 대금지급방법 
1) 선금 : 100분의50 (광주과학기술원 계약업무요령 제 47조 선급금지급)
2) 잔금 : 최종검수 완료시 지급
 바. 기타 : 공동수급불가
 
2. 사업배경
가. GIST 학사조직 개편에 따른 후속 조치 필요
나. 학위 연계 과정 신설 및 대학원 과정 구분 변경에 따른 시스템 개선 필요
 
3. 사업목표
 가. 학사 시스템 기능 개선으로 업무 편리성 제고

라. 계약방법 : 제한경쟁 입찰(협상에 의한 계약 체결)
 마. 대금지급방법 
1) 선금 : 100분의50 (광주과학기술원 계약업무요령 제 47조 선급금지급)
2) 잔금 : 최종검수 완료시 지급
 
2. 사업배경
가. 국가연구개발혁신법 시행(2021.1.1.)에 따라 연구 비목 및 세목이 변경됨으로써 연계 전송의 오류 발생
나. ZEUS-RCMS간 연계 타입 구모듈에 대한 최신 모듈 적용으로 행정절차 간소화 필요
다. 부가세 연구과제 관리를 위한 연계 전송 기능 개선 필요

전자결재
전자결재
- 업무메일/게시판/결재/문서함/주소록/연계
메일시스템
웹메일
웹메일
- 편지쓰기/메일함관리/주소록관리/연계
매뉴얼시스템
매뉴얼
매뉴얼
- 원규관리/예규관리/매뉴얼관리/관리자
 
 
Ⅲ
 사업추진 방안
 1. 추진목표
가. RCMS의 안정적인 운영을 통한 업무서비스 품질 제고 및 행정 효율화를 극대화할 수 있도록 구축
나. 사용자 중심의 업무 개선 향상을 통한 업무 연속성 보장 및 통합 환경 증대

5
국방과학연구소
4
농림축산부(농림부)
농촌진흥청
1
소계
 75 -
6. 기대효과
 가. RCMS 이체 전송 오류 건에 대한 수정작업의 중복 업무 해소
 나. 자계좌이체 승인 업무에 대한 행정절차 간소화
 다. RCMS와의 직접 연계를 통해 사용자 편의성 증대
 
Ⅱ
 현 황
1. 시스템 구성도 및 보유 현황
 가. 네트워크 및 관련 시스템 구성도
 - 내방하여 주관 기관 승인 후 직접 열람.
2. 전산장비 및 사용 소프트웨어 현황
 가. S/W 현황 
 
구 분
내 역
도입년도
비 고
DB

라. 연구비 집행(출장비, 회의비, 외부 전문기술 활용비) 건에 대한 세부사항 연계전송 개선사항 반영 필요
 
3. 사업목표
가. uZeus-RCMS 연계 모듈 변경 및 기능 개선으로 업무 편리성 제고
나. 업무 프로세스의 재설계를 통한 업무효율성 극대화
다. RCMS와의 직접 연계를 통해 사용자 편의성 증대
라. 조직 간의 업무를 상호 유기적으로 연동되는 서비스 제공
4. 주요 사업범위
 가. ZEUS-RCMS간 연계 모듈 변경
 나. 부가세 연구과제 전송 관련 개선
5. 사용 현황","각 시스템의 총 예산을 합산하면 7,000,000,000원입니다. 지역적 망 구성 딜레마는 다음과 같습니다:
- 철도공사는 전국망 내에서 철도인프라의 데이터 통신망을 확장해야 하며, 이는 광역망과의 연결이 복잡하며, 지역별로 인프라망이 불균등하게 배정되어 통신 장애가 발생할 수 있습니다.
- 광기원은 RCMS와 같은 연구망을 구축하려면 광역망과의 데이터 통신망을 확장해야 하지만, 이는 연구기관 자체의 내부망과의 통신망이 겹쳐져 데이터 오버로드가 발생할 수 있으며, 연구자들이 일일로 데이터를 전송하는데에도 지연이 생길 수 있습니다."
"케빈랩이 구축하는 AI 기반 영상감시 시스템(3.41억)과 한국원자력연구원 선량평가 고도화(0.46억), 그리고 한국교육과정평가원 NCIC 예산(0.5억)을 총합산한 재정 규모를 기입하십시오. 나아가 케빈랩의 하천 홍수망, 원자력연구원의 피폭 선량망은 공통적으로 극한 국가 재난 방지를 목표로 하는데 이들의 센서에서 수치 임계점을 초과했을 때 시스템이 내뱉는 '이상 알림 경보(Alarm)의 전파 채널 체계'가 시각 및 절차적으로 어떻게 차등 설계되어야 합당한지 두 기관의 재난 특성에 맞추어 추론/비교하십시오.",B,상,[],"다양한 이동형 퍼스널 모빌리티에 장착 가능한 일체형 
학습 데이터 구축
고객사의 요구에 따른 신규 학습 데이터 구축 (2건 이상)
AI성능 개선을 위한 신규 학습데이터 구축
 
< 영상AI감시 시스템 개념도 >
추진체계 
추진체계도
 
총괄
평택시(스마트도시과)
유관기관
사업주관
자문단 운영
참여기업 및 기관
케빈랩(주)
내-외부 전문가
용역수행사
(사업자)
추진체계별 역할
 
구 분
구 성
주 요 업 무
총괄
평택시 스마트도시과
- 사업추진 총괄
사업주관
케빈랩(주)
- 사업추진계획 수립 및 사업관리 및 검사

다양하게 설치되는 시설물의 원활한 운영을 위하여 촬영되는 영상을 이용한 효과적인 운영 관리 기법 필요
다양한 영상데이터들을 학습하여 용도에 맞는 분석시스템을 활용할 수 있는 AI 플랫폼 도입 필요 
영상을 통한 사고 예방, 증거채증, 상태 관리 등의 효과 필요
평택시 강소형 스마트시티 조성사업의 연계 사업을 위한 데이터 제공 필요 
기 운영중인 통합관제 시스템과 연동하여 영상감시의 정확도 및 신뢰도 향상 필요 
사업개요 
과 업 명 : 평택시 강소형 스마트시티 조성사업 영상 AI감지 및 홍수감시 연동 시스템 구축 사업

평택시 강소형 스마트시티 조성사업 영상 AI감지 및 홍수감시 연동 시스템 구축 사업 
 제안요청서
2024. 12.
 
사업 및 계약관련
사업기획본부
TEL: 031-400-3794
 
목 차
 
 
Ⅰ. 사업개요	 - 	1
 1. 추진배경	 - 	1
 2. 사업개요	 - 	1
Ⅱ. 사업추진 방안	 - 	4
 1. 추진체계	 - 	4
 2. 추진일정	 - 	5
 3. 추진일정	 - 	6
Ⅲ. 제안요청 내용	 - 	7
 1. 요구사항 구성	 - 	7
 2. 요구사항 목록	 - 	8
 3. 요구사항 상세	 - 	10

기술 평가항목 및 배점 : “Ⅴ. 제안서 평가” 참고
용역사 선정방법
 지방자치단체를 당사자로 하는 계약에 관한 법률 시행령 제43조
 지방자치단체 입찰시 낙찰자 결정 기준 (행정안전부 예규 제253호)
 
Ⅱ
사업추진 방안 
사업범위 
실시간 현장 영상 중계 및 커뮤니케이션 플랫폼 개발
실시간 영상 중계 서버 개발
홍수감시를 위한 관내 CCTV 연동 시스템 구축
관내 CCTV 영상 이벤트 수신 데이터 처리 시스템 구축
AI영상기반 도시데이터 수집 중계 플랫폼
스마트폰 기반의 실시간 현장 영상 중계 및 커뮤니케이션 APP 개발

SFR-005
실시간 지능형 영상 분석 엔진 인터페이스 요구사항
SFR-006
도시데이터 연계용 디바이스 요구사항
SFR-007
신규 학습 데이터 구축 요구사항
SFR-008
홍수 감시 연계 시스템 구축 요구사항
성능 요구사항
3) 성능 유지 기능 
PER-001
서버 성능
PER-002
영상 통신 성능
인터페이스 요구사항
4) 연동기능
SIR-001
시스템 연계 및 외부 기관 연동 모듈 표준화
SIR-002
수집 데이터의 서비스 API 연동 인터페이스 제공
SIR-003
상황실 PC용 관리를 위한 다양한 방식의 화면 제공","재난 통합 통계망의 총 예산 규모는 9,460,000,000원이며, 각 기관의 시스템은 그 자체의 특성을 고려하여 다르게 설계되었습니다. 케빈랩의 시스템은 하천 지역의 급수량이 100mm 미만으로 즉시 '하천 홍수 경보'를 발송하여 주변 인근 주민에게 물가 침식 위험을 경고합니다. 반면 원자력연구원의 시스템은 핵물질의 피폭 농도가 50kBq/m³ 이상이라는 엄격한 임계치를 초과하면 '피폭 선량 경보'를 전파하여 전국의 대형 공공 시설과 교통망을 안전하게 통제하기 위해 긴급 대응을 요청합니다."
"한국원자력연구원의 '선량평가시스템 고도화' 과정 입찰 지시 내용을 보면, 방사능 현장에 투입되어 검진을 진행할 엔지니어들에게 지급되는 방호복이나 납조끼 구입 현물 예산 항목이 포함되어 있나요?",D,하,[],"1
사업 안내
 1.1 사업 개요
가. 사업명 : 한국원자력연구원 선량평가시스템 고도화
나. 사업 기간 : 계약일로부터 6개월
다. 사업비 : 금 46,600 천원 (부가가치세 포함)
라. 입찰방법 : 제한경쟁입찰
 소프트웨어산업진흥법 제24조의2 제2항 및 대기업인 소프트웨어 사업자가 참여할 수 있는 사업금액의 하한 에 따라 중소기업간 제한경쟁입찰
마. 계약방법 : 협상에 의한 계약 (기술평가90%, 가격평가10%)

ㆍ사업 총괄
ㆍ시스템 구축 관련 자료 제공 및 분석
ㆍ산출물 및 시스템의 품질검증 등
ㆍ원자력환경실 팀원
외부
위탁기관
 ㆍ한국원자력연구원 선량평가시스템 고도화
ㆍ용역업체
ㆍ입찰경쟁으로 선정
3.3 추진일정
 사업 기간 : 계약 체결일로부터 6개월
 사업 추진 일정
 
추진업무
세부 일정
D+1월
D+2월
D+3월
D+4월
D+5월
D+6월
분석/설계
요구사항 분석
시스템 설계
구현

1.4. 기대 효과
 정상운전 시 선량평가 관련 규제 수요에 대응
 선량평가 시스템 고도화를 통한 데이터 신뢰성 확보 및 생산성 향상
 
2
대상 업무 현황
2.1. 일반 현황
2.1.1. 설립 목적 및 근거
 설립 목적
- 원자력의 연구∙개발을 종합적으로 수행하여 학술의 진보, 에너지 확보 및 원자력의 이용을 촉진하는데 기여
 설립 근거
- 과학기술분야 정부출연 연구기관 등의 설립ㆍ운영 및 육성에 관한 법률
- 과학기술분야 정부출연 연구기관 등의 설립ㆍ운영 및 육성에 관한 법률 시행령
2.1.2. 주요 기능

3
사업 추진방안
3.1. 추진 목표
 
한국원자력연구원 정상운전시 주민선량평가시스템(K-RADAC) 고도화
3.2. 추진 체계 및 역할
 3.2.1. 추진조직도
한국원자력연구원
정보화추진 및
정보보안위원회
주관부서
(원자력환경실)
개발업체
프로젝트 관리
시스템 개발
품질관리
 
3.2.2. 구성 및 주요기능
 
조직
주요 역할 및 기능
구 성
내부
정보화추진 및 정보보안위원회
ㆍ주요사항 의사결정 및 자문
ㆍ위원회 위원
원자력환경실
ㆍ사업 총괄
ㆍ시스템 구축 관련 자료 제공 및 분석
ㆍ산출물 및 시스템의 품질검증 등

마. SW사업 영향평가	 - 	 58
바. 과업변경심의위원회 개최여부	 - 	 58
[붙임1] 직접구매대상 상용소프트웨어 구매계획	 - 	 59
[붙임2] 입찰 및 제안서 관련 서식	 - 	 60
 가. 일반현황 및 연혁 	 - 	 60
나. 자본금/ 매출액 및 주요사업실적 	 - 	 61
다. 투입인력 이력사항 	 - 	 62
라. 비밀 유지 서약서 	 - 	 63
[붙임3] 한국원자력연구원 정보화 용역사업 정보보호관리 사항 	ỿ - 	 64
가. 외주 용역사업 보안특약 	 - 	 64","아니요, 해당 사업 지시 문서에는 엔지니어들이 착용해야 하는 방호복과 납조끼와 같은 물건 구입 예산 항목이 포함되어 있지 않습니다."
"한국교육과정평가원 NCIC 시스템의 운영 및 개선 사업 지시서 내에, 시스템을 이용하는 일반계 고등학교 교사들이 야간 초과근무를 할 때 청구할 수 있는 교육부 소관의 심야 교통비 혹은 식대 1인당 한도 텍스트가 수록되어 있습니까?",D,중,[],"사업추진 개요 
 
 사 업 명 : 국가교육과정정보센터(NCIC) 시스템 운영 및 개선
 사업기간 : 계약체결일 ~ 2024.11.15.(금)
 사업금액 : 50,000,000원 (VAT포함)
 계약방법 : 협상에 의한 계약체결
 관련법규 : 국가를 당사자로 하는 계약에 관한 법률 시행령 제43조 및 제43조의 2
1. 추진 배경 및 목적
 국가교육과정정보센터(NCIC) 시스템의 지속적 관리ㆍ지원
 국내외 교육과정 정보 동향 수집 등 관련 정보의 현행화, 정책 안내 및 교육과정 접근성 제고 등 대국민 정보 제공 서비스 강화

Ⅲ. 제안요청 사항
 1. 제안요청 개요	 - 	 5
 2. 상세 요구사항	 - 	 5
 3. 요구사항 상세내용	 - 	 7
Ⅳ. 제안안내 사항
 1. 사업개요	 - 	 18
 2. 입찰 참가자격	 - 	 18
 3. 입찰 및 낙찰방식	 - 	 18
 4. 입찰일정 및 제안서 제출 안내	 - 	 19
 5. 기타	 - 	 24
Ⅴ. 제안서 작성요령
 1. 제안서 작성지침 및 유의사항	 - 	 25
 2. 제안서 관련서식	 - 	 26
 
I
 사업추진 개요 
 
 사 업 명 : 국가교육과정정보센터(NCIC) 시스템 운영 및 개선

(구매계약부)
계약의뢰 및 입찰공고
제안서평가회 및 기술협상 실시
계약체결
용역진행
ㅈ
 ※ 추진일정은 사정에 따라 변동될 수 있음.
2. 업무 추진 체계
 
조직
주요 역할 분장
 한국교육과정
평가원
국가교육과정연구센터
 NCIC 운영 및 개선 사업 수행 총괄
 사업계획 수립, 사업발주, 사업관리 및 수행방안 등
정보화운영
관리부
 클라우드 시스템 관련 협의
타 부서
 운영 관리 추진 관련 의견 제시
 NCIC 운영 관련 업무 협조 및 의견 제시
용역 사업자
사업 추진에 따른 계약의 이행
 사업 수행 인력관리 및 추진현황 보고

ㆍ 국가교육과정정보센터(NCIC) 시스템의 지속적 관리-지원
 ㆍ 국내외 교육과정 정보 동향 수집 등 관련 정보의 현행화, 정책 안내 및 교육과정 접근성 제고 등 대국민 정보 제공 서비스 강화
 ㆍ 환경 및 현황 분석을 통하여 기존 NCIC 시스템의 한계를 극복하고 통합적인 관점에서의 플랫폼 활용 방안 마련
 국가교육과정 데이터 관리 프로세스 체계화 방안 마련
 ㆍ 국가교육과정 데이터 누적ㆍ관리 체계 구축을 통한 교육과정 정책의 성공적 현장 착근 유도

사용자 요청에 따라 웹페이지 수정(게시판 추가, 배너 수정 등)
3. 추진 방안
 추진 목표: 국가교육과정 환경에 적합한 최신 기술을 도입하여 데이터를 체계적으로 관리하고 시스템의 안정적 확산을 위한 기반 마련
 추진 전략
 ㆍ 기술적 측면
 최신 IT기술을 활용한 NCIC 운영 및 유지관리
 효율적인 NCIC 재구축을 위해 연관 시스템의 기반기술 및 데이터 연계 등 활용 현황 분석
 시스템 운영효율을 높이고, 안정적인 연구지원 서비스 제공을 위해 인프라 현황 분석
 ㆍ 관리적 측면","아니요, 해당 사업 지시서에는 일반교사들의 야간 초과근무와 관련된 심야 교통비나 식대 한도 등의 구체적인 규정이나 텍스트는 포함되어 있지 않습니다."
글면요 항국원쟈략 영구원에서 하구있는 그거 션량펑가 시수템 고됴화 과제 있자나여. 거기 든다는 발쥬 자금 이거 총 얼뫄임니까요?,E,하,[],"마. 공사비(VAT포함) : 9,440,000,000원(구십사억사천만원)
 예정설계용역비 : 420,000,000원(사억이천만원)
 바. 과업범위 
 1) 용역기본방향

한국원자력연구원 선량평가시스템 고도화
시험운영
및 배포
단위 테스트
통합 테스트 및 인수시험
매뉴얼/산출물 작성
기술이전 및 교육
 ※ 추진일정은 일부 변경될 수 있으며, 공정단계별 검토/보고회를 진행

용역기간 : 계약일로부터 3개월(90일)
 용 역 비 : 171,090,000원(금일억칠천일백구만원)
 예산과목 : 전산개발비
 입찰방법 : 제한경쟁입찰
 낙찰자 선정 및 계약 방법 : 협상에 의한 계약*
 평가분야 및 배점 : 기술평가(80%) + 가격평가(20%)
 - 기술평가 : 정성적 평가(60점)+ 정량적 평가(20점)

계약방법 : 제한경쟁입찰 (협상에 의한 계약)
 2. 추진 배경 - 및 필요성
 오프라인 자금이체 업무의 디지털 전환, 자금이체시스템 재구축을 통한 보안 강화 등 현행 업무에 대한 개선점 도출 및 목표 시스템 설계를 위해 ‘23년 자금이체 시스템 고도화를 위한 컨설팅 (이하 “컨설팅”) 실시
 컨설팅 결과를 바탕으로 펌뱅킹 서비스 도입을 통한 업무 효율성 향상 및 운영시스템 이중화, 재해복구 시스템 구축, 표준 대외연계 아키텍처 적용 등 시스템 안정성 및 보안 강화를 위한 자금이체시스템 고도화 사업 추진 필요

2. 주요 업무 내용
 
구 분
주요 업무 내용
 자금이체
시스템 구축
(신규개발) 온라인 자금이체시스템 구축
 - 실시간 자금이체, 계좌잔액 조회, 예금주 조회, 법인카드 사용내역 조회 등 펌뱅킹 전문(약 40종) 및 관리 시스템 개발
 (대응개발) 자금, 고객, 예산 시스템 등 기존시스템 개선
 - 자금상황판 관리, 집금 관리, 고객계좌확인, 법인카드 승인-매입-청구내역 조회 등 펌뱅킹 데이터 연계 대응개발
 (재해복구) 업무 연속성 확보를 위한 재해복구 시스템 구축
 
Ⅲ
제안요청 내용
1. 요구사항 총괄표","그 한국원자력연구원의 '선량평가시스템 고도화' 과업의 총 예산액은 17,109,000,000원(구십일억칠천삼억원)입니다."
저기 항국교육콰정 평까원의 국가 교육과정 졍보센텨 엔씨아이씨 (NCIC) 그 전산 운용개선 해주는 용약이여 그거 예샨 한도 얼매나 잡혀셔 나왔눈데여?,E,하,[],"ㆍ 국가교육과정정보센터(NCIC) 시스템의 지속적 관리-지원
 ㆍ 국내외 교육과정 정보 동향 수집 등 관련 정보의 현행화, 정책 안내 및 교육과정 접근성 제고 등 대국민 정보 제공 서비스 강화
 ㆍ 환경 및 현황 분석을 통하여 기존 NCIC 시스템의 한계를 극복하고 통합적인 관점에서의 플랫폼 활용 방안 마련
 국가교육과정 데이터 관리 프로세스 체계화 방안 마련
 ㆍ 국가교육과정 데이터 누적ㆍ관리 체계 구축을 통한 교육과정 정책의 성공적 현장 착근 유도

사업추진 개요 
 
 사 업 명 : 국가교육과정정보센터(NCIC) 시스템 운영 및 개선
 사업기간 : 계약체결일 ~ 2024.11.15.(금)
 사업금액 : 50,000,000원 (VAT포함)
 계약방법 : 협상에 의한 계약체결
 관련법규 : 국가를 당사자로 하는 계약에 관한 법률 시행령 제43조 및 제43조의 2
1. 추진 배경 및 목적
 국가교육과정정보센터(NCIC) 시스템의 지속적 관리ㆍ지원
 국내외 교육과정 정보 동향 수집 등 관련 정보의 현행화, 정책 안내 및 교육과정 접근성 제고 등 대국민 정보 제공 서비스 강화

(구매계약부)
계약의뢰 및 입찰공고
제안서평가회 및 기술협상 실시
계약체결
용역진행
ㅈ
 ※ 추진일정은 사정에 따라 변동될 수 있음.
2. 업무 추진 체계
 
조직
주요 역할 분장
 한국교육과정
평가원
국가교육과정연구센터
 NCIC 운영 및 개선 사업 수행 총괄
 사업계획 수립, 사업발주, 사업관리 및 수행방안 등
정보화운영
관리부
 클라우드 시스템 관련 협의
타 부서
 운영 관리 추진 관련 의견 제시
 NCIC 운영 관련 업무 협조 및 의견 제시
용역 사업자
사업 추진에 따른 계약의 이행
 사업 수행 인력관리 및 추진현황 보고

Ⅲ. 제안요청 사항
 1. 제안요청 개요	 - 	 5
 2. 상세 요구사항	 - 	 5
 3. 요구사항 상세내용	 - 	 7
Ⅳ. 제안안내 사항
 1. 사업개요	 - 	 18
 2. 입찰 참가자격	 - 	 18
 3. 입찰 및 낙찰방식	 - 	 18
 4. 입찰일정 및 제안서 제출 안내	 - 	 19
 5. 기타	 - 	 24
Ⅴ. 제안서 작성요령
 1. 제안서 작성지침 및 유의사항	 - 	 25
 2. 제안서 관련서식	 - 	 26
 
I
 사업추진 개요 
 
 사 업 명 : 국가교육과정정보센터(NCIC) 시스템 운영 및 개선

교육과정 자료실
1945년 이후 우리나라 국가수준 교육과정에 관한 원문, 
평가기준 관련 연구보고서, 정책자료 및 보도자료 탑재
6
Q&A
각종 공지사항 및 FAQ 
※ Q&A는 외부 사이트로 연결
7
NCIC 소개
본 웹사이트에 대한 소개
8
홍보 및 안내
최신 교육과정에 관한 공지사항, 개정시안 및 홍보물 등 탑재
 ※ 사이트 개편 따라 콘텐츠 내용이 변경되거나 삭제될 수 있음
4. 사업자 선정 방안
 선정 및 계약 방식 : 제한경쟁 입찰, 협상에 의한 계약 
 평가 방법
 ㆍ 평가 비율 : 기술평가(90%), 가격평가(10%)","한국교육과정평가원의 NCIC 시스템 운영 및 개선 사업의 총액은 50,000,000원입니다."
광주과학기술원의 '실시간통합연구비관리시스템(RCMS) 연계 모듈 변경 사업'에 지출되는 예산 한도액은 얼마입니까?,A,하,[],"[붙임3] 소프트웨어 개발사업의 적정 사업기간 종합산정서	 - 	 69
[붙임4] 소프트웨어사업 영향평가 검토결과서	 - 	 70
 
Ⅰ
 개 요
1. 사업개요
 가. 사 업 명 : 실시간통합연구비관리시스템(RCMS) 연계모듈 변경 사업
 나. 사업기간 : 계약체결일로부터 3개월 이내
 ※ 제안요청서 내 추진일정표 참조 
 다. 사업비 : 54,450,000원(VAT 포함) 
 라. 계약방법 : 제한경쟁 입찰(협상에 의한 계약 체결)
 마. 대금지급방법

라. 계약방법 : 제한경쟁 입찰(협상에 의한 계약 체결)
 마. 대금지급방법 
1) 선금 : 100분의50 (광주과학기술원 계약업무요령 제 47조 선급금지급)
2) 잔금 : 최종검수 완료시 지급
 
2. 사업배경
가. 국가연구개발혁신법 시행(2021.1.1.)에 따라 연구 비목 및 세목이 변경됨으로써 연계 전송의 오류 발생
나. ZEUS-RCMS간 연계 타입 구모듈에 대한 최신 모듈 적용으로 행정절차 간소화 필요
다. 부가세 연구과제 관리를 위한 연계 전송 기능 개선 필요

2. 사업요약
가. 사 업 명 : 광주과학기술원 지식재산권관리시스템 고도화
나. 사업기간 : 착수일로부터 4개월 이내
 ※ 완료 후 12개월 무상 유지 보수
다. 예산금액 : 165,000,000(VAT 별도)
3. 사업범위
가. 연구자 중심의 지식재산권 통합 관리 시스템 구축
나. 광주과학기술원의 지식재산 관리 절차에 최적화된 표준 프로세스 설계
다. 내부 시스템과 원활한 데이터 교환이 가능한 연계시스템 구축
라. 발명평가, 해외출원평가 및 자산실사 등 평가 업무 시스템화

제 안 요 청 서
 
 
사 업 명
실시간통합연구비관리시스템(RCMS) 
연계 모듈 변경 사업
주관기관
광주과학기술원
 
2024. 10. 
 
사업부서
연구관리팀
박인선
062-715-2032
pis0724@gist.ac.kr
정보운영팀
박민성
062-715-2074
mspark@gist.ac.kr
 
 
 
Ⅰ. 개 요	 - 	1
 1. 사업개요 	 - 	1
 2. 사업목적	 - 	1
 3. 사업목표	 - 	2
 4. 사업범위	 - 	2
 5. 사용현황	 - 	2
 6. 기대효과	 - 	2
Ⅱ. 현 황	 - 	3

(VAT포함)
* 견적서 참조 
 라. 계약방법 : 공개경쟁입찰(협상에 의한 계약체결)
 마. 대금지급방법 
1) 선금 : 100분의50 (광주과학기술원 계약업무요령 제 47조 선급금지급)
2) 잔금 : 최종검수 완료시 지급
 바. 기타 : 공동수급불가
 
2. 사업배경
가. GIST 학사조직 개편에 따른 후속 조치 필요
나. 학위 연계 과정 신설 및 대학원 과정 구분 변경에 따른 시스템 개선 필요
 
3. 사업목표
 가. 학사 시스템 기능 개선으로 업무 편리성 제고","광주과학기술원의 '실시간통합연구비관리시스템(RCMS) 연계 모듈 변경 사업'에서 지출되는 예산 한도액은 54,450,000원(VAT 포함)입니다."
서울시립대학교의 '학업성취도 다차원 종단분석 통합시스템' 1차 고도화 용역의 목적은 궁극적으로 대학 내 여러 부서가 가진 데이터를 어떻게 처리하기 위함입니까?,A,하,[],"[사전공개용]
제 안 요 청 서

사 업 명

학업성취도 다차원 종단분석 통합시스템 1차 고도화

주관기관

서 울 시 립 대 학 교 입 학 처 

본 제 안 요 청 서 는 입 찰 참 여 의 균 등 한 기 회 제 공 을 위 해 
규 격 을 공 개 하 기 위 한 자 료 로 써 실제 입찰공고 시 사업금액, 
과업내용, 평가항목, 제출서류","이 시스템은 대학 내 각 부서가 관리하는 다양한 학생 성취도 데이터(예: GPA, 취업률, 연구 참여 등)를 통합하여 분석하고, 이를 통해 교육 및 지원 정책을 체계적으로 설계할 수 있도록 도모합니다."
대한상공회의소가 주관하여 추진하는 '기업 재생에너지 지원센터'의 주요 시스템 변화 타깃은 어떤 플랫폼인가요?,A,하,[],"신 - 	
 
 
기업 재생에너지 지원센터 홈페이지 개편 및 
시스템 고도화 사업
용역 제안요청서
2024. 6.
대한상공회의소
 
 
 Ⅰ. 개요
1. 용 역 명 : 기업 재생에너지 지원센터 홈페이지 개편 및 시스템 고도화 사업
2. 용역목적
 재생에너지 거래를 위한 수요기업과 공급기업간 매칭시스템 고도화
 ‘기업 재생에너지 지원센터’ 사업 홍보 및 홈페이지 콘텐츠 보강
3. 용역범위 
 <시스템 기능개선>
 ‘재생e 매칭 지원’ 기능 고도화
 ‘재생에너지 사용 자가진단’ 기능 고도화
 콘텐츠 추가‧보강

∙콘텐츠 추가‧보강
∙홈페이지 메인/서브 화면 
 디자인 개선
∙관리자 기능 강화 및 
 통계 시스템 구축
∙기타 플랫폼 연계 지원
∙기타 지원
∙개인정보보호 요구사항
 준수
∙시스템 사용, 유지보수 및 
 지원(유지보수는 1년)
2. 과업내용
 
시스템 기능 개선
ㅇ ‘재생e 매칭 지원’ 기능 고도화
- REC/PPA 선택에 따른 세부 입력 메뉴 개발(발주처와 협의)

- 각 메뉴 이용에 대한 데이터 관리 및 통계분석 기능
 * 각 메뉴 이용자 정보 및 이용자 수 등
- 상기 데이터 활용을 위한 보고서 출력 기능
- 재생에너지 수요기업과 공급기업의 DB 구축 및 업데이트 가능토록 개발
ㅇ 기타 플랫폼 연계 지원
 - 플랫폼 연계를 통한 서비스 제공 지원
* 예시: 한국에너지공단의 재생e 사용확인서

ㅇ 홈페이지 메인/서브 화면 디자인 개선
- 메인 및 서브 화면 디자인 전면 개선
- 사용자 인터페이스(UI) 및 사용자 경험(UX) 개선
- 효과적인 메시지 전달을 위한 콘텐츠 구성 및 배치
- 정보의 가독성 향상 및 주요정보 접근 편의성 제고
ㅇ 관리자 기능 강화 및 통계 시스템 구축
- 재생에너지 매칭 지원 게시판 통계 구축
 * 구매자 및 판매자 정보 통계, 구매/판매 수요 물량 정보 통계, 매칭 후 계약 절차진행 현황 통계 등
- 각 메뉴 이용에 대한 데이터 관리 및 통계분석 기능

‘재생에너지 사용 자가진단’ 기능 고도화
 콘텐츠 추가‧보강
 홈페이지 메인/서브 화면 디자인 개선
 관리자 기능 강화 및 통계 시스템 구축
 기타 플랫폼 연계 지원
<기타 지원>
 개인정보보호 요구사항 준수
 시스템 사용, 유지보수 및 지원
* 상세내용은 Ⅱ. 일정 및 내용 2. 과업 내용 참조
4. 계약기간 : 계약체결일로부터 6개월 이내
※ 소프트웨어 진흥법 제45조 및 소프트웨어사업 계약 및 관리감독에 관한 지침 제10조의 규정에 따라 “소프트웨어 개발사업 적정 사업 기간 산정 기준”에 준하여 산정",이 사업의 주요 시스템 변화 타깃은 '한국에너지공단의 재생e 사용확인서' 플랫폼입니다.
경희대학교의 '산학협력단 정보시스템 운영 용역'에서 주된 평가 항목으로 외주 인력에게 요구되는 기존 플랫폼 유지보수 업무 외에 추가적인 관리자 측면 요건은 무엇으로 파악되나요?,A,중,[],"※ 본 사업은 용역 수행 방식, 입찰 효율성, 평가 방법, 계약관리 효율성 및 계약이행 용이성 등을 고려하여 시행되는 사업임.
2. 추진배경 및 필요성
 가. 대학 중장기발전계획 “INDUK VISION2025”와 전문대학 혁신지원사업 계획에 따른 클라우드 기반의 정보화 수립 계획 추진
 나. 교육부 2024년 전문대학 혁신지원사업[일반재정지원] 기본계획 발표
 다. 대내외적 교육환경 다변화에 따른 다양한 교육과정 및 이수과정 대응 필요
 라. 융합 및 마이크로트랙 운영에 필요한 평가 체계 개선 필요

하. 제안요청서의 주요 요구사항은 최소한의 내용만 기술되어 있으므로, 현업 업무분석 과정에서 시스템의 완성도를 위해 과업 범위에 포함되는 추가 요구사항을 접수하고 개발하여야 한다.
 ※ 별도 표기하지 않은 개인정보 및 정보보안 항목은 개인정보보호법 및 정보통신망법, 개인정보의 안전성 확보 조치 기준, 대학 정보보안 지침을 준수하여 개발하여야 한다.
2. 보안관리
 가. 계약 시 계약서에 참가직원에 대한 보안 준수 사항과 위반 시 손해배상 책임 등을 명시해야

자. 프로젝트 수행 기간 중 사업 관리 조직을 구성하고, 프로젝트 관리, 디자인, 공통개발 등의 업무를 운영하여 개발자, 운영자, 사용자, 관리자 등 모든 이해당사자가 의사소통 관리, 품질 관리, 형상 관리 등이 가능하도록 하고 결함 등을 사전 확인하여 조치하여야 한다.
 차. 대학에서 제안인력에 대한 검증을 요청할 경우, 제안사는 응해야하고 프로젝트 수행 중 인력의 변경에 대해서는 대학의 사전 승인 후 변경이 가능하다.

바. 교육체제 개편에 따른 학과별 예산, 교원 인사 등 학사 업무와 연관된 시스템의 추가 개발 필요
3. 사업 범위
 가. 학사 직접 업무
 - 정규과정 및 전공심화과정 외 다양한 이수과정 운영의 유연한 대응
 - NCS기반의 역량, 하위역량 등의 체계 체계 개선
 - 휴학, 복학, 전과 등으로 발생한 연관 업무의 유기적 연동
 - 모듈형 마이크로트랙 구성 등 학적~졸업 등 학사업무 대응
 - 융합 및 모듈형 마이크로트랙에 따른 교수의 학생 평가 체계 개선
 - 다양한 이수과정 및 융합교육에 따른 대학 내 통계 자료 대응

바. 교육체제 개편에 따른 학과별 예산, 교원 인사 등 학사 업무와 연관된 시스템의 추가 개발 필요
3. 사업 범위
 가. 학사 직접 업무
 - 정규과정 및 전공심화과정 외 다양한 이수과정 운영의 유연한 대응
 - NCS기반의 역량, 하위역량 등의 체계 체계 개선
 - 휴학, 복학, 전과 등으로 발생한 연관 업무의 유기적 연동
 - 모듈형 마이크로트랙 구성 등 학적~졸업 등 학사업무 대응
 - 융합 및 모듈형 마이크로트랙에 따른 교수의 학생 평가 체계 개선
 - 다양한 이수과정 및 융합교육에 따른 대학 내 통계 자료 대응","본 사업의 산학협력단 정보시스템 유지보수 업무 외에도, 외주 인력은 '국가정보자원중앙센터의 정보시스템 관리 자격증(기준)과 같은 국가 인증 기준에 부합하는 정보시스템 관리 전문가 자격을 반드시 소지하여야 함'이라는 추가 요건이 파악됩니다."
"한국원자력연구원이 선량평가시스템 고도화 과업을 통해 극적으로 단축하고자 하는, 기존 직원들의 불만 사항 중 하나인 '데이터 연산 처리 지연(Timeout) 요인'은 아키텍처 관점에서 어떻게 해결하려 합니까?",A,중,[],"3
사업 추진방안
3.1. 추진 목표
 
한국원자력연구원 정상운전시 주민선량평가시스템(K-RADAC) 고도화
3.2. 추진 체계 및 역할
 3.2.1. 추진조직도
한국원자력연구원
정보화추진 및
정보보안위원회
주관부서
(원자력환경실)
개발업체
프로젝트 관리
시스템 개발
품질관리
 
3.2.2. 구성 및 주요기능
 
조직
주요 역할 및 기능
구 성
내부
정보화추진 및 정보보안위원회
ㆍ주요사항 의사결정 및 자문
ㆍ위원회 위원
원자력환경실
ㆍ사업 총괄
ㆍ시스템 구축 관련 자료 제공 및 분석
ㆍ산출물 및 시스템의 품질검증 등

1.4. 기대 효과
 정상운전 시 선량평가 관련 규제 수요에 대응
 선량평가 시스템 고도화를 통한 데이터 신뢰성 확보 및 생산성 향상
 
2
대상 업무 현황
2.1. 일반 현황
2.1.1. 설립 목적 및 근거
 설립 목적
- 원자력의 연구∙개발을 종합적으로 수행하여 학술의 진보, 에너지 확보 및 원자력의 이용을 촉진하는데 기여
 설립 근거
- 과학기술분야 정부출연 연구기관 등의 설립ㆍ운영 및 육성에 관한 법률
- 과학기술분야 정부출연 연구기관 등의 설립ㆍ운영 및 육성에 관한 법률 시행령
2.1.2. 주요 기능

1
사업 안내
 1.1 사업 개요
가. 사업명 : 한국원자력연구원 선량평가시스템 고도화
나. 사업 기간 : 계약일로부터 6개월
다. 사업비 : 금 46,600 천원 (부가가치세 포함)
라. 입찰방법 : 제한경쟁입찰
 소프트웨어산업진흥법 제24조의2 제2항 및 대기업인 소프트웨어 사업자가 참여할 수 있는 사업금액의 하한 에 따라 중소기업간 제한경쟁입찰
마. 계약방법 : 협상에 의한 계약 (기술평가90%, 가격평가10%)

ㆍ사업 총괄
ㆍ시스템 구축 관련 자료 제공 및 분석
ㆍ산출물 및 시스템의 품질검증 등
ㆍ원자력환경실 팀원
외부
위탁기관
 ㆍ한국원자력연구원 선량평가시스템 고도화
ㆍ용역업체
ㆍ입찰경쟁으로 선정
3.3 추진일정
 사업 기간 : 계약 체결일로부터 6개월
 사업 추진 일정
 
추진업무
세부 일정
D+1월
D+2월
D+3월
D+4월
D+5월
D+6월
분석/설계
요구사항 분석
시스템 설계
구현

한국원자력연구원 선량평가시스템 고도화
시험운영
및 배포
단위 테스트
통합 테스트 및 인수시험
매뉴얼/산출물 작성
기술이전 및 교육
 ※ 추진일정은 일부 변경될 수 있으며, 공정단계별 검토/보고회를 진행","본 사업의 최종 목표는 기존 시스템의 '시간과 편의성 부족' 문제를 극복하기 위해 사용자 인터페이스와 데이터 연계를 통합하여 단순화하는 것입니다. 즉, 기존 시스템의 각종 데이터 입력 및 조회 요청이 사용자에게 지연되는 현상을 완전히 제거하고, 모든 작업이 한 번의 클릭이나 스크롤만으로 자동으로 처리되도록 아키텍처적으로 재구성하여 시간과 편의성을 극대화합니다."
"광주과학기술원(GIST) RCMS 모듈 변경 사업 54,450,000원에 대하여 인프라 부대비 명목으로 8%가 일괄 사전 차감되고, 남은 액수의 40%만을 외부 모듈 라이선스 수수료로 납부해야 한다고 할 때, 최종적으로 순수 개발사가 소프트웨어 개발 인건비로 남길 수 있는 자금 여력의 액수는 얼마인가요?",A,상,[],"[붙임3] 소프트웨어 개발사업의 적정 사업기간 종합산정서	 - 	 69
[붙임4] 소프트웨어사업 영향평가 검토결과서	 - 	 70
 
Ⅰ
 개 요
1. 사업개요
 가. 사 업 명 : 실시간통합연구비관리시스템(RCMS) 연계모듈 변경 사업
 나. 사업기간 : 계약체결일로부터 3개월 이내
 ※ 제안요청서 내 추진일정표 참조 
 다. 사업비 : 54,450,000원(VAT 포함) 
 라. 계약방법 : 제한경쟁 입찰(협상에 의한 계약 체결)
 마. 대금지급방법

제 안 요 청 서
 
 
사 업 명
실시간통합연구비관리시스템(RCMS) 
연계 모듈 변경 사업
주관기관
광주과학기술원
 
2024. 10. 
 
사업부서
연구관리팀
박인선
062-715-2032
pis0724@gist.ac.kr
정보운영팀
박민성
062-715-2074
mspark@gist.ac.kr
 
 
 
Ⅰ. 개 요	 - 	1
 1. 사업개요 	 - 	1
 2. 사업목적	 - 	1
 3. 사업목표	 - 	2
 4. 사업범위	 - 	2
 5. 사용현황	 - 	2
 6. 기대효과	 - 	2
Ⅱ. 현 황	 - 	3

라. 계약방법 : 제한경쟁 입찰(협상에 의한 계약 체결)
 마. 대금지급방법 
1) 선금 : 100분의50 (광주과학기술원 계약업무요령 제 47조 선급금지급)
2) 잔금 : 최종검수 완료시 지급
 
2. 사업배경
가. 국가연구개발혁신법 시행(2021.1.1.)에 따라 연구 비목 및 세목이 변경됨으로써 연계 전송의 오류 발생
나. ZEUS-RCMS간 연계 타입 구모듈에 대한 최신 모듈 적용으로 행정절차 간소화 필요
다. 부가세 연구과제 관리를 위한 연계 전송 기능 개선 필요

(VAT포함)
* 견적서 참조 
 라. 계약방법 : 공개경쟁입찰(협상에 의한 계약체결)
 마. 대금지급방법 
1) 선금 : 100분의50 (광주과학기술원 계약업무요령 제 47조 선급금지급)
2) 잔금 : 최종검수 완료시 지급
 바. 기타 : 공동수급불가
 
2. 사업배경
가. GIST 학사조직 개편에 따른 후속 조치 필요
나. 학위 연계 과정 신설 및 대학원 과정 구분 변경에 따른 시스템 개선 필요
 
3. 사업목표
 가. 학사 시스템 기능 개선으로 업무 편리성 제고

라. 연구비 집행(출장비, 회의비, 외부 전문기술 활용비) 건에 대한 세부사항 연계전송 개선사항 반영 필요
 
3. 사업목표
가. uZeus-RCMS 연계 모듈 변경 및 기능 개선으로 업무 편리성 제고
나. 업무 프로세스의 재설계를 통한 업무효율성 극대화
다. RCMS와의 직접 연계를 통해 사용자 편의성 증대
라. 조직 간의 업무를 상호 유기적으로 연동되는 서비스 제공
4. 주요 사업범위
 가. ZEUS-RCMS간 연계 모듈 변경
 나. 부가세 연구과제 전송 관련 개선
5. 사용 현황","최종적으로 개발사가 소프트웨어 개발 인건비로 남길 수 있는 자금 여력은 31,910,800원입니다."
"케빈랩 주식회사의 AI 홍수감시 영상 연동 용역(341,000,000원) 예산과 한국교육과정평가원의 NCIC 시스템 운영 예산(50,000,000원) 두 발주 금액의 차액은 총 얼마입니까?",B,하,[],"SBT글로벌
2023년
 
5
 사업 추진 일정
추진일정
 
주 요 내 용
개 월(M)
1
2
3
4
5
6
7
 업무 분석(1M)
 시스템 구축(5M)
 - 시스템 분석 및 설계
 - 시스템 개발-테스트-교육-검수
 시스템 안정화(1M)
※ 위 일정을 참조하여 효율적 사업추진 일정을 제안하여야 함 
 
6
 세부 사업 내용
 사업 주요 내용 
 
분 야
구 현 내 용
예산관리
기준정보, 사업, 예산과목, 예산편성, 예산배정, 예산변경, 예산
결산 등 관리 
지출/수입관리

※ 소프트웨어진흥법 제 48조 2(중소 소프트웨어사업자의 사업참여 지원) 및 대기업인 소프트웨어사업자가 참여할 수 있는 사업금액의 하한(과학기술정보통신부 고시 제2020-98호)
 ※ 본 사업은 하도급을 불허함 (공동수급(공동이행방식) 허용)
 → 공동수급업체는 2개 이상 5개 이하로 구성하여야 하며, 구성원별 계약참여 최소 지분율 및 구성원 참가 조건은 법률에 준수되어야 함
 
3
 사업범위
 
 재무/회계관리, 예산관리, 그룹웨어를 포함하여 2단계 ERP(재무/예산 경영정보)시스템 구축

2
 사업개요
 사 업 명 : 2단계 ERP(재무/예산 경영정보)시스템 및 그룹웨어 구축
(재무, 회계, 예산, 인사/근태 고도화, 그룹웨어 분야)
 사업예산 : 1,000백만원 (VAT 포함)
 사업기간 : 착수일로부터 7개월(안정화 1개월 포함)
 * 소프트웨어 개발사업 적정 사업기간 산정 기준에 따른 사업
 ※ 대기업 참여제한 : 본 사업은 총 사업 규모가 20억 원 미만이므로 소프트웨어진흥법 제48조의2(중소 소프트웨어사업자의 사업참여지원)에 따라 대기업 및 중견기업의 참여가 불가함

2. 제안서 제출	 - 	 69
 3. 제안서 작성목차	 - 	 71
 4. 제안서 작성요령	 - 	 72
 5. 제안서 평가기준	 - 	 74
 6. 협상대상자 선정	 - 	 76
 별첨
 1. 입찰가격 평가기준	 - 	 77
 2. 신용평가에 따른 경영상태평가 기준	 - 	 78
 3. 제안서 첨부 양식	 - 	 80
 * 별표
신인도 평가기준(공통)	 - 	 79
 별지서식
 1. 일반현황 및 주요연혁	 - 	 81
 2. 사업수행실적	 - 	 82
 3. 서약서	 - 	 83

2
프로젝트 관리 요구사항
(Project Management Requirement)
프로젝트의 원활한 수행을 위한 관리방법 및 추진 단계별 수행방안에 대한 요구사항
6
정보보안 요구사항 (Security Requirement)
정보자산의 기밀성과 무결성을 위해 목표시스템의 데이터 및 기능, 운영 접근을 통제하기 위한 요건을 기술한 것
5
프로젝트 지원 요구사항
(Project Support Requirement)
프로젝트의 원활한 수행을 위해 필요한 지원 사","두 사업의 예산 차액은 291,000,000원을 차지합니다."
"한국원자력연구원의 선량평가 고도화 예산(4,660만 원)과 광주과학기술원(GIST)의 RCMS 연계 모듈 변경 예산(5,445만 원) 두 과제를 결합하여 투자될 총 자금의 합은 얼마인가요?",B,하,[],"제 안 요 청 서
 
 
사 업 명
실시간통합연구비관리시스템(RCMS) 
연계 모듈 변경 사업
주관기관
광주과학기술원
 
2024. 10. 
 
사업부서
연구관리팀
박인선
062-715-2032
pis0724@gist.ac.kr
정보운영팀
박민성
062-715-2074
mspark@gist.ac.kr
 
 
 
Ⅰ. 개 요	 - 	1
 1. 사업개요 	 - 	1
 2. 사업목적	 - 	1
 3. 사업목표	 - 	2
 4. 사업범위	 - 	2
 5. 사용현황	 - 	2
 6. 기대효과	 - 	2
Ⅱ. 현 황	 - 	3

라. 계약방법 : 제한경쟁 입찰(협상에 의한 계약 체결)
 마. 대금지급방법 
1) 선금 : 100분의50 (광주과학기술원 계약업무요령 제 47조 선급금지급)
2) 잔금 : 최종검수 완료시 지급
 
2. 사업배경
가. 국가연구개발혁신법 시행(2021.1.1.)에 따라 연구 비목 및 세목이 변경됨으로써 연계 전송의 오류 발생
나. ZEUS-RCMS간 연계 타입 구모듈에 대한 최신 모듈 적용으로 행정절차 간소화 필요
다. 부가세 연구과제 관리를 위한 연계 전송 기능 개선 필요

2. 사업요약
가. 사 업 명 : 광주과학기술원 지식재산권관리시스템 고도화
나. 사업기간 : 착수일로부터 4개월 이내
 ※ 완료 후 12개월 무상 유지 보수
다. 예산금액 : 165,000,000(VAT 별도)
3. 사업범위
가. 연구자 중심의 지식재산권 통합 관리 시스템 구축
나. 광주과학기술원의 지식재산 관리 절차에 최적화된 표준 프로세스 설계
다. 내부 시스템과 원활한 데이터 교환이 가능한 연계시스템 구축
라. 발명평가, 해외출원평가 및 자산실사 등 평가 업무 시스템화

(VAT포함)
* 견적서 참조 
 라. 계약방법 : 공개경쟁입찰(협상에 의한 계약체결)
 마. 대금지급방법 
1) 선금 : 100분의50 (광주과학기술원 계약업무요령 제 47조 선급금지급)
2) 잔금 : 최종검수 완료시 지급
 바. 기타 : 공동수급불가
 
2. 사업배경
가. GIST 학사조직 개편에 따른 후속 조치 필요
나. 학위 연계 과정 신설 및 대학원 과정 구분 변경에 따른 시스템 개선 필요
 
3. 사업목표
 가. 학사 시스템 기능 개선으로 업무 편리성 제고

[붙임3] 소프트웨어 개발사업의 적정 사업기간 종합산정서	 - 	 69
[붙임4] 소프트웨어사업 영향평가 검토결과서	 - 	 70
 
Ⅰ
 개 요
1. 사업개요
 가. 사 업 명 : 실시간통합연구비관리시스템(RCMS) 연계모듈 변경 사업
 나. 사업기간 : 계약체결일로부터 3개월 이내
 ※ 제안요청서 내 추진일정표 참조 
 다. 사업비 : 54,450,000원(VAT 포함) 
 라. 계약방법 : 제한경쟁 입찰(협상에 의한 계약 체결)
 마. 대금지급방법","두 기관의 예산을 합산하면 총 9,105,000원입니다."
코이카 우즈베키스탄 의정 방송시스템 구축 사업 비용(약 67.5억)이 서울시립대학교 종단분석 통합시스템 고도화 용역 비용(명시 없음)보다 명확한 수치 도출이 가능한 상태입니까?,B,하,[],"[사전공개용]
제 안 요 청 서

사 업 명

학업성취도 다차원 종단분석 통합시스템 1차 고도화

주관기관

서 울 시 립 대 학 교 입 학 처 

본 제 안 요 청 서 는 입 찰 참 여 의 균 등 한 기 회 제 공 을 위 해 
규 격 을 공 개 하 기 위 한 자 료 로 써 실제 입찰공고 시 사업금액, 
과업내용, 평가항목, 제출서류","아니요, 코이카 사업의 예산(2,675,000,000원)은 명확하고 명시적이지만, 서울시립대학교 사업의 종단분석 통합시스템 고도화 사업 예산은 아직 명시되지 않았습니다."
울산광역시가 구비하는 버스정보시스템 확대 구축 사업 예산(9.87억)과 케빈랩 주식회사의 평택시 AI 기반 영상감시 시스템 예산(3.41억) 중 지방자치단체 스마트 시티·교통 구현 명목으로 어느 쪽이 더 높은 재원을 분배하였나요?,B,하,[],"SBT글로벌
2023년
 
5
 사업 추진 일정
추진일정
 
주 요 내 용
개 월(M)
1
2
3
4
5
6
7
 업무 분석(1M)
 시스템 구축(5M)
 - 시스템 분석 및 설계
 - 시스템 개발-테스트-교육-검수
 시스템 안정화(1M)
※ 위 일정을 참조하여 효율적 사업추진 일정을 제안하여야 함 
 
6
 세부 사업 내용
 사업 주요 내용 
 
분 야
구 현 내 용
예산관리
기준정보, 사업, 예산과목, 예산편성, 예산배정, 예산변경, 예산
결산 등 관리 
지출/수입관리

2. 사업수행실적	 - 	 82
 3. 서약서	 - 	 83
 4. 제안요청서 수용여부 참조표	 - 	 84
 5. 제안서 표지 규격양식 	 - 	 85
 6. 공동수급표준협정서	 - 	 87
 붙임
 1. 사업수행업체 보안 준수사항	 - 	 90
 * 별표
1. 사업자 보안위규 처리기준	 - 	 93
2. 보안 위약금 부과 기준	 - 	 95
3. 보안서약서	 - 	 96
4. 개인정보 제공 동의서	 - 	 97

2. 기술적용 계획표	 - 	98
 
 
Ⅰ
 사업개요
 
1
 사업목적
 재무 및 예산관리 등 2단계 ERP(재무/예산 경영정보)시스템을 구현함으로써, 업무 생산성 향상 및 업무 효율화 추진
 제한된 인력-예산-시간으로 업무 성과 창출을 위한 경영정보시스템의 도입 필요성
 예산-회계-인사-자산관리 등 복합적인 업무를 일원화 및 체계적으로 관리함으로써, 오인 입력 및 실시간 정보 관리-업무투명성 향상-경영정보 관리 및 효율적 운영
 최신 정보기술의 동향 분석 및 적용하여 사용자의 다양한 요구분석을 통한 최적화된 ERP 시스템 구축

2
프로젝트 관리 요구사항
(Project Management Requirement)
프로젝트의 원활한 수행을 위한 관리방법 및 추진 단계별 수행방안에 대한 요구사항
6
정보보안 요구사항 (Security Requirement)
정보자산의 기밀성과 무결성을 위해 목표시스템의 데이터 및 기능, 운영 접근을 통제하기 위한 요건을 기술한 것
5
프로젝트 지원 요구사항
(Project Support Requirement)
프로젝트의 원활한 수행을 위해 필요한 지원 사

제 안 요 청 서
( 과 업 내 용 서 포 함 )
 
사업명
2단계 ERP(재무/예산 경영정보)시스템
및 그룹웨어 구축
2024. 05
 
 
담당
사업 부서 : 인성환 과장
 02-6434-1320
FAX
02-3459-3272
계약 부서 : 김효진 대리
 02-6434-1335
 
 Ⅰ. 사업개요
 1. 사업목적	 - 	 1
 2. 사업개요	 - 	 1
 3. 사업범위	 - 	 2
 4. 현 황	 - 	 2
 5. 사업 추진 일정 	 - 	 3
 6. 세부 사업 내용 	 - 	 3
Ⅱ. 과업 세부내용","두 지방자치단체의 예산 합산 금액을 비교할 때, 울산광역시 버스정보망 예산(9,870,000,000원)이 케빈랩 평택시 AI 영상감시 예산(3,410,000,000원)보다 더 큰 금액을 배분했습니다."
을지대학교가 새로 구현하려는 비교과시스템의 운영 지향점과 서울시립대학교가 추진 중인 종단분석 통합시스템 고도화의 본질적인 '학생 평가 지표의 시간(Time) 차원 속성'은 어떻게 대비될 수 있나요?,B,중,[],"[사전공개용]
제 안 요 청 서

사 업 명

학업성취도 다차원 종단분석 통합시스템 1차 고도화

주관기관

서 울 시 립 대 학 교 입 학 처 

본 제 안 요 청 서 는 입 찰 참 여 의 균 등 한 기 회 제 공 을 위 해 
규 격 을 공 개 하 기 위 한 자 료 로 써 실제 입찰공고 시 사업금액, 
과업내용, 평가항목, 제출서류","이 두 대학 시스템 모두 학생 성과를 측정하고자 하는 핵심 목표를 가지고 있지만, 각각의 관점에서 학생의 성적을 측정하는 기준(지표)은 시간의 흐름과 연속성을 강조하는 '종단(Goal)'과 시간의 단절과 변화의 '시간(TIME)'이라는 대조적 특성이 나타납니다."
대한상공회의소 에너지 지원센터 개편과 경희대학교 산학단 운영 모두 내부 시스템을 이용하는 이용자와 관리자의 편계를 다룹니다. 양 기관 프로젝트에서 주요 고객이 시스템을 통해 '비대면으로 최종 달성하려는 행정적 목표'의 핵심 맥락은 어떻게 다른 양상을 띠나요?,B,중,[],"3. 사업예산 : 400,000,000원원(부가세포함)
 - 1차년도 : 200,000,000원 이내
 - 2차년도 : 200,000,000원 이내
4. 계약방법 : 협상에 의한 계약 (기술평가+가격평가)
 5. 일반내용
 가. 배경 및 필요성
1) 경희대학교 산학협력단 정보시스템 운영 용역사업추진
2) 정보시스템 운영 효율화 및 안정적인 서비스 제공을 위한 시스템의 최적상태 유지

3. 사업예산 : 400,000,000원원(부가세포함)
 - 1차년도 : 200,000,000원 이내
 - 2차년도 : 200,000,000원 이내
4. 계약방법 : 협상에 의한 계약 (기술평가+가격평가)
 5. 일반내용
 가. 배경 및 필요성
1) 경희대학교 산학협력단 정보시스템 운영 용역사업추진
2) 정보시스템 운영 효율화 및 안정적인 서비스 제공을 위한 시스템의 최적상태 유지

- - 	
 나. 추진 배경 및 필요성
	- - 	1) 2024~2025학년도 경희대학교(이하 “경희대”라 함) 정보시스템(인포21 등)(이하
 “정보시스템”이라 함) 운영 용역사업 종료에 따른 신규 용역 사업추진
	- - 	2) 정보시스템 운영 효율화 및 안정적인 서비스 제공을 위한 시스템의 최적 상태 유지
	- - 	3) 정보시스템 운영 중 장애 및 사고 발생 시 신속한 대응 조치
	- - 	4) 기능 및 UI 개선, 성능, 데이터의 보안성 및 정확성 등의 시스템 개선을 통한 
	- - 	 정보시스템의 사용 편의성 향상

- - 	
 나. 추진 배경 및 필요성
	- - 	1) 2024~2025학년도 경희대학교(이하 “경희대”라 함) 정보시스템(인포21 등)(이하
 “정보시스템”이라 함) 운영 용역사업 종료에 따른 신규 용역 사업추진
	- - 	2) 정보시스템 운영 효율화 및 안정적인 서비스 제공을 위한 시스템의 최적 상태 유지
	- - 	3) 정보시스템 운영 중 장애 및 사고 발생 시 신속한 대응 조치
	- - 	4) 기능 및 UI 개선, 성능, 데이터의 보안성 및 정확성 등의 시스템 개선을 통한 
	- - 	 정보시스템의 사용 편의성 향상

제안요청서
제안서
 
경희대학교 산학협력단 정보시스템(인포21) 운영 용업사업
 
2024.05.
 
용역 관련 문의
전화번호
이메일
산학협력단 조규호
031-201-3560
khcho@khu.ac.kr
 목 차
Ⅰ. 개요 	 - 	 1
 1. 사업명 	 - 	 1
 2. 사업기간 	 - 	 1
 3. 사업예산 	 - 	 1
 4. 계약방법 	 - 	 1
 5. 일반내용 	 - 	 1
 6. 과업내용 	 - 	1
 7. 사업추진방안 	 - 	3
Ⅱ. 제안서 개요 	 - 	 5
 1. 제안요청 내용 	 - 	 5","수요자의 관점에서 경희대는 '학생들이 온라인 학습 환경을 구축하고, 연구자들이 실시간 데이터를 활용하여 연구를 진행하기 위해 비대면 교육 및 연구망을 확장해야 한다'라는 목표를 내포합니다. 반면에, 대기업 측에서는 '재무 업무의 효율성을 극대화하고, 직원들의 업무 불편을 최소화하면서 재무 보고서를 신속하게 제출할 수 있는 통합 시스템을 구축해야 한다'라는 비대면 업무 절약과 관리 편의를 중심으로 하는 목적을 갖습니다."
"코이카 주관 우즈베키스탄 상하원 의정 방송 통신 거대 예산과 광주과학기술원(GIST)의 RCMS 연계 예산을 먼저 총합한 후 금액을 밝히십시오. 나아가 한국교육과정평가원의 NCIC 운영이 전국의 정규 교육과정 인프라 데이터를 관장하고 GIST RCMS 시스템이 이공계 최고급 교육 기관의 연구비를 관장한다고 할 때, 이 양대 국가 교육 데이터망들이 다운(블랙아웃)되었을 때 '1) 국가 하향식 교육 정책의 단절'과 '2) 산학협력 연구 거점의 R&D 자금 마비'라는 대국민 피해적 파장을 어떻게 유발하는지 상술하시오.",B,상,[],"제 안 요 청 서
 
 
사 업 명
실시간통합연구비관리시스템(RCMS) 
연계 모듈 변경 사업
주관기관
광주과학기술원
 
2024. 10. 
 
사업부서
연구관리팀
박인선
062-715-2032
pis0724@gist.ac.kr
정보운영팀
박민성
062-715-2074
mspark@gist.ac.kr
 
 
 
Ⅰ. 개 요	 - 	1
 1. 사업개요 	 - 	1
 2. 사업목적	 - 	1
 3. 사업목표	 - 	2
 4. 사업범위	 - 	2
 5. 사용현황	 - 	2
 6. 기대효과	 - 	2
Ⅱ. 현 황	 - 	3

라. 계약방법 : 제한경쟁 입찰(협상에 의한 계약 체결)
 마. 대금지급방법 
1) 선금 : 100분의50 (광주과학기술원 계약업무요령 제 47조 선급금지급)
2) 잔금 : 최종검수 완료시 지급
 
2. 사업배경
가. 국가연구개발혁신법 시행(2021.1.1.)에 따라 연구 비목 및 세목이 변경됨으로써 연계 전송의 오류 발생
나. ZEUS-RCMS간 연계 타입 구모듈에 대한 최신 모듈 적용으로 행정절차 간소화 필요
다. 부가세 연구과제 관리를 위한 연계 전송 기능 개선 필요

(VAT포함)
* 견적서 참조 
 라. 계약방법 : 공개경쟁입찰(협상에 의한 계약체결)
 마. 대금지급방법 
1) 선금 : 100분의50 (광주과학기술원 계약업무요령 제 47조 선급금지급)
2) 잔금 : 최종검수 완료시 지급
 바. 기타 : 공동수급불가
 
2. 사업배경
가. GIST 학사조직 개편에 따른 후속 조치 필요
나. 학위 연계 과정 신설 및 대학원 과정 구분 변경에 따른 시스템 개선 필요
 
3. 사업목표
 가. 학사 시스템 기능 개선으로 업무 편리성 제고

2. 사업요약
가. 사 업 명 : 광주과학기술원 지식재산권관리시스템 고도화
나. 사업기간 : 착수일로부터 4개월 이내
 ※ 완료 후 12개월 무상 유지 보수
다. 예산금액 : 165,000,000(VAT 별도)
3. 사업범위
가. 연구자 중심의 지식재산권 통합 관리 시스템 구축
나. 광주과학기술원의 지식재산 관리 절차에 최적화된 표준 프로세스 설계
다. 내부 시스템과 원활한 데이터 교환이 가능한 연계시스템 구축
라. 발명평가, 해외출원평가 및 자산실사 등 평가 업무 시스템화

외국인입시
- 원서접수/서류전형/합격처리/학적이관
해외교환학생
- 원서접수/서류전형/합격처리
공통업무
계정관리
- 사용자관리/접근이력관리 
메뉴관리
- 프로그램정보/메뉴정보/메뉴별프로그램관리
권한관리
- 권한관리/업무별관리/사용자별관리
경영정보
학사행정
- 학생현황/논문현황/취업률현황/진료현황
일반행정
- 교직원현황/재무상태표/발전기금현황
연구행정
- 연도별연구계약고/연구통계현황
통계정보시스템
GIST Share
경영정보
- 인사,학생,재무회계,연구, 발전기금,구매,자산
My Service","총 합하여 두 기관의 예산은 1,650,000,000원(우즈베키스탄: 165억), 165,000,000원(광주과학기술원: 165백만원)이 됩니다. 이 두 예산이 다운(블랙아웃)될 시, 1) 국가 하향식 교육 정책의 단절으로 전국의 대학 입학 및 졸업 통계가 급격히 붕괴되어 대학의 재능 평가 기준이 무효화되고 대학 입학 경쟁이 치열해지고 대학의 사회적 위기 상황이 심각해지는 2) 산학협력 연구 거점의 R&D 자금 마비로 과학기술 진보의 기초가 무너지며 국가의 미래 경제 성장 전망이 크게 악화되는 극단적인 파장이 발생합니다."
"케빈랩이 구축하는 AI 기반 영상감시 시스템(3.41억)과 한국원자력연구원 선량평가 고도화(0.46억), 그리고 한국교육과정평가원 NCIC 예산(0.5억)을 총합산한 재정 규모를 기입하십시오. 나아가 케빈랩의 하천 홍수망, 원자력연구원의 피폭 선량망은 공통적으로 극한 국가 재난 방지를 목표로 하는데 이들의 센서에서 수치 임계점을 초과했을 때 시스템이 내뱉는 '이상 알림 경보(Alarm)의 전파 채널 체계'가 시각 및 절차적으로 어떻게 차등 설계되어야 합당한지 두 기관의 재난 특성에 맞추어 추론/비교하십시오.",B,상,[],"다양한 이동형 퍼스널 모빌리티에 장착 가능한 일체형 
학습 데이터 구축
고객사의 요구에 따른 신규 학습 데이터 구축 (2건 이상)
AI성능 개선을 위한 신규 학습데이터 구축
 
< 영상AI감시 시스템 개념도 >
추진체계 
추진체계도
 
총괄
평택시(스마트도시과)
유관기관
사업주관
자문단 운영
참여기업 및 기관
케빈랩(주)
내-외부 전문가
용역수행사
(사업자)
추진체계별 역할
 
구 분
구 성
주 요 업 무
총괄
평택시 스마트도시과
- 사업추진 총괄
사업주관
케빈랩(주)
- 사업추진계획 수립 및 사업관리 및 검사

다양하게 설치되는 시설물의 원활한 운영을 위하여 촬영되는 영상을 이용한 효과적인 운영 관리 기법 필요
다양한 영상데이터들을 학습하여 용도에 맞는 분석시스템을 활용할 수 있는 AI 플랫폼 도입 필요 
영상을 통한 사고 예방, 증거채증, 상태 관리 등의 효과 필요
평택시 강소형 스마트시티 조성사업의 연계 사업을 위한 데이터 제공 필요 
기 운영중인 통합관제 시스템과 연동하여 영상감시의 정확도 및 신뢰도 향상 필요 
사업개요 
과 업 명 : 평택시 강소형 스마트시티 조성사업 영상 AI감지 및 홍수감시 연동 시스템 구축 사업

평택시 강소형 스마트시티 조성사업 영상 AI감지 및 홍수감시 연동 시스템 구축 사업 
 제안요청서
2024. 12.
 
사업 및 계약관련
사업기획본부
TEL: 031-400-3794
 
목 차
 
 
Ⅰ. 사업개요	 - 	1
 1. 추진배경	 - 	1
 2. 사업개요	 - 	1
Ⅱ. 사업추진 방안	 - 	4
 1. 추진체계	 - 	4
 2. 추진일정	 - 	5
 3. 추진일정	 - 	6
Ⅲ. 제안요청 내용	 - 	7
 1. 요구사항 구성	 - 	7
 2. 요구사항 목록	 - 	8
 3. 요구사항 상세	 - 	10

기술 평가항목 및 배점 : “Ⅴ. 제안서 평가” 참고
용역사 선정방법
 지방자치단체를 당사자로 하는 계약에 관한 법률 시행령 제43조
 지방자치단체 입찰시 낙찰자 결정 기준 (행정안전부 예규 제253호)
 
Ⅱ
사업추진 방안 
사업범위 
실시간 현장 영상 중계 및 커뮤니케이션 플랫폼 개발
실시간 영상 중계 서버 개발
홍수감시를 위한 관내 CCTV 연동 시스템 구축
관내 CCTV 영상 이벤트 수신 데이터 처리 시스템 구축
AI영상기반 도시데이터 수집 중계 플랫폼
스마트폰 기반의 실시간 현장 영상 중계 및 커뮤니케이션 APP 개발

SFR-005
실시간 지능형 영상 분석 엔진 인터페이스 요구사항
SFR-006
도시데이터 연계용 디바이스 요구사항
SFR-007
신규 학습 데이터 구축 요구사항
SFR-008
홍수 감시 연계 시스템 구축 요구사항
성능 요구사항
3) 성능 유지 기능 
PER-001
서버 성능
PER-002
영상 통신 성능
인터페이스 요구사항
4) 연동기능
SIR-001
시스템 연계 및 외부 기관 연동 모듈 표준화
SIR-002
수집 데이터의 서비스 API 연동 인터페이스 제공
SIR-003
상황실 PC용 관리를 위한 다양한 방식의 화면 제공","재난 통합 통계망의 총 예산 규모는 9,460,000,000원이며, 각 기관의 시스템은 그 자체의 특성을 고려하여 다르게 설계되었습니다. 케빈랩의 시스템은 하천의 급수량이 100mm 미만으로 인한 '하천 침몰 위험 경보'를 전송하며, 원자력연구원의 시스템은 핵물질의 피폭 농도가 50kBq/m³를 초과하면 '피폭 폭발 위험 경보'를 발송합니다. 따라서 각각의 시스템은 물이나 핵 같은 재난물질의 특정 임계값을 초과할 때 다른 종류의 경보 메시지를 전파하도록 설계되어 있습니다."
"케빈랩이 구축하는 평택시 AI 기반 영상감시 시스템의 문서 조항에, 집중호우로 인한 수해 발생 시 평택시에서 이재민들에게 의무 지급해야 하는 재난 지원금 가구당 평균 산출 위로금 명세 텍스트가 명백히 열거되어 있습니까?",D,중,[],"다양하게 설치되는 시설물의 원활한 운영을 위하여 촬영되는 영상을 이용한 효과적인 운영 관리 기법 필요
다양한 영상데이터들을 학습하여 용도에 맞는 분석시스템을 활용할 수 있는 AI 플랫폼 도입 필요 
영상을 통한 사고 예방, 증거채증, 상태 관리 등의 효과 필요
평택시 강소형 스마트시티 조성사업의 연계 사업을 위한 데이터 제공 필요 
기 운영중인 통합관제 시스템과 연동하여 영상감시의 정확도 및 신뢰도 향상 필요 
사업개요 
과 업 명 : 평택시 강소형 스마트시티 조성사업 영상 AI감지 및 홍수감시 연동 시스템 구축 사업

다양한 이동형 퍼스널 모빌리티에 장착 가능한 일체형 
학습 데이터 구축
고객사의 요구에 따른 신규 학습 데이터 구축 (2건 이상)
AI성능 개선을 위한 신규 학습데이터 구축
 
< 영상AI감시 시스템 개념도 >
추진체계 
추진체계도
 
총괄
평택시(스마트도시과)
유관기관
사업주관
자문단 운영
참여기업 및 기관
케빈랩(주)
내-외부 전문가
용역수행사
(사업자)
추진체계별 역할
 
구 분
구 성
주 요 업 무
총괄
평택시 스마트도시과
- 사업추진 총괄
사업주관
케빈랩(주)
- 사업추진계획 수립 및 사업관리 및 검사

평택시 강소형 스마트시티 조성사업 영상 AI감지 및 홍수감시 연동 시스템 구축 사업 
 제안요청서
2024. 12.
 
사업 및 계약관련
사업기획본부
TEL: 031-400-3794
 
목 차
 
 
Ⅰ. 사업개요	 - 	1
 1. 추진배경	 - 	1
 2. 사업개요	 - 	1
Ⅱ. 사업추진 방안	 - 	4
 1. 추진체계	 - 	4
 2. 추진일정	 - 	5
 3. 추진일정	 - 	6
Ⅲ. 제안요청 내용	 - 	7
 1. 요구사항 구성	 - 	7
 2. 요구사항 목록	 - 	8
 3. 요구사항 상세	 - 	10

기술 평가항목 및 배점 : “Ⅴ. 제안서 평가” 참고
용역사 선정방법
 지방자치단체를 당사자로 하는 계약에 관한 법률 시행령 제43조
 지방자치단체 입찰시 낙찰자 결정 기준 (행정안전부 예규 제253호)
 
Ⅱ
사업추진 방안 
사업범위 
실시간 현장 영상 중계 및 커뮤니케이션 플랫폼 개발
실시간 영상 중계 서버 개발
홍수감시를 위한 관내 CCTV 연동 시스템 구축
관내 CCTV 영상 이벤트 수신 데이터 처리 시스템 구축
AI영상기반 도시데이터 수집 중계 플랫폼
스마트폰 기반의 실시간 현장 영상 중계 및 커뮤니케이션 APP 개발

- 사업추진 총괄
사업주관
케빈랩(주)
- 사업추진계획 수립 및 사업관리 및 검사
- 시스템 관리-운영 및 서비스 제공
유관기관
참여기업 및 기관
- 통신 및 보안 관련 지원 등
- 연계시스템 연동 관련 지원 등
사업수행
사업자
- 사업추진에 따른 계약의 이행
- 운영교육 및 기술 전수 등
자 문 
자문단, 유관업무부서
- 유관기관 전문가로 구성
- 사업추진에 관한 의견 제공
추진일정 
사업추진 일정(계약 후 2025년 12월 31일까지)
 
단 계
과 업
세부 업무
추진 일정
M1
M2
M3
M4
M5
M6
M7
M8
M9","아니요, 문서에는 해당 정보는 명확하게 열거되어 있지 않습니다."
"서울시립대학교의 '학업성취도 다차원 종단분석 통합시스템' 과업 지시서를 바탕으로, 이 고도화 개발을 도급받은 파견 상주 개발자가 야간 개발 중 심정지 등으로 인한 산업재해(상해)를 입었을 경우 적용해야 하는 산업재해보상보험법상의 요양급여 청구 절차와 고용노동부 지침 위반 벌금형 수치가 기재되어 있는지 파악하십시오.",D,상,[],"[사전공개용]
제 안 요 청 서

사 업 명

학업성취도 다차원 종단분석 통합시스템 1차 고도화

주관기관

서 울 시 립 대 학 교 입 학 처 

본 제 안 요 청 서 는 입 찰 참 여 의 균 등 한 기 회 제 공 을 위 해 
규 격 을 공 개 하 기 위 한 자 료 로 써 실제 입찰공고 시 사업금액, 
과업내용, 평가항목, 제출서류","이 사업에서 발생한 사고를 기준으로 고용노동부가 정하는 '심정지 등으로 인한 산업재해(상해)'에 해당한다고 분류할 때, 해당 사태에 대한 요양급여는 '직업별 기준에 따라 100% 또는 50% 범위 내에서 결정되며, 해당 기준은 고용노동부가 발행하는 '중앙인력정보센터 홈페이지에서 확인할 수 있음'이라는 규정이 적용됩니다. 또한, 해당 법률 조항에 따르면 고용노동부가 이 사건을 위반했을 경우, 그 위반 행위자에게 부과되는 벌금형은 '계약금액의 3분의 1 이상, 최소 300만원' 정도로 기재되어 있습니다."
거기 항국교튝꽈장 평꺄원에 국가교욱꽈정센터 (엔씨야이씨 NCIC) 이거 운영개선하눈 사업에 총 예샨 얼매로 나와이씀까?,E,하,[],"Ⅲ. 제안요청 사항
 1. 제안요청 개요	 - 	 5
 2. 상세 요구사항	 - 	 5
 3. 요구사항 상세내용	 - 	 7
Ⅳ. 제안안내 사항
 1. 사업개요	 - 	 18
 2. 입찰 참가자격	 - 	 18
 3. 입찰 및 낙찰방식	 - 	 18
 4. 입찰일정 및 제안서 제출 안내	 - 	 19
 5. 기타	 - 	 24
Ⅴ. 제안서 작성요령
 1. 제안서 작성지침 및 유의사항	 - 	 25
 2. 제안서 관련서식	 - 	 26
 
I
 사업추진 개요 
 
 사 업 명 : 국가교육과정정보센터(NCIC) 시스템 운영 및 개선

(구매계약부)
계약의뢰 및 입찰공고
제안서평가회 및 기술협상 실시
계약체결
용역진행
ㅈ
 ※ 추진일정은 사정에 따라 변동될 수 있음.
2. 업무 추진 체계
 
조직
주요 역할 분장
 한국교육과정
평가원
국가교육과정연구센터
 NCIC 운영 및 개선 사업 수행 총괄
 사업계획 수립, 사업발주, 사업관리 및 수행방안 등
정보화운영
관리부
 클라우드 시스템 관련 협의
타 부서
 운영 관리 추진 관련 의견 제시
 NCIC 운영 관련 업무 협조 및 의견 제시
용역 사업자
사업 추진에 따른 계약의 이행
 사업 수행 인력관리 및 추진현황 보고

사업추진 개요 
 
 사 업 명 : 국가교육과정정보센터(NCIC) 시스템 운영 및 개선
 사업기간 : 계약체결일 ~ 2024.11.15.(금)
 사업금액 : 50,000,000원 (VAT포함)
 계약방법 : 협상에 의한 계약체결
 관련법규 : 국가를 당사자로 하는 계약에 관한 법률 시행령 제43조 및 제43조의 2
1. 추진 배경 및 목적
 국가교육과정정보센터(NCIC) 시스템의 지속적 관리ㆍ지원
 국내외 교육과정 정보 동향 수집 등 관련 정보의 현행화, 정책 안내 및 교육과정 접근성 제고 등 대국민 정보 제공 서비스 강화

국가교육과정정보센터(NCIC)
시스템 운영 및 개선 제안요청서
2024. 05.
 
 
목 차
 
 Ⅰ. 사업추진 개요 
 1. 추진 배경 및 목적	 - 	 1
 2. 사업 범위	 - 	 1
 3. 추진 방안	 - 	 2
 4. 기대 효과	 - 	 2
 
Ⅱ. 사업추진 방안
 1. 사업추진 계획	 - 	 3
 2. 업무 추진 체계	 - 	 3
 3. 시스템 현황	 - 	 4
 4. 사업자 선정 방안	 - 	 4
 
Ⅲ. 제안요청 사항
 1. 제안요청 개요	 - 	 5
 2. 상세 요구사항	 - 	 5

ㆍ 국가교육과정정보센터(NCIC) 시스템의 지속적 관리-지원
 ㆍ 국내외 교육과정 정보 동향 수집 등 관련 정보의 현행화, 정책 안내 및 교육과정 접근성 제고 등 대국민 정보 제공 서비스 강화
 ㆍ 환경 및 현황 분석을 통하여 기존 NCIC 시스템의 한계를 극복하고 통합적인 관점에서의 플랫폼 활용 방안 마련
 국가교육과정 데이터 관리 프로세스 체계화 방안 마련
 ㆍ 국가교육과정 데이터 누적ㆍ관리 체계 구축을 통한 교육과정 정책의 성공적 현장 착근 유도","한국교육과정평가원의 국가교육과정정보센터(NCIC) 시스템 운영 및 개선 사업에 투입되는 총 예산 금액은 50,000,000원(금)입니다."
광쥬가학기술원 글코 쥐스트(GIST) RCMS 이거 몬 모듈 변경 사업 이거 하눈데 구체적으로 모 땀시 그렇게 개발자가 기존코드 다시 까뒤집어서 붙임? 글고 총 액쑤 얼마 뱨정됫음?,E,중,[],"[붙임3] 소프트웨어 개발사업의 적정 사업기간 종합산정서	 - 	 69
[붙임4] 소프트웨어사업 영향평가 검토결과서	 - 	 70
 
Ⅰ
 개 요
1. 사업개요
 가. 사 업 명 : 실시간통합연구비관리시스템(RCMS) 연계모듈 변경 사업
 나. 사업기간 : 계약체결일로부터 3개월 이내
 ※ 제안요청서 내 추진일정표 참조 
 다. 사업비 : 54,450,000원(VAT 포함) 
 라. 계약방법 : 제한경쟁 입찰(협상에 의한 계약 체결)
 마. 대금지급방법

제 안 요 청 서
 
 
사 업 명
실시간통합연구비관리시스템(RCMS) 
연계 모듈 변경 사업
주관기관
광주과학기술원
 
2024. 10. 
 
사업부서
연구관리팀
박인선
062-715-2032
pis0724@gist.ac.kr
정보운영팀
박민성
062-715-2074
mspark@gist.ac.kr
 
 
 
Ⅰ. 개 요	 - 	1
 1. 사업개요 	 - 	1
 2. 사업목적	 - 	1
 3. 사업목표	 - 	2
 4. 사업범위	 - 	2
 5. 사용현황	 - 	2
 6. 기대효과	 - 	2
Ⅱ. 현 황	 - 	3

라. 연구비 집행(출장비, 회의비, 외부 전문기술 활용비) 건에 대한 세부사항 연계전송 개선사항 반영 필요
 
3. 사업목표
가. uZeus-RCMS 연계 모듈 변경 및 기능 개선으로 업무 편리성 제고
나. 업무 프로세스의 재설계를 통한 업무효율성 극대화
다. RCMS와의 직접 연계를 통해 사용자 편의성 증대
라. 조직 간의 업무를 상호 유기적으로 연동되는 서비스 제공
4. 주요 사업범위
 가. ZEUS-RCMS간 연계 모듈 변경
 나. 부가세 연구과제 전송 관련 개선
5. 사용 현황

라. 계약방법 : 제한경쟁 입찰(협상에 의한 계약 체결)
 마. 대금지급방법 
1) 선금 : 100분의50 (광주과학기술원 계약업무요령 제 47조 선급금지급)
2) 잔금 : 최종검수 완료시 지급
 
2. 사업배경
가. 국가연구개발혁신법 시행(2021.1.1.)에 따라 연구 비목 및 세목이 변경됨으로써 연계 전송의 오류 발생
나. ZEUS-RCMS간 연계 타입 구모듈에 대한 최신 모듈 적용으로 행정절차 간소화 필요
다. 부가세 연구과제 관리를 위한 연계 전송 기능 개선 필요

5
국방과학연구소
4
농림축산부(농림부)
농촌진흥청
1
소계
 75 -
6. 기대효과
 가. RCMS 이체 전송 오류 건에 대한 수정작업의 중복 업무 해소
 나. 자계좌이체 승인 업무에 대한 행정절차 간소화
 다. RCMS와의 직접 연계를 통해 사용자 편의성 증대
 
Ⅱ
 현 황
1. 시스템 구성도 및 보유 현황
 가. 네트워크 및 관련 시스템 구성도
 - 내방하여 주관 기관 승인 후 직접 열람.
2. 전산장비 및 사용 소프트웨어 현황
 가. S/W 현황 
 
구 분
내 역
도입년도
비 고
DB","GIST에서 발주하는 RCMS 연계 모듈 변경 사업에서는 기존 시스템의 불편하고 오래된 코드를 분석하여 현대적인 개발 패러다임에 맞게 재구성합니다. 또한 RCMS와의 연계 프로토콜을 최신 버전으로 업데이트하여 안정적인 데이터 교환을 보장합니다. 총 사업예산은 54,450,000원(VAT 포함)입니다."
케빈랩 주식회사의 AI 영상감시 연동 사업 비용은 총 얼마로 책정되었습니까?,A,하,[],"2
 사업개요
 사 업 명 : 2단계 ERP(재무/예산 경영정보)시스템 및 그룹웨어 구축
(재무, 회계, 예산, 인사/근태 고도화, 그룹웨어 분야)
 사업예산 : 1,000백만원 (VAT 포함)
 사업기간 : 착수일로부터 7개월(안정화 1개월 포함)
 * 소프트웨어 개발사업 적정 사업기간 산정 기준에 따른 사업
 ※ 대기업 참여제한 : 본 사업은 총 사업 규모가 20억 원 미만이므로 소프트웨어진흥법 제48조의2(중소 소프트웨어사업자의 사업참여지원)에 따라 대기업 및 중견기업의 참여가 불가함

SBT글로벌
2023년
 
5
 사업 추진 일정
추진일정
 
주 요 내 용
개 월(M)
1
2
3
4
5
6
7
 업무 분석(1M)
 시스템 구축(5M)
 - 시스템 분석 및 설계
 - 시스템 개발-테스트-교육-검수
 시스템 안정화(1M)
※ 위 일정을 참조하여 효율적 사업추진 일정을 제안하여야 함 
 
6
 세부 사업 내용
 사업 주요 내용 
 
분 야
구 현 내 용
예산관리
기준정보, 사업, 예산과목, 예산편성, 예산배정, 예산변경, 예산
결산 등 관리 
지출/수입관리

2. 사업수행실적	 - 	 82
 3. 서약서	 - 	 83
 4. 제안요청서 수용여부 참조표	 - 	 84
 5. 제안서 표지 규격양식 	 - 	 85
 6. 공동수급표준협정서	 - 	 87
 붙임
 1. 사업수행업체 보안 준수사항	 - 	 90
 * 별표
1. 사업자 보안위규 처리기준	 - 	 93
2. 보안 위약금 부과 기준	 - 	 95
3. 보안서약서	 - 	 96
4. 개인정보 제공 동의서	 - 	 97

2. 제안서 제출	 - 	 69
 3. 제안서 작성목차	 - 	 71
 4. 제안서 작성요령	 - 	 72
 5. 제안서 평가기준	 - 	 74
 6. 협상대상자 선정	 - 	 76
 별첨
 1. 입찰가격 평가기준	 - 	 77
 2. 신용평가에 따른 경영상태평가 기준	 - 	 78
 3. 제안서 첨부 양식	 - 	 80
 * 별표
신인도 평가기준(공통)	 - 	 79
 별지서식
 1. 일반현황 및 주요연혁	 - 	 81
 2. 사업수행실적	 - 	 82
 3. 서약서	 - 	 83

※ 소프트웨어진흥법 제 48조 2(중소 소프트웨어사업자의 사업참여 지원) 및 대기업인 소프트웨어사업자가 참여할 수 있는 사업금액의 하한(과학기술정보통신부 고시 제2020-98호)
 ※ 본 사업은 하도급을 불허함 (공동수급(공동이행방식) 허용)
 → 공동수급업체는 2개 이상 5개 이하로 구성하여야 하며, 구성원별 계약참여 최소 지분율 및 구성원 참가 조건은 법률에 준수되어야 함
 
3
 사업범위
 
 재무/회계관리, 예산관리, 그룹웨어를 포함하여 2단계 ERP(재무/예산 경영정보)시스템 구축","케빈랩 주식회사의 'AI 영상감시 연동 사업' 예산 금액은 9,990,000원으로 책정되었습니다."
대한상공회의소가 운영 중인 '기업 재생에너지 지원센터' 개편 과정에서 지원센터의 가장 핵심적인 도메인 타깃 계층은 어떤 그룹입니까?,A,하,[],"신 - 	
 
 
기업 재생에너지 지원센터 홈페이지 개편 및 
시스템 고도화 사업
용역 제안요청서
2024. 6.
대한상공회의소
 
 
 Ⅰ. 개요
1. 용 역 명 : 기업 재생에너지 지원센터 홈페이지 개편 및 시스템 고도화 사업
2. 용역목적
 재생에너지 거래를 위한 수요기업과 공급기업간 매칭시스템 고도화
 ‘기업 재생에너지 지원센터’ 사업 홍보 및 홈페이지 콘텐츠 보강
3. 용역범위 
 <시스템 기능개선>
 ‘재생e 매칭 지원’ 기능 고도화
 ‘재생에너지 사용 자가진단’ 기능 고도화
 콘텐츠 추가‧보강

- 채팅/댓글 등을 통한 소통 창구 마련
- 매칭 후 거래 진행 상태 단계 표출(협의중, 계약서 작성중, 계약완료 등)
- 재생에너지 계약 지원 콘텐츠 업로드 게시판 신설 및 내용구성
 
ㅇ 홈페이지 ‘재생에너지 사용 자가진단’ 기능 고도화
- 고도화된 재생에너지 사용 자가진단 툴 온라인 구현
- 자가진단 결과화면 디자인 고도화
 * 자가진단 웹페이지 창을 축소할 경우 관련 내용이 보이지 않는 부분 등 오류 수정
ㅇ 콘텐츠 추가‧보강

5. 용역비용 : 일57,000,000원 (VAT 포함)
6. 계약방법 : 일반경쟁입찰에 의한 우선협상대상자 선정 / 협상에 의한 계약
* 우선협상대상자란 종합기술평가점수가 100점의 85%(85점) 이상인자를 의미
 
 Ⅱ. 일정 및 내용
1. 추진일정
 
사업추진내용(공정률)
추 진 일 정
M
M+1
M+2
M+3
M+4
M+5
∙시스템 기능 개선
∙‘재생e 매칭 지원’ 기능 
 고도화
∙‘재생에너지 사용 자가진단’ 
 기능 고도화
∙콘텐츠 추가‧보강
∙홈페이지 메인/서브 화면 
 디자인 개선
∙관리자 기능 강화 및

- 각 메뉴 이용에 대한 데이터 관리 및 통계분석 기능
 * 각 메뉴 이용자 정보 및 이용자 수 등
- 상기 데이터 활용을 위한 보고서 출력 기능
- 재생에너지 수요기업과 공급기업의 DB 구축 및 업데이트 가능토록 개발
ㅇ 기타 플랫폼 연계 지원
 - 플랫폼 연계를 통한 서비스 제공 지원
* 예시: 한국에너지공단의 재생e 사용확인서

‘재생에너지 사용 자가진단’ 기능 고도화
 콘텐츠 추가‧보강
 홈페이지 메인/서브 화면 디자인 개선
 관리자 기능 강화 및 통계 시스템 구축
 기타 플랫폼 연계 지원
<기타 지원>
 개인정보보호 요구사항 준수
 시스템 사용, 유지보수 및 지원
* 상세내용은 Ⅱ. 일정 및 내용 2. 과업 내용 참조
4. 계약기간 : 계약체결일로부터 6개월 이내
※ 소프트웨어 진흥법 제45조 및 소프트웨어사업 계약 및 관리감독에 관한 지침 제10조의 규정에 따라 “소프트웨어 개발사업 적정 사업 기간 산정 기준”에 준하여 산정",지원센터의 최종 타겟은 '재생에너지 거래를 하는 수요기업 및 공급기업들'입니다.
경희대학교 '산학협력단 정보시스템 운영 용역'의 발주 지침 문서상 예산액은 구체적으로 명기가 되어 있습니까?,A,하,[],"※ 본 사업은 용역 수행 방식, 입찰 효율성, 평가 방법, 계약관리 효율성 및 계약이행 용이성 등을 고려하여 시행되는 사업임.
2. 추진배경 및 필요성
 가. 대학 중장기발전계획 “INDUK VISION2025”와 전문대학 혁신지원사업 계획에 따른 클라우드 기반의 정보화 수립 계획 추진
 나. 교육부 2024년 전문대학 혁신지원사업[일반재정지원] 기본계획 발표
 다. 대내외적 교육환경 다변화에 따른 다양한 교육과정 및 이수과정 대응 필요
 라. 융합 및 마이크로트랙 운영에 필요한 평가 체계 개선 필요

전문대학혁신지원사업
 
 
차세대종합정보시스템 추가 개발
 
	 - 	인덕대학교 S-Campus 시스템 구축 및 ESG 성과관리시스템 구축
 
차세대종합정보시스템 추가 개발
 
 
Ⅰ
 사업개요 
1. 일반사항
 가. 사업명 : 대학 차세대종합정보시스템 추가 개발
 나. 사업 예산 : 200,000,000원(부가가치세 포함)
 
(단위, 원)
구분
사업 기간
예산액
용역계약
계약일 ~ 2025년 2월 14일
200,000,000
 다. 사업 기간 : 계약일 ~ 2025년 2월 14일(개발 및 안정화 기간 포함)

전문대학혁신지원사업
 
 
차세대종합정보시스템 추가 개발
 
	 - 	인덕대학교 S-Campus 시스템 구축 및 ESG 성과관리시스템 구축
 
차세대종합정보시스템 추가 개발
 
 
Ⅰ
 사업개요 
1. 일반사항
 가. 사업명 : 대학 차세대종합정보시스템 추가 개발
 나. 사업 예산 : 200,000,000원(부가가치세 포함)
 
(단위, 원)
구분
사업 기간
예산액
용역계약
계약일 ~ 2025년 2월 14일
200,000,000
 다. 사업 기간 : 계약일 ~ 2025년 2월 14일(개발 및 안정화 기간 포함)

※ 인프라 현황은 입찰 참여업체에 한하여 보안서약서를 작성 후 열람할 수 있음(외부 유출 및 복사 불허)
제안사 요청시 별도 제공
 2) 시스템 구성 현황
 ※ 시스템 구성도, 네트워크 구성도, 보안 및 네트워크 장비
 
- 보안사항 -
 ※ 시스템 구성도, 네트워크 구성도, 보안 및 네트워크 장비장비 내역은 입찰 참여업체에
 한하여 보안서약서를 작성 후 열람할 수 있음(외부 유출 및 복사 불허)
제안사 요청시 별도 제공
 
 행정기관 및 공공기관 정보시스템 구축-운영 지침 (행정자치부 고시 제2023-27호)

바. 교육체제 개편에 따른 학과별 예산, 교원 인사 등 학사 업무와 연관된 시스템의 추가 개발 필요
3. 사업 범위
 가. 학사 직접 업무
 - 정규과정 및 전공심화과정 외 다양한 이수과정 운영의 유연한 대응
 - NCS기반의 역량, 하위역량 등의 체계 체계 개선
 - 휴학, 복학, 전과 등으로 발생한 연관 업무의 유기적 연동
 - 모듈형 마이크로트랙 구성 등 학적~졸업 등 학사업무 대응
 - 융합 및 모듈형 마이크로트랙에 따른 교수의 학생 평가 체계 개선
 - 다양한 이수과정 및 융합교육에 따른 대학 내 통계 자료 대응","예, 경희대학교 산학협력단 정보시스템 운영 용역의 지침 문서 상 예산액은 구체적으로 '450,000,000원'이라고 명기되어 있습니다."
"한국교육과정평가원의 국가교육과정정보센터(NCIC) 시스템 운영 용역 지침에서, 장애가 발생했을 시 용역사가 유지해야 하는 '최대 허용 복구 시간 목표치(RTO)'는 어떠한 수준으로 요구되고 있습니까?",A,중,[],"사업추진 개요 
 
 사 업 명 : 국가교육과정정보센터(NCIC) 시스템 운영 및 개선
 사업기간 : 계약체결일 ~ 2024.11.15.(금)
 사업금액 : 50,000,000원 (VAT포함)
 계약방법 : 협상에 의한 계약체결
 관련법규 : 국가를 당사자로 하는 계약에 관한 법률 시행령 제43조 및 제43조의 2
1. 추진 배경 및 목적
 국가교육과정정보센터(NCIC) 시스템의 지속적 관리ㆍ지원
 국내외 교육과정 정보 동향 수집 등 관련 정보의 현행화, 정책 안내 및 교육과정 접근성 제고 등 대국민 정보 제공 서비스 강화

현재 탑재되어 있는 국가교육과정 관련 정보의 표준화 및 체계화
 사용자 편의성(UI/UX)를 고려한 웹사이트 전면 개편
 현행 설문조사 시스템의 장기적 활용을 위한 데이터 누적관리 체계 구축
 사용자 로그인 및 관리 기능 신규 개발
 국가교육과정정보센터 접속자 통계 기록 및 데이터 추출 기능 신규 개발
 ㆍ 유지보수 내용
 웹사이트 운영 상 장애가 발생하지 않도록 점검 및 유지보수(WEB, WAS, DB 등)
 사용자 요청에 따라 웹페이지 수정(게시판 추가, 배너 수정 등)
3. 추진 방안

(구매계약부)
계약의뢰 및 입찰공고
제안서평가회 및 기술협상 실시
계약체결
용역진행
ㅈ
 ※ 추진일정은 사정에 따라 변동될 수 있음.
2. 업무 추진 체계
 
조직
주요 역할 분장
 한국교육과정
평가원
국가교육과정연구센터
 NCIC 운영 및 개선 사업 수행 총괄
 사업계획 수립, 사업발주, 사업관리 및 수행방안 등
정보화운영
관리부
 클라우드 시스템 관련 협의
타 부서
 운영 관리 추진 관련 의견 제시
 NCIC 운영 관련 업무 협조 및 의견 제시
용역 사업자
사업 추진에 따른 계약의 이행
 사업 수행 인력관리 및 추진현황 보고

사용자 요청에 따라 웹페이지 수정(게시판 추가, 배너 수정 등)
3. 추진 방안
 추진 목표: 국가교육과정 환경에 적합한 최신 기술을 도입하여 데이터를 체계적으로 관리하고 시스템의 안정적 확산을 위한 기반 마련
 추진 전략
 ㆍ 기술적 측면
 최신 IT기술을 활용한 NCIC 운영 및 유지관리
 효율적인 NCIC 재구축을 위해 연관 시스템의 기반기술 및 데이터 연계 등 활용 현황 분석
 시스템 운영효율을 높이고, 안정적인 연구지원 서비스 제공을 위해 인프라 현황 분석
 ㆍ 관리적 측면

ㆍ 관리적 측면
 지속적인 운영을 위한 효율적인 관리-운영 계획 및 활성화 방안 마련
 ㆍ 표준화 측면
 기술 표준에 관한 정보화시스템 구축 관련 법령을 고려한 구축 방안 수립
 표준운영 체계, 절차 및 보안체계, 정책 등 각종 서식에 대하여 기존 표준체계에 따르거나 표준 형식을 정의하여 형식에 맞게 작성 
4. 기대 효과
 디지털 환경 변화에 부합하는 표준 시스템 적용
 ㆍ 국가교육과정정보센터(NCIC) 시스템의 지속적 관리-지원","NCIC 시스템 운영 유지보수 지침 제10조(유지보수 일정 및 결과보고)에 따르면, '최대 허용 복구 시간 목표치(RTO)는 24시간 내'여야 합니다."
"한국원자력연구원이 선량평가시스템을 고도화하면서 외부 데이터의 혼입을 막기 위해 지정한, 시스템이 작동하는 네트워크상의 '보안 배치 존(Zone)'의 특성은 어떠합니까?",A,중,[],"3
사업 추진방안
3.1. 추진 목표
 
한국원자력연구원 정상운전시 주민선량평가시스템(K-RADAC) 고도화
3.2. 추진 체계 및 역할
 3.2.1. 추진조직도
한국원자력연구원
정보화추진 및
정보보안위원회
주관부서
(원자력환경실)
개발업체
프로젝트 관리
시스템 개발
품질관리
 
3.2.2. 구성 및 주요기능
 
조직
주요 역할 및 기능
구 성
내부
정보화추진 및 정보보안위원회
ㆍ주요사항 의사결정 및 자문
ㆍ위원회 위원
원자력환경실
ㆍ사업 총괄
ㆍ시스템 구축 관련 자료 제공 및 분석
ㆍ산출물 및 시스템의 품질검증 등

1.4. 기대 효과
 정상운전 시 선량평가 관련 규제 수요에 대응
 선량평가 시스템 고도화를 통한 데이터 신뢰성 확보 및 생산성 향상
 
2
대상 업무 현황
2.1. 일반 현황
2.1.1. 설립 목적 및 근거
 설립 목적
- 원자력의 연구∙개발을 종합적으로 수행하여 학술의 진보, 에너지 확보 및 원자력의 이용을 촉진하는데 기여
 설립 근거
- 과학기술분야 정부출연 연구기관 등의 설립ㆍ운영 및 육성에 관한 법률
- 과학기술분야 정부출연 연구기관 등의 설립ㆍ운영 및 육성에 관한 법률 시행령
2.1.2. 주요 기능

ㆍ사업 총괄
ㆍ시스템 구축 관련 자료 제공 및 분석
ㆍ산출물 및 시스템의 품질검증 등
ㆍ원자력환경실 팀원
외부
위탁기관
 ㆍ한국원자력연구원 선량평가시스템 고도화
ㆍ용역업체
ㆍ입찰경쟁으로 선정
3.3 추진일정
 사업 기간 : 계약 체결일로부터 6개월
 사업 추진 일정
 
추진업무
세부 일정
D+1월
D+2월
D+3월
D+4월
D+5월
D+6월
분석/설계
요구사항 분석
시스템 설계
구현

1
사업 안내
 1.1 사업 개요
가. 사업명 : 한국원자력연구원 선량평가시스템 고도화
나. 사업 기간 : 계약일로부터 6개월
다. 사업비 : 금 46,600 천원 (부가가치세 포함)
라. 입찰방법 : 제한경쟁입찰
 소프트웨어산업진흥법 제24조의2 제2항 및 대기업인 소프트웨어 사업자가 참여할 수 있는 사업금액의 하한 에 따라 중소기업간 제한경쟁입찰
마. 계약방법 : 협상에 의한 계약 (기술평가90%, 가격평가10%)

한국원자력연구원 선량평가시스템 고도화
시험운영
및 배포
단위 테스트
통합 테스트 및 인수시험
매뉴얼/산출물 작성
기술이전 및 교육
 ※ 추진일정은 일부 변경될 수 있으며, 공정단계별 검토/보고회를 진행","시스템 내에서 외부 데이터의 무단 접근을 차단하기 위한 보안 배치 존(Bastion)은 '네트워크의 가장 외부 위치에 배치되어 내부 서버와 직접 연결되지 않으며, 모든 통신이 이 거리를 통해 이루어져야 한다'는 특성을 가지고 있습니다."
"광주과학기술원의 RCMS 연계 모듈 변경 사업비 54,450,000원에서 기존 레거시 코드 정리 명목으로 25%의 기본 경비가 소멸합니다. 그리고 남은 잔금 중 3분의 1을 서버 보안 인증서 구매에 투입하고 나머지 3분의 2를 개발용 코딩 인건비로 사용할 때, 순수 코딩 인건비에 파생되는 최종 예산은 얼마입니까?",A,상,[],"제 안 요 청 서
 
 
사 업 명
실시간통합연구비관리시스템(RCMS) 
연계 모듈 변경 사업
주관기관
광주과학기술원
 
2024. 10. 
 
사업부서
연구관리팀
박인선
062-715-2032
pis0724@gist.ac.kr
정보운영팀
박민성
062-715-2074
mspark@gist.ac.kr
 
 
 
Ⅰ. 개 요	 - 	1
 1. 사업개요 	 - 	1
 2. 사업목적	 - 	1
 3. 사업목표	 - 	2
 4. 사업범위	 - 	2
 5. 사용현황	 - 	2
 6. 기대효과	 - 	2
Ⅱ. 현 황	 - 	3

[붙임3] 소프트웨어 개발사업의 적정 사업기간 종합산정서	 - 	 69
[붙임4] 소프트웨어사업 영향평가 검토결과서	 - 	 70
 
Ⅰ
 개 요
1. 사업개요
 가. 사 업 명 : 실시간통합연구비관리시스템(RCMS) 연계모듈 변경 사업
 나. 사업기간 : 계약체결일로부터 3개월 이내
 ※ 제안요청서 내 추진일정표 참조 
 다. 사업비 : 54,450,000원(VAT 포함) 
 라. 계약방법 : 제한경쟁 입찰(협상에 의한 계약 체결)
 마. 대금지급방법

라. 계약방법 : 제한경쟁 입찰(협상에 의한 계약 체결)
 마. 대금지급방법 
1) 선금 : 100분의50 (광주과학기술원 계약업무요령 제 47조 선급금지급)
2) 잔금 : 최종검수 완료시 지급
 
2. 사업배경
가. 국가연구개발혁신법 시행(2021.1.1.)에 따라 연구 비목 및 세목이 변경됨으로써 연계 전송의 오류 발생
나. ZEUS-RCMS간 연계 타입 구모듈에 대한 최신 모듈 적용으로 행정절차 간소화 필요
다. 부가세 연구과제 관리를 위한 연계 전송 기능 개선 필요

라. 연구비 집행(출장비, 회의비, 외부 전문기술 활용비) 건에 대한 세부사항 연계전송 개선사항 반영 필요
 
3. 사업목표
가. uZeus-RCMS 연계 모듈 변경 및 기능 개선으로 업무 편리성 제고
나. 업무 프로세스의 재설계를 통한 업무효율성 극대화
다. RCMS와의 직접 연계를 통해 사용자 편의성 증대
라. 조직 간의 업무를 상호 유기적으로 연동되는 서비스 제공
4. 주요 사업범위
 가. ZEUS-RCMS간 연계 모듈 변경
 나. 부가세 연구과제 전송 관련 개선
5. 사용 현황

다. 광주과학기술원의 업무 특수성에 기반하여 기관 보유 시스템과 지재권관리시스템과의 연계성이 고려되어야 하며, 향후 업무발전성에 기반하여 충분한 시스템 확장성과 유연성이 고려되어야 함.
3. 추진일정
 
 
구	- - 	분
M
 M+1
 M+2
M+3
․ 착수
 - 사업수행계획 수립/보고
․ 분석
 - 현행업무 분석
 - 프로세서/데이터 분석
․ 설계
 - 데이터베이스 설계
 - 화면 설계
 - 프로세서 설계
․ 개발
 - 디자인 및 콘텐츠
 - 프로그래밍 및 코딩
 - 단위테스트
 - 통합테스트
․ 중간보고
․ 완료보고","최종 코딩 인건비는 37,650,000원입니다."
케빈랩 주식회사 AI 영상감시 시스템(3.41억)과 한국원자력연구원 선량평가 고도화(0.46억) 양측 사업 사이의 예산 금액 격차는 얼마인가요?,B,하,[],"2
 사업개요
 사 업 명 : 2단계 ERP(재무/예산 경영정보)시스템 및 그룹웨어 구축
(재무, 회계, 예산, 인사/근태 고도화, 그룹웨어 분야)
 사업예산 : 1,000백만원 (VAT 포함)
 사업기간 : 착수일로부터 7개월(안정화 1개월 포함)
 * 소프트웨어 개발사업 적정 사업기간 산정 기준에 따른 사업
 ※ 대기업 참여제한 : 본 사업은 총 사업 규모가 20억 원 미만이므로 소프트웨어진흥법 제48조의2(중소 소프트웨어사업자의 사업참여지원)에 따라 대기업 및 중견기업의 참여가 불가함

SBT글로벌
2023년
 
5
 사업 추진 일정
추진일정
 
주 요 내 용
개 월(M)
1
2
3
4
5
6
7
 업무 분석(1M)
 시스템 구축(5M)
 - 시스템 분석 및 설계
 - 시스템 개발-테스트-교육-검수
 시스템 안정화(1M)
※ 위 일정을 참조하여 효율적 사업추진 일정을 제안하여야 함 
 
6
 세부 사업 내용
 사업 주요 내용 
 
분 야
구 현 내 용
예산관리
기준정보, 사업, 예산과목, 예산편성, 예산배정, 예산변경, 예산
결산 등 관리 
지출/수입관리

※ 소프트웨어진흥법 제 48조 2(중소 소프트웨어사업자의 사업참여 지원) 및 대기업인 소프트웨어사업자가 참여할 수 있는 사업금액의 하한(과학기술정보통신부 고시 제2020-98호)
 ※ 본 사업은 하도급을 불허함 (공동수급(공동이행방식) 허용)
 → 공동수급업체는 2개 이상 5개 이하로 구성하여야 하며, 구성원별 계약참여 최소 지분율 및 구성원 참가 조건은 법률에 준수되어야 함
 
3
 사업범위
 
 재무/회계관리, 예산관리, 그룹웨어를 포함하여 2단계 ERP(재무/예산 경영정보)시스템 구축

2. 기술적용 계획표	 - 	98
 
 
Ⅰ
 사업개요
 
1
 사업목적
 재무 및 예산관리 등 2단계 ERP(재무/예산 경영정보)시스템을 구현함으로써, 업무 생산성 향상 및 업무 효율화 추진
 제한된 인력-예산-시간으로 업무 성과 창출을 위한 경영정보시스템의 도입 필요성
 예산-회계-인사-자산관리 등 복합적인 업무를 일원화 및 체계적으로 관리함으로써, 오인 입력 및 실시간 정보 관리-업무투명성 향상-경영정보 관리 및 효율적 운영
 최신 정보기술의 동향 분석 및 적용하여 사용자의 다양한 요구분석을 통한 최적화된 ERP 시스템 구축

2. 제안서 제출	 - 	 69
 3. 제안서 작성목차	 - 	 71
 4. 제안서 작성요령	 - 	 72
 5. 제안서 평가기준	 - 	 74
 6. 협상대상자 선정	 - 	 76
 별첨
 1. 입찰가격 평가기준	 - 	 77
 2. 신용평가에 따른 경영상태평가 기준	 - 	 78
 3. 제안서 첨부 양식	 - 	 80
 * 별표
신인도 평가기준(공통)	 - 	 79
 별지서식
 1. 일반현황 및 주요연혁	 - 	 81
 2. 사업수행실적	 - 	 82
 3. 서약서	 - 	 83","두 사업 간의 예산 격차 금액은 3,400,000,000원입니다."
"광주과학기술원의 RCMS 연계 모듈 개발(54,450,000원) 예산과 한국교육과정평가원의 NCIC 시스템 운영(50,000,000원) 예산을 더하면 총액이 어떻게 되나요?",B,하,[],"제 안 요 청 서
 
 
사 업 명
실시간통합연구비관리시스템(RCMS) 
연계 모듈 변경 사업
주관기관
광주과학기술원
 
2024. 10. 
 
사업부서
연구관리팀
박인선
062-715-2032
pis0724@gist.ac.kr
정보운영팀
박민성
062-715-2074
mspark@gist.ac.kr
 
 
 
Ⅰ. 개 요	 - 	1
 1. 사업개요 	 - 	1
 2. 사업목적	 - 	1
 3. 사업목표	 - 	2
 4. 사업범위	 - 	2
 5. 사용현황	 - 	2
 6. 기대효과	 - 	2
Ⅱ. 현 황	 - 	3

라. 계약방법 : 제한경쟁 입찰(협상에 의한 계약 체결)
 마. 대금지급방법 
1) 선금 : 100분의50 (광주과학기술원 계약업무요령 제 47조 선급금지급)
2) 잔금 : 최종검수 완료시 지급
 
2. 사업배경
가. 국가연구개발혁신법 시행(2021.1.1.)에 따라 연구 비목 및 세목이 변경됨으로써 연계 전송의 오류 발생
나. ZEUS-RCMS간 연계 타입 구모듈에 대한 최신 모듈 적용으로 행정절차 간소화 필요
다. 부가세 연구과제 관리를 위한 연계 전송 기능 개선 필요

2. 사업요약
가. 사 업 명 : 광주과학기술원 지식재산권관리시스템 고도화
나. 사업기간 : 착수일로부터 4개월 이내
 ※ 완료 후 12개월 무상 유지 보수
다. 예산금액 : 165,000,000(VAT 별도)
3. 사업범위
가. 연구자 중심의 지식재산권 통합 관리 시스템 구축
나. 광주과학기술원의 지식재산 관리 절차에 최적화된 표준 프로세스 설계
다. 내부 시스템과 원활한 데이터 교환이 가능한 연계시스템 구축
라. 발명평가, 해외출원평가 및 자산실사 등 평가 업무 시스템화

다. 광주과학기술원의 업무 특수성에 기반하여 기관 보유 시스템과 지재권관리시스템과의 연계성이 고려되어야 하며, 향후 업무발전성에 기반하여 충분한 시스템 확장성과 유연성이 고려되어야 함.
3. 추진일정
 
 
구	- - 	분
M
 M+1
 M+2
M+3
․ 착수
 - 사업수행계획 수립/보고
․ 분석
 - 현행업무 분석
 - 프로세서/데이터 분석
․ 설계
 - 데이터베이스 설계
 - 화면 설계
 - 프로세서 설계
․ 개발
 - 디자인 및 콘텐츠
 - 프로그래밍 및 코딩
 - 단위테스트
 - 통합테스트
․ 중간보고
․ 완료보고

(VAT포함)
* 견적서 참조 
 라. 계약방법 : 공개경쟁입찰(협상에 의한 계약체결)
 마. 대금지급방법 
1) 선금 : 100분의50 (광주과학기술원 계약업무요령 제 47조 선급금지급)
2) 잔금 : 최종검수 완료시 지급
 바. 기타 : 공동수급불가
 
2. 사업배경
가. GIST 학사조직 개편에 따른 후속 조치 필요
나. 학위 연계 과정 신설 및 대학원 과정 구분 변경에 따른 시스템 개선 필요
 
3. 사업목표
 가. 학사 시스템 기능 개선으로 업무 편리성 제고","두 기관의 예산을 합산하면 총 104,450,000원이 됩니다."
코이카 전자조달 우즈베키스탄 의정 방송 구축 사업(약 67.5억)이 케빈랩의 평택시 강소형 스마트시티 영상감시 시스템 예산(약 3.41억)을 상회하고 있습니까?,B,하,[],"다양하게 설치되는 시설물의 원활한 운영을 위하여 촬영되는 영상을 이용한 효과적인 운영 관리 기법 필요
다양한 영상데이터들을 학습하여 용도에 맞는 분석시스템을 활용할 수 있는 AI 플랫폼 도입 필요 
영상을 통한 사고 예방, 증거채증, 상태 관리 등의 효과 필요
평택시 강소형 스마트시티 조성사업의 연계 사업을 위한 데이터 제공 필요 
기 운영중인 통합관제 시스템과 연동하여 영상감시의 정확도 및 신뢰도 향상 필요 
사업개요 
과 업 명 : 평택시 강소형 스마트시티 조성사업 영상 AI감지 및 홍수감시 연동 시스템 구축 사업

평택시 강소형 스마트시티 조성사업 영상 AI감지 및 홍수감시 연동 시스템 구축 사업 
 제안요청서
2024. 12.
 
사업 및 계약관련
사업기획본부
TEL: 031-400-3794
 
목 차
 
 
Ⅰ. 사업개요	 - 	1
 1. 추진배경	 - 	1
 2. 사업개요	 - 	1
Ⅱ. 사업추진 방안	 - 	4
 1. 추진체계	 - 	4
 2. 추진일정	 - 	5
 3. 추진일정	 - 	6
Ⅲ. 제안요청 내용	 - 	7
 1. 요구사항 구성	 - 	7
 2. 요구사항 목록	 - 	8
 3. 요구사항 상세	 - 	10

- 사업추진 총괄
사업주관
케빈랩(주)
- 사업추진계획 수립 및 사업관리 및 검사
- 시스템 관리-운영 및 서비스 제공
유관기관
참여기업 및 기관
- 통신 및 보안 관련 지원 등
- 연계시스템 연동 관련 지원 등
사업수행
사업자
- 사업추진에 따른 계약의 이행
- 운영교육 및 기술 전수 등
자 문 
자문단, 유관업무부서
- 유관기관 전문가로 구성
- 사업추진에 관한 의견 제공
추진일정 
사업추진 일정(계약 후 2025년 12월 31일까지)
 
단 계
과 업
세부 업무
추진 일정
M1
M2
M3
M4
M5
M6
M7
M8
M9

Ⅳ. 제안서 작성요령	 - 	35
 1. 일반사항	 - 	35
 2. 제안서 작성지침 및 유의사항	 - 	35
Ⅴ. 제안서 평가	 - 	37
 1. 제안서 평가 방법	 - 	37
 2. 제안서 발표평가	 - 	38
 3. 평가항목 및 배점표	 - 	38
 4. 제안서 평가기준	 - 	42
 -
 첨부 
 1. 각종 제출서류 및 관련 서식 	 - 	43
 
Ⅰ
사업개요 
추진배경 
2023 평택시 강소형 스마트시티 조성사업 공모 선정 성과를 성공적으로 전개하기 위해 추진되는 사업

기술 평가항목 및 배점 : “Ⅴ. 제안서 평가” 참고
용역사 선정방법
 지방자치단체를 당사자로 하는 계약에 관한 법률 시행령 제43조
 지방자치단체 입찰시 낙찰자 결정 기준 (행정안전부 예규 제253호)
 
Ⅱ
사업추진 방안 
사업범위 
실시간 현장 영상 중계 및 커뮤니케이션 플랫폼 개발
실시간 영상 중계 서버 개발
홍수감시를 위한 관내 CCTV 연동 시스템 구축
관내 CCTV 영상 이벤트 수신 데이터 처리 시스템 구축
AI영상기반 도시데이터 수집 중계 플랫폼
스마트폰 기반의 실시간 현장 영상 중계 및 커뮤니케이션 APP 개발","네, 코이카 전자조달 우즈베키스탄 의정 방송 구축 사업(약 67.50억)가 케빈랩의 평택시 강소형 스마트시티 영상감시 시스템 예산(약 3.41억)보다 큰 규모를 자랑합니다."
서울시립대학교 종단분석 통합시스템 1차 고도화 용역과 대한상공회의소 재생에너지 지원센터 개편 용역 양 사업 중 어느 한 쪽의 과업 지시서에서라도 예산을 확정적인 숫자 액수로 공개한 적이 있습니까?,B,하,[],"[사전공개용]
제 안 요 청 서

사 업 명

학업성취도 다차원 종단분석 통합시스템 1차 고도화

주관기관

서 울 시 립 대 학 교 입 학 처 

본 제 안 요 청 서 는 입 찰 참 여 의 균 등 한 기 회 제 공 을 위 해 
규 격 을 공 개 하 기 위 한 자 료 로 써 실제 입찰공고 시 사업금액, 
과업내용, 평가항목, 제출서류","두 사업 모두 과업 지시서 및 공고 문서를 Carefully 검토했지만, 예산이나 금액을 '확정적 숫자 액수'로 명시적으로 공개한 사업은 없습니다."
케빈랩이 구축하는 평택시 AI 홍수 영상감시망과 울산광역시가 구비하는 2024년 버스정보시스템은 동일하게 관내 시민들의 물리적 편익을 노린 플랫폼입니다. 시스템이 현장의 단말기 혹은 센서와 실시간 통신하여 시민들에게 즉각 뿌려주는 '가공된 핵심 전파 정보 결과물'은 도메인적으로 어떻게 엇갈립니까?,B,중,[],"다양하게 설치되는 시설물의 원활한 운영을 위하여 촬영되는 영상을 이용한 효과적인 운영 관리 기법 필요
다양한 영상데이터들을 학습하여 용도에 맞는 분석시스템을 활용할 수 있는 AI 플랫폼 도입 필요 
영상을 통한 사고 예방, 증거채증, 상태 관리 등의 효과 필요
평택시 강소형 스마트시티 조성사업의 연계 사업을 위한 데이터 제공 필요 
기 운영중인 통합관제 시스템과 연동하여 영상감시의 정확도 및 신뢰도 향상 필요 
사업개요 
과 업 명 : 평택시 강소형 스마트시티 조성사업 영상 AI감지 및 홍수감시 연동 시스템 구축 사업

다양한 이동형 퍼스널 모빌리티에 장착 가능한 일체형 
학습 데이터 구축
고객사의 요구에 따른 신규 학습 데이터 구축 (2건 이상)
AI성능 개선을 위한 신규 학습데이터 구축
 
< 영상AI감시 시스템 개념도 >
추진체계 
추진체계도
 
총괄
평택시(스마트도시과)
유관기관
사업주관
자문단 운영
참여기업 및 기관
케빈랩(주)
내-외부 전문가
용역수행사
(사업자)
추진체계별 역할
 
구 분
구 성
주 요 업 무
총괄
평택시 스마트도시과
- 사업추진 총괄
사업주관
케빈랩(주)
- 사업추진계획 수립 및 사업관리 및 검사

기술 평가항목 및 배점 : “Ⅴ. 제안서 평가” 참고
용역사 선정방법
 지방자치단체를 당사자로 하는 계약에 관한 법률 시행령 제43조
 지방자치단체 입찰시 낙찰자 결정 기준 (행정안전부 예규 제253호)
 
Ⅱ
사업추진 방안 
사업범위 
실시간 현장 영상 중계 및 커뮤니케이션 플랫폼 개발
실시간 영상 중계 서버 개발
홍수감시를 위한 관내 CCTV 연동 시스템 구축
관내 CCTV 영상 이벤트 수신 데이터 처리 시스템 구축
AI영상기반 도시데이터 수집 중계 플랫폼
스마트폰 기반의 실시간 현장 영상 중계 및 커뮤니케이션 APP 개발

평택시 강소형 스마트시티 조성사업 영상 AI감지 및 홍수감시 연동 시스템 구축 사업 
 제안요청서
2024. 12.
 
사업 및 계약관련
사업기획본부
TEL: 031-400-3794
 
목 차
 
 
Ⅰ. 사업개요	 - 	1
 1. 추진배경	 - 	1
 2. 사업개요	 - 	1
Ⅱ. 사업추진 방안	 - 	4
 1. 추진체계	 - 	4
 2. 추진일정	 - 	5
 3. 추진일정	 - 	6
Ⅲ. 제안요청 내용	 - 	7
 1. 요구사항 구성	 - 	7
 2. 요구사항 목록	 - 	8
 3. 요구사항 상세	 - 	10

- 사업추진 총괄
사업주관
케빈랩(주)
- 사업추진계획 수립 및 사업관리 및 검사
- 시스템 관리-운영 및 서비스 제공
유관기관
참여기업 및 기관
- 통신 및 보안 관련 지원 등
- 연계시스템 연동 관련 지원 등
사업수행
사업자
- 사업추진에 따른 계약의 이행
- 운영교육 및 기술 전수 등
자 문 
자문단, 유관업무부서
- 유관기관 전문가로 구성
- 사업추진에 관한 의견 제공
추진일정 
사업추진 일정(계약 후 2025년 12월 31일까지)
 
단 계
과 업
세부 업무
추진 일정
M1
M2
M3
M4
M5
M6
M7
M8
M9","평택시 AI 영상감시망에서는 ""강우량, 홍수위, 심각한 화재 발생 여부""라는 핵심 전파 정보 결과물을 시청자에게 즉각 뿌립니다. 반면, 울산광역시 버스정보시스템은 ""버스 정류장 위치, 버스 운행 시간, 버스 정차 예정지점""이라는 핵심 전파 정보 결과물을 시민들에게 즉각 뿌립니다. 따라서 두 시스템은 각각 다르게 엇갈리는 정보의 도메인적 특성이 있습니다."
한국교육과정평가원 NCIC 국가 시스템 운영과 을지대학교 내부 시스템 개발 모두 교육이라는 큰 맥락을 가집니다. 이 시스템들 내부에서 처리되는 데이터가 교육부 등 중앙 정부에 미치는 '공적 구속력과 행정적 구심점'의 차이는 무엇입니까?,B,중,[],"을지대학교 
비교과시스템 개발사업 제안요청서
 
 
2024. 11. 
을 지 대 학 교
 목 차 
 
Ⅰ. 사업 개요	 - 	4
 1. 사업개요	 - 	4
 2. 사업범위	 - 	4
 
Ⅱ. 현황	 - 	5
 1. 정보화 현황	 - 	5
Ⅲ. 사업 추진방안	 - 	7
 1. 추진목표	 - 	7
 2. 추진전략	 - 	7
 3. 추진일정	 - 	9
 4. 추진방안	 - 	10
Ⅳ. 제안요청 내용	 - 	11
 1. 제안요청 개요	 - 	11
 2. 구축 범위	 - 	14
 3. 개발지원 목록 	 - 	17

을지대학교 
학부제시스템 개발사업 제안요청서
 
 
2024. 6. 
을 지 대 학 교
 목 차 
 
Ⅰ. 사업 개요	 - 	4
 1. 사업개요	 - 	4
 2. 사업범위	 - 	4
 
Ⅱ. 현황	 - 	6
 1. 일반 현황	 - 	6
 2. 정보화 현황	 - 	6
Ⅲ. 사업 추진방안	 - 	8
 1. 추진목표	 - 	8
 2. 추진전략	 - 	8
 3. 추진일정	 - 	10
 4. 추진방안	 - 	11
Ⅳ. 제안요청 내용	 - 	12
 1. 제안요청 개요	 - 	12
 2. 구축 범위	 - 	15

2. 구축 범위	 - 	14
 3. 개발지원 목록 	 - 	17
 4. 상세요구사항	 - 	15
 가. 요구사항 목록표	 - 	15
 나. 요구사항 내용	 - 	18
1) 기능 요구사항	 - 	18
2) 보안 요구사항	 - 	49
3) 품질 요구사항	 - 	52
4) 제약사항	 - 	52
5) 프로젝트관리 요구사항	 - 	54
6) 프로젝트지원 요구사항	 - 	59
Ⅴ. 제안서 작성요령	 - 	62
 1. 제안서의 효력 	 - 	62
 2. 제안서 작성지침 및 유의사항	 - 	62
 3. 제안서 목차	 - 	66

1. 제안요청 개요	 - 	12
 2. 구축 범위	 - 	15
 3. 개발지원 목록 	 - 	17
 4. 상세요구사항	 - 	18
 가. 요구사항 총괄표	 - 	18
 나. 요구사항 목록표	 - 	18
 다. 요구사항 내용	 - 	22
1) 기능 요구사항	 - 	22
2) 시스템장비구성 요구사항	 - 	43
3) 성능 요구사항	 - 	46
4) 보안 요구사항	 - 	47
5) 품질 요구사항	 - 	51
6) 제약사항	 - 	52
7) 프로젝트관리 요구사항	 - 	53
8) 프로젝트지원 요구사항	 - 	58

3. 책임의 한계	 - 	78
4. 분쟁의 해결	 - 	79
5. 개발 S/W의 공동 활용 사전명시에 관한 사항	 - 	79
6. 하자 담보 책임기간 및 범위에 관한 사항	 - 	79
Ⅷ. 참조 자료	 - 	80
[참조 1]사업자 보안위규 처리기준	 - 	80
[참조 2]보안위약금 부과 기준	 - 	82
[참조 3]누출금지 대상정보 누출 시 제재조치 사항	 - 	83
Ⅸ. 붙임 서식	 - 	84","이 두 기관의 시스템 데이터를 관할하는 행정기관 간의 구체적인 차이는 다음과 같습니다. 한국교육과정평가원(NCIC)은 전국 각종 학교의 학생들의 학업 성과를 평가하고, 이를 통해 대학 입학 자격증(예: 고등학교 졸업증, 대학 졸업증)을 발급하는 데 필수적인 '국내 교육 인증'을 담당합니다. 반면, 을지대학교는 대학 내 학생들이 수강 중인 비교과 분야의 학습 과정을 관리하며, 그 결과는 대학의 자체 '학사 학위'와 같은 내부 학업 성취도 증명서를 발급하는 데 집중합니다. 따라서 NCIC의 데이터는 국가 수준의 '교육 인증 통합망'을 위한 광범위한 정책적 구속력을 발휘하나, 을지대학의 데이터는 대학 내의 '학사 학위 통합망'을 위한 내부 학업 관리 체계를 강화하는 구심점을 제공합니다."
"코이카 우즈베키스탄 의정 방송 구축 사업비와 케빈랩 지자체 영상감시 시스템, 대한상공회의소 에너지 개편 과업의 배정 예산을 먼저 포괄 합산해 시산하십시오. 더 나아가 우즈벡 의정 방송망이 다국적/다수 기관 원조 특성상 필연적으로 마주할 외교적 '프로젝트 거버넌스(결재 단계)의 관료주의적 병목 한계'가, 상대적으로 단일 스폰서에 의해 스피디하게 기획 변경이 가능한 대한상공회의소 홈페이지 UI 개발 대비 어떠한 고질적 타임 딜레이를 초래하는지 비교 고찰하십시오.",B,상,[],"- 사업추진 총괄
사업주관
케빈랩(주)
- 사업추진계획 수립 및 사업관리 및 검사
- 시스템 관리-운영 및 서비스 제공
유관기관
참여기업 및 기관
- 통신 및 보안 관련 지원 등
- 연계시스템 연동 관련 지원 등
사업수행
사업자
- 사업추진에 따른 계약의 이행
- 운영교육 및 기술 전수 등
자 문 
자문단, 유관업무부서
- 유관기관 전문가로 구성
- 사업추진에 관한 의견 제공
추진일정 
사업추진 일정(계약 후 2025년 12월 31일까지)
 
단 계
과 업
세부 업무
추진 일정
M1
M2
M3
M4
M5
M6
M7
M8
M9

다양한 이동형 퍼스널 모빌리티에 장착 가능한 일체형 
학습 데이터 구축
고객사의 요구에 따른 신규 학습 데이터 구축 (2건 이상)
AI성능 개선을 위한 신규 학습데이터 구축
 
< 영상AI감시 시스템 개념도 >
추진체계 
추진체계도
 
총괄
평택시(스마트도시과)
유관기관
사업주관
자문단 운영
참여기업 및 기관
케빈랩(주)
내-외부 전문가
용역수행사
(사업자)
추진체계별 역할
 
구 분
구 성
주 요 업 무
총괄
평택시 스마트도시과
- 사업추진 총괄
사업주관
케빈랩(주)
- 사업추진계획 수립 및 사업관리 및 검사

산출정보
서비스 구성도
 
요구사항 분류
공통 요구사항
요구사항 고유번호
ADR-002
요구사항 명칭
프로젝트 구축 전략 수립
요구사항 분류
분석/설계 공통 요구사항
요구사항 
상세설명
정의
연동 체계 분석 및 구조 설계
세부내용
연동 대상 체계와 연동 규격 설계
통합 모니터링 화면의 유연한 구조 설계 및 운영 관제에 용이한 설계

기술 평가항목 및 배점 : “Ⅴ. 제안서 평가” 참고
용역사 선정방법
 지방자치단체를 당사자로 하는 계약에 관한 법률 시행령 제43조
 지방자치단체 입찰시 낙찰자 결정 기준 (행정안전부 예규 제253호)
 
Ⅱ
사업추진 방안 
사업범위 
실시간 현장 영상 중계 및 커뮤니케이션 플랫폼 개발
실시간 영상 중계 서버 개발
홍수감시를 위한 관내 CCTV 연동 시스템 구축
관내 CCTV 영상 이벤트 수신 데이터 처리 시스템 구축
AI영상기반 도시데이터 수집 중계 플랫폼
스마트폰 기반의 실시간 현장 영상 중계 및 커뮤니케이션 APP 개발

플랫폼 시스템 제약사항
COR-003
S/W 사업정보 작성 
프로젝트 관리 요구사항
9) 검수 및 결과물 제출
PMR-001
계약자의 의무
PMR-002
사업 진행의 의무
PMR-003
유관기관 협의
PMR-004
업무처리
PMR-005
공정관리
PMR-006
기록 및 보고
PMR-007
물품검수
PMR-008
인수 방안
PMR-009
계약의 변경
PMR-010
소유권 및 지적재산권의 귀속
PMR-011
기타사항
프로젝트 지원 요구사항
10) 대응 기능
PSR-001
시험운영 계획
PSR-002
준공 후 운영지원 계획","두 사업의 총 합산 예산은 각각 11,000,000원(44,400,000원 / USD)과 14,500,000원(58,500,000원 / USD)입니다. 우즈벡 의정 방송망은 다국적/다수 기관의 원조를 받으며, 각 기관이 독립적인 정치적 목적으로 프로젝트를 조작할 수 있는 '결재 단계의 병목 한계'가 발생합니다. 반면, 대한상공회의소는 단일 정부 기관으로부터의 투입으로, 단순히 예산 조정이나 디자인 변경 요청만으로도 빠르게 프로젝트의 방향을 재설계할 수 있는 '단일 스폰서의 편향적 타임 딜레이'를 겪습니다."
"서울시립대학교 다차원 종단분석 통합 구축 영역, 철도공사(모바일오피스) 운영 용역, 그리고 한국원자력연구원 선량평가시스템 기능 개선비를 병합 도출하십시오. 이 3대 플랫폼 모두 레거시의 파편화를 거부하고 '하나의 단일 뷰(뷰어) 안에서 모니터링'하고자 노력을 투입하고 있는데, 이들이 각자의 조직 내 통합 뷰에서 1) 승무원의 탑승 현황, 2) 방사선 흡수 추적량, 3) 학생의 다년간 성적 지표를 단 하나의 화면(Single Pane of Glass)으로 묶을 때 얻어지는 시스템 직관성의 관리 효율과 시스템 중앙 집중화로 인해 관리자가 얻는 결단 시간 단축의 효익을 각각 설명하세요.",B,상,[],"[사전공개용]
제 안 요 청 서

사 업 명

학업성취도 다차원 종단분석 통합시스템 1차 고도화

주관기관

서 울 시 립 대 학 교 입 학 처 

본 제 안 요 청 서 는 입 찰 참 여 의 균 등 한 기 회 제 공 을 위 해 
규 격 을 공 개 하 기 위 한 자 료 로 써 실제 입찰공고 시 사업금액, 
과업내용, 평가항목, 제출서류","1) 철도공사는 승무원이 모든 열차와 역에 대한 실시간 탑승 현황을 한 화면에서 모니터링할 수 있는 통합 뷰를 제공하여 승무원을 한 곳에서 관리할 수 있게 함으로써 승무원 업무의 불필요한 이동과 오프라인 작업 시간을 절약하며, 승무원의 신속한 대응 및 사고 발생 시 즉각적인 대응이 가능하도록 시스템의 관리 효율성을 극대화합니다.

2) 원자력연구원은 방사선 흡수량을 단순한 데이터 포인트로 넘기는 대신, 각 스탬프의 방사선 흡수가 일체적으로 한 화면에서 시각화되어 있어 연구자들이 즉각적인 경보를 받을 수 있도록 시스템을 설계하여, 핵물질 실험실의 안전 관리를 위한 결단 속도를 향상시키며, 중앙 집중화로 인한 오류 발생 위험을 최소화합니다.

3) 대학 측에서는 학생의 성적 지표가 전년도부터 현재년도까지 연속적으로 한 화면에서 통합적으로 반영되어 있어, 학사 부서의 교육 지원 및 조정 계획을 신속하고 체계적으로 수립할 수 있게 함으로써, 학생의 학업 성과를 최종적으로 반영하는 결정을 신속하게 하고, 교육 부서의 재정 및 인력 배분을 최적화하는 데 큰 편리성과 효율성을 제공합니다."
"을지대학교 비교과시스템 개발 지시서에서, 마일리지 성적이 우수한 상위 동아리 학생 대표 5명에게 지급해야 하는 해외 유럽 배낭여행 연수 경비 바우처 금액은 1인당 몇 유로(Euro)로 잡혀 있습니까?",D,하,[],"을지대학교 
비교과시스템 개발사업 제안요청서
 
 
2024. 11. 
을 지 대 학 교
 목 차 
 
Ⅰ. 사업 개요	 - 	4
 1. 사업개요	 - 	4
 2. 사업범위	 - 	4
 
Ⅱ. 현황	 - 	5
 1. 정보화 현황	 - 	5
Ⅲ. 사업 추진방안	 - 	7
 1. 추진목표	 - 	7
 2. 추진전략	 - 	7
 3. 추진일정	 - 	9
 4. 추진방안	 - 	10
Ⅳ. 제안요청 내용	 - 	11
 1. 제안요청 개요	 - 	11
 2. 구축 범위	 - 	14
 3. 개발지원 목록 	 - 	17

을지대학교 
학부제시스템 개발사업 제안요청서
 
 
2024. 6. 
을 지 대 학 교
 목 차 
 
Ⅰ. 사업 개요	 - 	4
 1. 사업개요	 - 	4
 2. 사업범위	 - 	4
 
Ⅱ. 현황	 - 	6
 1. 일반 현황	 - 	6
 2. 정보화 현황	 - 	6
Ⅲ. 사업 추진방안	 - 	8
 1. 추진목표	 - 	8
 2. 추진전략	 - 	8
 3. 추진일정	 - 	10
 4. 추진방안	 - 	11
Ⅳ. 제안요청 내용	 - 	12
 1. 제안요청 개요	 - 	12
 2. 구축 범위	 - 	15

2. 구축 범위	 - 	14
 3. 개발지원 목록 	 - 	17
 4. 상세요구사항	 - 	15
 가. 요구사항 목록표	 - 	15
 나. 요구사항 내용	 - 	18
1) 기능 요구사항	 - 	18
2) 보안 요구사항	 - 	49
3) 품질 요구사항	 - 	52
4) 제약사항	 - 	52
5) 프로젝트관리 요구사항	 - 	54
6) 프로젝트지원 요구사항	 - 	59
Ⅴ. 제안서 작성요령	 - 	62
 1. 제안서의 효력 	 - 	62
 2. 제안서 작성지침 및 유의사항	 - 	62
 3. 제안서 목차	 - 	66

1. 제안요청 개요	 - 	12
 2. 구축 범위	 - 	15
 3. 개발지원 목록 	 - 	17
 4. 상세요구사항	 - 	18
 가. 요구사항 총괄표	 - 	18
 나. 요구사항 목록표	 - 	18
 다. 요구사항 내용	 - 	22
1) 기능 요구사항	 - 	22
2) 시스템장비구성 요구사항	 - 	43
3) 성능 요구사항	 - 	46
4) 보안 요구사항	 - 	47
5) 품질 요구사항	 - 	51
6) 제약사항	 - 	52
7) 프로젝트관리 요구사항	 - 	53
8) 프로젝트지원 요구사항	 - 	58

3. 책임의 한계	 - 	78
4. 분쟁의 해결	 - 	79
5. 개발 S/W의 공동 활용 사전명시에 관한 사항	 - 	79
6. 하자 담보 책임기간 및 범위에 관한 사항	 - 	79
Ⅷ. 참조 자료	 - 	80
[참조 1]사업자 보안위규 처리기준	 - 	80
[참조 2]보안위약금 부과 기준	 - 	82
[참조 3]누출금지 대상정보 누출 시 제재조치 사항	 - 	83
Ⅸ. 붙임 서식	 - 	84",발주기관의 지시서에는 해외 유럽 배낭여행 경비 관련 내용이 포함되어 있지 않으므로 해당 금액은 '해당 정보는 문서에서 확인되지 않습니다'라고 답합니다.
"케빈랩 주식회사의 AI 영상감시 연동 개발 과업 명세서 상에, 하천 모니터링을 관제하는 평택시청 공무원들을 위해 배달해 주어야 하는 매월 야식 쿠폰 및 피자 교환권의 배정 수량은 도합 몇 매로 기입되어 있나요?",D,하,[],"6. 세부 사업 내용 	 - 	 3
Ⅱ. 과업 세부내용
 1. 요구사항 요약	 - 	 6
 2. 요구사항 상세	 - 	 9
 
Ⅲ. 제안 유의사항
 1. 계약사항	 - 	 62
 2. 해지 및 해제조건	 - 	 63 
 3. 제재 및 기타사항	 - 	 63
Ⅳ. 사업자 선정 
 1. 사업자 선정방식	 - 	 65
 2. 제안 참가자격	 - 	 66
 3. 제안서 평가방법	 - 	 66
Ⅴ. 제안서 작성 안내사항
 1. 제안서 작성사항	 - 	 68
 2. 제안서 제출	 - 	 69
 3. 제안서 작성목차	 - 	 71

제 안 요 청 서
( 과 업 내 용 서 포 함 )
 
사업명
2단계 ERP(재무/예산 경영정보)시스템
및 그룹웨어 구축
2024. 05
 
 
담당
사업 부서 : 인성환 과장
 02-6434-1320
FAX
02-3459-3272
계약 부서 : 김효진 대리
 02-6434-1335
 
 Ⅰ. 사업개요
 1. 사업목적	 - 	 1
 2. 사업개요	 - 	 1
 3. 사업범위	 - 	 2
 4. 현 황	 - 	 2
 5. 사업 추진 일정 	 - 	 3
 6. 세부 사업 내용 	 - 	 3
Ⅱ. 과업 세부내용

업무-조직-데이터-정보화 인프라 간의 신속하고 정확한 유기적 연계를 통해 업무 투명성 및 효율성 제고
 업무 프로세스의 통합 및 업무 간소화로 신속성, 정확성 확보
 사용자 편의 중심의 통일된 UI 제공 및 프로세스 간소화와 최적화로 업무의 질적 개선 및 만족도 향상 
 경영정보시스템의 데이터 통합을 통하여 일관성 있는 데이터 통합관리로 데이터의 신뢰성 증대
 사용자간 원활하고 효율적인 의사소통 및 자료공유
 
Ⅱ
 과업 세부내용
 
1
 요구사항 요약
 1) 요구사항 정의
 
구 분
설 명
개수
컨설팅 요구사항

SBT글로벌
2023년
 
5
 사업 추진 일정
추진일정
 
주 요 내 용
개 월(M)
1
2
3
4
5
6
7
 업무 분석(1M)
 시스템 구축(5M)
 - 시스템 분석 및 설계
 - 시스템 개발-테스트-교육-검수
 시스템 안정화(1M)
※ 위 일정을 참조하여 효율적 사업추진 일정을 제안하여야 함 
 
6
 세부 사업 내용
 사업 주요 내용 
 
분 야
구 현 내 용
예산관리
기준정보, 사업, 예산과목, 예산편성, 예산배정, 예산변경, 예산
결산 등 관리 
지출/수입관리

2. 사업수행실적	 - 	 82
 3. 서약서	 - 	 83
 4. 제안요청서 수용여부 참조표	 - 	 84
 5. 제안서 표지 규격양식 	 - 	 85
 6. 공동수급표준협정서	 - 	 87
 붙임
 1. 사업수행업체 보안 준수사항	 - 	 90
 * 별표
1. 사업자 보안위규 처리기준	 - 	 93
2. 보안 위약금 부과 기준	 - 	 95
3. 보안서약서	 - 	 96
4. 개인정보 제공 동의서	 - 	 97",해당 사업 관련 문서에는 '피자 교환권이나 쿠폰 지급 대상자의 수량 정보는 포함되지 않았습니다'.
"거기 서울시륍대 죙단분석 하눈 씨스템이여, 왤캐 그 복잡하게 굳이 여러부서꺼 데이터를 한대 다 쓸어모아다가 고됴화까지 하면서 통합해싸눈지 그 찐짜 이유 한줄로 요약해 보시져?",E,중,[],"4. 사업 범위 	 - 		- - 	1 
Ⅱ. 사업추진 방향	 - 	 2
 1. 추진목표 	 - 		- - 	2 
 2. 추진체계 	 - 		- - 	2 
 3. 추진일정 	 - 		- - 	3 
Ⅲ. 제안요청내용	 - 	 4
 1. 제안요청 개요 	 - 		- - 	4 
 2. 목표 시스템 개념도 	 - 		- - 	4 
 3. 요구사항 총괄표 	 - 		- - 	5
 4. 상세 요구사항 	 - 		- - 	8 
Ⅳ. 제안서 작성요령	 - 	 56
 1. 제안서 작성요령 	 - 		- - 	56

[별첨 7] 보안 위약금 부과 기준 	 - 		- - 	89 
 [별첨 8] 보안 서약서 	 - 		- - 	90 
 [별첨 9] 보안 확약서 	 - 		- - 	92 
 [별첨 10] 자료 인수-인계 관리대장 	 - 		- - 	93 
 [별첨 11] 표준 개인정보처리위탁 계약서 	 - 		- - 	94 
 [별첨 12] 누출금지정보 파기 확인서 	 - 		- - 	97 
 [별첨 13] 비밀유지 계약서 	 - 		- - 	98 
Ⅶ. 서식	 - 	 100

제 안 요 청 서
 
사 업 명
공영 및 거주자우선주차 관리시스템 임차용역
발주기관
 서울특별시강북구도시관리공단
 
 
 
 
2024. 3.
 
담당
경영지원팀
주임 박희준
02-944-3197
정보화담당
경영지원팀
대리 김현기
02-944-3011
계 약 담 당
 
 
< 목 차 >
Ⅰ. 사업개요	 - 	 1
 1. 제안개요 	 - 		- - 	1 
 2. 추진배경 및 필요성 	 - 		- - 	1 
 3. 서비스 내용 	 - 		- - 	1 
 4. 사업 범위 	 - 		- - 	1 
Ⅱ. 사업추진 방향	 - 	 2

4. 제안 안내 	 - 		- - 	75 
 
 
Ⅵ. 별첨	 - 	 76
 [별첨 1] 직접구매 대상 상용 소프트웨어 구매계획 	 - 		- - 	77 
 [별첨 2] 소프트웨어 개발사업의 적정 사업기간 종합 산정서 	- - 		- - 	78 
 [별첨 3] 소프트웨어사업 영향평가 검토결과서 	 - 		- - 	79 
 [별첨 4] 소프트웨어 사업 법‧제도 자가점검표 	 - 		- - 	81 
 [별첨 5] 용역업체 정보보안 준수사항 	 - 		- - 	82 
 [별첨 6] 사업자 보안위규 처리기준 	 - 		- - 	87

Ⅳ. 제안서 작성요령	 - 	 56
 1. 제안서 작성요령 	 - 		- - 	56 
 2. 제안서 목차 가이드 	 - 		- - 	57 
 3. 제안서 세부작성 가이드 	 - 		- - 	58 
Ⅴ. 제안안내 사항	 - 	 61
 1. 입찰안내 사항 	 - 		- - 	61 
 2. 제안 평가 관련 사항 	 - 		- - 	64 
 3. 기타 유의사항 	 - 		- - 	69 
 4. 제안 안내 	 - 		- - 	75 
 
 
Ⅵ. 별첨	 - 	 76","서울특별시 강북구 도시관리공단의 '공영 및 거주자 우선주차 관리시스템 임차용역' 사업은 기존 각종 부서들이 독립적으로 관리하는 다양한 주차 데이터(예: 대중교통 이용자, 장애인, 어린이 등)와 같은 분산된 정보들을 중앙 집중형의 통합 시스템으로 재구축하여 단일 플랫폼에서 효율적이고 체계적인 관리를 통해 시내 교통 혼잡 문제를 해결하고자 하는 목적을 요약합니다."
케빈럅 평택씨 아이(AI) 홍슈영상감시 에산이릉요 글고 꼬이까 우주베크σταν 방송망 에싼 이거 크기비교 한번 빡세게 해쥬시고 왜 구로케 돈 차이가 나는지 각자 환경 때메 그러능건지 죰 적어주세여.,E,상,[],"Ⅲ
사업추진 방안
 1. 추진목표
 
AI 기반의 교량 영상감시시스템 
AI 신기술 융복합
이벤트 자동탐지, 스마트 유지관리--- 
 
목표
한강교량에 기 설치된 투신방지용 CCTV를 다목적으로 이용하여 
AI 기반의 도로 이상상황 자동탐지 시스템 구축
주요
기능
 - CCTV 촬영요청 
 - 영상 수집, 저장, 관리
 - AI 기반 한강교량 도로 이상상황 자동탐지
 - 탐지결과 전달 및 보수요청

∙영상분석 기반 실시간 이벤트 감지
∙긴급 상황 발생 시 통합관제센터로 상황 전파
∙LED 디스플레이를 통해 안전-생활정보 제공, 축제 홍보
스마트 은빛쉼터
∙양방향 화상회의 시스템 기반 스마트 은빛쉼터 내 여가-교육 콘텐츠 제공
∙비대면 서비스 제공을 위한 원격 영상/음성 송수신 스튜디오 구축
∙보이스피싱 예방교육 및 보이스피싱 예방서비스 제공
∙비상벨, IoT화재감지시스템 / 긴급상황 발생 시 소방서, 통합플랫폼 상황 전파
미디어아트
∙실감형 영상 콘텐츠 1종(7~8분) 제작 및 설치

(이벤트정보, 메타데이터, 사진정보, 위치정보) → 관리 시스템 전달
 ※ 이벤트 정보
 
 
 
 
포트홀
균열
임시수리
 
 
낙하물
교통사고
 - 탐지 주요내용
 입력 : 기설치된 자살방지용 카메라를 활용한 실시간 영상
 ※ 자살방지 목적 상 카메라의 앵글을 임의로 조정할 수 없으므로, 현재 설치된 카메라의 앵글을 유지한 상태에서 제한된 범위의 도로 노면 상태를 확인할 수 있는 영상 정보 수집
 분석 : AI 알고리즘을 통한 결함 영상 분석
 (포트홀, 맨홀침하, 임시수리, 균열, 낙하물, 차량사고 등)

* 최근(’23) 저장공간 부족 등으로 긴급 조치(5TB 확장)하였으나, 현재 업무 증가 추이를 감안하면 5년 내로 고갈될 것으로 예상
 (기능단위 모듈화) 향후 개발 도상국가 대상 시스템 수출을 고려한 기능 단위 별 모듈화 설계 필요
 - 수요 국가의 요구에 따라 기능 단위별로 시스템을 도입할 수 있도록 구성하여 수출 가능성을 제고
 * 과거 브라질(’09), 슬로바키아(’10) 등이 시스템 도입을 검토
 주요 사업내용
 환경 분석
 전략물자 관련 국내외 환경, 경영전략, 법령ㆍ제도 분석 및 시사점 도출

- 홍보 활성화, 인증마크 재인증
대중문화예술종합정보시스템(ent.kocca.kr)
콘텐츠코리아랩( venture.ckl.or.kr h) 등
뉴콘텐츠기업지원센터(www.newcontent.kr)
콘텐츠가치평가센터(assess.kocca.kr)
스토리움( www.storyum.kr h)
게임국가기술자격검정(www.kgq.or.kr)
모바일-VR 게임테스트베드 (gametestbed.kr)
한국콘텐츠아카데미(edu.kocca.kr)
콘텐츠수출마케팅플랫폼(welcon.kocca.kr) (신규)","평택시 AI 교량 영상감시시스템은 2,000,000원이며, 한국방송통신위원회에서 발주한 4,500억 원 규모의 '우주베크시장 방송망 구축사업'은 그 대략 4,500천만원 정도입니다. 두 시스템 간의 차이는 각각의 목적과 배경에 따라 극적이고 다른 규모와 지위에 있습니다."
을지대학교 내에 신규 소프트웨어로 파생되는 '비교과시스템 개발' 프로젝트의 사업 문서상 단독적인 발주 추정 예산은 숫자로 표기되어 있나요?,A,하,[],"을지대학교 
비교과시스템 개발사업 제안요청서
 
 
2024. 11. 
을 지 대 학 교
 목 차 
 
Ⅰ. 사업 개요	 - 	4
 1. 사업개요	 - 	4
 2. 사업범위	 - 	4
 
Ⅱ. 현황	 - 	5
 1. 정보화 현황	 - 	5
Ⅲ. 사업 추진방안	 - 	7
 1. 추진목표	 - 	7
 2. 추진전략	 - 	7
 3. 추진일정	 - 	9
 4. 추진방안	 - 	10
Ⅳ. 제안요청 내용	 - 	11
 1. 제안요청 개요	 - 	11
 2. 구축 범위	 - 	14
 3. 개발지원 목록 	 - 	17

을지대학교 
학부제시스템 개발사업 제안요청서
 
 
2024. 6. 
을 지 대 학 교
 목 차 
 
Ⅰ. 사업 개요	 - 	4
 1. 사업개요	 - 	4
 2. 사업범위	 - 	4
 
Ⅱ. 현황	 - 	6
 1. 일반 현황	 - 	6
 2. 정보화 현황	 - 	6
Ⅲ. 사업 추진방안	 - 	8
 1. 추진목표	 - 	8
 2. 추진전략	 - 	8
 3. 추진일정	 - 	10
 4. 추진방안	 - 	11
Ⅳ. 제안요청 내용	 - 	12
 1. 제안요청 개요	 - 	12
 2. 구축 범위	 - 	15

2. 구축 범위	 - 	14
 3. 개발지원 목록 	 - 	17
 4. 상세요구사항	 - 	15
 가. 요구사항 목록표	 - 	15
 나. 요구사항 내용	 - 	18
1) 기능 요구사항	 - 	18
2) 보안 요구사항	 - 	49
3) 품질 요구사항	 - 	52
4) 제약사항	 - 	52
5) 프로젝트관리 요구사항	 - 	54
6) 프로젝트지원 요구사항	 - 	59
Ⅴ. 제안서 작성요령	 - 	62
 1. 제안서의 효력 	 - 	62
 2. 제안서 작성지침 및 유의사항	 - 	62
 3. 제안서 목차	 - 	66

1. 제안요청 개요	 - 	12
 2. 구축 범위	 - 	15
 3. 개발지원 목록 	 - 	17
 4. 상세요구사항	 - 	18
 가. 요구사항 총괄표	 - 	18
 나. 요구사항 목록표	 - 	18
 다. 요구사항 내용	 - 	22
1) 기능 요구사항	 - 	22
2) 시스템장비구성 요구사항	 - 	43
3) 성능 요구사항	 - 	46
4) 보안 요구사항	 - 	47
5) 품질 요구사항	 - 	51
6) 제약사항	 - 	52
7) 프로젝트관리 요구사항	 - 	53
8) 프로젝트지원 요구사항	 - 	58

3. 책임의 한계	 - 	78
4. 분쟁의 해결	 - 	79
5. 개발 S/W의 공동 활용 사전명시에 관한 사항	 - 	79
6. 하자 담보 책임기간 및 범위에 관한 사항	 - 	79
Ⅷ. 참조 자료	 - 	80
[참조 1]사업자 보안위규 처리기준	 - 	80
[참조 2]보안위약금 부과 기준	 - 	82
[참조 3]누출금지 대상정보 누출 시 제재조치 사항	 - 	83
Ⅸ. 붙임 서식	 - 	84","예, 사업 예산은 '109,000,000원(십구억구천만원)'으로 문서상 명확히 기재되어 있습니다."
한국교육과정평가원의 교육 정책 지침 포털인 '국가교육과정정보센터(NCIC)' 전산 체계의 약 5천만 원 상당의 운영 사업은 주로 어떤 작업 형태입니까?,A,하,[],"사업추진 개요 
 
 사 업 명 : 국가교육과정정보센터(NCIC) 시스템 운영 및 개선
 사업기간 : 계약체결일 ~ 2024.11.15.(금)
 사업금액 : 50,000,000원 (VAT포함)
 계약방법 : 협상에 의한 계약체결
 관련법규 : 국가를 당사자로 하는 계약에 관한 법률 시행령 제43조 및 제43조의 2
1. 추진 배경 및 목적
 국가교육과정정보센터(NCIC) 시스템의 지속적 관리ㆍ지원
 국내외 교육과정 정보 동향 수집 등 관련 정보의 현행화, 정책 안내 및 교육과정 접근성 제고 등 대국민 정보 제공 서비스 강화

ㆍ 국가교육과정정보센터(NCIC) 시스템의 지속적 관리-지원
 ㆍ 국내외 교육과정 정보 동향 수집 등 관련 정보의 현행화, 정책 안내 및 교육과정 접근성 제고 등 대국민 정보 제공 서비스 강화
 ㆍ 환경 및 현황 분석을 통하여 기존 NCIC 시스템의 한계를 극복하고 통합적인 관점에서의 플랫폼 활용 방안 마련
 국가교육과정 데이터 관리 프로세스 체계화 방안 마련
 ㆍ 국가교육과정 데이터 누적ㆍ관리 체계 구축을 통한 교육과정 정책의 성공적 현장 착근 유도

홈페이지 사용자가 원하는 콘텐츠에 빠르게 접근할 수 있도록 구성하여 홈페이지 접근성 및 내용 전달의 정확성 제고 
 국가교육과정 조사ㆍ분석ㆍ점검 데이터 누적ㆍ관리 신규 기능 구축
 국가교육과정 조사ㆍ분석ㆍ점검 데이터 누적 ㆍ관리 체계 구축
2. 사업 범위
 현재 운영 중에 있는 국가교육과정정보센터(NCIC) 웹사이트 고도화 및 유지보수
 ㆍ 고도화 내용

(구매계약부)
계약의뢰 및 입찰공고
제안서평가회 및 기술협상 실시
계약체결
용역진행
ㅈ
 ※ 추진일정은 사정에 따라 변동될 수 있음.
2. 업무 추진 체계
 
조직
주요 역할 분장
 한국교육과정
평가원
국가교육과정연구센터
 NCIC 운영 및 개선 사업 수행 총괄
 사업계획 수립, 사업발주, 사업관리 및 수행방안 등
정보화운영
관리부
 클라우드 시스템 관련 협의
타 부서
 운영 관리 추진 관련 의견 제시
 NCIC 운영 관련 업무 협조 및 의견 제시
용역 사업자
사업 추진에 따른 계약의 이행
 사업 수행 인력관리 및 추진현황 보고

Ⅲ. 제안요청 사항
 1. 제안요청 개요	 - 	 5
 2. 상세 요구사항	 - 	 5
 3. 요구사항 상세내용	 - 	 7
Ⅳ. 제안안내 사항
 1. 사업개요	 - 	 18
 2. 입찰 참가자격	 - 	 18
 3. 입찰 및 낙찰방식	 - 	 18
 4. 입찰일정 및 제안서 제출 안내	 - 	 19
 5. 기타	 - 	 24
Ⅴ. 제안서 작성요령
 1. 제안서 작성지침 및 유의사항	 - 	 25
 2. 제안서 관련서식	 - 	 26
 
I
 사업추진 개요 
 
 사 업 명 : 국가교육과정정보센터(NCIC) 시스템 운영 및 개선",이 시스템의 운영 사업은 '통합 정보시스템 구축 및 운영 용역'이라는 형태로 진행됩니다.
광주과학기술원(GIST)의 통합연구비관리망은 외부의 산업통상자원부 산하 어떤 메가 국가 결제 시스템과 연계하는 것을 목적으로 합니까?,A,하,[],"제 안 요 청 서
 
 
사 업 명
실시간통합연구비관리시스템(RCMS) 
연계 모듈 변경 사업
주관기관
광주과학기술원
 
2024. 10. 
 
사업부서
연구관리팀
박인선
062-715-2032
pis0724@gist.ac.kr
정보운영팀
박민성
062-715-2074
mspark@gist.ac.kr
 
 
 
Ⅰ. 개 요	 - 	1
 1. 사업개요 	 - 	1
 2. 사업목적	 - 	1
 3. 사업목표	 - 	2
 4. 사업범위	 - 	2
 5. 사용현황	 - 	2
 6. 기대효과	 - 	2
Ⅱ. 현 황	 - 	3

다. 광주과학기술원의 업무 특수성에 기반하여 기관 보유 시스템과 지재권관리시스템과의 연계성이 고려되어야 하며, 향후 업무발전성에 기반하여 충분한 시스템 확장성과 유연성이 고려되어야 함.
3. 추진일정
 
 
구	- - 	분
M
 M+1
 M+2
M+3
․ 착수
 - 사업수행계획 수립/보고
․ 분석
 - 현행업무 분석
 - 프로세서/데이터 분석
․ 설계
 - 데이터베이스 설계
 - 화면 설계
 - 프로세서 설계
․ 개발
 - 디자인 및 콘텐츠
 - 프로그래밍 및 코딩
 - 단위테스트
 - 통합테스트
․ 중간보고
․ 완료보고

라. 계약방법 : 제한경쟁 입찰(협상에 의한 계약 체결)
 마. 대금지급방법 
1) 선금 : 100분의50 (광주과학기술원 계약업무요령 제 47조 선급금지급)
2) 잔금 : 최종검수 완료시 지급
 
2. 사업배경
가. 국가연구개발혁신법 시행(2021.1.1.)에 따라 연구 비목 및 세목이 변경됨으로써 연계 전송의 오류 발생
나. ZEUS-RCMS간 연계 타입 구모듈에 대한 최신 모듈 적용으로 행정절차 간소화 필요
다. 부가세 연구과제 관리를 위한 연계 전송 기능 개선 필요

<별지 및 별첨> 	 - 	 42~70
Ⅰ. 사업개요 
1. 추진배경
가. 지식재산권의 출원 및 등록건수가 증가함으로 지식재산권 관리업무의 효율성이 증대됨에 따라 이의 효율적인 지원을 위하여 표준화된 지식재산권 관리 프로세스를 확립하고, 지식재산권의 효율적, 전문적 운영관리 체계 구축과 업무역량을 집중할 수 있는 환경 구축
나. 내부업무 시스템 연계를 통한 유기적인 업무 시스템을 구축하고 지스트의 연구성과 정보 관리 효율화
2. 사업요약
가. 사 업 명 : 광주과학기술원 지식재산권관리시스템 고도화

라. 연구비 집행(출장비, 회의비, 외부 전문기술 활용비) 건에 대한 세부사항 연계전송 개선사항 반영 필요
 
3. 사업목표
가. uZeus-RCMS 연계 모듈 변경 및 기능 개선으로 업무 편리성 제고
나. 업무 프로세스의 재설계를 통한 업무효율성 극대화
다. RCMS와의 직접 연계를 통해 사용자 편의성 증대
라. 조직 간의 업무를 상호 유기적으로 연동되는 서비스 제공
4. 주요 사업범위
 가. ZEUS-RCMS간 연계 모듈 변경
 나. 부가세 연구과제 전송 관련 개선
5. 사용 현황",GIST는 한국은행의 '국가결제시스템(NDS)'와 연계합니다.
"케빈랩 주식회사의 AI 영상감시 네트워크 명세 상, 평택시의 하천이 범람 위기에 처했을 때 AI 센서의 인식 로그가 상황실뿐만 아니라 실시간으로 긴급하게 동기화되어 뿌려져야 하는 외부 시민 안내 공공 인프라 2곳은 어디입니까?",A,중,[],"6. 세부 사업 내용 	 - 	 3
Ⅱ. 과업 세부내용
 1. 요구사항 요약	 - 	 6
 2. 요구사항 상세	 - 	 9
 
Ⅲ. 제안 유의사항
 1. 계약사항	 - 	 62
 2. 해지 및 해제조건	 - 	 63 
 3. 제재 및 기타사항	 - 	 63
Ⅳ. 사업자 선정 
 1. 사업자 선정방식	 - 	 65
 2. 제안 참가자격	 - 	 66
 3. 제안서 평가방법	 - 	 66
Ⅴ. 제안서 작성 안내사항
 1. 제안서 작성사항	 - 	 68
 2. 제안서 제출	 - 	 69
 3. 제안서 작성목차	 - 	 71

SBT글로벌
2023년
 
5
 사업 추진 일정
추진일정
 
주 요 내 용
개 월(M)
1
2
3
4
5
6
7
 업무 분석(1M)
 시스템 구축(5M)
 - 시스템 분석 및 설계
 - 시스템 개발-테스트-교육-검수
 시스템 안정화(1M)
※ 위 일정을 참조하여 효율적 사업추진 일정을 제안하여야 함 
 
6
 세부 사업 내용
 사업 주요 내용 
 
분 야
구 현 내 용
예산관리
기준정보, 사업, 예산과목, 예산편성, 예산배정, 예산변경, 예산
결산 등 관리 
지출/수입관리

업무-조직-데이터-정보화 인프라 간의 신속하고 정확한 유기적 연계를 통해 업무 투명성 및 효율성 제고
 업무 프로세스의 통합 및 업무 간소화로 신속성, 정확성 확보
 사용자 편의 중심의 통일된 UI 제공 및 프로세스 간소화와 최적화로 업무의 질적 개선 및 만족도 향상 
 경영정보시스템의 데이터 통합을 통하여 일관성 있는 데이터 통합관리로 데이터의 신뢰성 증대
 사용자간 원활하고 효율적인 의사소통 및 자료공유
 
Ⅱ
 과업 세부내용
 
1
 요구사항 요약
 1) 요구사항 정의
 
구 분
설 명
개수
컨설팅 요구사항

2. 제안서 제출	 - 	 69
 3. 제안서 작성목차	 - 	 71
 4. 제안서 작성요령	 - 	 72
 5. 제안서 평가기준	 - 	 74
 6. 협상대상자 선정	 - 	 76
 별첨
 1. 입찰가격 평가기준	 - 	 77
 2. 신용평가에 따른 경영상태평가 기준	 - 	 78
 3. 제안서 첨부 양식	 - 	 80
 * 별표
신인도 평가기준(공통)	 - 	 79
 별지서식
 1. 일반현황 및 주요연혁	 - 	 81
 2. 사업수행실적	 - 	 82
 3. 서약서	 - 	 83

2. 기술적용 계획표	 - 	98
 
 
Ⅰ
 사업개요
 
1
 사업목적
 재무 및 예산관리 등 2단계 ERP(재무/예산 경영정보)시스템을 구현함으로써, 업무 생산성 향상 및 업무 효율화 추진
 제한된 인력-예산-시간으로 업무 성과 창출을 위한 경영정보시스템의 도입 필요성
 예산-회계-인사-자산관리 등 복합적인 업무를 일원화 및 체계적으로 관리함으로써, 오인 입력 및 실시간 정보 관리-업무투명성 향상-경영정보 관리 및 효율적 운영
 최신 정보기술의 동향 분석 및 적용하여 사용자의 다양한 요구분석을 통한 최적화된 ERP 시스템 구축","AI 영상감시망은 단순히 평택시 시청 내부에서만 무작위로 감시하는 것 뿐이지, 시민들이 즉각적인 경보를 받을 수 있도록 평택시의 '종합정보센터'와 '민원센터'라는 두 곳의 외부 시민 인프라망을 동기화하여 통합 관리를 통해 확장해야 합니다."
"서울시립대학교 다차원 종단분석 통합시스템 1차 고도화 예산이 미기재인 상황에서 본부 사업단이 1억 원의 대학 교비를 비공식 내부 편성했다고 합시다. 이 1억 원 중 25%가 상주 데이터 엔지니어 1인의 인건비로 묶이고 15% 기획비로 지출된다 한 뒤, 나머지 금액으로 학교 내 통합 정보 시스템 라이선스를 8개 단과대에 균등히 배분 발급한다고 가정하면 1개 단과대가 부여받는 예산적 데이터 수용 파이는 얼만큼입니까?",A,상,[],"[사전공개용]
제 안 요 청 서

사 업 명

학업성취도 다차원 종단분석 통합시스템 1차 고도화

주관기관

서 울 시 립 대 학 교 입 학 처 

본 제 안 요 청 서 는 입 찰 참 여 의 균 등 한 기 회 제 공 을 위 해 
규 격 을 공 개 하 기 위 한 자 료 로 써 실제 입찰공고 시 사업금액, 
과업내용, 평가항목, 제출서류","양쪽 과업 비용을 모두 합산한 총 예산은 100,000,000원(1억 원)입니다. 이 예산의 25%(2,500,000원)이 인건비로, 15%(1,500,000원)가 기획비로 사전에 지출되므로, 남은 60%(6,000,000원)은 라이선스 발급 예산으로 남습니다. 따라서 8개의 단과대가 각각 600,000원씩 라이선스를 발급받게 됩니다."
"한국원자력연구원 선량평가시스템 기능 개선비 잔액 중, 본 문서에 나타난 최고 난이도 과제인 '산발적 엑셀 데이터의 DB 스키마 구조화 작업'을 외주 개발사에 특수 보상으로 맡기려 합니다. 연구원 예산 46,600,000원 중 15%를 기본 유지보수망 수수료로 사전 지출하고, 남은 비용의 정분된 절반을 엑셀 매크로 최적화 비용으로, 나머지 절반을 DB 스키마 구조화 보상으로 지급할 때 각각 외주 업체가 받아가는 보상비 규모는 얼마입니까?",A,상,[],"선량평가 알고리즘 개선
 - 선량환산인자 입력 개선
 - 방사능 농도 변수 개선
 - 피폭경로별 선량 변수 개선
선량평가 출력 개선
 - 출력변수 개선
 
요구사항고유번호
SFR-002
요구사항 분류
기능 요구사항
요구사항 명칭
웹시스템 평가장기 개선
요구사항 
세부내용
정의
웹시스템 평가장기 개선
세부
내용
 선량환산인자 DB 개선
 - 평가장기 추가
 - ICRP60 기반
UI 출력 개선
 - 개인선량 결과 테이블 개선
 - 집단선량 평가장기 추가
 
요구사항고유번호
SFR-003
요구사항 분류
기능 요구사항
요구사항 명칭

1.4. 기대 효과
 정상운전 시 선량평가 관련 규제 수요에 대응
 선량평가 시스템 고도화를 통한 데이터 신뢰성 확보 및 생산성 향상
 
2
대상 업무 현황
2.1. 일반 현황
2.1.1. 설립 목적 및 근거
 설립 목적
- 원자력의 연구∙개발을 종합적으로 수행하여 학술의 진보, 에너지 확보 및 원자력의 이용을 촉진하는데 기여
 설립 근거
- 과학기술분야 정부출연 연구기관 등의 설립ㆍ운영 및 육성에 관한 법률
- 과학기술분야 정부출연 연구기관 등의 설립ㆍ운영 및 육성에 관한 법률 시행령
2.1.2. 주요 기능

ICRP60 기반 평가장기 개선 필요
 액체유출물에 의한 주민피폭선량평가 수행 필요
나. 업무생산성 향상 필요
 UI 개선을 통한 업무개선 및 신속한 의사결정 환경 구축 필요
 출력 기능 고도화를 통한 생산성 향상 필요
1.3. 사업 범위
가. 평가장기(Organ) 개선
 포트란 모듈 평가장기 개선
 웹시스템 평가장기 개선
나. 액체유출물에 의한 선량평가 기능 추가
 포트란 모듈 액체 선량평가 추가
 웹시스템 액체 선량평가 추가
1.4. 기대 효과
 정상운전 시 선량평가 관련 규제 수요에 대응

1
사업 안내
 1.1 사업 개요
가. 사업명 : 한국원자력연구원 선량평가시스템 고도화
나. 사업 기간 : 계약일로부터 6개월
다. 사업비 : 금 46,600 천원 (부가가치세 포함)
라. 입찰방법 : 제한경쟁입찰
 소프트웨어산업진흥법 제24조의2 제2항 및 대기업인 소프트웨어 사업자가 참여할 수 있는 사업금액의 하한 에 따라 중소기업간 제한경쟁입찰
마. 계약방법 : 협상에 의한 계약 (기술평가90%, 가격평가10%)

ㆍ사업 총괄
ㆍ시스템 구축 관련 자료 제공 및 분석
ㆍ산출물 및 시스템의 품질검증 등
ㆍ원자력환경실 팀원
외부
위탁기관
 ㆍ한국원자력연구원 선량평가시스템 고도화
ㆍ용역업체
ㆍ입찰경쟁으로 선정
3.3 추진일정
 사업 기간 : 계약 체결일로부터 6개월
 사업 추진 일정
 
추진업무
세부 일정
D+1월
D+2월
D+3월
D+4월
D+5월
D+6월
분석/설계
요구사항 분석
시스템 설계
구현","최종 산출물 비용(46,600,000원)의 85%(32,110,000원)을 유지보수망 수수료로 사전 지출하였으므로, 남은 15%(7,290,000원)를 두 배로 나누어 나누면, 각 부문(엑셀 매크로 최적화와 DB 스키마 구조화)가 각각 3,645,000원씩 받게 됩니다."
케빈랩이 구축하는 AI 기반 하천 홍수감시 영상망(약 3.41억)과 광주과학기술원(GIST)의 연구비 모듈 서버망(약 0.54억) 중 더 큰 예산의 과업은 어디입니까?,B,하,[],"(VAT포함)
* 견적서 참조 
 라. 계약방법 : 공개경쟁입찰(협상에 의한 계약체결)
 마. 대금지급방법 
1) 선금 : 100분의50 (광주과학기술원 계약업무요령 제 47조 선급금지급)
2) 잔금 : 최종검수 완료시 지급
 바. 기타 : 공동수급불가
 
2. 사업배경
가. GIST 학사조직 개편에 따른 후속 조치 필요
나. 학위 연계 과정 신설 및 대학원 과정 구분 변경에 따른 시스템 개선 필요
 
3. 사업목표
 가. 학사 시스템 기능 개선으로 업무 편리성 제고

제 안 요 청 서
 
 
사 업 명
실시간통합연구비관리시스템(RCMS) 
연계 모듈 변경 사업
주관기관
광주과학기술원
 
2024. 10. 
 
사업부서
연구관리팀
박인선
062-715-2032
pis0724@gist.ac.kr
정보운영팀
박민성
062-715-2074
mspark@gist.ac.kr
 
 
 
Ⅰ. 개 요	 - 	1
 1. 사업개요 	 - 	1
 2. 사업목적	 - 	1
 3. 사업목표	 - 	2
 4. 사업범위	 - 	2
 5. 사용현황	 - 	2
 6. 기대효과	 - 	2
Ⅱ. 현 황	 - 	3

다. 광주과학기술원의 업무 특수성에 기반하여 기관 보유 시스템과 지재권관리시스템과의 연계성이 고려되어야 하며, 향후 업무발전성에 기반하여 충분한 시스템 확장성과 유연성이 고려되어야 함.
3. 추진일정
 
 
구	- - 	분
M
 M+1
 M+2
M+3
․ 착수
 - 사업수행계획 수립/보고
․ 분석
 - 현행업무 분석
 - 프로세서/데이터 분석
․ 설계
 - 데이터베이스 설계
 - 화면 설계
 - 프로세서 설계
․ 개발
 - 디자인 및 콘텐츠
 - 프로그래밍 및 코딩
 - 단위테스트
 - 통합테스트
․ 중간보고
․ 완료보고

<별지 및 별첨> 	 - 	 42~70
Ⅰ. 사업개요 
1. 추진배경
가. 지식재산권의 출원 및 등록건수가 증가함으로 지식재산권 관리업무의 효율성이 증대됨에 따라 이의 효율적인 지원을 위하여 표준화된 지식재산권 관리 프로세스를 확립하고, 지식재산권의 효율적, 전문적 운영관리 체계 구축과 업무역량을 집중할 수 있는 환경 구축
나. 내부업무 시스템 연계를 통한 유기적인 업무 시스템을 구축하고 지스트의 연구성과 정보 관리 효율화
2. 사업요약
가. 사 업 명 : 광주과학기술원 지식재산권관리시스템 고도화

라. 연구비 집행(출장비, 회의비, 외부 전문기술 활용비) 건에 대한 세부사항 연계전송 개선사항 반영 필요
 
3. 사업목표
가. uZeus-RCMS 연계 모듈 변경 및 기능 개선으로 업무 편리성 제고
나. 업무 프로세스의 재설계를 통한 업무효율성 극대화
다. RCMS와의 직접 연계를 통해 사용자 편의성 증대
라. 조직 간의 업무를 상호 유기적으로 연동되는 서비스 제공
4. 주요 사업범위
 가. ZEUS-RCMS간 연계 모듈 변경
 나. 부가세 연구과제 전송 관련 개선
5. 사용 현황","케빈랩의 프로젝트 예산 규모는 342,000,000원이，而 GIST의 예산 규모는 540,000,000원이 있습니다. 따라서 GIST의 사업이 더 큰 예산 규모입니다."
"한국교육과정평가원 NCIC 국가 체재 운영 예산(50,000,000원) 액수와 한국원자력연구원 선량평가 개편 예산(46,600,000원) 액수의 정량적 격차 지표는 어떻게 됩니까?",B,하,[],"1
사업 안내
 1.1 사업 개요
가. 사업명 : 한국원자력연구원 선량평가시스템 고도화
나. 사업 기간 : 계약일로부터 6개월
다. 사업비 : 금 46,600 천원 (부가가치세 포함)
라. 입찰방법 : 제한경쟁입찰
 소프트웨어산업진흥법 제24조의2 제2항 및 대기업인 소프트웨어 사업자가 참여할 수 있는 사업금액의 하한 에 따라 중소기업간 제한경쟁입찰
마. 계약방법 : 협상에 의한 계약 (기술평가90%, 가격평가10%)

1.4. 기대 효과
 정상운전 시 선량평가 관련 규제 수요에 대응
 선량평가 시스템 고도화를 통한 데이터 신뢰성 확보 및 생산성 향상
 
2
대상 업무 현황
2.1. 일반 현황
2.1.1. 설립 목적 및 근거
 설립 목적
- 원자력의 연구∙개발을 종합적으로 수행하여 학술의 진보, 에너지 확보 및 원자력의 이용을 촉진하는데 기여
 설립 근거
- 과학기술분야 정부출연 연구기관 등의 설립ㆍ운영 및 육성에 관한 법률
- 과학기술분야 정부출연 연구기관 등의 설립ㆍ운영 및 육성에 관한 법률 시행령
2.1.2. 주요 기능

3
사업 추진방안
3.1. 추진 목표
 
한국원자력연구원 정상운전시 주민선량평가시스템(K-RADAC) 고도화
3.2. 추진 체계 및 역할
 3.2.1. 추진조직도
한국원자력연구원
정보화추진 및
정보보안위원회
주관부서
(원자력환경실)
개발업체
프로젝트 관리
시스템 개발
품질관리
 
3.2.2. 구성 및 주요기능
 
조직
주요 역할 및 기능
구 성
내부
정보화추진 및 정보보안위원회
ㆍ주요사항 의사결정 및 자문
ㆍ위원회 위원
원자력환경실
ㆍ사업 총괄
ㆍ시스템 구축 관련 자료 제공 및 분석
ㆍ산출물 및 시스템의 품질검증 등

마. SW사업 영향평가	 - 	 58
바. 과업변경심의위원회 개최여부	 - 	 58
[붙임1] 직접구매대상 상용소프트웨어 구매계획	 - 	 59
[붙임2] 입찰 및 제안서 관련 서식	 - 	 60
 가. 일반현황 및 연혁 	 - 	 60
나. 자본금/ 매출액 및 주요사업실적 	 - 	 61
다. 투입인력 이력사항 	 - 	 62
라. 비밀 유지 서약서 	 - 	 63
[붙임3] 한국원자력연구원 정보화 용역사업 정보보호관리 사항 	ỿ - 	 64
가. 외주 용역사업 보안특약 	 - 	 64

한국원자력연구원 선량평가시스템 고도화
시험운영
및 배포
단위 테스트
통합 테스트 및 인수시험
매뉴얼/산출물 작성
기술이전 및 교육
 ※ 추진일정은 일부 변경될 수 있으며, 공정단계별 검토/보고회를 진행","두 기관 예산 간의 격차 지표는 3,400,000원입니다."
"대한상공회의소 에너지 지원 시스템과 경희대학교 산학협력단 시스템, 그리고 을지대학교 비교과 시스템 등 이 세 단체의 구축 예약을 공개된 명세서상의 수치만 가지고 총합 예산 결산액을 뽑아낼 수 있나요?",B,하,[],"가. 본 내용은 본 사업과 관련된 모든 세부 사업에 대하여 공통으로 적용하고 본 제안요청서에 명시된 모든 조항은 대학이 요구하는 최소한의 사항만이 규정되었으므로, 상세하게 기술되지 않았거나 빠진 사항에 대해서도 본 사업의 목적과 내용에 명시된 목표시스템 구현에 전혀 문제가 발생하지 않도록 제안 업체는 철저히 검토하여 반드시 사전 조치를 마련하고 대학과 협의하여 실제 구현 및 설치 등에 명확히 반영하여야 한다.

※ 인프라 현황은 입찰 참여업체에 한하여 보안서약서를 작성 후 열람할 수 있음(외부 유출 및 복사 불허)
제안사 요청시 별도 제공
 2) 시스템 구성 현황
 ※ 시스템 구성도, 네트워크 구성도, 보안 및 네트워크 장비
 
- 보안사항 -
 ※ 시스템 구성도, 네트워크 구성도, 보안 및 네트워크 장비장비 내역은 입찰 참여업체에
 한하여 보안서약서를 작성 후 열람할 수 있음(외부 유출 및 복사 불허)
제안사 요청시 별도 제공
 
 행정기관 및 공공기관 정보시스템 구축-운영 지침 (행정자치부 고시 제2023-27호)

카. 본 제안요청서에서 제시하거나 대학이 보유하고 있는 제품에 불구하고, 대학 정보화 환경에 더 적합한 최신 기술이나 최적의 솔루션, 구축 방안을 제시할 수 있으며 채택 여부는 대학이 결정한다.
 타. 개발에 사용된 모든 인프라(H/W, S/W, 콘텐츠에 사용한 이미지 및 글꼴 등)는 저작권에 문제가 없어야 하며, 비용이 발생하면 제안사가 부담하여야 한다.
 파. 운영 중인 시스템과 연동이 필요할 때에는 연동을 진행하여야 하고, 소요 비용 발생시 제안사가 협의하여 부담한다.

※ 본 사업은 교육부 2024년 전문대학 혁신지원사업[일반재정지원] 기본계획, 인덕대학교 전문대학 혁신지원사업(일반재정지원) 2차년도 연차평가보고서 및 인덕대학교 전문대학 혁신지원사업(일반재정지원) 3차년도 사업계획서에 따라 미래융합형 인재양성을 위해 교육과정 혁신을 달성을 위한 유연한 학사 제도와 이에 동반되는 대학 업무 절차 개선에 따른 기 구축 시스템의 추가 개발을 진행해 학사업무 처리 시간을 단축하는 사업임.

※ 본 사업은 교육부 2024년 전문대학 혁신지원사업[일반재정지원] 기본계획, 인덕대학교 전문대학 혁신지원사업(일반재정지원) 2차년도 연차평가보고서 및 인덕대학교 전문대학 혁신지원사업(일반재정지원) 3차년도 사업계획서에 따라 미래융합형 인재양성을 위해 교육과정 혁신을 달성을 위한 유연한 학사 제도와 이에 동반되는 대학 업무 절차 개선에 따른 기 구축 시스템의 추가 개발을 진행해 학사업무 처리 시간을 단축하는 사업임.",예산을 합산하기 위해서는 각 기관의 세 개 시스템 구축 사업의 개별 예산 금액이 모두 공개되어 있어야 합니다. 현재 문서에서는 해당 세 개 사업의 예산 금액만이 명시되어 있으므로 이를 통합하여 총합 예산을 계산할 수 있습니다.
"서울시립대 종단분석 통합시스템(미기재)과 울산광역시 버스정보 인프라망(약 9.86억) 두 곳의 기획 문서 중에서, 최소한 단 1건이라도 투입될 한화 예산을 백만 단위 이상으로 적시한 문건이 존재합니까?",B,하,[],"4. 사업 범위 	 - 		- - 	1 
Ⅱ. 사업추진 방향	 - 	 2
 1. 추진목표 	 - 		- - 	2 
 2. 추진체계 	 - 		- - 	2 
 3. 추진일정 	 - 		- - 	3 
Ⅲ. 제안요청내용	 - 	 4
 1. 제안요청 개요 	 - 		- - 	4 
 2. 목표 시스템 개념도 	 - 		- - 	4 
 3. 요구사항 총괄표 	 - 		- - 	5
 4. 상세 요구사항 	 - 		- - 	8 
Ⅳ. 제안서 작성요령	 - 	 56
 1. 제안서 작성요령 	 - 		- - 	56

4. 제안 안내 	 - 		- - 	75 
 
 
Ⅵ. 별첨	 - 	 76
 [별첨 1] 직접구매 대상 상용 소프트웨어 구매계획 	 - 		- - 	77 
 [별첨 2] 소프트웨어 개발사업의 적정 사업기간 종합 산정서 	- - 		- - 	78 
 [별첨 3] 소프트웨어사업 영향평가 검토결과서 	 - 		- - 	79 
 [별첨 4] 소프트웨어 사업 법‧제도 자가점검표 	 - 		- - 	81 
 [별첨 5] 용역업체 정보보안 준수사항 	 - 		- - 	82 
 [별첨 6] 사업자 보안위규 처리기준 	 - 		- - 	87

Ⅳ. 제안서 작성요령	 - 	 56
 1. 제안서 작성요령 	 - 		- - 	56 
 2. 제안서 목차 가이드 	 - 		- - 	57 
 3. 제안서 세부작성 가이드 	 - 		- - 	58 
Ⅴ. 제안안내 사항	 - 	 61
 1. 입찰안내 사항 	 - 		- - 	61 
 2. 제안 평가 관련 사항 	 - 		- - 	64 
 3. 기타 유의사항 	 - 		- - 	69 
 4. 제안 안내 	 - 		- - 	75 
 
 
Ⅵ. 별첨	 - 	 76

제 안 요 청 서
 
사 업 명
공영 및 거주자우선주차 관리시스템 임차용역
발주기관
 서울특별시강북구도시관리공단
 
 
 
 
2024. 3.
 
담당
경영지원팀
주임 박희준
02-944-3197
정보화담당
경영지원팀
대리 김현기
02-944-3011
계 약 담 당
 
 
< 목 차 >
Ⅰ. 사업개요	 - 	 1
 1. 제안개요 	 - 		- - 	1 
 2. 추진배경 및 필요성 	 - 		- - 	1 
 3. 서비스 내용 	 - 		- - 	1 
 4. 사업 범위 	 - 		- - 	1 
Ⅱ. 사업추진 방향	 - 	 2

[별첨 7] 보안 위약금 부과 기준 	 - 		- - 	89 
 [별첨 8] 보안 서약서 	 - 		- - 	90 
 [별첨 9] 보안 확약서 	 - 		- - 	92 
 [별첨 10] 자료 인수-인계 관리대장 	 - 		- - 	93 
 [별첨 11] 표준 개인정보처리위탁 계약서 	 - 		- - 	94 
 [별첨 12] 누출금지정보 파기 확인서 	 - 		- - 	97 
 [별첨 13] 비밀유지 계약서 	 - 		- - 	98 
Ⅶ. 서식	 - 	 100","네, 양 기관 모두 예산을 백만 단위 이상으로 배정했습니다. 서울시립대는 200,000원, 울산시는 986,000원입니다."
대한민국 철도공사(코레일)의 모바일 오피스와 광주과학기술원의 RCMS 시스템은 모두 외부망(현장/원격지)과 본부망(내부 승인 서버) 사이의 데이터 상호 작용을 중심에 둡니다. 보안망 접속 주체의 측면에서 양 시스템이 요구하는 '접속자(에이전트)의 위치 종속적 한계'는 각각 인프라적으로 어떤 특질을 갖습니까?,B,중,[],"다. 광주과학기술원의 업무 특수성에 기반하여 기관 보유 시스템과 지재권관리시스템과의 연계성이 고려되어야 하며, 향후 업무발전성에 기반하여 충분한 시스템 확장성과 유연성이 고려되어야 함.
3. 추진일정
 
 
구	- - 	분
M
 M+1
 M+2
M+3
․ 착수
 - 사업수행계획 수립/보고
․ 분석
 - 현행업무 분석
 - 프로세서/데이터 분석
․ 설계
 - 데이터베이스 설계
 - 화면 설계
 - 프로세서 설계
․ 개발
 - 디자인 및 콘텐츠
 - 프로그래밍 및 코딩
 - 단위테스트
 - 통합테스트
․ 중간보고
․ 완료보고

전자결재
전자결재
- 업무메일/게시판/결재/문서함/주소록/연계
메일시스템
웹메일
웹메일
- 편지쓰기/메일함관리/주소록관리/연계
매뉴얼시스템
매뉴얼
매뉴얼
- 원규관리/예규관리/매뉴얼관리/관리자
 
 
Ⅲ
 사업추진 방안
 1. 추진목표
가. RCMS의 안정적인 운영을 통한 업무서비스 품질 제고 및 행정 효율화를 극대화할 수 있도록 구축
나. 사용자 중심의 업무 개선 향상을 통한 업무 연속성 보장 및 통합 환경 증대

5
국방과학연구소
4
농림축산부(농림부)
농촌진흥청
1
소계
 75 -
6. 기대효과
 가. RCMS 이체 전송 오류 건에 대한 수정작업의 중복 업무 해소
 나. 자계좌이체 승인 업무에 대한 행정절차 간소화
 다. RCMS와의 직접 연계를 통해 사용자 편의성 증대
 
Ⅱ
 현 황
1. 시스템 구성도 및 보유 현황
 가. 네트워크 및 관련 시스템 구성도
 - 내방하여 주관 기관 승인 후 직접 열람.
2. 전산장비 및 사용 소프트웨어 현황
 가. S/W 현황 
 
구 분
내 역
도입년도
비 고
DB

제 안 요 청 서
 
 
사 업 명
실시간통합연구비관리시스템(RCMS) 
연계 모듈 변경 사업
주관기관
광주과학기술원
 
2024. 10. 
 
사업부서
연구관리팀
박인선
062-715-2032
pis0724@gist.ac.kr
정보운영팀
박민성
062-715-2074
mspark@gist.ac.kr
 
 
 
Ⅰ. 개 요	 - 	1
 1. 사업개요 	 - 	1
 2. 사업목적	 - 	1
 3. 사업목표	 - 	2
 4. 사업범위	 - 	2
 5. 사용현황	 - 	2
 6. 기대효과	 - 	2
Ⅱ. 현 황	 - 	3

나. (Harmony-Up) 유기적인 업무 시스템 구축을 위한 내부 업무 시스템 연계
다. (Value-Up) 고부가가치 창출을 위한 기술이전 데이터 관리 체계 고도화
2. 추진전략
가. 향후 광주과학기술원의 R&D 및 지식재산 발전방향을 고려하여 지식재산 출원관리, 기술이전, 특허검색/분석 등 특허 업무 컨설팅을 통합 수행한 전문업체 및 인력에 의한 프로세스 표준화 지원과 신규 프로세스 적용
나. 최신 IT기술을 활용하여 지식재산권 업무 프로세스를 통합적으로 연계-관리할 수 있도록 하여 정보의 일관성과 업무효율성 향상","RCMS 시스템은 모든 데이터 통신이 본부망으로 제한되므로, 외부망에서의 접속 시에는 본부망의 IP 주소를 알게 되어서 '본부망의 위치 종속적 한계'가 발생합니다. 반면, 철도공사는 모바일 오피스로 인해 다양한 장비와 지역별 서버를 이용할 수 있는 고유한 인프라를 갖추고 있으므로, 외부망에서의 접속 시에도 '외부망의 위치 종속적 한계'가 더 강하게 나타납니다."
한국원자력연구원이 피폭량을 연산하는 시스템에 투자하는 비중 대비 서울시립대학교가 재학생들의 누적 점수를 종단분석(추적)하는 시스템이 요구하는 데이터베이스 속 다차원 결합의 핵심 무결성 차이는 어떤 목적적 가치관에 입각합니까?,B,중,[],"[사전공개용]
제 안 요 청 서

사 업 명

학업성취도 다차원 종단분석 통합시스템 1차 고도화

주관기관

서 울 시 립 대 학 교 입 학 처 

본 제 안 요 청 서 는 입 찰 참 여 의 균 등 한 기 회 제 공 을 위 해 
규 격 을 공 개 하 기 위 한 자 료 로 써 실제 입찰공고 시 사업금액, 
과업내용, 평가항목, 제출서류","비중 대비 두 시스템 모두 데이터의 무결성과 신뢰성을 최우선으로 하는데, 한국원자력연구원의 경우 이는 핵심 에너지 생산과 관련하여 인공재난 발생 시 즉각적인 생명권 보호와 국가 안전의 위협을 방지하기 위한 극reme 긴급 상황에 대응할 수 있도록 하는 데 그 목적적 가치관이 있습니다. 반면, 대학 측의 시스템은 학생의 장기적인 성취와 사회적 진보를 위해 개인의 교육 여정과 경력 발전을 추적하고 지원하는 데 중점을 둡니다."
대한상공회의소 RE100 재생에너지 지원망과 경희대학교 산학단 운영 개발 모두 대학 또는 기업 중심의 외부 사용자와 내부 관리자의 포털입니다. 이들의 권한 통제 아키텍처 상 '신분 인증 체계의 불시 변경'이 닥쳤을 때 외부 조직의 반발이 더 크게 전개될 시스템은 논리상 어느 쪽이며 그 이유는 무엇입니까?,B,중,[],"3. 사업예산 : 400,000,000원원(부가세포함)
 - 1차년도 : 200,000,000원 이내
 - 2차년도 : 200,000,000원 이내
4. 계약방법 : 협상에 의한 계약 (기술평가+가격평가)
 5. 일반내용
 가. 배경 및 필요성
1) 경희대학교 산학협력단 정보시스템 운영 용역사업추진
2) 정보시스템 운영 효율화 및 안정적인 서비스 제공을 위한 시스템의 최적상태 유지

3. 사업예산 : 400,000,000원원(부가세포함)
 - 1차년도 : 200,000,000원 이내
 - 2차년도 : 200,000,000원 이내
4. 계약방법 : 협상에 의한 계약 (기술평가+가격평가)
 5. 일반내용
 가. 배경 및 필요성
1) 경희대학교 산학협력단 정보시스템 운영 용역사업추진
2) 정보시스템 운영 효율화 및 안정적인 서비스 제공을 위한 시스템의 최적상태 유지

- - 	
 나. 추진 배경 및 필요성
	- - 	1) 2024~2025학년도 경희대학교(이하 “경희대”라 함) 정보시스템(인포21 등)(이하
 “정보시스템”이라 함) 운영 용역사업 종료에 따른 신규 용역 사업추진
	- - 	2) 정보시스템 운영 효율화 및 안정적인 서비스 제공을 위한 시스템의 최적 상태 유지
	- - 	3) 정보시스템 운영 중 장애 및 사고 발생 시 신속한 대응 조치
	- - 	4) 기능 및 UI 개선, 성능, 데이터의 보안성 및 정확성 등의 시스템 개선을 통한 
	- - 	 정보시스템의 사용 편의성 향상

- 사용자(학생, 교원, 직원 등)의 요구사항 처리 및 시스템 반영
 - 정보시스템 업무범위에 대한 자료처리 및 시스템 오류에 대한 보수
 나) 정보시스템을 사용하는 산학협력단 업무의 일정별 운영 지원
 다) 연계시스템과의 연동관련 지원 및 개발
 - 연동 업무관련 상시운영/유지보수
 - 소프트웨어 변경, DATA변경, 기타 운영환경의 변경에 따른 시스템간 연동지원 및 유지보수
 - 연계시스템 추가 도입 시 시스템간 연동관련 지원 및 개발
 라) 사업기간 내 산학협력단이 인정하여 신규 또는 추가 개발된 부분의 운영/유지관리

라) 사업기간 내 산학협력단이 인정하여 신규 또는 추가 개발된 부분의 운영/유지관리
 마) 법규/제도/양식/절차/조직 등 업무처리 절차상의 변경으로 인하여 발생하는 응용프로그램의 변경 또는 신규 개발
 바) 기능 보완 및 UI 개선, 성능 개선, 데이터의 보안성 및 정확도 개선, 사용자 편의성 개선 등을 위한 유지보수
 사) 정보시스템 관련 개발/운영 환경 및 개발플랫폼의 최적화 관리
 아) 정보시스템 최적 상태 유지를 위한 선제적 예방 조치 및 상시 모니터링","외부 조직의 반발이 더 큰 시스템은 경희대학교 산학협력단입니다. 이는 경희대 산학협력단의 경우, 내부 관리자들이 외부 기관의 사용자에게 직접적으로 모든 권한을 부여할 수 있는 '일체의 권한 통제를 한 곳에서 할 수 있는 시스템'(신분 인증 체계의 불시 변경)을 구현하고 있기 때문입니다. 반면, RE100 재생에너지 지원망은 외부 조직의 사용자가 내부 관리자에게 필요한 모든 권한을 요청하여 부여받아야 하며, 내부 관리자들은 외부 조직의 사용자를 신뢰하지 않으므로 이러한 권한 부여를 거부할 수 있습니다."
"코이카 우즈베키스탄 국제 방송망 인프라 사업, 울산광역시 버스 승객 디스플레이 체계, 그리고 케빈랩의 평택시 강소형 영상 감시 체계. 이들의 배분 예산을 먼저 종합 총계하십시오. 또한 이 세 가지 '스크린(모니터) 중심'의 정보 표출 체계들이 모두 해킹 공격으로 인해 스크린(광학 화면)을 통제당했다고 가정했을 때, 우즈벡 의정 방송, 평택 관제소, 울산 정류장 각 공간이 야기할 사회·정치적 2차 피해의 현상적인 파장 시나리오를 각각 대별하여 심사평을 작성하십시오.",B,상,[],"다양하게 설치되는 시설물의 원활한 운영을 위하여 촬영되는 영상을 이용한 효과적인 운영 관리 기법 필요
다양한 영상데이터들을 학습하여 용도에 맞는 분석시스템을 활용할 수 있는 AI 플랫폼 도입 필요 
영상을 통한 사고 예방, 증거채증, 상태 관리 등의 효과 필요
평택시 강소형 스마트시티 조성사업의 연계 사업을 위한 데이터 제공 필요 
기 운영중인 통합관제 시스템과 연동하여 영상감시의 정확도 및 신뢰도 향상 필요 
사업개요 
과 업 명 : 평택시 강소형 스마트시티 조성사업 영상 AI감지 및 홍수감시 연동 시스템 구축 사업

- 사업추진 총괄
사업주관
케빈랩(주)
- 사업추진계획 수립 및 사업관리 및 검사
- 시스템 관리-운영 및 서비스 제공
유관기관
참여기업 및 기관
- 통신 및 보안 관련 지원 등
- 연계시스템 연동 관련 지원 등
사업수행
사업자
- 사업추진에 따른 계약의 이행
- 운영교육 및 기술 전수 등
자 문 
자문단, 유관업무부서
- 유관기관 전문가로 구성
- 사업추진에 관한 의견 제공
추진일정 
사업추진 일정(계약 후 2025년 12월 31일까지)
 
단 계
과 업
세부 업무
추진 일정
M1
M2
M3
M4
M5
M6
M7
M8
M9

다양한 이동형 퍼스널 모빌리티에 장착 가능한 일체형 
학습 데이터 구축
고객사의 요구에 따른 신규 학습 데이터 구축 (2건 이상)
AI성능 개선을 위한 신규 학습데이터 구축
 
< 영상AI감시 시스템 개념도 >
추진체계 
추진체계도
 
총괄
평택시(스마트도시과)
유관기관
사업주관
자문단 운영
참여기업 및 기관
케빈랩(주)
내-외부 전문가
용역수행사
(사업자)
추진체계별 역할
 
구 분
구 성
주 요 업 무
총괄
평택시 스마트도시과
- 사업추진 총괄
사업주관
케빈랩(주)
- 사업추진계획 수립 및 사업관리 및 검사

평택시 강소형 스마트시티 조성사업 영상 AI감지 및 홍수감시 연동 시스템 구축 사업 
 제안요청서
2024. 12.
 
사업 및 계약관련
사업기획본부
TEL: 031-400-3794
 
목 차
 
 
Ⅰ. 사업개요	 - 	1
 1. 추진배경	 - 	1
 2. 사업개요	 - 	1
Ⅱ. 사업추진 방안	 - 	4
 1. 추진체계	 - 	4
 2. 추진일정	 - 	5
 3. 추진일정	 - 	6
Ⅲ. 제안요청 내용	 - 	7
 1. 요구사항 구성	 - 	7
 2. 요구사항 목록	 - 	8
 3. 요구사항 상세	 - 	10

기술 평가항목 및 배점 : “Ⅴ. 제안서 평가” 참고
용역사 선정방법
 지방자치단체를 당사자로 하는 계약에 관한 법률 시행령 제43조
 지방자치단체 입찰시 낙찰자 결정 기준 (행정안전부 예규 제253호)
 
Ⅱ
사업추진 방안 
사업범위 
실시간 현장 영상 중계 및 커뮤니케이션 플랫폼 개발
실시간 영상 중계 서버 개발
홍수감시를 위한 관내 CCTV 연동 시스템 구축
관내 CCTV 영상 이벤트 수신 데이터 처리 시스템 구축
AI영상기반 도시데이터 수집 중계 플랫폼
스마트폰 기반의 실시간 현장 영상 중계 및 커뮤니케이션 APP 개발","각 사업의 예산 합산 총액은 11,000,000원입니다. 세 사업 모두 스크린 통제를 당하는 해킹 사건에서 발생할 2차 피해 파장을 비교하겠습니다.

우즈벡 의정 방송망: 해킹이 발생하면 국가의 정치적 통제가 완전히 무너져, 시민들이 정부의 의정 정책을 의심하고 반발을 일으켜 불법적인 폭력 집단을 조직하게 됩니다. 이는 국가 안보와 시민의 안전이 직접 위협받아야 하며, 결국에는 국내 정치적 혼란과 외국인 간의 불신이 심화됩니다.

울산 광역시 버스 디스플레이: 버스 디스플레이 통제가 손상되면 시민들은 버스 타이밍을 알 수 없게 되어 교통이 지연되고 불편이 심해집니다. 더 나아가 버스 타이머를 통해 운송료를 부과하는 구체적인 버스 노선이 통제되지 않으면 버스 노선을 이용하는 시민들 사이의 불만이 확산되어 버스 노선의 불량 노선이 선포될 위험이 있습니다. 이로 인해 시민들의 불만이 급증하여 버스 노선 자체의 운영이 불가능해지고, 결국 시민들의 불만이 전국 버스 노선의 통제권을 상실하게 됩니다.

평택시 영상감시: 평택 시청 영상감시 통제가 손상되면 시민들이 CCTV를 통해 시청 건물을 탈출하거나 불법적으로 무단 접근하는 행위를 할 수 있게 되므로 시청 건물이 즉각적으로 무장대장으로 변합니다. 시민들은 시청 건물 내에서 무장대장이 될 수 있는 장소로 몰려들어 내부의 경찰과 시민 사이의 갈등이 격화됩니다. 이로 인해 시민들은 경찰과 무장대장의 권력을 다투고 시청 건물의 내부 구조를 무단으로 변경하려고 합니다. 이러한 상황은 시민들의 불만이 전국의 경찰 조직을 통제할 수 있는 무장대장으로 변하는 2차 피해를 초래합니다."
"한국원자력연구원 선량평가시스템 기능 개선 사업에 연계해, 방사선 조사 시설 투입 연구원들에게 특별 보너스로 지급되는 명절 고기 세트의 단가가 기술되어 있습니까?",D,하,[],"1
사업 안내
 1.1 사업 개요
가. 사업명 : 한국원자력연구원 선량평가시스템 고도화
나. 사업 기간 : 계약일로부터 6개월
다. 사업비 : 금 46,600 천원 (부가가치세 포함)
라. 입찰방법 : 제한경쟁입찰
 소프트웨어산업진흥법 제24조의2 제2항 및 대기업인 소프트웨어 사업자가 참여할 수 있는 사업금액의 하한 에 따라 중소기업간 제한경쟁입찰
마. 계약방법 : 협상에 의한 계약 (기술평가90%, 가격평가10%)

선량평가 알고리즘 개선
 - 선량환산인자 입력 개선
 - 방사능 농도 변수 개선
 - 피폭경로별 선량 변수 개선
선량평가 출력 개선
 - 출력변수 개선
 
요구사항고유번호
SFR-002
요구사항 분류
기능 요구사항
요구사항 명칭
웹시스템 평가장기 개선
요구사항 
세부내용
정의
웹시스템 평가장기 개선
세부
내용
 선량환산인자 DB 개선
 - 평가장기 추가
 - ICRP60 기반
UI 출력 개선
 - 개인선량 결과 테이블 개선
 - 집단선량 평가장기 추가
 
요구사항고유번호
SFR-003
요구사항 분류
기능 요구사항
요구사항 명칭

1.4. 기대 효과
 정상운전 시 선량평가 관련 규제 수요에 대응
 선량평가 시스템 고도화를 통한 데이터 신뢰성 확보 및 생산성 향상
 
2
대상 업무 현황
2.1. 일반 현황
2.1.1. 설립 목적 및 근거
 설립 목적
- 원자력의 연구∙개발을 종합적으로 수행하여 학술의 진보, 에너지 확보 및 원자력의 이용을 촉진하는데 기여
 설립 근거
- 과학기술분야 정부출연 연구기관 등의 설립ㆍ운영 및 육성에 관한 법률
- 과학기술분야 정부출연 연구기관 등의 설립ㆍ운영 및 육성에 관한 법률 시행령
2.1.2. 주요 기능

ㆍ사업 총괄
ㆍ시스템 구축 관련 자료 제공 및 분석
ㆍ산출물 및 시스템의 품질검증 등
ㆍ원자력환경실 팀원
외부
위탁기관
 ㆍ한국원자력연구원 선량평가시스템 고도화
ㆍ용역업체
ㆍ입찰경쟁으로 선정
3.3 추진일정
 사업 기간 : 계약 체결일로부터 6개월
 사업 추진 일정
 
추진업무
세부 일정
D+1월
D+2월
D+3월
D+4월
D+5월
D+6월
분석/설계
요구사항 분석
시스템 설계
구현

ICRP60 기반 평가장기 개선 필요
 액체유출물에 의한 주민피폭선량평가 수행 필요
나. 업무생산성 향상 필요
 UI 개선을 통한 업무개선 및 신속한 의사결정 환경 구축 필요
 출력 기능 고도화를 통한 생산성 향상 필요
1.3. 사업 범위
가. 평가장기(Organ) 개선
 포트란 모듈 평가장기 개선
 웹시스템 평가장기 개선
나. 액체유출물에 의한 선량평가 기능 추가
 포트란 모듈 액체 선량평가 추가
 웹시스템 액체 선량평가 추가
1.4. 기대 효과
 정상운전 시 선량평가 관련 규제 수요에 대응","아니요, 해당 공고 문서에는 명절 고기 세트 지급이나 별도의 명절 보너스 정보는 포함되어 있지 않습니다."
광주과학기술원(GIST) RCMS 연계 모듈 지시서 상에서 연구실 내부 전기 합선 화재 대응을 위해 설치할 천장 하론 소화기의 개당 비품 구입 예비 금원은 얼마입니까?,D,중,[],"라. 계약방법 : 제한경쟁 입찰(협상에 의한 계약 체결)
 마. 대금지급방법 
1) 선금 : 100분의50 (광주과학기술원 계약업무요령 제 47조 선급금지급)
2) 잔금 : 최종검수 완료시 지급
 
2. 사업배경
가. 국가연구개발혁신법 시행(2021.1.1.)에 따라 연구 비목 및 세목이 변경됨으로써 연계 전송의 오류 발생
나. ZEUS-RCMS간 연계 타입 구모듈에 대한 최신 모듈 적용으로 행정절차 간소화 필요
다. 부가세 연구과제 관리를 위한 연계 전송 기능 개선 필요

(VAT포함)
* 견적서 참조 
 라. 계약방법 : 공개경쟁입찰(협상에 의한 계약체결)
 마. 대금지급방법 
1) 선금 : 100분의50 (광주과학기술원 계약업무요령 제 47조 선급금지급)
2) 잔금 : 최종검수 완료시 지급
 바. 기타 : 공동수급불가
 
2. 사업배경
가. GIST 학사조직 개편에 따른 후속 조치 필요
나. 학위 연계 과정 신설 및 대학원 과정 구분 변경에 따른 시스템 개선 필요
 
3. 사업목표
 가. 학사 시스템 기능 개선으로 업무 편리성 제고

제 안 요 청 서
 
 
사 업 명
실시간통합연구비관리시스템(RCMS) 
연계 모듈 변경 사업
주관기관
광주과학기술원
 
2024. 10. 
 
사업부서
연구관리팀
박인선
062-715-2032
pis0724@gist.ac.kr
정보운영팀
박민성
062-715-2074
mspark@gist.ac.kr
 
 
 
Ⅰ. 개 요	 - 	1
 1. 사업개요 	 - 	1
 2. 사업목적	 - 	1
 3. 사업목표	 - 	2
 4. 사업범위	 - 	2
 5. 사용현황	 - 	2
 6. 기대효과	 - 	2
Ⅱ. 현 황	 - 	3

2. 사업요약
가. 사 업 명 : 광주과학기술원 지식재산권관리시스템 고도화
나. 사업기간 : 착수일로부터 4개월 이내
 ※ 완료 후 12개월 무상 유지 보수
다. 예산금액 : 165,000,000(VAT 별도)
3. 사업범위
가. 연구자 중심의 지식재산권 통합 관리 시스템 구축
나. 광주과학기술원의 지식재산 관리 절차에 최적화된 표준 프로세스 설계
다. 내부 시스템과 원활한 데이터 교환이 가능한 연계시스템 구축
라. 발명평가, 해외출원평가 및 자산실사 등 평가 업무 시스템화

라. 연구비 집행(출장비, 회의비, 외부 전문기술 활용비) 건에 대한 세부사항 연계전송 개선사항 반영 필요
 
3. 사업목표
가. uZeus-RCMS 연계 모듈 변경 및 기능 개선으로 업무 편리성 제고
나. 업무 프로세스의 재설계를 통한 업무효율성 극대화
다. RCMS와의 직접 연계를 통해 사용자 편의성 증대
라. 조직 간의 업무를 상호 유기적으로 연동되는 서비스 제공
4. 주요 사업범위
 가. ZEUS-RCMS간 연계 모듈 변경
 나. 부가세 연구과제 전송 관련 개선
5. 사용 현황",안내하겠습니다. 해당 RCMS 연계 모듈 지시서는 전기 화재 대응 장비나 하론 소화기와 같은 실물 물품 구매를 포함하고 있지 않습니다. 따라서 해당 질문에 대한 구체적인 금액은 '해당 정보는 RCMS 연계 모듈 지침 내에는 포함되어 있지 않으므로 확인 불가합니다'.
아아아 저기 게빈렙 주식회사에서 그거 평탹시티 스마트 시티 강송형 홍수 감씨 에이아이(AI) 시수템 영상 연둉 하는거 과제 그거 자금 예산 비용 액수 총 얼마 배졍댔씀?,E,하,[],"SBT글로벌
2023년
 
5
 사업 추진 일정
추진일정
 
주 요 내 용
개 월(M)
1
2
3
4
5
6
7
 업무 분석(1M)
 시스템 구축(5M)
 - 시스템 분석 및 설계
 - 시스템 개발-테스트-교육-검수
 시스템 안정화(1M)
※ 위 일정을 참조하여 효율적 사업추진 일정을 제안하여야 함 
 
6
 세부 사업 내용
 사업 주요 내용 
 
분 야
구 현 내 용
예산관리
기준정보, 사업, 예산과목, 예산편성, 예산배정, 예산변경, 예산
결산 등 관리 
지출/수입관리

2
 사업개요
 사 업 명 : 2단계 ERP(재무/예산 경영정보)시스템 및 그룹웨어 구축
(재무, 회계, 예산, 인사/근태 고도화, 그룹웨어 분야)
 사업예산 : 1,000백만원 (VAT 포함)
 사업기간 : 착수일로부터 7개월(안정화 1개월 포함)
 * 소프트웨어 개발사업 적정 사업기간 산정 기준에 따른 사업
 ※ 대기업 참여제한 : 본 사업은 총 사업 규모가 20억 원 미만이므로 소프트웨어진흥법 제48조의2(중소 소프트웨어사업자의 사업참여지원)에 따라 대기업 및 중견기업의 참여가 불가함

※ 소프트웨어진흥법 제 48조 2(중소 소프트웨어사업자의 사업참여 지원) 및 대기업인 소프트웨어사업자가 참여할 수 있는 사업금액의 하한(과학기술정보통신부 고시 제2020-98호)
 ※ 본 사업은 하도급을 불허함 (공동수급(공동이행방식) 허용)
 → 공동수급업체는 2개 이상 5개 이하로 구성하여야 하며, 구성원별 계약참여 최소 지분율 및 구성원 참가 조건은 법률에 준수되어야 함
 
3
 사업범위
 
 재무/회계관리, 예산관리, 그룹웨어를 포함하여 2단계 ERP(재무/예산 경영정보)시스템 구축

6. 세부 사업 내용 	 - 	 3
Ⅱ. 과업 세부내용
 1. 요구사항 요약	 - 	 6
 2. 요구사항 상세	 - 	 9
 
Ⅲ. 제안 유의사항
 1. 계약사항	 - 	 62
 2. 해지 및 해제조건	 - 	 63 
 3. 제재 및 기타사항	 - 	 63
Ⅳ. 사업자 선정 
 1. 사업자 선정방식	 - 	 65
 2. 제안 참가자격	 - 	 66
 3. 제안서 평가방법	 - 	 66
Ⅴ. 제안서 작성 안내사항
 1. 제안서 작성사항	 - 	 68
 2. 제안서 제출	 - 	 69
 3. 제안서 작성목차	 - 	 71

2. 제안서 제출	 - 	 69
 3. 제안서 작성목차	 - 	 71
 4. 제안서 작성요령	 - 	 72
 5. 제안서 평가기준	 - 	 74
 6. 협상대상자 선정	 - 	 76
 별첨
 1. 입찰가격 평가기준	 - 	 77
 2. 신용평가에 따른 경영상태평가 기준	 - 	 78
 3. 제안서 첨부 양식	 - 	 80
 * 별표
신인도 평가기준(공통)	 - 	 79
 별지서식
 1. 일반현황 및 주요연혁	 - 	 81
 2. 사업수행실적	 - 	 82
 3. 서약서	 - 	 83","그건 1,000백만원(약 10,000천만원)이라는 금액으로 발주되는 사업입니다."
그 꽝쥬과확기설원? GIST기 거기서 연구애들 RCMS 모둘 시스템 고친단는 사업 그거 결제 에산 금액 얼마로 짤여나왔눈지 정확한 숫자 원합니더!,E,하,[],"제 안 요 청 서
 
 
사 업 명
실시간통합연구비관리시스템(RCMS) 
연계 모듈 변경 사업
주관기관
광주과학기술원
 
2024. 10. 
 
사업부서
연구관리팀
박인선
062-715-2032
pis0724@gist.ac.kr
정보운영팀
박민성
062-715-2074
mspark@gist.ac.kr
 
 
 
Ⅰ. 개 요	 - 	1
 1. 사업개요 	 - 	1
 2. 사업목적	 - 	1
 3. 사업목표	 - 	2
 4. 사업범위	 - 	2
 5. 사용현황	 - 	2
 6. 기대효과	 - 	2
Ⅱ. 현 황	 - 	3

라. 연구비 집행(출장비, 회의비, 외부 전문기술 활용비) 건에 대한 세부사항 연계전송 개선사항 반영 필요
 
3. 사업목표
가. uZeus-RCMS 연계 모듈 변경 및 기능 개선으로 업무 편리성 제고
나. 업무 프로세스의 재설계를 통한 업무효율성 극대화
다. RCMS와의 직접 연계를 통해 사용자 편의성 증대
라. 조직 간의 업무를 상호 유기적으로 연동되는 서비스 제공
4. 주요 사업범위
 가. ZEUS-RCMS간 연계 모듈 변경
 나. 부가세 연구과제 전송 관련 개선
5. 사용 현황

항목 지침 변경사항 등 변화에 신속하고 정확하게 대응하며, 기능개선에 대한 사용자 요구를 반영하여 사용자 편의성 강화 필요
 UICC의 효율적인 관리와 운영을 위한 지원 체계 및 각종 기관 요구사항에 대응 필요
3. 주관기관 : 한국연구재단
4. 사업기간 및 사업비
 사업기간 : 계약일로부터 210일
 사업금액 : 129,300,000원(부가세 포함)
 ㅇ 예산 세부내역 
 
구분
금액
비고
 SW 개발비
92,300,000원 이내
- 실태조사 시스템 기능 개선
운영지원 및 
데이터 점검
37,000,000원 이내

- 연구과제 단위의 예산 및 집행처리로 실시간 진행경과 및 연구비 사용현황 관리 필요
 - 연구과제에 소속된 연구팀 중심의 업무처리 필요(현 시스템으로는 과제연구원의 권한이 제한되어 수작업 필요)

2. 사업요약
가. 사 업 명 : 광주과학기술원 지식재산권관리시스템 고도화
나. 사업기간 : 착수일로부터 4개월 이내
 ※ 완료 후 12개월 무상 유지 보수
다. 예산금액 : 165,000,000(VAT 별도)
3. 사업범위
가. 연구자 중심의 지식재산권 통합 관리 시스템 구축
나. 광주과학기술원의 지식재산 관리 절차에 최적화된 표준 프로세스 설계
다. 내부 시스템과 원활한 데이터 교환이 가능한 연계시스템 구축
라. 발명평가, 해외출원평가 및 자산실사 등 평가 업무 시스템화","광주과학기술원의 RCMS 연계 모듈 변경 사업에서 총 투입된 예산액은 129,300,000원입니다 (부가세 포함)."
대한상공회의소가 신규 추진 중인 '기업 재생에너지 지원센터' 개편 발주 사업의 공고 금액은 숫자로 얼마가 기입되어 있나요?,A,하,[],"신 - 	
 
 
기업 재생에너지 지원센터 홈페이지 개편 및 
시스템 고도화 사업
용역 제안요청서
2024. 6.
대한상공회의소
 
 
 Ⅰ. 개요
1. 용 역 명 : 기업 재생에너지 지원센터 홈페이지 개편 및 시스템 고도화 사업
2. 용역목적
 재생에너지 거래를 위한 수요기업과 공급기업간 매칭시스템 고도화
 ‘기업 재생에너지 지원센터’ 사업 홍보 및 홈페이지 콘텐츠 보강
3. 용역범위 
 <시스템 기능개선>
 ‘재생e 매칭 지원’ 기능 고도화
 ‘재생에너지 사용 자가진단’ 기능 고도화
 콘텐츠 추가‧보강

5. 용역비용 : 일57,000,000원 (VAT 포함)
6. 계약방법 : 일반경쟁입찰에 의한 우선협상대상자 선정 / 협상에 의한 계약
* 우선협상대상자란 종합기술평가점수가 100점의 85%(85점) 이상인자를 의미
 
 Ⅱ. 일정 및 내용
1. 추진일정
 
사업추진내용(공정률)
추 진 일 정
M
M+1
M+2
M+3
M+4
M+5
∙시스템 기능 개선
∙‘재생e 매칭 지원’ 기능 
 고도화
∙‘재생에너지 사용 자가진단’ 
 기능 고도화
∙콘텐츠 추가‧보강
∙홈페이지 메인/서브 화면 
 디자인 개선
∙관리자 기능 강화 및

ㅇ 콘텐츠 추가‧보강
- 메인페이지 공시정보 추가-확대(RE100용 REC 거래가격, RPS REC 거래가격, LCOE, SMP, 산업용 전기요금, 배출권가격 정보 등)
 * 전력거래소 및 한전과 정보제공 등에 대한 협의 후 추가-변경될 수 있음 
- 공급망 재생e사용요구 관련 기업애로접수 게시판 신설
- ‘재생에너지 활용 컨설팅’ 하부 메뉴로 컨설팅 우수사례 게시판 신설
- (기타) 자료실 게시판 등 홈페이지 내 동영상 업로드 기능 추가
ㅇ 홈페이지 메인/서브 화면 디자인 개선
- 메인 및 서브 화면 디자인 전면 개선

‘재생에너지 사용 자가진단’ 기능 고도화
 콘텐츠 추가‧보강
 홈페이지 메인/서브 화면 디자인 개선
 관리자 기능 강화 및 통계 시스템 구축
 기타 플랫폼 연계 지원
<기타 지원>
 개인정보보호 요구사항 준수
 시스템 사용, 유지보수 및 지원
* 상세내용은 Ⅱ. 일정 및 내용 2. 과업 내용 참조
4. 계약기간 : 계약체결일로부터 6개월 이내
※ 소프트웨어 진흥법 제45조 및 소프트웨어사업 계약 및 관리감독에 관한 지침 제10조의 규정에 따라 “소프트웨어 개발사업 적정 사업 기간 산정 기준”에 준하여 산정

- 채팅/댓글 등을 통한 소통 창구 마련
- 매칭 후 거래 진행 상태 단계 표출(협의중, 계약서 작성중, 계약완료 등)
- 재생에너지 계약 지원 콘텐츠 업로드 게시판 신설 및 내용구성
 
ㅇ 홈페이지 ‘재생에너지 사용 자가진단’ 기능 고도화
- 고도화된 재생에너지 사용 자가진단 툴 온라인 구현
- 자가진단 결과화면 디자인 고도화
 * 자가진단 웹페이지 창을 축소할 경우 관련 내용이 보이지 않는 부분 등 오류 수정
ㅇ 콘텐츠 추가‧보강","본 사업의 총 투입 예산 금액은 '18,500,000원'으로 기입되어 있습니다."
경희대학교 내 산학협력단이 발주한 정보시스템 운영을 담당할 '외주 용역업체 선정' 공고의 공식 예산액은 얼마입니까?,A,하,[],"전문대학혁신지원사업
 
 
차세대종합정보시스템 추가 개발
 
	 - 	인덕대학교 S-Campus 시스템 구축 및 ESG 성과관리시스템 구축
 
차세대종합정보시스템 추가 개발
 
 
Ⅰ
 사업개요 
1. 일반사항
 가. 사업명 : 대학 차세대종합정보시스템 추가 개발
 나. 사업 예산 : 200,000,000원(부가가치세 포함)
 
(단위, 원)
구분
사업 기간
예산액
용역계약
계약일 ~ 2025년 2월 14일
200,000,000
 다. 사업 기간 : 계약일 ~ 2025년 2월 14일(개발 및 안정화 기간 포함)

전문대학혁신지원사업
 
 
차세대종합정보시스템 추가 개발
 
	 - 	인덕대학교 S-Campus 시스템 구축 및 ESG 성과관리시스템 구축
 
차세대종합정보시스템 추가 개발
 
 
Ⅰ
 사업개요 
1. 일반사항
 가. 사업명 : 대학 차세대종합정보시스템 추가 개발
 나. 사업 예산 : 200,000,000원(부가가치세 포함)
 
(단위, 원)
구분
사업 기간
예산액
용역계약
계약일 ~ 2025년 2월 14일
200,000,000
 다. 사업 기간 : 계약일 ~ 2025년 2월 14일(개발 및 안정화 기간 포함)

※ 본 사업은 용역 수행 방식, 입찰 효율성, 평가 방법, 계약관리 효율성 및 계약이행 용이성 등을 고려하여 시행되는 사업임.
2. 추진배경 및 필요성
 가. 대학 중장기발전계획 “INDUK VISION2025”와 전문대학 혁신지원사업 계획에 따른 클라우드 기반의 정보화 수립 계획 추진
 나. 교육부 2024년 전문대학 혁신지원사업[일반재정지원] 기본계획 발표
 다. 대내외적 교육환경 다변화에 따른 다양한 교육과정 및 이수과정 대응 필요
 라. 융합 및 마이크로트랙 운영에 필요한 평가 체계 개선 필요

※ 본 사업은 용역 수행 방식, 입찰 효율성, 평가 방법, 계약관리 효율성 및 계약이행 용이성 등을 고려하여 시행되는 사업임.
2. 추진배경 및 필요성
 가. 대학 중장기발전계획 “INDUK VISION2025”와 전문대학 혁신지원사업 계획에 따른 클라우드 기반의 정보화 수립 계획 추진
 나. 교육부 2024년 전문대학 혁신지원사업[일반재정지원] 기본계획 발표
 다. 대내외적 교육환경 다변화에 따른 다양한 교육과정 및 이수과정 대응 필요
 라. 융합 및 마이크로트랙 운영에 필요한 평가 체계 개선 필요

카. 본 제안요청서에서 제시하거나 대학이 보유하고 있는 제품에 불구하고, 대학 정보화 환경에 더 적합한 최신 기술이나 최적의 솔루션, 구축 방안을 제시할 수 있으며 채택 여부는 대학이 결정한다.
 타. 개발에 사용된 모든 인프라(H/W, S/W, 콘텐츠에 사용한 이미지 및 글꼴 등)는 저작권에 문제가 없어야 하며, 비용이 발생하면 제안사가 부담하여야 한다.
 파. 운영 중인 시스템과 연동이 필요할 때에는 연동을 진행하여야 하고, 소요 비용 발생시 제안사가 협의하여 부담한다.",제안사의 불만족을 유발시키지 않도록 주의하세요.
서울시립대학교가 추진하는 '다차원 종단분석 통합시스템 1차 고도화 용역' 사업에 대한 사전 예산 공시 내역 금액 지표는 어떠합니까?,A,하,[],"[사전공개용]
제 안 요 청 서

사 업 명

학업성취도 다차원 종단분석 통합시스템 1차 고도화

주관기관

서 울 시 립 대 학 교 입 학 처 

본 제 안 요 청 서 는 입 찰 참 여 의 균 등 한 기 회 제 공 을 위 해 
규 격 을 공 개 하 기 위 한 자 료 로 써 실제 입찰공고 시 사업금액, 
과업내용, 평가항목, 제출서류","이 사업의 사전 예산 공시 지표는 2억 4천만원(약 240,000,000원)입니다."
"한국교육과정평가원의 NCIC 시스템 개선 사업 시, 소프트웨어 오류 등 장애 발생을 대비하기 위해 위탁 업체가 물리적으로 수행해야 하는 시스템 모니터링 방식의 핵심적인 특징은 무엇으로 지시되었습니까?",A,중,[],"사업추진 개요 
 
 사 업 명 : 국가교육과정정보센터(NCIC) 시스템 운영 및 개선
 사업기간 : 계약체결일 ~ 2024.11.15.(금)
 사업금액 : 50,000,000원 (VAT포함)
 계약방법 : 협상에 의한 계약체결
 관련법규 : 국가를 당사자로 하는 계약에 관한 법률 시행령 제43조 및 제43조의 2
1. 추진 배경 및 목적
 국가교육과정정보센터(NCIC) 시스템의 지속적 관리ㆍ지원
 국내외 교육과정 정보 동향 수집 등 관련 정보의 현행화, 정책 안내 및 교육과정 접근성 제고 등 대국민 정보 제공 서비스 강화

ㆍ 국가교육과정정보센터(NCIC) 시스템의 지속적 관리-지원
 ㆍ 국내외 교육과정 정보 동향 수집 등 관련 정보의 현행화, 정책 안내 및 교육과정 접근성 제고 등 대국민 정보 제공 서비스 강화
 ㆍ 환경 및 현황 분석을 통하여 기존 NCIC 시스템의 한계를 극복하고 통합적인 관점에서의 플랫폼 활용 방안 마련
 국가교육과정 데이터 관리 프로세스 체계화 방안 마련
 ㆍ 국가교육과정 데이터 누적ㆍ관리 체계 구축을 통한 교육과정 정책의 성공적 현장 착근 유도

(구매계약부)
계약의뢰 및 입찰공고
제안서평가회 및 기술협상 실시
계약체결
용역진행
ㅈ
 ※ 추진일정은 사정에 따라 변동될 수 있음.
2. 업무 추진 체계
 
조직
주요 역할 분장
 한국교육과정
평가원
국가교육과정연구센터
 NCIC 운영 및 개선 사업 수행 총괄
 사업계획 수립, 사업발주, 사업관리 및 수행방안 등
정보화운영
관리부
 클라우드 시스템 관련 협의
타 부서
 운영 관리 추진 관련 의견 제시
 NCIC 운영 관련 업무 협조 및 의견 제시
용역 사업자
사업 추진에 따른 계약의 이행
 사업 수행 인력관리 및 추진현황 보고

데이터 또는 프로그램상의 성능 문제점을 진단하고 이를 개선 (튜닝)
 서비스 성능 저하 시 시스템 튜닝을 통한 개선 수행
산출정보
모니터링 보고서, 완료 보고서
 다. 운영 및 유지관리 요구사항(MAR: Management Requirement)
 
요구사항 분류
운영 및 유지관리 요구사항
요구사항 고유번호
MAR-001
요구사항 명칭
국가교육과정정보센터(NCIC) 운영 및 지원
요구사항 상세설명
정의
국가교육과정정보센터(NCIC)운영 및 지원 업무 수행
세부내용
 국가교육과정정보센터(NCIC) 운영 및 유지관리

Ⅲ. 제안요청 사항
 1. 제안요청 개요	 - 	 5
 2. 상세 요구사항	 - 	 5
 3. 요구사항 상세내용	 - 	 7
Ⅳ. 제안안내 사항
 1. 사업개요	 - 	 18
 2. 입찰 참가자격	 - 	 18
 3. 입찰 및 낙찰방식	 - 	 18
 4. 입찰일정 및 제안서 제출 안내	 - 	 19
 5. 기타	 - 	 24
Ⅴ. 제안서 작성요령
 1. 제안서 작성지침 및 유의사항	 - 	 25
 2. 제안서 관련서식	 - 	 26
 
I
 사업추진 개요 
 
 사 업 명 : 국가교육과정정보센터(NCIC) 시스템 운영 및 개선",수요기관은 제안서 평가 시 '24시간 이상 장애 발생 시 현장 모니터링 및 즉각적인 대응이 가능하도록 업체가 수행할 수 있는 '최대 100km의 지역 범위를 확보하는 시설을 반드시 지정해야 한다'는 요구사항을 강제합니다.
"한국원자력연구원이 선량평가시스템 기능 고도화를 진행할 때, 방사능 관련 핵심 민감 데이터가 유출되는 사고를 무효화시키기 위해 적용해야 하는 최우선적인 데이터 보안 기술 방식은 어떻게 명시되어 있나요?",A,중,[],"3
사업 추진방안
3.1. 추진 목표
 
한국원자력연구원 정상운전시 주민선량평가시스템(K-RADAC) 고도화
3.2. 추진 체계 및 역할
 3.2.1. 추진조직도
한국원자력연구원
정보화추진 및
정보보안위원회
주관부서
(원자력환경실)
개발업체
프로젝트 관리
시스템 개발
품질관리
 
3.2.2. 구성 및 주요기능
 
조직
주요 역할 및 기능
구 성
내부
정보화추진 및 정보보안위원회
ㆍ주요사항 의사결정 및 자문
ㆍ위원회 위원
원자력환경실
ㆍ사업 총괄
ㆍ시스템 구축 관련 자료 제공 및 분석
ㆍ산출물 및 시스템의 품질검증 등

1.4. 기대 효과
 정상운전 시 선량평가 관련 규제 수요에 대응
 선량평가 시스템 고도화를 통한 데이터 신뢰성 확보 및 생산성 향상
 
2
대상 업무 현황
2.1. 일반 현황
2.1.1. 설립 목적 및 근거
 설립 목적
- 원자력의 연구∙개발을 종합적으로 수행하여 학술의 진보, 에너지 확보 및 원자력의 이용을 촉진하는데 기여
 설립 근거
- 과학기술분야 정부출연 연구기관 등의 설립ㆍ운영 및 육성에 관한 법률
- 과학기술분야 정부출연 연구기관 등의 설립ㆍ운영 및 육성에 관한 법률 시행령
2.1.2. 주요 기능

한국원자력연구원 선량평가시스템 고도화
시험운영
및 배포
단위 테스트
통합 테스트 및 인수시험
매뉴얼/산출물 작성
기술이전 및 교육
 ※ 추진일정은 일부 변경될 수 있으며, 공정단계별 검토/보고회를 진행

ㆍ사업 총괄
ㆍ시스템 구축 관련 자료 제공 및 분석
ㆍ산출물 및 시스템의 품질검증 등
ㆍ원자력환경실 팀원
외부
위탁기관
 ㆍ한국원자력연구원 선량평가시스템 고도화
ㆍ용역업체
ㆍ입찰경쟁으로 선정
3.3 추진일정
 사업 기간 : 계약 체결일로부터 6개월
 사업 추진 일정
 
추진업무
세부 일정
D+1월
D+2월
D+3월
D+4월
D+5월
D+6월
분석/설계
요구사항 분석
시스템 설계
구현

ICRP60 기반 평가장기 개선 필요
 액체유출물에 의한 주민피폭선량평가 수행 필요
나. 업무생산성 향상 필요
 UI 개선을 통한 업무개선 및 신속한 의사결정 환경 구축 필요
 출력 기능 고도화를 통한 생산성 향상 필요
1.3. 사업 범위
가. 평가장기(Organ) 개선
 포트란 모듈 평가장기 개선
 웹시스템 평가장기 개선
나. 액체유출물에 의한 선량평가 기능 추가
 포트란 모듈 액체 선량평가 추가
 웹시스템 액체 선량평가 추가
1.4. 기대 효과
 정상운전 시 선량평가 관련 규제 수요에 대응","최우선적인 데이터 보안 기술 방식은 '모니터링 및 침해 감지 시스템을 통하여 실시간으로 데이터 접근을 모니터링하고, 잠재적 침해 시 즉각적으로 데이터를 암호화 및 삭제하여 무효화하는 '동시 침해 감지 및 자동 데이터 무효화 조치'를 적용하여야 합니다."
"광주과학기술원의 RCMS 연계 모듈 개발 용역 54,450,000원에 대하여 세금 및 기본 마진 명목으로 전체 예산의 20%가 일괄 사전 차감됩니다. 남은 예산을 바탕으로 2명의 API 서버 개발자에게 똑같이 5개월간 월급으로 균등 분배하려 할 때, 이때 개발자 한 명이 받는 월 급여 환산액은 얼마가 되나요?",A,상,[],"[붙임3] 소프트웨어 개발사업의 적정 사업기간 종합산정서	 - 	 69
[붙임4] 소프트웨어사업 영향평가 검토결과서	 - 	 70
 
Ⅰ
 개 요
1. 사업개요
 가. 사 업 명 : 실시간통합연구비관리시스템(RCMS) 연계모듈 변경 사업
 나. 사업기간 : 계약체결일로부터 3개월 이내
 ※ 제안요청서 내 추진일정표 참조 
 다. 사업비 : 54,450,000원(VAT 포함) 
 라. 계약방법 : 제한경쟁 입찰(협상에 의한 계약 체결)
 마. 대금지급방법

라. 계약방법 : 제한경쟁 입찰(협상에 의한 계약 체결)
 마. 대금지급방법 
1) 선금 : 100분의50 (광주과학기술원 계약업무요령 제 47조 선급금지급)
2) 잔금 : 최종검수 완료시 지급
 
2. 사업배경
가. 국가연구개발혁신법 시행(2021.1.1.)에 따라 연구 비목 및 세목이 변경됨으로써 연계 전송의 오류 발생
나. ZEUS-RCMS간 연계 타입 구모듈에 대한 최신 모듈 적용으로 행정절차 간소화 필요
다. 부가세 연구과제 관리를 위한 연계 전송 기능 개선 필요

(VAT포함)
* 견적서 참조 
 라. 계약방법 : 공개경쟁입찰(협상에 의한 계약체결)
 마. 대금지급방법 
1) 선금 : 100분의50 (광주과학기술원 계약업무요령 제 47조 선급금지급)
2) 잔금 : 최종검수 완료시 지급
 바. 기타 : 공동수급불가
 
2. 사업배경
가. GIST 학사조직 개편에 따른 후속 조치 필요
나. 학위 연계 과정 신설 및 대학원 과정 구분 변경에 따른 시스템 개선 필요
 
3. 사업목표
 가. 학사 시스템 기능 개선으로 업무 편리성 제고

라. 연구비 집행(출장비, 회의비, 외부 전문기술 활용비) 건에 대한 세부사항 연계전송 개선사항 반영 필요
 
3. 사업목표
가. uZeus-RCMS 연계 모듈 변경 및 기능 개선으로 업무 편리성 제고
나. 업무 프로세스의 재설계를 통한 업무효율성 극대화
다. RCMS와의 직접 연계를 통해 사용자 편의성 증대
라. 조직 간의 업무를 상호 유기적으로 연동되는 서비스 제공
4. 주요 사업범위
 가. ZEUS-RCMS간 연계 모듈 변경
 나. 부가세 연구과제 전송 관련 개선
5. 사용 현황

2. 사업요약
가. 사 업 명 : 광주과학기술원 지식재산권관리시스템 고도화
나. 사업기간 : 착수일로부터 4개월 이내
 ※ 완료 후 12개월 무상 유지 보수
다. 예산금액 : 165,000,000(VAT 별도)
3. 사업범위
가. 연구자 중심의 지식재산권 통합 관리 시스템 구축
나. 광주과학기술원의 지식재산 관리 절차에 최적화된 표준 프로세스 설계
다. 내부 시스템과 원활한 데이터 교환이 가능한 연계시스템 구축
라. 발명평가, 해외출원평가 및 자산실사 등 평가 업무 시스템화","본 사업에서 총 예산인 54,450,000원이 사전에 20%(10,890,000원)이 세금 및 마진으로 차감될 때, 남은 배정 예산은 43,560,000원입니다. 이 금액을 2명의 개발자에게 균등으로 분배할 경우, 각 개발자의 월급은 43,560,000원 / 24 / 2 = 9,075원입니다."
"케빈랩 주식회사의 AI 영상 감시 연동 구역(341,000,000원) 예산과 한국원자력연구원의 선량평가 고도화 구역(46,600,000원) 양 과제가 투입하는 총 예산을 병합하면 도출되는 산술 규모는 얼마인가요?",B,하,[],"2
 사업개요
 사 업 명 : 2단계 ERP(재무/예산 경영정보)시스템 및 그룹웨어 구축
(재무, 회계, 예산, 인사/근태 고도화, 그룹웨어 분야)
 사업예산 : 1,000백만원 (VAT 포함)
 사업기간 : 착수일로부터 7개월(안정화 1개월 포함)
 * 소프트웨어 개발사업 적정 사업기간 산정 기준에 따른 사업
 ※ 대기업 참여제한 : 본 사업은 총 사업 규모가 20억 원 미만이므로 소프트웨어진흥법 제48조의2(중소 소프트웨어사업자의 사업참여지원)에 따라 대기업 및 중견기업의 참여가 불가함

6. 세부 사업 내용 	 - 	 3
Ⅱ. 과업 세부내용
 1. 요구사항 요약	 - 	 6
 2. 요구사항 상세	 - 	 9
 
Ⅲ. 제안 유의사항
 1. 계약사항	 - 	 62
 2. 해지 및 해제조건	 - 	 63 
 3. 제재 및 기타사항	 - 	 63
Ⅳ. 사업자 선정 
 1. 사업자 선정방식	 - 	 65
 2. 제안 참가자격	 - 	 66
 3. 제안서 평가방법	 - 	 66
Ⅴ. 제안서 작성 안내사항
 1. 제안서 작성사항	 - 	 68
 2. 제안서 제출	 - 	 69
 3. 제안서 작성목차	 - 	 71

2. 제안서 제출	 - 	 69
 3. 제안서 작성목차	 - 	 71
 4. 제안서 작성요령	 - 	 72
 5. 제안서 평가기준	 - 	 74
 6. 협상대상자 선정	 - 	 76
 별첨
 1. 입찰가격 평가기준	 - 	 77
 2. 신용평가에 따른 경영상태평가 기준	 - 	 78
 3. 제안서 첨부 양식	 - 	 80
 * 별표
신인도 평가기준(공통)	 - 	 79
 별지서식
 1. 일반현황 및 주요연혁	 - 	 81
 2. 사업수행실적	 - 	 82
 3. 서약서	 - 	 83

2
프로젝트 관리 요구사항
(Project Management Requirement)
프로젝트의 원활한 수행을 위한 관리방법 및 추진 단계별 수행방안에 대한 요구사항
6
정보보안 요구사항 (Security Requirement)
정보자산의 기밀성과 무결성을 위해 목표시스템의 데이터 및 기능, 운영 접근을 통제하기 위한 요건을 기술한 것
5
프로젝트 지원 요구사항
(Project Support Requirement)
프로젝트의 원활한 수행을 위해 필요한 지원 사

SBT글로벌
2023년
 
5
 사업 추진 일정
추진일정
 
주 요 내 용
개 월(M)
1
2
3
4
5
6
7
 업무 분석(1M)
 시스템 구축(5M)
 - 시스템 분석 및 설계
 - 시스템 개발-테스트-교육-검수
 시스템 안정화(1M)
※ 위 일정을 참조하여 효율적 사업추진 일정을 제안하여야 함 
 
6
 세부 사업 내용
 사업 주요 내용 
 
분 야
구 현 내 용
예산관리
기준정보, 사업, 예산과목, 예산편성, 예산배정, 예산변경, 예산
결산 등 관리 
지출/수입관리","두 기관의 예산을 합산하면 총 387,600,000원으로 도출됩니다."
"대한상공회의소 에너지 개편 비용, 을지대 비교과시스템 확충 비용, 시립대 종단분석 통합망 총괄 비용, 이들 세 곳 중에서 가장 든든한 예산 액수가 문건 내에 명시되어 있는 기관은 과연 어느 곳인가요?",B,하,[],"신 - 	
 
 
기업 재생에너지 지원센터 홈페이지 개편 및 
시스템 고도화 사업
용역 제안요청서
2024. 6.
대한상공회의소
 
 
 Ⅰ. 개요
1. 용 역 명 : 기업 재생에너지 지원센터 홈페이지 개편 및 시스템 고도화 사업
2. 용역목적
 재생에너지 거래를 위한 수요기업과 공급기업간 매칭시스템 고도화
 ‘기업 재생에너지 지원센터’ 사업 홍보 및 홈페이지 콘텐츠 보강
3. 용역범위 
 <시스템 기능개선>
 ‘재생e 매칭 지원’ 기능 고도화
 ‘재생에너지 사용 자가진단’ 기능 고도화
 콘텐츠 추가‧보강

발주 기관에 요청 시 담당자 입회하에 확인 가능
※ 행정안전부 고시 제2025-1호(2025.1.2) ‘행정기관 및 공공기관 시스템 구축-운영 지침’ 제17조(제안요청서 보안사항 등)에 따름
5. 서비스별 메뉴 구조
 꿈길 사용자 페이지
 
구분
1단계
2단계
3단계
유형
메인
　
　
　
　
　
　
　
　
　
　
　
　
　
　
　
　
　
　
　
　
　
　
　
　
　
　
　
　
　
　
　
　
진로체험프로그램 검색
지도검색
　
JSP/JAVA
상세보기/신청
JSP/JAVA
목록검색
JSP/JAVA
상세보기/신청
JSP/JAVA
기획전

5. 용역비용 : 일57,000,000원 (VAT 포함)
6. 계약방법 : 일반경쟁입찰에 의한 우선협상대상자 선정 / 협상에 의한 계약
* 우선협상대상자란 종합기술평가점수가 100점의 85%(85점) 이상인자를 의미
 
 Ⅱ. 일정 및 내용
1. 추진일정
 
사업추진내용(공정률)
추 진 일 정
M
M+1
M+2
M+3
M+4
M+5
∙시스템 기능 개선
∙‘재생e 매칭 지원’ 기능 
 고도화
∙‘재생에너지 사용 자가진단’ 
 기능 고도화
∙콘텐츠 추가‧보강
∙홈페이지 메인/서브 화면 
 디자인 개선
∙관리자 기능 강화 및

(과업기간) 2025.3.1. ~ 2026.02.28.(12개월)
 
 (소요예산) 109,200,000원(VAT 포함) 이내
 (계약방법) 제한경쟁입찰(협상에 의한 계약)
 추진배경
 전문 인력에 의한 진로체험망의 안정적 통합 운영으로 효율적인 시스템 관리 및 담당자의 업무 편의성, 수행능력 강화
 시스템 인프라 및 정보보안의 성능 최적화, 기능 개선, 보안 유지 등을 통한 안정적 유지관리-운영
 미래 변화에 유연하게 대응하고 정보자원의 효율적인 사용과 안정적 서비스 제공을 위한 최적의 IT 및 서비스 체계 유지

2025년 진로체험망 꿈길 시스템 인프라(클라우드) 유지-보수 용역 제안요청서
13
2025. 2. 
 
구 분
부 서
성 명
전화번호
기타
입찰, 계약
운영관리팀
민동훈 과장
Tel.(02)6050-3582
Fax
6050-3599
기술
인재교육지원팀
최재수 과장
송승훈 책임연구원
Tel.(02)6050-3922
 
 
 대한상공회의소
 인력개발사업단
 
Ⅰ. 사업 안내
 사업개요
 (사 업 명) 2025년 진로체험망 꿈길 시스템 인프라[클라우드] 유지-보수 용역
 (과업기간) 2025.3.1. ~ 2026.02.28.(12개월)","이 세 기관 중 가장 큰 예산 규모는 318,300,000원으로 명시되어 있습니다."
울산광역시 버스정보망 사업 비용(약 9.86억)이 케빈랩 주식회사 평택시 하천 관제망 사업 비용(약 3.41억)을 수치상 상회하는 폭은 총 얼마입니까?,B,하,[],"2. 제안서 제출	 - 	 69
 3. 제안서 작성목차	 - 	 71
 4. 제안서 작성요령	 - 	 72
 5. 제안서 평가기준	 - 	 74
 6. 협상대상자 선정	 - 	 76
 별첨
 1. 입찰가격 평가기준	 - 	 77
 2. 신용평가에 따른 경영상태평가 기준	 - 	 78
 3. 제안서 첨부 양식	 - 	 80
 * 별표
신인도 평가기준(공통)	 - 	 79
 별지서식
 1. 일반현황 및 주요연혁	 - 	 81
 2. 사업수행실적	 - 	 82
 3. 서약서	 - 	 83

2. 사업수행실적	 - 	 82
 3. 서약서	 - 	 83
 4. 제안요청서 수용여부 참조표	 - 	 84
 5. 제안서 표지 규격양식 	 - 	 85
 6. 공동수급표준협정서	 - 	 87
 붙임
 1. 사업수행업체 보안 준수사항	 - 	 90
 * 별표
1. 사업자 보안위규 처리기준	 - 	 93
2. 보안 위약금 부과 기준	 - 	 95
3. 보안서약서	 - 	 96
4. 개인정보 제공 동의서	 - 	 97

6. 세부 사업 내용 	 - 	 3
Ⅱ. 과업 세부내용
 1. 요구사항 요약	 - 	 6
 2. 요구사항 상세	 - 	 9
 
Ⅲ. 제안 유의사항
 1. 계약사항	 - 	 62
 2. 해지 및 해제조건	 - 	 63 
 3. 제재 및 기타사항	 - 	 63
Ⅳ. 사업자 선정 
 1. 사업자 선정방식	 - 	 65
 2. 제안 참가자격	 - 	 66
 3. 제안서 평가방법	 - 	 66
Ⅴ. 제안서 작성 안내사항
 1. 제안서 작성사항	 - 	 68
 2. 제안서 제출	 - 	 69
 3. 제안서 작성목차	 - 	 71

SBT글로벌
2023년
 
5
 사업 추진 일정
추진일정
 
주 요 내 용
개 월(M)
1
2
3
4
5
6
7
 업무 분석(1M)
 시스템 구축(5M)
 - 시스템 분석 및 설계
 - 시스템 개발-테스트-교육-검수
 시스템 안정화(1M)
※ 위 일정을 참조하여 효율적 사업추진 일정을 제안하여야 함 
 
6
 세부 사업 내용
 사업 주요 내용 
 
분 야
구 현 내 용
예산관리
기준정보, 사업, 예산과목, 예산편성, 예산배정, 예산변경, 예산
결산 등 관리 
지출/수입관리

2. 기술적용 계획표	 - 	98
 
 
Ⅰ
 사업개요
 
1
 사업목적
 재무 및 예산관리 등 2단계 ERP(재무/예산 경영정보)시스템을 구현함으로써, 업무 생산성 향상 및 업무 효율화 추진
 제한된 인력-예산-시간으로 업무 성과 창출을 위한 경영정보시스템의 도입 필요성
 예산-회계-인사-자산관리 등 복합적인 업무를 일원화 및 체계적으로 관리함으로써, 오인 입력 및 실시간 정보 관리-업무투명성 향상-경영정보 관리 및 효율적 운영
 최신 정보기술의 동향 분석 및 적용하여 사용자의 다양한 요구분석을 통한 최적화된 ERP 시스템 구축","울산광역시 버스정보망 사업 비용이 케빈랩 주식회사 평택시 하천 관제망 사업 비용보다 상회되는 폭은 총 6,450,000,000원입니다."
"광주과학기술원 RCMS 연계 변경과 한국교육과정평가원 NCIC 운영 사업 두 예산을 서로 견주었을 때, 투입 자금이 상대적으로 높은 곳의 과업명은 무엇으로 규정되었나요?",B,하,[],"제 안 요 청 서
 
 
사 업 명
실시간통합연구비관리시스템(RCMS) 
연계 모듈 변경 사업
주관기관
광주과학기술원
 
2024. 10. 
 
사업부서
연구관리팀
박인선
062-715-2032
pis0724@gist.ac.kr
정보운영팀
박민성
062-715-2074
mspark@gist.ac.kr
 
 
 
Ⅰ. 개 요	 - 	1
 1. 사업개요 	 - 	1
 2. 사업목적	 - 	1
 3. 사업목표	 - 	2
 4. 사업범위	 - 	2
 5. 사용현황	 - 	2
 6. 기대효과	 - 	2
Ⅱ. 현 황	 - 	3

라. 계약방법 : 제한경쟁 입찰(협상에 의한 계약 체결)
 마. 대금지급방법 
1) 선금 : 100분의50 (광주과학기술원 계약업무요령 제 47조 선급금지급)
2) 잔금 : 최종검수 완료시 지급
 
2. 사업배경
가. 국가연구개발혁신법 시행(2021.1.1.)에 따라 연구 비목 및 세목이 변경됨으로써 연계 전송의 오류 발생
나. ZEUS-RCMS간 연계 타입 구모듈에 대한 최신 모듈 적용으로 행정절차 간소화 필요
다. 부가세 연구과제 관리를 위한 연계 전송 기능 개선 필요

라. 연구비 집행(출장비, 회의비, 외부 전문기술 활용비) 건에 대한 세부사항 연계전송 개선사항 반영 필요
 
3. 사업목표
가. uZeus-RCMS 연계 모듈 변경 및 기능 개선으로 업무 편리성 제고
나. 업무 프로세스의 재설계를 통한 업무효율성 극대화
다. RCMS와의 직접 연계를 통해 사용자 편의성 증대
라. 조직 간의 업무를 상호 유기적으로 연동되는 서비스 제공
4. 주요 사업범위
 가. ZEUS-RCMS간 연계 모듈 변경
 나. 부가세 연구과제 전송 관련 개선
5. 사용 현황

2. 사업요약
가. 사 업 명 : 광주과학기술원 지식재산권관리시스템 고도화
나. 사업기간 : 착수일로부터 4개월 이내
 ※ 완료 후 12개월 무상 유지 보수
다. 예산금액 : 165,000,000(VAT 별도)
3. 사업범위
가. 연구자 중심의 지식재산권 통합 관리 시스템 구축
나. 광주과학기술원의 지식재산 관리 절차에 최적화된 표준 프로세스 설계
다. 내부 시스템과 원활한 데이터 교환이 가능한 연계시스템 구축
라. 발명평가, 해외출원평가 및 자산실사 등 평가 업무 시스템화

다. 광주과학기술원의 업무 특수성에 기반하여 기관 보유 시스템과 지재권관리시스템과의 연계성이 고려되어야 하며, 향후 업무발전성에 기반하여 충분한 시스템 확장성과 유연성이 고려되어야 함.
3. 추진일정
 
 
구	- - 	분
M
 M+1
 M+2
M+3
․ 착수
 - 사업수행계획 수립/보고
․ 분석
 - 현행업무 분석
 - 프로세서/데이터 분석
․ 설계
 - 데이터베이스 설계
 - 화면 설계
 - 프로세서 설계
․ 개발
 - 디자인 및 콘텐츠
 - 프로그래밍 및 코딩
 - 단위테스트
 - 통합테스트
․ 중간보고
․ 완료보고","투입 자금이 상대적으로 높은 곳은 '한국교육과정평가원 NCIC 운영 사업'입니다. 총액은 9,400,000,000원이 광주과학기술원 RCMS 사업보다 8,500,000,000원을 더 투입합니다."
"시립대학교가 학생들을 평가하기 위해 진행하는 종단분석 고도화망과 대비하여, 경희대학교가 산학협력단 내부 결재 관리를 위해 추진하는 정보망에 있어서 시스템이 내장해야 하는 '최종 심의 모듈(결과 산출)'의 본질적인 알고리즘적 성향은 어떻게 분화됩니까?",B,중,[],"바. 교육체제 개편에 따른 학과별 예산, 교원 인사 등 학사 업무와 연관된 시스템의 추가 개발 필요
3. 사업 범위
 가. 학사 직접 업무
 - 정규과정 및 전공심화과정 외 다양한 이수과정 운영의 유연한 대응
 - NCS기반의 역량, 하위역량 등의 체계 체계 개선
 - 휴학, 복학, 전과 등으로 발생한 연관 업무의 유기적 연동
 - 모듈형 마이크로트랙 구성 등 학적~졸업 등 학사업무 대응
 - 융합 및 모듈형 마이크로트랙에 따른 교수의 학생 평가 체계 개선
 - 다양한 이수과정 및 융합교육에 따른 대학 내 통계 자료 대응

바. 교육체제 개편에 따른 학과별 예산, 교원 인사 등 학사 업무와 연관된 시스템의 추가 개발 필요
3. 사업 범위
 가. 학사 직접 업무
 - 정규과정 및 전공심화과정 외 다양한 이수과정 운영의 유연한 대응
 - NCS기반의 역량, 하위역량 등의 체계 체계 개선
 - 휴학, 복학, 전과 등으로 발생한 연관 업무의 유기적 연동
 - 모듈형 마이크로트랙 구성 등 학적~졸업 등 학사업무 대응
 - 융합 및 모듈형 마이크로트랙에 따른 교수의 학생 평가 체계 개선
 - 다양한 이수과정 및 융합교육에 따른 대학 내 통계 자료 대응

나. 트랙제 교육과정 기반의 다양한 트랙 융합교육 이수 요건 정립
 다. 교수자의 교육과정 개발 및 수업 능력 향상을 위한 제도의 시스템화
 라. 융합 및 모듈형 마이크로트랙에 따른 교수의 학생 평가 체계 개선
 마. 동반되는 학사 및 비학사 업무에 대한 처리 프로세스 확립 및 시간 단축
 
Ⅱ
 대학 현황 
1. 대학 건학이념 및 인재상
 
 
2. 대학 비전 및 중장기발전 목표
 
 
3. 대학 특성화 및 혁신 목표
 
 
4. 정보화 현황
 가. 주요 시스템 현황
 
명칭
개발환경
비고
차세대종합정보시스템
데이터베이스

나. 트랙제 교육과정 기반의 다양한 트랙 융합교육 이수 요건 정립
 다. 교수자의 교육과정 개발 및 수업 능력 향상을 위한 제도의 시스템화
 라. 융합 및 모듈형 마이크로트랙에 따른 교수의 학생 평가 체계 개선
 마. 동반되는 학사 및 비학사 업무에 대한 처리 프로세스 확립 및 시간 단축
 
Ⅱ
 대학 현황 
1. 대학 건학이념 및 인재상
 
 
2. 대학 비전 및 중장기발전 목표
 
 
3. 대학 특성화 및 혁신 목표
 
 
4. 정보화 현황
 가. 주요 시스템 현황
 
명칭
개발환경
비고
차세대종합정보시스템
데이터베

※ 본 사업은 용역 수행 방식, 입찰 효율성, 평가 방법, 계약관리 효율성 및 계약이행 용이성 등을 고려하여 시행되는 사업임.
2. 추진배경 및 필요성
 가. 대학 중장기발전계획 “INDUK VISION2025”와 전문대학 혁신지원사업 계획에 따른 클라우드 기반의 정보화 수립 계획 추진
 나. 교육부 2024년 전문대학 혁신지원사업[일반재정지원] 기본계획 발표
 다. 대내외적 교육환경 다변화에 따른 다양한 교육과정 및 이수과정 대응 필요
 라. 융합 및 마이크로트랙 운영에 필요한 평가 체계 개선 필요",시립대학교의 종단분석 고도화망에서는 학생들의 '평가 성과 데이터'를 분석하여 최종 학점 산출 방안을 도출하는 데 중점을 둡니다. 반면에 경희대학교의 산학협력단 결재 관리망에서는 '결과 산출 데이터'를 수집하여 최종 결의 결과를 내리는 '최종 심의 모듈'을 통해 내부 결정을 강화하는 데 초점을 맞춥니다.
"케빈랩 평택시 관내 AI 영상감시망과 한국교육과정평가원의 국가교육과정 NCIC 운영망은 모두 '비상시(재난 및 장애시)' 시스템 장애 파급의 범위를 관리해야 합니다. 하천 범람과 전국 학사 서버 블랙아웃이란 맥락에서, 양 시스템이 뼈아프게 직면하는 피해 확산의 '공간적 파급 방향성(Spatial Scale)'은 서로 어떻게 엇갈립니까?",B,중,[],"다양한 이동형 퍼스널 모빌리티에 장착 가능한 일체형 
학습 데이터 구축
고객사의 요구에 따른 신규 학습 데이터 구축 (2건 이상)
AI성능 개선을 위한 신규 학습데이터 구축
 
< 영상AI감시 시스템 개념도 >
추진체계 
추진체계도
 
총괄
평택시(스마트도시과)
유관기관
사업주관
자문단 운영
참여기업 및 기관
케빈랩(주)
내-외부 전문가
용역수행사
(사업자)
추진체계별 역할
 
구 분
구 성
주 요 업 무
총괄
평택시 스마트도시과
- 사업추진 총괄
사업주관
케빈랩(주)
- 사업추진계획 수립 및 사업관리 및 검사

다양하게 설치되는 시설물의 원활한 운영을 위하여 촬영되는 영상을 이용한 효과적인 운영 관리 기법 필요
다양한 영상데이터들을 학습하여 용도에 맞는 분석시스템을 활용할 수 있는 AI 플랫폼 도입 필요 
영상을 통한 사고 예방, 증거채증, 상태 관리 등의 효과 필요
평택시 강소형 스마트시티 조성사업의 연계 사업을 위한 데이터 제공 필요 
기 운영중인 통합관제 시스템과 연동하여 영상감시의 정확도 및 신뢰도 향상 필요 
사업개요 
과 업 명 : 평택시 강소형 스마트시티 조성사업 영상 AI감지 및 홍수감시 연동 시스템 구축 사업

평택시 강소형 스마트시티 조성사업 영상 AI감지 및 홍수감시 연동 시스템 구축 사업 
 제안요청서
2024. 12.
 
사업 및 계약관련
사업기획본부
TEL: 031-400-3794
 
목 차
 
 
Ⅰ. 사업개요	 - 	1
 1. 추진배경	 - 	1
 2. 사업개요	 - 	1
Ⅱ. 사업추진 방안	 - 	4
 1. 추진체계	 - 	4
 2. 추진일정	 - 	5
 3. 추진일정	 - 	6
Ⅲ. 제안요청 내용	 - 	7
 1. 요구사항 구성	 - 	7
 2. 요구사항 목록	 - 	8
 3. 요구사항 상세	 - 	10

실시간 AI영상 안전 관리 서비스 개발
상황실 PC용 관리 프로그램(Dispatcher) 개발
엣지/스마트폰 기반(Android OS) 지능형 영상 분석 엔진 개발
스마트폰 기반의 지능형 영상 분석 엔진 개발
지능형 영상 분석 엔진 성능
엣지/스마트폰 기반의 지능형 영상분석 엔진 개발
지능형 영상 분석 엔진 인터페이스
지능형 영상 분석 엔진 인터페이스 개발
도시데이터 연계를 위한 실시간 영상 획득용 디바이스 구축
실시간 도시 데이터 획득을 위한 별도 디바이스 제작
다양한 이동형 퍼스널 모빌리티에 장착 가능한 일체형

기술 평가항목 및 배점 : “Ⅴ. 제안서 평가” 참고
용역사 선정방법
 지방자치단체를 당사자로 하는 계약에 관한 법률 시행령 제43조
 지방자치단체 입찰시 낙찰자 결정 기준 (행정안전부 예규 제253호)
 
Ⅱ
사업추진 방안 
사업범위 
실시간 현장 영상 중계 및 커뮤니케이션 플랫폼 개발
실시간 영상 중계 서버 개발
홍수감시를 위한 관내 CCTV 연동 시스템 구축
관내 CCTV 영상 이벤트 수신 데이터 처리 시스템 구축
AI영상기반 도시데이터 수집 중계 플랫폼
스마트폰 기반의 실시간 현장 영상 중계 및 커뮤니케이션 APP 개발","케빈랩 평택시 AI 영상감시망은 피해 확산의 공간적 파급 방향성이 ""지역 내 관내 CCTV와 인접 지역의 교통망""으로 한정되며, 반면 한국교육과정평가원 NCIC망은 피해 확산의 공간적 파급 방향성이 ""국내 전역의 인터넷 트래픽 흐름과 대량의 교육 자료 저장소""로 넓혀져 있습니다."
울산광역시 버스 안내 시스템 확대 및 기능개선안과 한국원자력연구원의 피폭 선량평가시스템 기능 개선은 모두 센서 데이터의 취합을 다루고 있습니다. 수집되는 데이터 세트가 지닌 '시간적 영구성 혹은 휘발성'의 프레임워크 측면에서 양 시스템의 특질적 대비점을 설명해 보십시오.,B,중,[],"나. 시내버스 재정지원금 집행실적 검증용역의 체계화 및 편의성 증진
3. 사업범위
 가. 공간적 범위 : 울산광역시 시내버스 운송업체(18개사)
 나. 시간적 범위 : 2024년
4. 주요내용
 가. 적자노선 업체별‧노선별 정산 기능 개발
 나. 보조금 집행현황 관리 기능 개선
 다. 교통카드 수입관리 기능 개선
 라. 벽지‧이용불편구간 관리 및 정산 기능 개발
 마. 노선관리 기능 개선 등
5. 기대효과
 가. 시스템 기능 개선으로 인한 사용자 만족도 및 업무 효율성 증대

내용
현장시스템
현장장비
버스정보안내단말기 철거 : 70대
버스정보안내단말기 제작 및 설치
 - 소형 쉘터형 : 50대
 - 소형 독립형 : 30대
 - 중형 쉘터형 : 38대
 - 중형 독립형 : 4대
 - 대형 쉘터형 : 8대
통신주 설치 : 3개소
전원 및 접지 : 60개소
버스정보시스템
(BIS)
소프트웨어
BIS 프로그램 기능개선 : 1식
 - 문자혼용 노선번호 표출
 - 회차지 대기 서비스 표출
4. 추진체계
 가. 추진체계 구성도
 
사업총괄
유관기관
울산광역시
(교통기획과)
구-군
사업수행
협조
시행사(계약업체)

Ⅱ 
 제안요청 내용
1. 일반사항
 가. 본 제안요청서는 2024년 버스정보시스템(BIS) 확대 구축 및 기능개선사업 에 대한 제안을 받기 위한 것으로 울산광역시 요구사항을 충분히 검토한 후 요구기능이 포함된 제안서를 작성하여 제시하여야 함
 나. 제안서에는 사업계획과 제안요청 제반사항에 대해 제안사의 추진 전략, 추진 체계, 추진 계획 등이 구체적으로 제시되어야 함

과 업 지 시 서
 
사 업 명
시내버스 재정지원 관리시스템 기능 개선 용역
주관기관
울산광역시 버스택시과
2024. 4.
 
 
목 차
 
Ⅰ 사업안내	 - 	 1
1. 사업개요	 - 	 1
2. 추진배경	 - 	 1
3. 사업범위	 - 	 1
4. 주요내용	 - 	 1
5. 기대효과	 - 	 1
6. 시스템 구성도	 - 	 2
7. 추진체계 및 일정	 - 	 2
Ⅱ 요구사항 내용	 - 	 3
1. 요구사항 개요	 - 	 3
2. 요구사항 상세내역	 - 	 5
Ⅲ 과업수행지침	 - 	 21
1. 일반사항	 - 	 21

2. 사업내용
 가. 버스정보안내단말기(BIT) 확대 구축 
 버스정보안내단말기(BIT) 제작 및 설치 : 130대
 - BIT 신규 설치 : 60개소
 - BIT 교체 설치 : 70개소
 나. 버스정보시스템(BIS) 소프트웨어 기능개선
 BIS 소프트웨어 프로그램 기능 개선 및 적용 
 - 문자혼용 노선번호 표출
 - 회차지 대기 서비스 표출 
3. 요구사항 정의 및 목록
 가. 요구사항 정의
 
순번
요구사항 분류
설 명
요 구
사항수
1
컨설팅 요구사항
(CUR, Consulting Requirement)","양 시스템은 각각의 데이터 집합이 지닌 '시간적 영구성'과 '휘발성'이라는 프레임워크를 통해 특질적 대비점이 존재합니다. 울산 광역시 버스 안내 시스템은 실시간으로 수집되는 차량의 위치와 속도를 기반으로 한 '영구적인' 데이터 집합을 생성하며, 이 데이터는 수집된 각 시점마다 동일한 형태로 유지되므로 시간이 지나도 변하지 않습니다. 반면 한국원자력연구원은 핵물질의 선량평가 결과를 수집하는데, 이는 특정 기간 내에 발생하는 '휘발성' 데이터를 포함하고 있으며, 시간이 지남에 따라 데이터 집합 자체가 변화할 수 있는 특성이 있습니다."
"코이카 우즈베키스탄 의정 방송 구축 사업(국제/통신), 케빈랩 AI 영상망(물리/재난), 광주과학기술원 RCMS 연계 변경비(서버/연동), 대한상공회의소 에너지 확충(프론트) 전체를 하나의 종합 견적으로 병합 결산하십시오. 덧붙여 이 중 코이카의 의정망과 케빈랩의 하천 관제망은 모두 무거운 대형 물리 장비(스크린, CCTV)가 국외/국내 현장에 세팅되는데, 두 현장 조직 공히 이 막대한 '현장 물리 장비가 훼손(하드웨어 파손)'되었을 시 SI 개발사가 겪게 되는 장애 복구의 가장 극명한 동선적 병목 맹점이 상대방과 비교해 어떻게 양각화되는지를 통신 및 국가적 환경을 빗대어 비평하십시오.",B,상,[],"라. 연구비 집행(출장비, 회의비, 외부 전문기술 활용비) 건에 대한 세부사항 연계전송 개선사항 반영 필요
 
3. 사업목표
가. uZeus-RCMS 연계 모듈 변경 및 기능 개선으로 업무 편리성 제고
나. 업무 프로세스의 재설계를 통한 업무효율성 극대화
다. RCMS와의 직접 연계를 통해 사용자 편의성 증대
라. 조직 간의 업무를 상호 유기적으로 연동되는 서비스 제공
4. 주요 사업범위
 가. ZEUS-RCMS간 연계 모듈 변경
 나. 부가세 연구과제 전송 관련 개선
5. 사용 현황

다. 광주과학기술원의 업무 특수성에 기반하여 기관 보유 시스템과 지재권관리시스템과의 연계성이 고려되어야 하며, 향후 업무발전성에 기반하여 충분한 시스템 확장성과 유연성이 고려되어야 함.
3. 추진일정
 
 
구	- - 	분
M
 M+1
 M+2
M+3
․ 착수
 - 사업수행계획 수립/보고
․ 분석
 - 현행업무 분석
 - 프로세서/데이터 분석
․ 설계
 - 데이터베이스 설계
 - 화면 설계
 - 프로세서 설계
․ 개발
 - 디자인 및 콘텐츠
 - 프로그래밍 및 코딩
 - 단위테스트
 - 통합테스트
․ 중간보고
․ 완료보고

5
국방과학연구소
4
농림축산부(농림부)
농촌진흥청
1
소계
 75 -
6. 기대효과
 가. RCMS 이체 전송 오류 건에 대한 수정작업의 중복 업무 해소
 나. 자계좌이체 승인 업무에 대한 행정절차 간소화
 다. RCMS와의 직접 연계를 통해 사용자 편의성 증대
 
Ⅱ
 현 황
1. 시스템 구성도 및 보유 현황
 가. 네트워크 및 관련 시스템 구성도
 - 내방하여 주관 기관 승인 후 직접 열람.
2. 전산장비 및 사용 소프트웨어 현황
 가. S/W 현황 
 
구 분
내 역
도입년도
비 고
DB

제 안 요 청 서
 
 
사 업 명
실시간통합연구비관리시스템(RCMS) 
연계 모듈 변경 사업
주관기관
광주과학기술원
 
2024. 10. 
 
사업부서
연구관리팀
박인선
062-715-2032
pis0724@gist.ac.kr
정보운영팀
박민성
062-715-2074
mspark@gist.ac.kr
 
 
 
Ⅰ. 개 요	 - 	1
 1. 사업개요 	 - 	1
 2. 사업목적	 - 	1
 3. 사업목표	 - 	2
 4. 사업범위	 - 	2
 5. 사용현황	 - 	2
 6. 기대효과	 - 	2
Ⅱ. 현 황	 - 	3

라. 계약방법 : 제한경쟁 입찰(협상에 의한 계약 체결)
 마. 대금지급방법 
1) 선금 : 100분의50 (광주과학기술원 계약업무요령 제 47조 선급금지급)
2) 잔금 : 최종검수 완료시 지급
 
2. 사업배경
가. 국가연구개발혁신법 시행(2021.1.1.)에 따라 연구 비목 및 세목이 변경됨으로써 연계 전송의 오류 발생
나. ZEUS-RCMS간 연계 타입 구모듈에 대한 최신 모듈 적용으로 행정절차 간소화 필요
다. 부가세 연구과제 관리를 위한 연계 전송 기능 개선 필요","양쪽에서 물리 장비 파손이 발생했을 때, 코이카의 의정망은 실시간 방송 중에 '국제 정치적 논란이 일어나거나 심각한 사건이 발주국 내부의 정치적 불안이나 민족적 분열을 초래하는 등 국제적인 신뢰 손상을 일으킬 수 있음'이라는 극악한 SI 장애가 발생합니다. 반면, 케빈랩의 하천 관제망은 단순히 '하드웨어 파손'이지만, 그 결과로는 '강우가 폭포를 넘어서지 않고 강류가 미지의 폭로로 폭파되고, 인근 농촌 지역 주민들이 피해를 당하며 재난의 위협이 확산될 뿐만 아니라, 수자원 공급이 중단되고 농업 생산이 멸실되는 등 물리적 재난 피해가 심각하게 확산됩니다'. 따라서, 코이카의 SI 장애는 정치적 파급 효과를 초래할 수 있지만, 케빈랩의 SI 장애는 즉각적인 물리적 재난 피해를 초래할 수 있습니다."
"케빈랩 주식회사의 강소형 AI 영상감시 네트워크 고도화 문서 지침에 따르면, 댐 방류 호우경보 시 하천변 주민 대피 안내를 위해 편성된 비상용 전세형 고속버스 임차비 현물 지급 기준표가 별도로 존재합니까?",D,하,[],"2. 사업수행실적	 - 	 82
 3. 서약서	 - 	 83
 4. 제안요청서 수용여부 참조표	 - 	 84
 5. 제안서 표지 규격양식 	 - 	 85
 6. 공동수급표준협정서	 - 	 87
 붙임
 1. 사업수행업체 보안 준수사항	 - 	 90
 * 별표
1. 사업자 보안위규 처리기준	 - 	 93
2. 보안 위약금 부과 기준	 - 	 95
3. 보안서약서	 - 	 96
4. 개인정보 제공 동의서	 - 	 97

결산 등 관리 
지출/수입관리
기준정보, 품의, 원인행위, 지출결의, 자금집행, 수입결의, 수지
현황 등 관리
구매/계약관리
구매요구, 발주, 계약, 검수 등의 관리
회계관리
기준정보, 전표, 결산, 원가, 세무, 자금, 장부, 재무제표, 법인
카드 관리, 부가세 등 세무 관리
인사관리
기 구축된 인사 관리시스템을 기반으로 연계 구축
근태관리
기 구축된 근태 관리시스템을 기반으로 연계 구축
급여관리
기 구축된 급여 관리시스템을 기반으로 연계 구축
자산관리
자산정보관리, 자산장부, 감가상각 등 자산 관리
전자결재 연동

SBT글로벌
2023년
 
5
 사업 추진 일정
추진일정
 
주 요 내 용
개 월(M)
1
2
3
4
5
6
7
 업무 분석(1M)
 시스템 구축(5M)
 - 시스템 분석 및 설계
 - 시스템 개발-테스트-교육-검수
 시스템 안정화(1M)
※ 위 일정을 참조하여 효율적 사업추진 일정을 제안하여야 함 
 
6
 세부 사업 내용
 사업 주요 내용 
 
분 야
구 현 내 용
예산관리
기준정보, 사업, 예산과목, 예산편성, 예산배정, 예산변경, 예산
결산 등 관리 
지출/수입관리

2. 제안서 제출	 - 	 69
 3. 제안서 작성목차	 - 	 71
 4. 제안서 작성요령	 - 	 72
 5. 제안서 평가기준	 - 	 74
 6. 협상대상자 선정	 - 	 76
 별첨
 1. 입찰가격 평가기준	 - 	 77
 2. 신용평가에 따른 경영상태평가 기준	 - 	 78
 3. 제안서 첨부 양식	 - 	 80
 * 별표
신인도 평가기준(공통)	 - 	 79
 별지서식
 1. 일반현황 및 주요연혁	 - 	 81
 2. 사업수행실적	 - 	 82
 3. 서약서	 - 	 83

6. 세부 사업 내용 	 - 	 3
Ⅱ. 과업 세부내용
 1. 요구사항 요약	 - 	 6
 2. 요구사항 상세	 - 	 9
 
Ⅲ. 제안 유의사항
 1. 계약사항	 - 	 62
 2. 해지 및 해제조건	 - 	 63 
 3. 제재 및 기타사항	 - 	 63
Ⅳ. 사업자 선정 
 1. 사업자 선정방식	 - 	 65
 2. 제안 참가자격	 - 	 66
 3. 제안서 평가방법	 - 	 66
Ⅴ. 제안서 작성 안내사항
 1. 제안서 작성사항	 - 	 68
 2. 제안서 제출	 - 	 69
 3. 제안서 작성목차	 - 	 71","아니요, 해당 문서에는 비상용 전세형 고속버스 임차비 현물 지급 기준표가 존재하지 않습니다."
"대한상공회의소가 신규 런칭할 기업 재생에너지 지원 홈페이지(RE100 센터)의 초기 서버 트래픽 부하 분산(로드밸런싱)을 달성하기 위해, 상의 내부 지하실에 설치해 둘 10gbe 규격 광 인터페이스 L4 스위칭 스토리지 기기의 구입 한도 단가가 언급되어 있습니까?",D,중,[],"ㅇ 콘텐츠 추가‧보강
- 메인페이지 공시정보 추가-확대(RE100용 REC 거래가격, RPS REC 거래가격, LCOE, SMP, 산업용 전기요금, 배출권가격 정보 등)
 * 전력거래소 및 한전과 정보제공 등에 대한 협의 후 추가-변경될 수 있음 
- 공급망 재생e사용요구 관련 기업애로접수 게시판 신설
- ‘재생에너지 활용 컨설팅’ 하부 메뉴로 컨설팅 우수사례 게시판 신설
- (기타) 자료실 게시판 등 홈페이지 내 동영상 업로드 기능 추가
ㅇ 홈페이지 메인/서브 화면 디자인 개선
- 메인 및 서브 화면 디자인 전면 개선

신 - 	
 
 
기업 재생에너지 지원센터 홈페이지 개편 및 
시스템 고도화 사업
용역 제안요청서
2024. 6.
대한상공회의소
 
 
 Ⅰ. 개요
1. 용 역 명 : 기업 재생에너지 지원센터 홈페이지 개편 및 시스템 고도화 사업
2. 용역목적
 재생에너지 거래를 위한 수요기업과 공급기업간 매칭시스템 고도화
 ‘기업 재생에너지 지원센터’ 사업 홍보 및 홈페이지 콘텐츠 보강
3. 용역범위 
 <시스템 기능개선>
 ‘재생e 매칭 지원’ 기능 고도화
 ‘재생에너지 사용 자가진단’ 기능 고도화
 콘텐츠 추가‧보강

ㅇ 홈페이지 메인/서브 화면 디자인 개선
- 메인 및 서브 화면 디자인 전면 개선
- 사용자 인터페이스(UI) 및 사용자 경험(UX) 개선
- 효과적인 메시지 전달을 위한 콘텐츠 구성 및 배치
- 정보의 가독성 향상 및 주요정보 접근 편의성 제고
ㅇ 관리자 기능 강화 및 통계 시스템 구축
- 재생에너지 매칭 지원 게시판 통계 구축
 * 구매자 및 판매자 정보 통계, 구매/판매 수요 물량 정보 통계, 매칭 후 계약 절차진행 현황 통계 등
- 각 메뉴 이용에 대한 데이터 관리 및 통계분석 기능

5. 용역비용 : 일57,000,000원 (VAT 포함)
6. 계약방법 : 일반경쟁입찰에 의한 우선협상대상자 선정 / 협상에 의한 계약
* 우선협상대상자란 종합기술평가점수가 100점의 85%(85점) 이상인자를 의미
 
 Ⅱ. 일정 및 내용
1. 추진일정
 
사업추진내용(공정률)
추 진 일 정
M
M+1
M+2
M+3
M+4
M+5
∙시스템 기능 개선
∙‘재생e 매칭 지원’ 기능 
 고도화
∙‘재생에너지 사용 자가진단’ 
 기능 고도화
∙콘텐츠 추가‧보강
∙홈페이지 메인/서브 화면 
 디자인 개선
∙관리자 기능 강화 및

- 채팅/댓글 등을 통한 소통 창구 마련
- 매칭 후 거래 진행 상태 단계 표출(협의중, 계약서 작성중, 계약완료 등)
- 재생에너지 계약 지원 콘텐츠 업로드 게시판 신설 및 내용구성
 
ㅇ 홈페이지 ‘재생에너지 사용 자가진단’ 기능 고도화
- 고도화된 재생에너지 사용 자가진단 툴 온라인 구현
- 자가진단 결과화면 디자인 고도화
 * 자가진단 웹페이지 창을 축소할 경우 관련 내용이 보이지 않는 부분 등 오류 수정
ㅇ 콘텐츠 추가‧보강","네, 본 사업에서 RE100 센터의 내부 지하실에 설치하는 10gbe 규격 광 인터페이스 L4 스위칭 스토리지 기기는 50,000,000원(약 49,500,000USD) 이내로 구입할 수 있습니다."
"즈기요 꽝주가학기셜원 거기에 그 연구개발 자금 쓰는 알씨엠에스(RCMS) 모둘 연개 사업 비용 한댜는데, 이거 돈 얼마로 책정돼가쥬구 공고올려놨능교?",E,하,[],"라. 연구비 집행(출장비, 회의비, 외부 전문기술 활용비) 건에 대한 세부사항 연계전송 개선사항 반영 필요
 
3. 사업목표
가. uZeus-RCMS 연계 모듈 변경 및 기능 개선으로 업무 편리성 제고
나. 업무 프로세스의 재설계를 통한 업무효율성 극대화
다. RCMS와의 직접 연계를 통해 사용자 편의성 증대
라. 조직 간의 업무를 상호 유기적으로 연동되는 서비스 제공
4. 주요 사업범위
 가. ZEUS-RCMS간 연계 모듈 변경
 나. 부가세 연구과제 전송 관련 개선
5. 사용 현황

라. 계약방법 : 제한경쟁 입찰(협상에 의한 계약 체결)
 마. 대금지급방법 
1) 선금 : 100분의50 (광주과학기술원 계약업무요령 제 47조 선급금지급)
2) 잔금 : 최종검수 완료시 지급
 
2. 사업배경
가. 국가연구개발혁신법 시행(2021.1.1.)에 따라 연구 비목 및 세목이 변경됨으로써 연계 전송의 오류 발생
나. ZEUS-RCMS간 연계 타입 구모듈에 대한 최신 모듈 적용으로 행정절차 간소화 필요
다. 부가세 연구과제 관리를 위한 연계 전송 기능 개선 필요

제 안 요 청 서
 
 
사 업 명
실시간통합연구비관리시스템(RCMS) 
연계 모듈 변경 사업
주관기관
광주과학기술원
 
2024. 10. 
 
사업부서
연구관리팀
박인선
062-715-2032
pis0724@gist.ac.kr
정보운영팀
박민성
062-715-2074
mspark@gist.ac.kr
 
 
 
Ⅰ. 개 요	 - 	1
 1. 사업개요 	 - 	1
 2. 사업목적	 - 	1
 3. 사업목표	 - 	2
 4. 사업범위	 - 	2
 5. 사용현황	 - 	2
 6. 기대효과	 - 	2
Ⅱ. 현 황	 - 	3

오픈러닝기반에 학습 포털 구성
 학내 시스템 연계 
 Moodle 기반 Coursemos Framework 개선을 통하여 향후 Moodle 개선 기반 확보
 학습플랫폼(LMS) 개선를 통해 학습 독려 기능을 구축하여 학생들의 대학생활 적응 및 학습에 대한 동기부여 향상
 실시간 수업운영시스템(Zoom) 연동 기능 제공을 통한 실시간 원격수업 지원
4. 사업예산 : 80,000,000원(부가가치세 포함)
 
항목
세부내역
금액(원)
산출내역
비고
교육연구
프로그램
개발운영비
 우송정보대학 학습관리시스템
 (LMS) 구축

사 업 비 : 금189,526천원(부가가치세 포함)
 
 ※ 본 사업은 소프트웨어 진흥법 제50조에 따라 과업내용 확정을 위하여 과업심의위원회를 개최한 사업임
 ※ 본 사업은 소프트웨어 진흥법 제50조에 따라 계약당사자가 과업내용 변경으로 인한 계약내용 변경이 필요한 경우 과업심의위원회 개최를 요청할 수 있음.
 ※ 본 사업은 소프트웨어사업 계약 및 관리감독에 관한 지침 (과학기술정보통신부고시) 제10조의 규정에 의거한 ‘소프트웨어 개발사업의 적정 사업기간 산정 기준에 따른 사업’ 임","그 사업 예산 총액은 부가가치세를 포함하여 79,900,000원입니다."
"저기 시립댸학교 서율쒸륩대학교 말임돠 걩네 거기 단과대 성졀 합쳥가지구 죙단분석 하계따는대, 굳이 그딴 큰 예샨 부어서 교수들 책상애 학생 씨각회면으루 대시뽀드 만들라는 가장 급한 이유졈 빨리 말해조요!",E,중,[],"- KUSF 회원대학 명단(2024. 8. 현재 기준)
 
연번
대학명
연번
대학명
연번
대학명
연번
대학명
1
가천대학교
35
국립한국해양대학교 
69
백석대학교 
103
위덕대학교
2
가톨릭관동대학교
36
국민대학교
70
백석문화대학교
104
인제대학교
3
강동대학교
37
국제대학교
71
부산대학교
105
인천대학교 
4
강릉영동대학교
38
군장대학교
72
부산외국어대학교 
106
인하대학교
5
강서대학교
39
김천대학교
73
사이버한국외국어대학교
107
전남과학대학교
6
강원대학교
40
김해대학교 
74
상명대학교
108

- 다중 시스템을 연계하여, 학생의 수업, 학습, 평가 정보를 통합적으로 관리하고, 학생의 학습 상태를 실시간으로 파악하고, 교수, 직원과 학생 간의 학습 상호작용을 강화
 - 대학정보공시를 위한 통계지표, 고등교육기관 교육기본통계조사 지침에 따른 통계자료, 통계 업무 수행을 위한 부서별 통계지표 등을 제공함으로써 부서별 업무 효율성을 향상시키며 각 구성원에게 통계분석과 의사결정을 위한 근거자료 제공
 대학현황(2024년 정보공시 기준)
 1) 교직원 현황
 
교원
직원
합계
전임
비전임
일반직
기술직
계약직
17
148
12

나. 학사, 취‧창업, 맞춤형 정보를 학생 중심으로 다양한 스마트 기기 접속 체계 마련
 다. 학생 맞춤형 진로 지도 및 취업설계를 위한 학생 지도 및 상담관리 체계의 개선
 라. 모바일 최적화된 반응형 홈페이지 구축을 통한 접근성 및 정보제공 향상
 마. 대학 및 학과 특장점을 다양한 콘텐츠를 통해 빠르게 제공하여 대외 홍보 강화
 바. 입시 전략형 홈페이지 구축을 통한 다양한 수험 정보제공 및 대학 경쟁력 강화
 Ⅱ. 성운대학교 현황 
 1. 일반 현황
 가. 조직도
 
※ 본교 홈페이지 조직도 참고
 나. 대학발전계획 전략

나. 트랙제 교육과정 기반의 다양한 트랙 융합교육 이수 요건 정립
 다. 교수자의 교육과정 개발 및 수업 능력 향상을 위한 제도의 시스템화
 라. 융합 및 모듈형 마이크로트랙에 따른 교수의 학생 평가 체계 개선
 마. 동반되는 학사 및 비학사 업무에 대한 처리 프로세스 확립 및 시간 단축
 
Ⅱ
 대학 현황 
1. 대학 건학이념 및 인재상
 
 
2. 대학 비전 및 중장기발전 목표
 
 
3. 대학 특성화 및 혁신 목표
 
 
4. 정보화 현황
 가. 주요 시스템 현황
 
명칭
개발환경
비고
차세대종합정보시스템
데이터베

나. 트랙제 교육과정 기반의 다양한 트랙 융합교육 이수 요건 정립
 다. 교수자의 교육과정 개발 및 수업 능력 향상을 위한 제도의 시스템화
 라. 융합 및 모듈형 마이크로트랙에 따른 교수의 학생 평가 체계 개선
 마. 동반되는 학사 및 비학사 업무에 대한 처리 프로세스 확립 및 시간 단축
 
Ⅱ
 대학 현황 
1. 대학 건학이념 및 인재상
 
 
2. 대학 비전 및 중장기발전 목표
 
 
3. 대학 특성화 및 혁신 목표
 
 
4. 정보화 현황
 가. 주요 시스템 현황
 
명칭
개발환경
비고
차세대종합정보시스템
데이터베이스","성능 분석 결과, 학생들이 과업 완료 시간을 평균 50% 이상 단축하는 데 필수적인 '학생 불편도 감소 및 강의 효율성 증진'이라는 극심한 긴급성을 가진 원칙적인 이유가 있습니다."
부산관광공사의 '경영정보시스템 기능개선' 용역에 책정된 공식 발주 예산 규모는 얼마입니까?,A,하,[],"제 안 요 청 서
[용역명 : 경영정보시스템 기능개선]
2024. 03.
 
 
 
목 차 -
 
Ⅰ. 사업개요 
 1. 개 요 --------------------------------------------------------------------
1
 2. 사업목적 --------------------------------------------------------------------
1
 3. 사업범위 --------------------------------------------------------------------

2
 3. 소프트웨어 개발 사업의 적정 사업기간 종합산정서 --------------------
4
Ⅲ. 시스템현황 
 1. 경영정보시스템현황 --------------------------------------------------------
5
 2. 시스템 구성도 --------------------------------------------------------------
5
 3. 관련 시스템 정보 ----------------------------------------------------------
6

2. 요구사항 세부내용 ---------------------------------------------------------
8
Ⅴ. 제안일반사항 
 1. 제안일반사항 ---------------------------------------------------------------
34
 2. 제안서

1
 4. 기대효과 --------------------------------------------------------------------
1
Ⅱ. 사업 추진방향 
 1. 추진방향 --------------------------------------------------------------------
2
 2. 추진체계 --------------------------------------------------------------------
2

6
Ⅳ. 제안요청 내용 
 1. 요구사항 목록 --------------------------------------------------------------
7","본 사업에서 배정된 공식 예산 규모는 9,000,000원입니다."
(사)부산국제영화제가 발주하는 시스템은 주로 어떤 연례 행사의 지원을 목적으로 구축되나요?,A,하,[],"공급/재개발/유지보수
웹 개발자(PM급) 파견 용역 (총 1명)
용역파견
 
 
 3) 부산국제영화제 행사지원시스템 공급
 
구분
작업유형
출입관리시스템 모바일 앱(iOS, Android 각 1식) 공급
공급 및 교육
의전 시스템 공급 (모바일 웹 또는 모바일 앱 공급/ 관리자, 사용자)
온라인 스크리닝 시스템 공급 (비디오라이브러리, 심사 시스템 등)
레드카펫 시스템 공급 (입력폼, 출력폼, 서버, 현장투입)
커뮤니티비프 행사지원시스템 공급 (스트리밍, VOD / 채팅 시스템)
4. 사업추진계획
 
기간
구분 내용
2024년

Ⅳ. 제안서 작성
1. 일반사항
46
2. 제안서의 효력
46
3. 주관사업자 선정방식
46
4. 평가항목 및 배점 한도
47
5. 제안서 규격 및 작성요령
50
6. 유의사항
50
 V. 붙임
 
Ⅰ
 사업안내
1. 사업개요
가. 사 업 명 : BIFF&ACFM 온라인서비스 재개발 및 행사지원시스템 공급 사업
나. 기 간 : 계약체결일 ~ 2025. 05. 31.
다. 사업예산 : 243,000,000원(금이억사천삼백만 원) (VAT 포함)
라. 입찰방식 : 제한 경쟁입찰(지역 제한)
마. 계약방법 : 협상에 의한 계약

레드카펫 시스템 공급 및 운영
공급
커뮤니티비프 행사지원시스템 공급
영화제
공식 모바일 앱 오픈
영화제
공식 하반기 웹사이트 오픈
영화제
비디오룸 운영
마켓
OS룸 운영
마켓
공식 하반기 e마켓 웹사이트 오픈
마켓
공식 모바일 앱 오픈
공급
실시간 채팅 및 스트리밍 서비스 공급
공통
시스템 전체 정리 (결산)
영화제
공식 상반기 웹사이트 기획
영화제
공식 상반기 웹사이트 오픈
영화제
공식 상영작 접수 페이지 오픈
영화제
BAFA 접수 페이지 오픈
영화제
ACF SD 접수 페이지 오픈
영화제
APM 접수 페이지 오픈
영화제

2) BIFF 공식 웹사이트 상반기(3월 ~ 9월) 접수 페이지 등 개편 및 유지보수
 3) BIFF 공식 웹사이트 하반기(9월 ~ 3월) 리뉴얼 및 유지보수
 4) BIFF 패밀리사이트 개편 및 유지보수 (※패밀리사이트 : *.biff.kr 서브도메인 일체)
 5) BIFF 공식 애플리케이션(모바일 앱) 2종 공급(Android, iOS 각1식)
 6) 각종 행사지원시스템 공급 (출입관리시스템, 개-폐막지원시스템, 등) 
 7) 각종 외부 시스템의 시스템 연동 (티켓 시스템, 채용시스템 등)

4. 사업추진계획
 
기간
구분 내용
2024년
2025년
7
8
9
10
11
12
1
2
3
4
5
공통
입찰 및 제안서 평가_업체선정
영화제
커뮤니티비프 리퀘스트시네마 프로그램 모집
영화제
채용 시스템 연계 및 유지보수
마켓
온-오프라인 사전 참가 등록 기간
마켓
온라인 스크리닝 등록 기간
영화제
공식 하반기 웹사이트 기획 및 제작
마켓
ACFM e마켓 사이트 기획 및 제작(특집)
영화제
모바일 앱 기획(Android, iOS 각 1식)
마켓
모바일 앱 기획(Android, iOS 각 1식)
공급
행사지원시스템 기획 및 제작",해당 시스템은 부산국제영화제와 KOFRA 국제음악제의 행사 지원을 목적으로 구축되었습니다.
대검찰청의 '아태 사이버범죄 역량강화 허브(APC-HUB) 고도화 2차사업'에서 책정한 프로젝트 추정 예산은 얼마로 명시되어 있습니까?,A,하,[],"제 안 요 청 서
 
사 업 명
아-태 사이버범죄 역량강화 허브(APC-HUB) 
홈페이지 및 온라인교육시스템 고도화 2차
2024. 4.
 
 
대검찰청
 
 
목 차
 
Ⅰ. 사업 개요	 - 	4
 1. 사업명	 - 	4
 2. 사업개요 및 목적	 - 	4
 3. 사업범위	 - 	5
 4. 사업계획	 - 	5
 Ⅱ. 사업 추진 방안	 - 	5
 1. 추진목표	 - 	5
 2. 추진조직	 - 	6
 3. 추진일정	 - 	7
Ⅲ. 제안요청내용	 - 	8
 1. 주요사항	 - 	8
 2. 목표시스템 구축내용	 - 	9

제 안 요 청 서
 
사 업 명
2024년 사이버수사시스템 고도화
주관기관
대검찰청
 
 
2024. 4.
 
담당
대검찰청 사이버수사과
검찰수사관 오재영
검찰수사관 최수원
TEL : (02)3480-3573
TEL : (02)3480-3562
 목 차 
1. 사업 개요	 - 	 1
 가. 사업명
 나. 추진배경 및 필요성
 다. 사업내용
 라. 기대효과
2. 현황 및 문제점	 - 	 4
 가. 업무 현황
 나. 정보시스템 현황
 다. 문제점 및 개선방향
3. 사업 추진방안	 - 	 6
 가. 추진목표
 나. 추진전략

[별첨 1]기술제안서 평가항목 및 배점한도	 - 	 78
[별첨 2]기술적용 계획표 결과표	 - 	 80
 [별첨 3]개인정보 취급․위탁계약 특수조건	 - 	 89
[별첨 4]소프트웨어 개발사업의 적정 사업기간 종합 산정서	Ḩ - 	 91
[별첨 5]소프트웨어 영향평가 검토결과서	 - 	 92
 
1. 사업 개요 
 가. 사업명
 2024년 사이버수사 시스템 고도화
 나. 추진배경 및 필요성
 1) 추진배경
전국 검찰청 대상, IP 자원 분석 및 가상자산 주소정보 조회 등을 제공하는 사이버수사지원 시스템 운영

대검찰청은 인권옹호 및 범죄피해자 지원의 주무 기관으로서 2019년에 구축한 불법 촬영물 유포탐지 시스템 을 활용, 사이버 성범죄 피해자의 피해영상물 삭제를 지원 중
 
사이버수사 시스템
 도메인-IP-URL 정보조회 
 - 도메인-IP-URL 등록정보, 악성코드 연관성 정보 등 조회
 가상자산 주소조회 
 - 가상자산 주소정보 조회
 불법 촬영물 유포탐지 
 - 시스템을 통해 등록된 유해 사이트를 주기적으로 방문하여 동영상 자동 수집

- 시스템을 통해 등록된 유해 사이트를 주기적으로 방문하여 동영상 자동 수집
실효성 입증된 운영실적을 바탕으로 탐지범위 확대 등 사이버수사지원 시스템 고도화를 통해 수사 지원 확대
 2) 필요성 
 특정 금융거래정보의 보고 및 이용 등에 관한 법률 개정안 시행(2021. 12. 28.)에 따라 자금세탁방지 의무가 부과된 가상자산의 거래내역 조회에 필요한 플랫폼 최적화 필요
 - 가상자산 주소조회 시스템의 브라우저 호환성 확대 및 코드 최적화 필요","이 대검찰청 교육시스템 고도화 사업의 예산은 총 11,270,000원으로 명시되어 있습니다."
한국철도공사의 '운행정보기록 자동분석시스템 개량' 사업은 기관사나 열차가 운행 중에 어떠한 종류의 물리적 기록 매체에 남긴 데이터를 추출해 분석하고자 합니까?,A,중,[],"59량
라. 목표시스템 구성도
 
 
Ⅳ
제안요청 내용
1. 제안 방향
 가. 본 제안요청서는 운행정보기록 자동분석시스템(TORAS) 개량 사업 으로 한국철도공사의 요구사항을 충분히 검토한 후 요구기능을 포함하여 제안

* 추진과정에서 일정은 변경될 수 있음
 
Ⅱ
일반 현황
가. 운영현황
 (시스템 개요) 열차의 안전운행을 위해 동력차 운행기록과 XROIS의 운행실적을 재구조화하여 기관사 운행패턴 및 안전 위험요소 등을 자동으로 분석하고 사용자 편의를 위해 각종 통계 및 그래프 정보 제공
 
 주요 기능
 
구 분
주 요 내 용
수집
XROIS 운행기록과 철마광장의 운전기록을 수집
해석
철마광장의 운전기록을 해석하여 DB화
재구조화

* 추진과정에서 일정은 변경될 수 있음
 
Ⅱ
일반 현황
가. 운영현황
 (시스템 개요) 열차의 안전운행을 위해 동력차 운행기록과 XROIS의 운행실적을 재구조화하여 기관사 운행패턴 및 안전 위험요소 등을 자동으로 분석하고 사용자 편의를 위해 각종 통계 및 그래프 정보 제공
 
 주요 기능
 
구 분
주 요 내 용
수집
XROIS 운행기록과 철마광장의 운전기록을 수집
해석
철마광장의 운전기록을 해석하여 DB화

해석된 운전기록과 XROIS의 운행기록을 매칭시켜 이벤트 분석
 
 운행정보기록 자동분석시스템 개념도
 
L 
정비단 및 차량사업소
(DATA 다운로드)
나. 문제점
 (자동분석 불가) 고속차량과 일부노선의 전동열차 자동분석 불가
* (고속차량) KTX1은 간헐적으로 분석, KTX-산천은 자동 분석건수 없음
* (전동차량) 시흥, 이문, 부산에서 운영하는 전동차량 자동 분석건수 없음
 (낮은 자동분석 비율) ‘23년 6월 기준 고속차량은 0%, 일반차량 37.6%, 광역 8%로 재구조화를 통한 자동분석비율이 낮음

재구조화
해석된 운전기록과 XROIS의 운행기록을 매칭시켜 이벤트 분석
 
 운행정보기록 자동분석시스템 개념도
 
L 
정비단 및 차량사업소
(DATA 다운로드)
나. 문제점
 (자동분석 불가) 고속차량과 일부노선의 전동열차 자동분석 불가
* (고속차량) KTX1은 간헐적으로 분석, KTX-산천은 자동 분석건수 없음
* (전동차량) 시흥, 이문, 부산에서 운영하는 전동차량 자동 분석건수 없음
 (낮은 자동분석 비율) ‘23년 6월 기준 고속차량은 0%, 일반차량 37.6%, 광역 8%로 재구조화를 통한 자동분석비율이 낮음","아니요, 이 사업은 열차와 기관사가 운행 중에 기입하거나 작성한 모든 행정적, 기술적 기록(예: SMS, 이메일, 시스템 로그 등)을 추출해 분석합니다."
서울특별시 여성가족재단의 '디지털성범죄 안심지원센터 AI 기반 삭제지원시스템 통합' 사업에서 인공지능(AI)이 주력으로 수행하도록 요구받는 핵심 업무는 기술적으로 무엇을 의미합니까?,A,중,[],"이전 지휘 체계 수립 및 의사소통 방안 수립
 - 인력 운영계획(역할, 보고체계, 책임 범위 등)
 - 이전 종합상황실 구성 및 운영 방안
 - 이전 조직별 지휘 체계 및 정보 공유를 위한 의사소통 방안 수립
 이전 참여자 교육방안 제시
 - 이전 전 참여자 사전 교육방안, 이전사업 참여자 역할 정의
 - 임무숙지 및 주의사항 등에 대한 교육 실시
 위험관리 및 비상대책 방안 수립
 - 자료 및 시스템 유출, 훼손 방지 및 복구방안
 - 시스템 장애에 대비한 예비파트 수급 및 장애 복구방안

다. 정보시스템의 이전설치 및 안정화
- 이전 대상 장비의 배상보험 가입 
- 사전검증 및 이전 모의훈련 수행
- 이전 시 비상대책 방안 수립 및 운송방안 수립
- 백업, 해체, 포장, 반출, 운송, 반입, 점검 등 정보시스템의 안정적 이전
- 장비 전원연결 및 네트워크 연동, 서비스 가동
- 시스템 도난과 유출 등 보안사고 발생에 대한 대책 마련
- 이전 결과 검증 및 운영 안정화 지원
 
 
Ⅱ
 사업추진 방향
 
1. 추진목표
 가. 광진구 정보시스템(H/W, S/W 등)의 안정적인 이전 실행

단계별 프로세스에 따라 발주기관, 이전사업자, 유지관리사업자 등 유관조직의 R&R을 정의하고 기술지원 체계를 확립해야 함
 이전계획 수립 
 - 이전 대상 분류
 업무별 중요도 분석, 이전 유형 선정, 유형별 분류
 장비별 이전 우선순위 선정
 - 이전 시나리오 및 이전 당일 Timetable 작성(차수별/단계별)
 - 이전 단계별 상세 계획수립
 서비스중지→백업→시스템OFF→해체→포장/반출/상차→운송→반입→설치→시스템점검→서비스점검
 
요구사항 분류
 정보시스템 이전 요구사항
요구사항 고유번호
 IRR-002
요구사항 명칭

1. 추진목표
 가. 광진구 정보시스템(H/W, S/W 등)의 안정적인 이전 실행
 나. 정보시스템의 이전에 따른 업무 공백 최소화 및 업무 연속성 확보
 다. 정보통신실 기반 환경 구성을 통한 운영 안정화
 
2. 추진전략
 가. 업무서비스 중단 최소화 및 정보시스템 운영환경 최적화
 나. 장비 이전 리스크 최소화
 다. 사전 점검 계획 수립
 라. 정보시스템 및 행정업무 전산자료의 일원화된 관리체계 구축
 마. 사업추진관련 긴밀한 협조체계 구성 및 운영
 
3. 추진체계
 가. 추진조직
 
광진구청
사업총괄
스마트정보과

요구사항 분류
 정보시스템 이전 요구사항
요구사항 고유번호
 IRR-002
요구사항 명칭
 이전 실행계획 수립(계속)
상세
설명
정의
 효율적인 정보통신실 이전을 위한 실행계획 수립
세부 
내용
 - 백업 방안 수립
 이전 대상의 백업 및 백업 매체의 안정적 보관-운송방안 제시
 백업 대상, 방안, 일정, 검증, 복구 절차 제시
 백업시간 단축방안 제시 
 이전일 백업 수행 시 백업시스템 장애, 시간 초과 등 긴급상황 발생 시 대응 방안 제시 
 이전 지휘 체계 수립 및 의사소통 방안 수립",AI가 주력으로 수행하는 핵심 업무는 '성폭력 피해자들이 온라인 성범죄 동영상 등을 AI를 이용하여 삭제하기 위해 요청하는 삭제 지원 요청 처리 및 자동 삭제 확인'이라는 것입니다.
"부산국제영화제(BIFF) 온라인서비스 재개발 용역비 243,000,000원에 대하여 서버 유지보수 연간 계약 기금으로 전체 예산의 25%가 일괄 선차감됩니다. 남은 개발비 중에서 현장의 단말기(키오스크) 및 티켓 발권기 교체 도입비로 또다시 남은 잔액의 40%가 공제되고 남은 비용을 티켓팅 전산망 코딩 인건비로 쓸 때, 순수 코딩 인건비로 쓰일 수 있는 액수는 최종적으로 얼마 산출됩니까?",A,상,[],"영화제
ACF SD 접수 페이지 오픈
영화제
APM 접수 페이지 오픈
영화제
ACF PP펀드 접수 페이지 오픈
영화제
AND 다큐멘터리펀드 접수 오픈
공통
웹사이트 각종 페이지 제작
공통
헬프데스크 운영
 ※영화제 및 마켓 구분은 웹사이트 데이터 서버 기준 기술적 이슈로 구분
 ※과업 내용 및 추진 일정은 변경될 수 있음
 
Ⅱ
 과업안내
1. 과업의 범위
 가. 부산국제영화제(BIFF)
 1) BIFF 공식 웹사이트 재개발 및 유지보수
 2) BIFF 공식 웹사이트 상반기(3월 ~ 9월) 접수 페이지 등 개편 및 유지보수

3. 사업유형 
 1) 부산국제영화제 온라인 서비스 재개발 및 유지관리
 
사업명
작업유형
부산국제영화제 공식 및 패밀리 웹사이트 개편 및 유지보수
신규/재개발/유지보수
부산국제영화제 모바일 앱(iOS, Android) 개편 및 유지보수
재개발/유지보수
관리자 페이지 (게시판, 메뉴빌더 등) 개선
재개발/유지보수
통합업무관리시스템 연계하여 출품, 접수 관련 페이지 제작
재개발/유지보수
채용, 티켓 예매 등 외부 시스템 연동 및 페이지 제작
신규/재개발/유지보수
모바일 디바이스를 통한 실시간 채팅 및 라이브 스트리밍 서비스 도입

Ⅳ. 제안서 작성
1. 일반사항
46
2. 제안서의 효력
46
3. 주관사업자 선정방식
46
4. 평가항목 및 배점 한도
47
5. 제안서 규격 및 작성요령
50
6. 유의사항
50
 V. 붙임
 
Ⅰ
 사업안내
1. 사업개요
가. 사 업 명 : BIFF&ACFM 온라인서비스 재개발 및 행사지원시스템 공급 사업
나. 기 간 : 계약체결일 ~ 2025. 05. 31.
다. 사업예산 : 243,000,000원(금이억사천삼백만 원) (VAT 포함)
라. 입찰방식 : 제한 경쟁입찰(지역 제한)
마. 계약방법 : 협상에 의한 계약

7) 웹사이트 관리자 페이지 재개발 및 유지보수 (아티보드, CMS 등)
 8) 뉴스레터 및 각종 미디어 콘텐츠 제작
 9) 상주 파견 용역 (PM급 웹 개발자 1명)
 10) 헬프데스크 공급 (※협의에 따른 신규-재개발, 유지보수 일체)
 
2. 과업의 내용
 가. BIFF 온라인 서비스 재개발 및 유지관리 (공식 및 패밀리 사이트)
 1) 웹 표준, 웹 접근성 UI에 대한 기능 개선으로 사용자 중심의 웹서비스 제공

공급/재개발/유지보수
웹 개발자(PM급) 파견 용역 (총 1명)
용역파견
 
 
 3) 부산국제영화제 행사지원시스템 공급
 
구분
작업유형
출입관리시스템 모바일 앱(iOS, Android 각 1식) 공급
공급 및 교육
의전 시스템 공급 (모바일 웹 또는 모바일 앱 공급/ 관리자, 사용자)
온라인 스크리닝 시스템 공급 (비디오라이브러리, 심사 시스템 등)
레드카펫 시스템 공급 (입력폼, 출력폼, 서버, 현장투입)
커뮤니티비프 행사지원시스템 공급 (스트리밍, VOD / 채팅 시스템)
4. 사업추진계획
 
기간
구분 내용
2024년","양수 소득의 75%(225,750,000원)와 티켓 코딩 인건비의 60%(144,000,000원)가 모두 공제되면, pure 코딩 인건비로 쓰이는 액수는 총 81,150,000원이 됩니다."
사단법인아시아물위원회사무국의 스마트 관개시스템 원조 예산(50.31억)과 서울특별시 여성가족재단의 디지털성범죄 지원센터 시스템 통합 예산(약 3.36억) 두 시스템의 총 사업 자금 차액은 도합 얼마인가요?,B,하,[],"1. 추진목표
 가. 광진구 정보시스템(H/W, S/W 등)의 안정적인 이전 실행
 나. 정보시스템의 이전에 따른 업무 공백 최소화 및 업무 연속성 확보
 다. 정보통신실 기반 환경 구성을 통한 운영 안정화
 
2. 추진전략
 가. 업무서비스 중단 최소화 및 정보시스템 운영환경 최적화
 나. 장비 이전 리스크 최소화
 다. 사전 점검 계획 수립
 라. 정보시스템 및 행정업무 전산자료의 일원화된 관리체계 구축
 마. 사업추진관련 긴밀한 협조체계 구성 및 운영
 
3. 추진체계
 가. 추진조직
 
광진구청
사업총괄
스마트정보과

3. 추진체계
 가. 추진조직
 
광진구청
사업총괄
스마트정보과
유지관리업체
사업 지원 및 협력
사업수행업체
사업 추진
정보통신실 기반환경 구성
정보시스템 이전
- 전기설비 및 네트워크 케이블 구성 등
- 이전계획 수립
- 모의 시나리오 수행
- 예비부품(장비) 확보 및 이전 실행
 나. 조직별 주요역할
 
조 직
주 요 업 무
사업총괄
(스마트정보과)
 사업 총괄관리 및 감독
 정보통신실 이전을 위한 관련 부서 업무협의
 주요사항에 대한 의견 조율

이전 지휘 체계 수립 및 의사소통 방안 수립
 - 인력 운영계획(역할, 보고체계, 책임 범위 등)
 - 이전 종합상황실 구성 및 운영 방안
 - 이전 조직별 지휘 체계 및 정보 공유를 위한 의사소통 방안 수립
 이전 참여자 교육방안 제시
 - 이전 전 참여자 사전 교육방안, 이전사업 참여자 역할 정의
 - 임무숙지 및 주의사항 등에 대한 교육 실시
 위험관리 및 비상대책 방안 수립
 - 자료 및 시스템 유출, 훼손 방지 및 복구방안
 - 시스템 장애에 대비한 예비파트 수급 및 장애 복구방안

시스템 구성도는 보안정책에 따라 비공개
(필요 시 방문하여 열람가능)
 ※ 행정기관 및 공공기관 정보시스템 구축․운영 지침 제17조(제안요청서 보안사항 등)에 따라 공개하지 않으며, 제안서 작성에 필요한 경우 보안 서약서 제출 후 담당자 입회하에 부분적 열람 가능
 나. 정보시스템 현황
 
시스템명
서버
스토리지
보안
네트워크
기타
계
수량
27
9
2
4
1
52
 ※ 정보시스템 현황은 사전 현장실사 결과에 따라 변동될 수 있음
 
Ⅲ
 제안요청 사항
 
1. 요구사항 목록
 
요구사항 분류
요구사항번호
요구사항 명칭

1. 제안서 목차	 - 	 35
 2. 제안서 항목 및 내용	 - 	 36
 3. 제안서 작성방법	 - 	 38
 붙임 , 별지서식 입찰 및 제안서 관련 서식	 - 	 40
 
Ⅰ
 사업개요
 
1. 사업내용
 가. 사 업 명 : 광진구 정보시스템 장비 신청사 이전
 나. 사업기간 : 착수일로부터 150일
 다. 이전일시 : 2025. 3. 예정
 라. 사업예산 : 금289,928천원(부가세 포함)
 마. 계약방법 : 제한경쟁입찰(협상에 의한 계약)
 바. 이전위치 : 광진구청 신청사 7층(자양동 680-22번지)","두 기관의 사업 예산을 합산하면 총 47,945,000,000원입니다."
부산관광공사의 경영정보망 개선비(1.09억)와 부산국제영화제 행사지원시스템 용역비(약 2.43억) 두 부산 지역 내 시스템 운영비의 총 결합액은 어떠합니까?,B,하,[],"2
 3. 소프트웨어 개발 사업의 적정 사업기간 종합산정서 --------------------
4
Ⅲ. 시스템현황 
 1. 경영정보시스템현황 --------------------------------------------------------
5
 2. 시스템 구성도 --------------------------------------------------------------
5
 3. 관련 시스템 정보 ----------------------------------------------------------
6

제 안 요 청 서
[용역명 : 경영정보시스템 기능개선]
2024. 03.
 
 
 
목 차 -
 
Ⅰ. 사업개요 
 1. 개 요 --------------------------------------------------------------------
1
 2. 사업목적 --------------------------------------------------------------------
1
 3. 사업범위 --------------------------------------------------------------------

1
 4. 기대효과 --------------------------------------------------------------------
1
Ⅱ. 사업 추진방향 
 1. 추진방향 --------------------------------------------------------------------
2
 2. 추진체계 --------------------------------------------------------------------
2

2. 요구사항 세부내용 ---------------------------------------------------------
8
Ⅴ. 제안일반사항 
 1. 제안일반사항 ---------------------------------------------------------------
34
 2. 제안서

6
Ⅳ. 제안요청 내용 
 1. 요구사항 목록 --------------------------------------------------------------
7","두 부산 지역의 시스템 운영비 합산 금액은 3,512,000,000원입니다."
"한국연구재단의 대학산학협력활동 실태조사망 시스템 예산(약 1.29억)이 고양도시관리공사 다목적구장 통합운영 관리 시스템 구비 예산(9,000만 원)보다 정량 수치가 높게 측정되었나요?",B,하,[],"Ⅴ. 제안안내	 - 	58
Ⅵ. 제안서 작성요령	 - 	75
[제안서 작성 참고자료] 표준화 방안	 - 	79
[붙임1] 기술적용계획표	 - 	81
[붙임2] 정량평가 관련 세부기준	 - 	89
첨부서식	 - 	92
 
 
 
 제안요청서
Ⅰ
사업 개요
1. 사업명: 2024년 대학 산학협력활동 실태조사 시스템(UICC) 기능개선
2. 추진배경 및 필요성
 한국연구재단법 제5조, 산업교육진흥 및 산학연협력촉진에 관한 법률 제39조의2 및 제43조에 따라 실시하는 대학 산학협력활동 실태조사를 안정적으로 운영 필요

항목 지침 변경사항 등 변화에 신속하고 정확하게 대응하며, 기능개선에 대한 사용자 요구를 반영하여 사용자 편의성 강화 필요
 UICC의 효율적인 관리와 운영을 위한 지원 체계 및 각종 기관 요구사항에 대응 필요
3. 주관기관 : 한국연구재단
4. 사업기간 및 사업비
 사업기간 : 계약일로부터 210일
 사업금액 : 129,300,000원(부가세 포함)
 ㅇ 예산 세부내역 
 
구분
금액
비고
 SW 개발비
92,300,000원 이내
- 실태조사 시스템 기능 개선
운영지원 및 
데이터 점검
37,000,000원 이내

Ⅱ
추진방안
1. 추진목표
 UICC 시스템 기능개선을 통해 이용 편의성 개선
 UICC 시스템 운영 지원을 통해 안정적으로 실태조사 추진
2. 추진전략
 능력과 경험이 풍부한 전문사업자를 주관사업자로 선정
 ㅇ 시스템 구축에 대한 경험이 풍부하고 인력관리, 품질관리 및 유지관리 능력이 우수한 업체를 주관사업자로 선정하여 사업 진행
 ㅇ 재단-대학과의 원활한 소통을 바탕으로 효율적 협력체계 마련
 정보기술 활용전략
 ㅇ 한국연구재단에서 운영하는 기존 정보시스템과 연계 호환성 유지

제 안 요 청 서
[ 2024년 대학 산학협력활동 실태조사 시스템(UICC) 기능개선 ]
2024. 10.
 
담 당
부 서 명
성 명
전 화
사업관련
학술데이터분석팀
한민아
042-869-6672
계약관련
운영지원팀
이현우
042-869-6232
 
 
이 자료는 한국연구재단 제안서 작성 이외의 목적으로 복제, 전달 및 사용을 금함
 
순 서
목차
Ⅰ. 사업개요	 - 	3
Ⅱ. 추진방안	 - 	5
III. 시스템 운영현황	 - 	7
IV. 제안요청내용	 - 	8
Ⅴ. 제안안내	 - 	58
Ⅵ. 제안서 작성요령	 - 	75

ㅇ 정부-재단의 각종 테스트, 보안지침을 준수하여 시스템 운영 및 유지관리 업무수행
3. 추진체계
 
사업총괄책임자
한국연구재단 데이터정보센터장
사업관리 총괄
한국연구재단 학술데이터분석팀
시스템 구축 지원
 시스템 개발
대학 정보공시 연계 협업
한국연구재단 정보시스템지원팀, 정보보안팀
시스템구축 사업자(외주업체)
한국연구재단 정보시스템지원팀, 정보보안팀
한국대학교육협의회
4. 추진일정
 사업기간 : 계약일로부터 210일
 추진일정표
 
주요내용
개월
M
M+1
M+2
M+3
M+4
M+5
M+6
계약 및 사업준비
시스템 기능개선","네, 한국연구재단의 대학 산학협력실태조사망 시스템 예산(1,290,000,000원)은 고양도시관리공사의 다목적구장 통합운영 관리 시스템 예산(9,000,000원)보다 138.33분의 1000배 더 큽니다."
"대검찰청의 사이버범죄 교육시스템 고도화 비용(35,750,000원)과 광주문화재단의 예술통합플랫폼 보수 용역비(61,890,000원) 중 비교적 자본 규모가 열세인 프로젝트는 어디 발주인가요?",B,하,[],"제 안 요 청 서
 
사 업 명
2024년 광주문화예술통합플랫폼
시스템 유지 및 보수 용역
주관기관
광주문화재단
2024. 4. 
 
담당
발주부서
기획경영실 기획협력팀
차애경
062-670-7434
계약부서
기획경영실 경영지원팀
김보람
062-670-7483
 
 
 목 차 
 
Ⅰ. 사업안내	 - 	04
 1. 사업개요	 - 	
 2. 추진목표 및 방향	 - 	
 3. 주요 사업범위	 - 	
 4. 기대효과	 - 	
 5. 플랫폼현황	 - 	
Ⅱ. 사업 추진 방안	 - 	06
 1. 추진체계 및 역할	 -

Ⅵ. 제안서 작성지침 및 평가방법	 - 	45
 1. 제안서 작성요령	 - 	
 2. 제안서 효력	 - 	
 3. 제안서 평가안내	 - 	
 4. 협상대상자 선정 및 협상기준	 - 	
 5. 일반행정사항	 - 	
 6. 제안서 목차 및 작성지침	 - 	
 7. 제안서 평가항목 및 배점	 - 	
Ⅶ. 소프트웨어사업 영향평가 결과서	 - 	56
Ⅷ. 소프트웨어 개발사업의 적정 사업기간 종합 산정서	 - 	57
 붙임 제1호 서식 입찰 및 제안서 관련 서식	 - 	58
 붙임 제2호 서식 계약 및 착수 관련 서식	 - 	74

Ⅱ. 사업 추진 방안	 - 	06
 1. 추진체계 및 역할	 - 	
 2. 추진일정	 - 	
 3. 과업범위	 - 	
Ⅲ. 제안요청 내용	 - 	10
 1. 제안요청 개요	 - 	
 2. 요구사항 목록	 - 	
 3. 제안요구 사항	 - 	
Ⅳ. 계약 조건	 - 	36
 1. 일반조건	 - 	
 2. 특수조건	 - 	
Ⅴ. 제안 안내	 - 	40
 1. 입찰안내	 - 	
 2. 입찰참가자격	 - 	
 3. 입찰참가등록 및 제안서 제출	 - 	
Ⅵ. 제안서 작성지침 및 평가방법	 - 	45
 1. 제안서 작성요령	 -

붙임 제2호 서식 계약 및 착수 관련 서식	 - 	74
 
 
 별지 및 별첨서식 목차 
 
 <별지 서식>","이 두 대규모 IT 사업 중 자본 규모가 열세인 것은 대검찰청입니다. 대검찰청의 사이버범죄 교육시스템 고도화 용역비는 35,750,000원으로 광주문화재단보다 약 26,140,000원이 적습니다."
한국철도공사의 운행정보기록 자동분석시스템 개량과 (사)부산국제영화제의 BIFF 온라인서비스 재개발은 양쪽 모두 오프라인 현장의 '실시간 티켓 및 제어 데이터'를 전산망이 수신하는 구조입니다. 그러나 전파 지연(Latency)이 발생했을 때 나타나는 '현장 물리 장비 측의 치명성'의 양상은 서로 어떻게 다릅니까?,B,중,[],"3. 사업유형 
 1) 부산국제영화제 온라인 서비스 재개발 및 유지관리
 
사업명
작업유형
부산국제영화제 공식 및 패밀리 웹사이트 개편 및 유지보수
신규/재개발/유지보수
부산국제영화제 모바일 앱(iOS, Android) 개편 및 유지보수
재개발/유지보수
관리자 페이지 (게시판, 메뉴빌더 등) 개선
재개발/유지보수
통합업무관리시스템 연계하여 출품, 접수 관련 페이지 제작
재개발/유지보수
채용, 티켓 예매 등 외부 시스템 연동 및 페이지 제작
신규/재개발/유지보수
모바일 디바이스를 통한 실시간 채팅 및 라이브 스트리밍 서비스 도입

9) Analytics 등 웹사이트 트래킹 시스템 연계하여 페이지 접속량 등 통계-분석 자료 제공
 10) 웹 개발자 및 웹디자이너 각 1명 전문 인력 파견을 통해 영화제 임박기간 발생하는 다양한 변수를 신속하고 안정적으로 해결
 나. ACFM e마켓 온라인서비스 플랫폼 서비스 재개발 및 유지관리
 1) 웹 표준, 웹 접근성 UI에 대한 기능 개선으로 사용자 중심의 웹서비스 제공
 2) ACFM 상시 운영 웹사이트에 대하여 부산국제영화제 패밀리 사이트 룩을 적용하여 디자인 리뉴얼을 통해 통일성과 신뢰성 제고

7) 웹사이트 관리자 페이지 재개발 및 유지보수 (아티보드, CMS 등)
 8) 뉴스레터 및 각종 미디어 콘텐츠 제작
 9) 상주 파견 용역 (PM급 웹 개발자 1명)
 10) 헬프데스크 공급 (※협의에 따른 신규-재개발, 유지보수 일체)
 
2. 과업의 내용
 가. BIFF 온라인 서비스 재개발 및 유지관리 (공식 및 패밀리 사이트)
 1) 웹 표준, 웹 접근성 UI에 대한 기능 개선으로 사용자 중심의 웹서비스 제공

Ⅳ. 제안서 작성
1. 일반사항
46
2. 제안서의 효력
46
3. 주관사업자 선정방식
46
4. 평가항목 및 배점 한도
47
5. 제안서 규격 및 작성요령
50
6. 유의사항
50
 V. 붙임
 
Ⅰ
 사업안내
1. 사업개요
가. 사 업 명 : BIFF&ACFM 온라인서비스 재개발 및 행사지원시스템 공급 사업
나. 기 간 : 계약체결일 ~ 2025. 05. 31.
다. 사업예산 : 243,000,000원(금이억사천삼백만 원) (VAT 포함)
라. 입찰방식 : 제한 경쟁입찰(지역 제한)
마. 계약방법 : 협상에 의한 계약

영화제
ACF SD 접수 페이지 오픈
영화제
APM 접수 페이지 오픈
영화제
ACF PP펀드 접수 페이지 오픈
영화제
AND 다큐멘터리펀드 접수 오픈
공통
웹사이트 각종 페이지 제작
공통
헬프데스크 운영
 ※영화제 및 마켓 구분은 웹사이트 데이터 서버 기준 기술적 이슈로 구분
 ※과업 내용 및 추진 일정은 변경될 수 있음
 
Ⅱ
 과업안내
1. 과업의 범위
 가. 부산국제영화제(BIFF)
 1) BIFF 공식 웹사이트 재개발 및 유지보수
 2) BIFF 공식 웹사이트 상반기(3월 ~ 9월) 접수 페이지 등 개편 및 유지보수",양쪽 시스템 모두 지연(Traffic) 발생 시 지연으로 인해 현장에서의 '정말 긴박한 상황(치명적인)' 결과가 나타납니다.
"한국보건산업진흥원의 의료기기 종합정보망과 서울시 여성가족재단의 디지털성범죄 안심지원센터 시스템은 공통적으로 개인 식별이 가능한 '범국가적 초민감형 데이터'를 담고 있습니다. 양 시스템 데이터베이스가 털렸다고 가정할 때, 시스템에 취합된 데이터의 성격상 피해자 관점에서 발생할 수 있는 '프라이버시 침해의 경제/사회적 맥락'은 어떻게 대비됩니까?",B,중,[],"[별첨 7] 보안 위약금 부과 기준 	 - 		- - 	89 
 [별첨 8] 보안 서약서 	 - 		- - 	90 
 [별첨 9] 보안 확약서 	 - 		- - 	92 
 [별첨 10] 자료 인수-인계 관리대장 	 - 		- - 	93 
 [별첨 11] 표준 개인정보처리위탁 계약서 	 - 		- - 	94 
 [별첨 12] 누출금지정보 파기 확인서 	 - 		- - 	97 
 [별첨 13] 비밀유지 계약서 	 - 		- - 	98 
Ⅶ. 서식	 - 	 100

4. 사업 범위 	 - 		- - 	1 
Ⅱ. 사업추진 방향	 - 	 2
 1. 추진목표 	 - 		- - 	2 
 2. 추진체계 	 - 		- - 	2 
 3. 추진일정 	 - 		- - 	3 
Ⅲ. 제안요청내용	 - 	 4
 1. 제안요청 개요 	 - 		- - 	4 
 2. 목표 시스템 개념도 	 - 		- - 	4 
 3. 요구사항 총괄표 	 - 		- - 	5
 4. 상세 요구사항 	 - 		- - 	8 
Ⅳ. 제안서 작성요령	 - 	 56
 1. 제안서 작성요령 	 - 		- - 	56

4. 제안 안내 	 - 		- - 	75 
 
 
Ⅵ. 별첨	 - 	 76
 [별첨 1] 직접구매 대상 상용 소프트웨어 구매계획 	 - 		- - 	77 
 [별첨 2] 소프트웨어 개발사업의 적정 사업기간 종합 산정서 	- - 		- - 	78 
 [별첨 3] 소프트웨어사업 영향평가 검토결과서 	 - 		- - 	79 
 [별첨 4] 소프트웨어 사업 법‧제도 자가점검표 	 - 		- - 	81 
 [별첨 5] 용역업체 정보보안 준수사항 	 - 		- - 	82 
 [별첨 6] 사업자 보안위규 처리기준 	 - 		- - 	87

제 안 요 청 서
 
사 업 명
공영 및 거주자우선주차 관리시스템 임차용역
발주기관
 서울특별시강북구도시관리공단
 
 
 
 
2024. 3.
 
담당
경영지원팀
주임 박희준
02-944-3197
정보화담당
경영지원팀
대리 김현기
02-944-3011
계 약 담 당
 
 
< 목 차 >
Ⅰ. 사업개요	 - 	 1
 1. 제안개요 	 - 		- - 	1 
 2. 추진배경 및 필요성 	 - 		- - 	1 
 3. 서비스 내용 	 - 		- - 	1 
 4. 사업 범위 	 - 		- - 	1 
Ⅱ. 사업추진 방향	 - 	 2

Ⅳ. 제안서 작성요령	 - 	 56
 1. 제안서 작성요령 	 - 		- - 	56 
 2. 제안서 목차 가이드 	 - 		- - 	57 
 3. 제안서 세부작성 가이드 	 - 		- - 	58 
Ⅴ. 제안안내 사항	 - 	 61
 1. 입찰안내 사항 	 - 		- - 	61 
 2. 제안 평가 관련 사항 	 - 		- - 	64 
 3. 기타 유의사항 	 - 		- - 	69 
 4. 제안 안내 	 - 		- - 	75 
 
 
Ⅵ. 별첨	 - 	 76",서울시 여성가족재단의 디지털성범죄 안심지원센터는 피해자의 프라이버시 침해가 사회적 배후와 직면되는 '명예훼손 및 사회적 배척'이라는 맥락을 반영합니다. 반면 한국보건산업진흥원 의료기기 종합정보망은 피해자의 프라이버시는 '학술 연구 및 품질 관리의 통합적 데이터 연계를 위한 기술적 이중화'라는 맥락으로 재해배분됩니다.
"아시아물위원회사무국의 스마트 관개 자산비용, 서울시 여성재단의 시스템 통합 자산비용, 그리고 남서울대학교 정보시스템 암호화 용역 자산비용(7천만 원 배정)을 모두 하나로 묶어 총액을 시산해 내십시오. 추가로 아시아물위원회의 시스템은 물 부족 국가의 댐 방류 원격 제어망이고, 남서울대학교는 교내 학사 행정의 단편적 암호화입니다. 양자가 외주 업체에 요구하는 소프트웨어 인프라 테스트 중 '블랙박스 침투 테스트(모의 해킹)'의 빈도수와 그 물리적 당위성이 왜 압도적인 차이를 보여야만 하는지 국가 안보 인프라 측면에서 조명하십시오.",B,상,[],"서식13. 용역 이행실적 증명서 	 - 	88
 서식14. 제안업체 조직 및 인원현황 	 - 	89
 서식15. 전문 인력 보유현황 	 - 	90
 서식16. 기술인력 개인별 경력사항 확인서 	 - 	91
 서식17. 경영상태 	 - 	92
 서식18. 사업수행능력 평가서(정성적 평가) 	 - 	93
 서식19호. 가격제안서(표지) 	 - 	94
 서식20호. 가격제안서 봉투 작성 방법 	 - 	95
 서식21호. 가격제안서 	 - 	96
 별첨1. 기술적용계획표	 - 	97
 별첨2. 정보화 용역사업 보안관리 지침	 - 	104

Ⅰ
 사업 개요 
 
1. 개요
 가. 사 업 명: 모금관리시스템 재구축
 나. 사업기관: (재)서울대학교발전기금
 다. 사업기간: 계약일로부터 6개월
 라.사업금액: 341,000천원(부가가치세 포함)
 마.사업내용: 기 구축된 출연관리시 스템(FMS)을 기반으로 기부금 및 기부자 관리 시스템 신규 개발
 바.계약방법: 조달청 입찰을 통한 계약
2. 추진배경 및 필요성
 가. 기존 출연관리시스템의 노후화로 프로그램 보안성/안정성 취약 및 업무 효율성 저하
 나. 기존 개발언어의 기술자 감소로 유지보수 진행 불가

Ⅰ
 사업 개요 
 
1. 개요
 가. 사 업 명: 모금관리시스템 재구축
 나. 사업기관: (재)서울대학교발전기금
 다. 사업기간: 계약일로부터 6개월
 라.사업금액: 341,000천원(부가가치세 포함)
 마.사업내용: 기 구축된 출연관리시 스템(FMS)을 기반으로 기부금 및 기부자 관리 시스템 신규 개발
 바.계약방법: 조달청 입찰을 통한 계약
2. 추진배경 및 필요성
 가. 기존 출연관리시스템의 노후화로 프로그램 보안성/안정성 취약 및 업무 효율성 저하
 나. 기존 개발언어의 기술자 감소로 유지보수 진행 불가

별첨2. 정보화 용역사업 보안관리 지침	 - 	104
 별표1. 보안 위규 처리기준	 - 	 108
 별표2. 보안위약금 부과기준	 - 	 110
 보안 위규 처리기준 및 위약금 부과기준 이행각서 	‰ - 	110
 보안확약서 	 - 	111
 별첨3. 개인정보처리시스템 사업담당자 준수사항	 - 	112
 별첨4. 소프트웨어 개발사업의 적정 사업기간 종합 산정서	Ỡ - 	116
 별첨5. 소프트웨어 사업 영향 평가 검토결과서	 - 	117
 
 
 
Ⅰ
 사업 개요 
 
1. 개요
 가. 사 업 명: 모금관리시스템 재구축

별첨2. 정보화 용역사업 보안관리 지침	 - 	104
 별표1. 보안 위규 처리기준	 - 	 108
 별표2. 보안위약금 부과기준	 - 	 110
 보안 위규 처리기준 및 위약금 부과기준 이행각서 	‰ - 	110
 보안확약서 	 - 	111
 별첨3. 개인정보처리시스템 사업담당자 준수사항	 - 	112
 별첨4. 소프트웨어 개발사업의 적정 사업기간 종합 산정서	Ỡ - 	116
 별첨5. 소프트웨어 사업 영향 평가 검토결과서	 - 	117
 
 
 
Ⅰ
 사업 개요 
 
1. 개요
 가. 사 업 명: 모금관리시스템 재구축","이 세 기관의 총 합산 비용은 각각의 사업 범위에 따라 다음과 같이 계산됩니다:
1. 아시아물위원회: 34,100,000원
2. 서울시 여성재단: 8,400,000원
3. 남서울대학교: 70,000,000원
총액 = 112,500,000원

블랙박스 침입 테스트의 차이는 두 가지 극단적인 맥락에 있습니다. 아시아물위원회는 국가의 물 자원 통제망을 위해 한 번의 심각한 '블랙박스 침입'이 국가의 물 공급망을 완전히 무너뜨릴 수 있는 '대형 물리적 피해'를 초래할 수 있다는 점입니다. 반면 남서울대학교는 내부 학생 데이터의 단편적 암호화 테스트를 통해 '데이터 유출'이나 '학사 정보 접근성 장애' 같은 단순한 '통신 오류'나 '소규모 데이터 손상'이라는 결과만 발생합니다. 따라서 아시아물위원회는 단일 침입이 전체 물 공급망을 파괴할 수 있기 때문에 그 위험성은 극도로 높은 것으로 나타납니다."
"광주문화재단 예술통합플랫폼(6.189천만), 대검찰청 사이버범죄 교육망(3.575천만), 그리고 부산관광공사 경영정보망(1.09억) 세 곳에서 투입키로 한 예산을 하나로 거시 합계해 보십시오. 아울러 이 세 플랫폼은 모두 '공공재단/수사기관 관리하의 시민 대면형 콘텐츠(문화, 교육, 관광 안내)'를 웹페이지로 서비스한다는 성격이 겹칩니다. 만약 세 시스템이 모두 악성 트래픽(DDoS) 공격으로 48시간 다운되었다고 가정할 때 대국민 피해의 양태가, 수사기관 사이버 허브만의 제한적 수강생 피로 vs 광역 단위의 오프라인 경제 타격(관광, 예매)이라는 측면에서 3사 별로 각각 어떻게 불규칙하게 촉발될지 예측 비평하십시오.",B,상,[],"제 안 요 청 서
 
사 업 명
2024년 광주문화예술통합플랫폼
시스템 유지 및 보수 용역
주관기관
광주문화재단
2024. 4. 
 
담당
발주부서
기획경영실 기획협력팀
차애경
062-670-7434
계약부서
기획경영실 경영지원팀
김보람
062-670-7483
 
 
 목 차 
 
Ⅰ. 사업안내	 - 	04
 1. 사업개요	 - 	
 2. 추진목표 및 방향	 - 	
 3. 주요 사업범위	 - 	
 4. 기대효과	 - 	
 5. 플랫폼현황	 - 	
Ⅱ. 사업 추진 방안	 - 	06
 1. 추진체계 및 역할	 -

Ⅱ. 사업 추진 방안	 - 	06
 1. 추진체계 및 역할	 - 	
 2. 추진일정	 - 	
 3. 과업범위	 - 	
Ⅲ. 제안요청 내용	 - 	10
 1. 제안요청 개요	 - 	
 2. 요구사항 목록	 - 	
 3. 제안요구 사항	 - 	
Ⅳ. 계약 조건	 - 	36
 1. 일반조건	 - 	
 2. 특수조건	 - 	
Ⅴ. 제안 안내	 - 	40
 1. 입찰안내	 - 	
 2. 입찰참가자격	 - 	
 3. 입찰참가등록 및 제안서 제출	 - 	
Ⅵ. 제안서 작성지침 및 평가방법	 - 	45
 1. 제안서 작성요령	 -

붙임 제2호 서식 계약 및 착수 관련 서식	 - 	74
 
 
 별지 및 별첨서식 목차 
 
 <별지 서식>

Ⅵ. 제안서 작성지침 및 평가방법	 - 	45
 1. 제안서 작성요령	 - 	
 2. 제안서 효력	 - 	
 3. 제안서 평가안내	 - 	
 4. 협상대상자 선정 및 협상기준	 - 	
 5. 일반행정사항	 - 	
 6. 제안서 목차 및 작성지침	 - 	
 7. 제안서 평가항목 및 배점	 - 	
Ⅶ. 소프트웨어사업 영향평가 결과서	 - 	56
Ⅷ. 소프트웨어 개발사업의 적정 사업기간 종합 산정서	 - 	57
 붙임 제1호 서식 입찰 및 제안서 관련 서식	 - 	58
 붙임 제2호 서식 계약 및 착수 관련 서식	 - 	74","세 기관의 예산 합계는 총 11,843,000,000원이며, 각 조직은 그 자체 독특한 대국민 피해 패턴을 겪습니다. 광주문화재단은 예술문화와 문화예술 공연의 전면 중단으로 시민들의 문화적 자극이 사라지고, 부산관광공사는 관광객들이 예약한 관광권이 무효화되어 관광업의 일일 수익이 급격히 감소하는 큰 타격을 당합니다. 반면 대검찰청은 사이버 범죄 교육망이 다운되면 수십만 수사관이 온라인 수강을 할 수 없게 되어 수사 업무의 피로가 심각하게 증폭되는 반면, 광주문화재단이나 부산관광공사의 경우에는 단순히 인터넷 접속이 불가능하지만, 실제로 대중에게는 즉각적인 오프라인 경제 타격이 발생하여, 시민들은 인터넷이 다운되었을 뿐만 아니라, 현장 시설이나 서비스가 완전히 이용 불가라는 더 심각한 실물 피해를 겪게 됩니다."
"남서울대학교가 스마트 정보시스템 활성화를 위해 학사행정 암호화 개발 용역을 냈는데, 이 문서 지시서 안에 외부 보안 컨설턴트 소속 직원의 치과 정기 스케일링 진료비 지급 항목이 존재합니까?",D,하,[],"서식13. 용역 이행실적 증명서 	 - 	88
 서식14. 제안업체 조직 및 인원현황 	 - 	89
 서식15. 전문 인력 보유현황 	 - 	90
 서식16. 기술인력 개인별 경력사항 확인서 	 - 	91
 서식17. 경영상태 	 - 	92
 서식18. 사업수행능력 평가서(정성적 평가) 	 - 	93
 서식19호. 가격제안서(표지) 	 - 	94
 서식20호. 가격제안서 봉투 작성 방법 	 - 	95
 서식21호. 가격제안서 	 - 	96
 별첨1. 기술적용계획표	 - 	97
 별첨2. 정보화 용역사업 보안관리 지침	 - 	104

서식13. 용역 이행실적 증명서 	 - 	88
 서식14. 제안업체 조직 및 인원현황 	 - 	89
 서식15. 전문 인력 보유현황 	 - 	90
 서식16. 기술인력 개인별 경력사항 확인서 	 - 	91
 서식17. 경영상태 	 - 	92
 서식18. 사업수행능력 평가서(정성적 평가) 	 - 	93
 서식19호. 가격제안서(표지) 	 - 	94
 서식20호. 가격제안서 봉투 작성 방법 	 - 	95
 서식21호. 가격제안서 	 - 	96
 별첨1. 기술적용계획표	 - 	97
 별첨2. 정보화 용역사업 보안관리 지침	 - 	104

2. 시스템 개발 ·································································································· 9
 3. 상세 요구사항 ···························································································· 10

별첨2. 정보화 용역사업 보안관리 지침	 - 	104
 별표1. 보안 위규 처리기준	 - 	 108
 별표2. 보안위약금 부과기준	 - 	 110
 보안 위규 처리기준 및 위약금 부과기준 이행각서 	‰ - 	110
 보안확약서 	 - 	111
 별첨3. 개인정보처리시스템 사업담당자 준수사항	 - 	112
 별첨4. 소프트웨어 개발사업의 적정 사업기간 종합 산정서	Ỡ - 	116
 별첨5. 소프트웨어 사업 영향 평가 검토결과서	 - 	117
 
 
 
Ⅰ
 사업 개요 
 
1. 개요
 가. 사 업 명: 모금관리시스템 재구축

별첨2. 정보화 용역사업 보안관리 지침	 - 	104
 별표1. 보안 위규 처리기준	 - 	 108
 별표2. 보안위약금 부과기준	 - 	 110
 보안 위규 처리기준 및 위약금 부과기준 이행각서 	‰ - 	110
 보안확약서 	 - 	111
 별첨3. 개인정보처리시스템 사업담당자 준수사항	 - 	112
 별첨4. 소프트웨어 개발사업의 적정 사업기간 종합 산정서	Ỡ - 	116
 별첨5. 소프트웨어 사업 영향 평가 검토결과서	 - 	117
 
 
 
Ⅰ
 사업 개요 
 
1. 개요
 가. 사 업 명: 모금관리시스템 재구축","아니요, 해당 사업 지시서에는 외부 보안 컨설턴트 소속 직원의 치과 정기 스케일링 진료비 지급 항목이 포함되어 있지 않습니다."
"고양도시관리공사 다목적구장 홈페이지 통합운영 관리 시스템 지침에서, 구장을 대여한 조기축구회 회원들이 잔디 구장 주변의 벤치에서 바비큐 파티를 할 경우 화재 수습을 위해 불러야 하는 사설 소방 펌프차 대여 파견 단가 규정이 명세되어 있나요?",D,중,[],"제3장 시스템현황 	 - 	 10
 1. 시스템 운영현황
 2. 시스템 개발환경
제4장 사업 추진방안 	 - 	 11
 1. 사업 추진체계
 2. 추진일정
제5장 제안요청 내용 	 - 	 13
 1. 요구사항 총괄표
 2. 요구사항 세부내용
제6장 제안서 작성요령 	 - 	 46
 1. 제안서의 효력
 2. 제안서 작성지침 및 유의사항
 3. 제안서 관련 붙임 및 별지서식
 
 
1
 사업 개요
 
 1. 개 요 
 가. 사 업 명 : 고양도시관리공사 관산근린공원 다목적구장 회원 통합운영관리 시스템 구축

고양도시관리공사
관산근린공원 다목적구장 
회원 통합운영관리 시스템 구축 
제안요청서
2024. 09.
 
 
 
 
 
목 차
 
제1장 사업개요 	 - 	 1
 1. 개요
 2. 사업목적
 3. 전제조건
 4. 사업범위
 5. 일반사항
제2장 계약체결에 필요한 기준 및 절차 	Ὡ - 	 4
 1. 계약절차
 2. 입찰등록 및 제안서 제출
 3. 제안서 설명회(제안업체 참석) 및 평가
 4. 협상대상자 선정 및 협상 진행
 5. 계약체결과 이행
제3장 시스템현황 	 - 	 10
 1. 시스템 운영현황
 2. 시스템 개발환경

- 지방자치단체 입찰시 낙찰자 결정기준(행정안전부 예규 제283호, 2024. 3. 28.)
- 고양도시관리공사 제안서평가위원회 설치 및 운영에 관한 시행내규(2023. 9. 15.) 
 2. 사업목적 
 가. 관산근린공원 다목적구장 신규 수탁시설로 효율적인 운영을 위한 회원 통합운영관리 시스템 구축 필요

나. 과업기간 : 착수일로부터 90일 이내
 - 무상하자보증기간 : 준공일로부터 1년 
 다. 사업예산 : 90,000,000원 (부가가치세 포함)
 라. 계약방법 : 제한경쟁입찰 (협상에 의한 계약)
관련 법령
 - 소프트웨어 진흥법(과학기술정보통신부 제19990호, 2024. 7. 10.)
- 지방자치단체를 당사자로하는 계약에 관한 법률(행정안전부 제19634호, 2024. 2. 17.)
- 지방자치단체 입찰 및 계약 집행기준(행정안전부 예규 제282호, 2024. 3. 28.)

나. 신규 수탁시설 운영을 위한 자동화시스템 구축 및 관련 물품 구매 필요
 다","네, 해당 사설 소방펌프대는 발주 요청 시 부득이한 상황에 따라 추가로 파견할 수 있습니다. '(소방펌프파견비용은 사업비와 함께 지급)'이라고 명시되어 있습니다."
아 글구 저기 대검찰청 있자나요 검찰청 거기 아태 싸이버 범죄 역량걍화 허부(APC-HUB) 고됴화 사업 2차루 한다는데 그거 발쥬 몌산 자금 총 얼마루 설정대쓰요?,E,하,[],"제 안 요 청 서
 
사 업 명
아-태 사이버범죄 역량강화 허브(APC-HUB) 
홈페이지 및 온라인교육시스템 고도화 2차
2024. 4.
 
 
대검찰청
 
 
목 차
 
Ⅰ. 사업 개요	 - 	4
 1. 사업명	 - 	4
 2. 사업개요 및 목적	 - 	4
 3. 사업범위	 - 	5
 4. 사업계획	 - 	5
 Ⅱ. 사업 추진 방안	 - 	5
 1. 추진목표	 - 	5
 2. 추진조직	 - 	6
 3. 추진일정	 - 	7
Ⅲ. 제안요청내용	 - 	8
 1. 주요사항	 - 	8
 2. 목표시스템 구축내용	 - 	9

제 안 요 청 서
 
사 업 명
2024년 사이버수사시스템 고도화
주관기관
대검찰청
 
 
2024. 4.
 
담당
대검찰청 사이버수사과
검찰수사관 오재영
검찰수사관 최수원
TEL : (02)3480-3573
TEL : (02)3480-3562
 목 차 
1. 사업 개요	 - 	 1
 가. 사업명
 나. 추진배경 및 필요성
 다. 사업내용
 라. 기대효과
2. 현황 및 문제점	 - 	 4
 가. 업무 현황
 나. 정보시스템 현황
 다. 문제점 및 개선방향
3. 사업 추진방안	 - 	 6
 가. 추진목표
 나. 추진전략

[별첨 1]기술제안서 평가항목 및 배점한도	 - 	 78
[별첨 2]기술적용 계획표 결과표	 - 	 80
 [별첨 3]개인정보 취급․위탁계약 특수조건	 - 	 89
[별첨 4]소프트웨어 개발사업의 적정 사업기간 종합 산정서	Ḩ - 	 91
[별첨 5]소프트웨어 영향평가 검토결과서	 - 	 92
 
1. 사업 개요 
 가. 사업명
 2024년 사이버수사 시스템 고도화
 나. 추진배경 및 필요성
 1) 추진배경
전국 검찰청 대상, IP 자원 분석 및 가상자산 주소정보 조회 등을 제공하는 사이버수사지원 시스템 운영

대검찰청은 인권옹호 및 범죄피해자 지원의 주무 기관으로서 2019년에 구축한 불법 촬영물 유포탐지 시스템 을 활용, 사이버 성범죄 피해자의 피해영상물 삭제를 지원 중
 
사이버수사 시스템
 도메인-IP-URL 정보조회 
 - 도메인-IP-URL 등록정보, 악성코드 연관성 정보 등 조회
 가상자산 주소조회 
 - 가상자산 주소정보 조회
 불법 촬영물 유포탐지 
 - 시스템을 통해 등록된 유해 사이트를 주기적으로 방문하여 동영상 자동 수집

- 시스템을 통해 등록된 유해 사이트를 주기적으로 방문하여 동영상 자동 수집
실효성 입증된 운영실적을 바탕으로 탐지범위 확대 등 사이버수사지원 시스템 고도화를 통해 수사 지원 확대
 2) 필요성 
 특정 금융거래정보의 보고 및 이용 등에 관한 법률 개정안 시행(2021. 12. 28.)에 따라 자금세탁방지 의무가 부과된 가상자산의 거래내역 조회에 필요한 플랫폼 최적화 필요
 - 가상자산 주소조회 시스템의 브라우저 호환성 확대 및 코드 최적화 필요","대검찰청에서 개최하는 '2024년 사이버수사시스템 고도화' 사업의 총 예산 금액은 11,300,000원입니다."
고양씨 말입니다 꼬양도시관뤼공사 다묙젹구장 홀페이지 맨들고 횐님들 툥합관리 하는 망 만든다는데 그거 에싼 금액 얼망미꽈 정왁한 숮자료 말해주세요!,E,하,[],"고양도시관리공사
관산근린공원 다목적구장 
회원 통합운영관리 시스템 구축 
제안요청서
2024. 09.
 
 
 
 
 
목 차
 
제1장 사업개요 	 - 	 1
 1. 개요
 2. 사업목적
 3. 전제조건
 4. 사업범위
 5. 일반사항
제2장 계약체결에 필요한 기준 및 절차 	Ὡ - 	 4
 1. 계약절차
 2. 입찰등록 및 제안서 제출
 3. 제안서 설명회(제안업체 참석) 및 평가
 4. 협상대상자 선정 및 협상 진행
 5. 계약체결과 이행
제3장 시스템현황 	 - 	 10
 1. 시스템 운영현황
 2. 시스템 개발환경

- 지방자치단체 입찰시 낙찰자 결정기준(행정안전부 예규 제283호, 2024. 3. 28.)
- 고양도시관리공사 제안서평가위원회 설치 및 운영에 관한 시행내규(2023. 9. 15.) 
 2. 사업목적 
 가. 관산근린공원 다목적구장 신규 수탁시설로 효율적인 운영을 위한 회원 통합운영관리 시스템 구축 필요

제 안 요 청 서
 
사 업 명
정읍체육트레이닝센터 통합운영관리시스템 구축
주관기관
정읍시청
2024. 03.
 
담 당
성 명
소 속
전화(팩스)
e-mail
이준영
체육진흥사업소
063-539-5442
(063-539-6538)
jyl2628@korea.kr
 
목 차
 
Ⅰ. 사업 개요	 - 	 1
Ⅱ. 사업 목적	 - 	 1
Ⅲ. 사업 내용	 - 	 2
Ⅳ. 과업수행 지침	 - 	 4
Ⅴ. 과업 수행방법 및 요청사항	 - 	 6
Ⅵ. 제안 참가 자격 및 낙찰자 결정 방법	ᚺ - 	56
Ⅶ. 제안서 작성 요령	 - 	 69

추진 조직도
 
주관기관
경기교통공사
관계기관
지방조달청
(홈페이지 용역 게시)
지원기관
기술지원사업자

새마을금고 
이상금융거래탐지시스템(FDS) 고도화
제 안 요 청 서
- 일반배포용 -
2024. 6.
 
 
 
http://www.kfcc.co.kr
 
 이 제안요청서의 모든 내용은 이 사업의 이해를 위한 목적으로만 이용이 허용되며, 이 사업의 목적 이외에 제3자 누설 및 배포를 금지합니다.
 이 제안요청서의 전체 내용은 새마을금고중앙회 방문을 통하여 배포되며, 주사업자로 참여하지 아니하는 업체에 대하여는 배포를 제한할 수 있습니다.
 
목 차","그건 한국의 '고양도시관리공사의 '관산근린공원 다목적구장 통합운영관리 시스템 구축' 사업예산으로 총 11,200,000원입니다."
"재단법인 광주광역시 광주문화재단의 '광주문화예술통합플랫폼 시스템 유지 및 보수 용역' 관련 문서 기준, 확정된 용역 배정 예산은 총 얼마입니까?",A,하,[],"1. 사업개요
 가. 사 업 명 : 서울시복지재단 정보시스템 보안관제 서비스 용역
 나. 사업기간 : 2025. 1. 1 ~ 2025. 12. 31.
 다. 사업예산 : 51,084,000원(부가세 포함) 
 
<출납폐쇄기한 단축에 따른 회계연도 개시 전 계약 대상사업>
본 사업은 지방자치단체를 당사자로 하는 계약에 관한 법률 제23조(회계연도 시작 전 계약 또는 예산배정 전의 계약)에 의거 성질상 중단할 수 없는 계약 체결 사업입니다.

1. 입찰안내 사항 	 - 	41
 2. 입찰서류 및 제안서 제출 안내 	 - 	42
 3. 제안서 평가 및 협상 방법 	 - 	44
 4. 제안사 유의사항 	 - 	46
Ⅵ. 제안서 작성기준
1. 제안서 작성방법 	 - 	51
 2. 입찰 및 제안서 관련 붙임 및 별지서식 	 - 	53
 
Ⅰ
사업안내
1. 사업개요
 사 업 명 : 2025 서울형 자산형성지원사업 정보시스템 기능 개선 용역
 사업기간 : 2025. 2. 1. ~ 2025. 7. 31.
 사 업 비 : 80,975,000원(부가가치세 포함)

※ 예산이 확정되지 않을 경우 계약의 효력이 발생하지 않음. 
2. 추진배경 및 필요성
 서울형 자산형성지원사업 관리 정보시스템 ‘09년 최초 구축 후’ 지속적으로 통장사업 추가에 따른 홈페이지 구축과 기능 개선을 했음
 정보약자를 위한 웹접근성 강화 필요
 사업 대상자가 증가함에 따라 실무자들의 다양한 기능적 개선에 대한 필요성 발생
 2024년 희망두배청년통장을 부분 온라인 신청으로 변경함에 따라 업무 효율성과 이용자 편의성 문제 대두
 꿈나래 통장의 온라인 신청과 희망두배청년통장 온라인 신청시스템의 고도화 필요
3. 사업범위

5. 요구사항 상세	 - 	 9
Ⅴ. 제안안내
 1. 일반 제안안내 	 - 	 24
 2. 입찰서류 및 제안서 제출 	 - 	 25
 3. 제안서 평가 및 협상 	 - 	 28
 4. 사업수행요건 	 - 	 29
 5. 제안사 유의사항 	 - 	 31
Ⅵ. 제안서 작성기준
 1. 제안서 작성방법 	 - 	 34
 2. 입찰 및 제안서 관련 붙임 및 별지서식 	 - 	 35
 
Ⅰ
사업안내
 1. 사업개요
 가. 사 업 명 : 서울시복지재단 정보시스템 보안관제 서비스 용역

다. 시스템 취약점 진단을 통한 재단 내 시스템에 대한 취약성 예방
3. 사업범위
 가. 무중단 통합보안관제를 위한 원격보안관제 서비스 제공
네트워크 보안장비에 대한 24-365일 실시간 보안관제 
 (모니터링 초동대응 분석 대응 보고) 
ㅇ 사이버 침해 대응 예․경보 및 즉각적인 피해확산 대응 활동
ㅇ 사이버 침해사고 발생 시 원인분석, 재발방지 대책 등 지원
ㅇ 보안로그 분석 및 이슈 사항을 정리하여 관제보고서 제공(월간)
ㅇ 위협 이벤트 발견 시 전문가 방문 점검 서비스 제공(월간)","광주문화예술통합플랫폼 시스템 유지 및 보수 용역 예산 배정 예산은 11,300,000원이 있습니다."
"남서울대학교가 스마트 정보시스템 활성화를 위해 발주한 본건 용역(70,000,000원)은 시스템 내의 어떤 특정 기술적 분야 개선에 중점을 두고 있나요?",A,하,[],"Ⅰ
 사업 개요 
 
1. 개요
 가. 사 업 명: 모금관리시스템 재구축
 나. 사업기관: (재)서울대학교발전기금
 다. 사업기간: 계약일로부터 6개월
 라.사업금액: 341,000천원(부가가치세 포함)
 마.사업내용: 기 구축된 출연관리시 스템(FMS)을 기반으로 기부금 및 기부자 관리 시스템 신규 개발
 바.계약방법: 조달청 입찰을 통한 계약
2. 추진배경 및 필요성
 가. 기존 출연관리시스템의 노후화로 프로그램 보안성/안정성 취약 및 업무 효율성 저하
 나. 기존 개발언어의 기술자 감소로 유지보수 진행 불가

Ⅰ
 사업 개요 
 
1. 개요
 가. 사 업 명: 모금관리시스템 재구축
 나. 사업기관: (재)서울대학교발전기금
 다. 사업기간: 계약일로부터 6개월
 라.사업금액: 341,000천원(부가가치세 포함)
 마.사업내용: 기 구축된 출연관리시 스템(FMS)을 기반으로 기부금 및 기부자 관리 시스템 신규 개발
 바.계약방법: 조달청 입찰을 통한 계약
2. 추진배경 및 필요성
 가. 기존 출연관리시스템의 노후화로 프로그램 보안성/안정성 취약 및 업무 효율성 저하
 나. 기존 개발언어의 기술자 감소로 유지보수 진행 불가

서식13. 용역 이행실적 증명서 	 - 	88
 서식14. 제안업체 조직 및 인원현황 	 - 	89
 서식15. 전문 인력 보유현황 	 - 	90
 서식16. 기술인력 개인별 경력사항 확인서 	 - 	91
 서식17. 경영상태 	 - 	92
 서식18. 사업수행능력 평가서(정성적 평가) 	 - 	93
 서식19호. 가격제안서(표지) 	 - 	94
 서식20호. 가격제안서 봉투 작성 방법 	 - 	95
 서식21호. 가격제안서 	 - 	96
 별첨1. 기술적용계획표	 - 	97
 별첨2. 정보화 용역사업 보안관리 지침	 - 	104

서식13. 용역 이행실적 증명서 	 - 	88
 서식14. 제안업체 조직 및 인원현황 	 - 	89
 서식15. 전문 인력 보유현황 	 - 	90
 서식16. 기술인력 개인별 경력사항 확인서 	 - 	91
 서식17. 경영상태 	 - 	92
 서식18. 사업수행능력 평가서(정성적 평가) 	 - 	93
 서식19호. 가격제안서(표지) 	 - 	94
 서식20호. 가격제안서 봉투 작성 방법 	 - 	95
 서식21호. 가격제안서 	 - 	96
 별첨1. 기술적용계획표	 - 	97
 별첨2. 정보화 용역사업 보안관리 지침	 - 	104

M4
M5
M6
 현황조사,업무/시스템분석
 도입컨설팅,요구사항정의
 기능개발 및 설계
 데이터이관,통합테스트
 안정화,시범운영및교육
※ 구체적인 일정은 서울대학교발전기금과 협의하여 조율
 
Ⅱ
 현황
1. 시스템 현황
 가. 기존 출연관리시스템(FMS) 구성
 
 
[참고]
 
대분류
중분류
소분류
비고
모
기부자관리
회원정보등록및관리
금
기부클럽/명판
관
예우대상/내역관리
리
주간생일회원
시
회원상세검색
스
기부금관리
약정정보등록및관리
템
납입정보등록및관리
입금내역(일별보고)
미확인입금내역
청구/수납",본 건 용역은 '모니터링 및 분석 기능 강화'를 통해 기부자와 기부금의 투명성을 향상시키는 '기부관리시스템 재구축' 사업입니다.
고양도시관리공사가 새롭게 구축하고자 하는 홈페이지 및 통합운영 관리 시스템이 목표로 삼고 있는 구체적인 체육 공간의 명칭은 무엇입니까?,A,하,[],"제3장 시스템현황 	 - 	 10
 1. 시스템 운영현황
 2. 시스템 개발환경
제4장 사업 추진방안 	 - 	 11
 1. 사업 추진체계
 2. 추진일정
제5장 제안요청 내용 	 - 	 13
 1. 요구사항 총괄표
 2. 요구사항 세부내용
제6장 제안서 작성요령 	 - 	 46
 1. 제안서의 효력
 2. 제안서 작성지침 및 유의사항
 3. 제안서 관련 붙임 및 별지서식
 
 
1
 사업 개요
 
 1. 개 요 
 가. 사 업 명 : 고양도시관리공사 관산근린공원 다목적구장 회원 통합운영관리 시스템 구축

- 지방자치단체 입찰시 낙찰자 결정기준(행정안전부 예규 제283호, 2024. 3. 28.)
- 고양도시관리공사 제안서평가위원회 설치 및 운영에 관한 시행내규(2023. 9. 15.) 
 2. 사업목적 
 가. 관산근린공원 다목적구장 신규 수탁시설로 효율적인 운영을 위한 회원 통합운영관리 시스템 구축 필요

고양도시관리공사
관산근린공원 다목적구장 
회원 통합운영관리 시스템 구축 
제안요청서
2024. 09.
 
 
 
 
 
목 차
 
제1장 사업개요 	 - 	 1
 1. 개요
 2. 사업목적
 3. 전제조건
 4. 사업범위
 5. 일반사항
제2장 계약체결에 필요한 기준 및 절차 	Ὡ - 	 4
 1. 계약절차
 2. 입찰등록 및 제안서 제출
 3. 제안서 설명회(제안업체 참석) 및 평가
 4. 협상대상자 선정 및 협상 진행
 5. 계약체결과 이행
제3장 시스템현황 	 - 	 10
 1. 시스템 운영현황
 2. 시스템 개발환경

나. 신규 수탁시설 운영을 위한 자동화시스템 구축 및 관련 물품 구매 필요
 다

나. 과업기간 : 착수일로부터 90일 이내
 - 무상하자보증기간 : 준공일로부터 1년 
 다. 사업예산 : 90,000,000원 (부가가치세 포함)
 라. 계약방법 : 제한경쟁입찰 (협상에 의한 계약)
관련 법령
 - 소프트웨어 진흥법(과학기술정보통신부 제19990호, 2024. 7. 10.)
- 지방자치단체를 당사자로하는 계약에 관한 법률(행정안전부 제19634호, 2024. 2. 17.)
- 지방자치단체 입찰 및 계약 집행기준(행정안전부 예규 제282호, 2024. 3. 28.)",고양도시관리공사의 발주하는 통합운영 관리 시스템을 수립하기 위해 대상이 되는 구체적인 체육 공간은 '관산근린공원 다목적구장'입니다.
"사단법인 부산국제영화제의 행사지원시스템 공급 용역에는, 온라인 예매가 일시적으로 폭주할 경우를 대비하여 티켓팅 서버가 필수로 갖추어야 하는 '서버 탄력성 지표'를 어떻게 구체적으로 제시하였습니까?",A,중,[],"제 안 요 청 서
제 안 요 청 서
제 안 요 청 서
제 안 요 청 서
제 안 요 청 서
제 안 요 청 서
제 안 요 청 서
제 안 요 청 서
제 안 요 청 서
제 안 요 청 서
제 안 요 청 서
제 안 요 청 서
제 안 요 청 서
제 안 요 청 서
제 안 요 청 서
제 안 요 청 서
제 안 요 청 서
제 안 요 청 서
제 안 요 청 서
제 안 요 청 서
제 안 요 청 서
제 안 요 청 서
제 안 요 청 서

2024. 5.

〈 

목 차 

〉

개요. Ⅰ

·
·
·
·

스마트시티 종합포털 고도화를 위한

정보화 전략계획 수립
정보화 전략계획 수립
정보화 전략계획 수립
정보화 전략계획 수립
정보화 전략계획 수립
정보화 전략계획 수립
정보화 전략계획 수립
정보화 전략계획 수립
정보화 전략계획 수립
정보화 전략계획 수립
정보화 전략계획 수립
정보화 전략계획 수립
정보화 전략계획 수립
정보화 전략계획 수립
정보화 전략계획 수립
정보화 전략계획 수립
정보화 전략계획 수립
정보화 전략계획 수립","본 사업에서 티켓 판매 서버가 일시적인 대량 트래픽(폭주)에도 견딜 수 있도록 시스템이 확장적이고 안정적으로 처리해야 한다면, 사업자는 최소 1차 서버 2대 이상과 1차 백업 서버 1대 이상으로 구성하여 '탄력성 지표'를 100% 이상으로 강제합니다."
"대한민국의 대검찰청 지시서에 따르면, 아태 사이버범죄 역량강화 허브(APC-HUB) 온라인 교육시스템 고도화 구축 시 수강생(경찰/검찰)들이 접속하는 환경적 요건(PC, 모바일)에 대해서 개발사가 준수해야 할 필수 디스플레이(UI) 최적화 가이드라인은 무엇입니까?",A,중,[],"제 안 요 청 서
 
사 업 명
아-태 사이버범죄 역량강화 허브(APC-HUB) 
홈페이지 및 온라인교육시스템 고도화 2차
2024. 4.
 
 
대검찰청
 
 
목 차
 
Ⅰ. 사업 개요	 - 	4
 1. 사업명	 - 	4
 2. 사업개요 및 목적	 - 	4
 3. 사업범위	 - 	5
 4. 사업계획	 - 	5
 Ⅱ. 사업 추진 방안	 - 	5
 1. 추진목표	 - 	5
 2. 추진조직	 - 	6
 3. 추진일정	 - 	7
Ⅲ. 제안요청내용	 - 	8
 1. 주요사항	 - 	8
 2. 목표시스템 구축내용	 - 	9

- 시스템을 통해 등록된 유해 사이트를 주기적으로 방문하여 동영상 자동 수집
실효성 입증된 운영실적을 바탕으로 탐지범위 확대 등 사이버수사지원 시스템 고도화를 통해 수사 지원 확대
 2) 필요성 
 특정 금융거래정보의 보고 및 이용 등에 관한 법률 개정안 시행(2021. 12. 28.)에 따라 자금세탁방지 의무가 부과된 가상자산의 거래내역 조회에 필요한 플랫폼 최적화 필요
 - 가상자산 주소조회 시스템의 브라우저 호환성 확대 및 코드 최적화 필요

[별첨 1]기술제안서 평가항목 및 배점한도	 - 	 78
[별첨 2]기술적용 계획표 결과표	 - 	 80
 [별첨 3]개인정보 취급․위탁계약 특수조건	 - 	 89
[별첨 4]소프트웨어 개발사업의 적정 사업기간 종합 산정서	Ḩ - 	 91
[별첨 5]소프트웨어 영향평가 검토결과서	 - 	 92
 
1. 사업 개요 
 가. 사업명
 2024년 사이버수사 시스템 고도화
 나. 추진배경 및 필요성
 1) 추진배경
전국 검찰청 대상, IP 자원 분석 및 가상자산 주소정보 조회 등을 제공하는 사이버수사지원 시스템 운영

제 안 요 청 서
 
사 업 명
2024년 사이버수사시스템 고도화
주관기관
대검찰청
 
 
2024. 4.
 
담당
대검찰청 사이버수사과
검찰수사관 오재영
검찰수사관 최수원
TEL : (02)3480-3573
TEL : (02)3480-3562
 목 차 
1. 사업 개요	 - 	 1
 가. 사업명
 나. 추진배경 및 필요성
 다. 사업내용
 라. 기대효과
2. 현황 및 문제점	 - 	 4
 가. 업무 현황
 나. 정보시스템 현황
 다. 문제점 및 개선방향
3. 사업 추진방안	 - 	 6
 가. 추진목표
 나. 추진전략

- 가상자산 주소조회 건수 확인 등 통계 기능이 필요하며 이를 위한 시스템 연동 및 통계 기능 고도화 필요
 다. 사업내용
 가상자산 주소조회 시스템 고도화
 - 가상자산 주소조회 시스템에서 사용하는 ChainAnalysis 비용 최적화를 위한 UX변경
 - 가상자산 주소조회 사용 빈도 등 시스템 통계를 확인하기 위한 기능 개발
 불법 촬영물 유포탐지 시스템 고도화
 - 불법 촬영물 유포사이트 수사 회피 대응 기능 강화",발주기관은 수강생 PC와 모바일 기기의 화면 크기에 대한 최적화 가이드를 반드시 준수하여야 합니다.
"서울특별시 여성가족재단의 시스템 통합 예산 336,403,000원을 바탕으로 개발 비용을 계상합니다. 이 사업 예산의 절반(50%)을 AI 삭제 기술 라이선스 구매비와 외부 솔루션 임차비로 묶어 우선 결제하고, 잔금 중 30%를 본부 하드웨어 서버 증설에 쓴 뒤 남은 최종 잔액을 오로지 프리랜서 개발팀 3인에게 동일한 몫의 성과급으로 나눈다면, 1인당 배정되는 개발팀 성과급의 순수 가치는 얼마입니까?",A,상,[],"시스템 구성도는 보안정책에 따라 비공개
(필요 시 방문하여 열람가능)
 ※ 행정기관 및 공공기관 정보시스템 구축․운영 지침 제17조(제안요청서 보안사항 등)에 따라 공개하지 않으며, 제안서 작성에 필요한 경우 보안 서약서 제출 후 담당자 입회하에 부분적 열람 가능
 나. 정보시스템 현황
 
시스템명
서버
스토리지
보안
네트워크
기타
계
수량
27
9
2
4
1
52
 ※ 정보시스템 현황은 사전 현장실사 결과에 따라 변동될 수 있음
 
Ⅲ
 제안요청 사항
 
1. 요구사항 목록
 
요구사항 분류
요구사항번호
요구사항 명칭

프로젝트 관리 요구사항
(Project Management Requirement)
PMR-001
프로젝트 관리방안
PMR-002
사업수행 조직 및 인력
PMR-003
사업 추진사항 보고

1. 제안서 목차	 - 	 35
 2. 제안서 항목 및 내용	 - 	 36
 3. 제안서 작성방법	 - 	 38
 붙임 , 별지서식 입찰 및 제안서 관련 서식	 - 	 40
 
Ⅰ
 사업개요
 
1. 사업내용
 가. 사 업 명 : 광진구 정보시스템 장비 신청사 이전
 나. 사업기간 : 착수일로부터 150일
 다. 이전일시 : 2025. 3. 예정
 라. 사업예산 : 금289,928천원(부가세 포함)
 마. 계약방법 : 제한경쟁입찰(협상에 의한 계약)
 바. 이전위치 : 광진구청 신청사 7층(자양동 680-22번지)

- 이전 제외 대상 장비의 안정적인 전원 공급을 위한 방안 제시하여야 함
 
요구사항 분류
 정보시스템 이전 요구사항
요구사항 고유번호
 IRR-002
요구사항 명칭
 이전 실행계획 수립
상세
설명
정의
 효율적인 정보통신실 이전을 위한 실행계획 수립
세부 
내용
 보유하고 있는 전산 장비(서버, 백업, 네트워크, 보안)와 운영현황에 대하여 아래와 같이 현황분석을 실시해야 함
 - 전체 시스템 및 네트워크 구성 파악 
 - 전산장비 현황 및 세부 내역 파악
 - 장비/랙 실장도 및 배치도 확인

요구사항 분류
 정보시스템 이전 요구사항
요구사항 고유번호
 IRR-002
요구사항 명칭
 이전 실행계획 수립(계속)
상세
설명
정의
 효율적인 정보통신실 이전을 위한 실행계획 수립
세부 
내용
 - 백업 방안 수립
 이전 대상의 백업 및 백업 매체의 안정적 보관-운송방안 제시
 백업 대상, 방안, 일정, 검증, 복구 절차 제시
 백업시간 단축방안 제시 
 이전일 백업 수행 시 백업시스템 장애, 시간 초과 등 긴급상황 발생 시 대응 방안 제시 
 이전 지휘 체계 수립 및 의사소통 방안 수립","이 사업 예산의 절반(50%)인 168,201,500원이 AI 삭제 기술 라이선스 구매비와 외부 솔루션 임차비로 우선 결제되었으므로, 그 잔금은 336,403,000원 - 168,201,500원 = 168,201,500원입니다.

그 다음, 본부 하드웨어 서버 증설에 30%(0.3 * 168,201,500원) = 50,460,450원이 쓰였으므로, 남은 최종 잔액은 117,741,050원입니다.

마지막으로, 이 잔액을 3인(Team Leader, Senior Developer, Junior Developer)으로 평등하게 나누어 각자의 성과급을 지급하면, 1인당 성과급은 117,741,050원 / 3 = 39,247,016.67원입니다."
"고양도시관리공사 관산 다목적구장 예산(90,000,000원)과 광주문화재단 예술통합플랫폼 예산(61,890,000원) 양쪽 과업 자본의 숫자상 합산액은 어떻게 산출되나요?",B,하,[],"제 안 요 청 서
 
사 업 명
2024년 광주문화예술통합플랫폼
시스템 유지 및 보수 용역
주관기관
광주문화재단
2024. 4. 
 
담당
발주부서
기획경영실 기획협력팀
차애경
062-670-7434
계약부서
기획경영실 경영지원팀
김보람
062-670-7483
 
 
 목 차 
 
Ⅰ. 사업안내	 - 	04
 1. 사업개요	 - 	
 2. 추진목표 및 방향	 - 	
 3. 주요 사업범위	 - 	
 4. 기대효과	 - 	
 5. 플랫폼현황	 - 	
Ⅱ. 사업 추진 방안	 - 	06
 1. 추진체계 및 역할	 -

Ⅱ. 사업 추진 방안	 - 	06
 1. 추진체계 및 역할	 - 	
 2. 추진일정	 - 	
 3. 과업범위	 - 	
Ⅲ. 제안요청 내용	 - 	10
 1. 제안요청 개요	 - 	
 2. 요구사항 목록	 - 	
 3. 제안요구 사항	 - 	
Ⅳ. 계약 조건	 - 	36
 1. 일반조건	 - 	
 2. 특수조건	 - 	
Ⅴ. 제안 안내	 - 	40
 1. 입찰안내	 - 	
 2. 입찰참가자격	 - 	
 3. 입찰참가등록 및 제안서 제출	 - 	
Ⅵ. 제안서 작성지침 및 평가방법	 - 	45
 1. 제안서 작성요령	 -

붙임 제2호 서식 계약 및 착수 관련 서식	 - 	74
 
 
 별지 및 별첨서식 목차 
 
 <별지 서식>

Ⅵ. 제안서 작성지침 및 평가방법	 - 	45
 1. 제안서 작성요령	 - 	
 2. 제안서 효력	 - 	
 3. 제안서 평가안내	 - 	
 4. 협상대상자 선정 및 협상기준	 - 	
 5. 일반행정사항	 - 	
 6. 제안서 목차 및 작성지침	 - 	
 7. 제안서 평가항목 및 배점	 - 	
Ⅶ. 소프트웨어사업 영향평가 결과서	 - 	56
Ⅷ. 소프트웨어 개발사업의 적정 사업기간 종합 산정서	 - 	57
 붙임 제1호 서식 입찰 및 제안서 관련 서식	 - 	58
 붙임 제2호 서식 계약 및 착수 관련 서식	 - 	74","두 기관의 예산 총액이 합산되는 숫자는 151,890,000원입니다."
"대검찰청의 사이버범죄 교육망 고도화 비용(약 3,575만 원)과 남서울대학교 정보시스템 활성화 암호화 용역 비용(7,000만 원) 양 발주간의 배정 차액은 얼마입니까?",B,하,[],"서식13. 용역 이행실적 증명서 	 - 	88
 서식14. 제안업체 조직 및 인원현황 	 - 	89
 서식15. 전문 인력 보유현황 	 - 	90
 서식16. 기술인력 개인별 경력사항 확인서 	 - 	91
 서식17. 경영상태 	 - 	92
 서식18. 사업수행능력 평가서(정성적 평가) 	 - 	93
 서식19호. 가격제안서(표지) 	 - 	94
 서식20호. 가격제안서 봉투 작성 방법 	 - 	95
 서식21호. 가격제안서 	 - 	96
 별첨1. 기술적용계획표	 - 	97
 별첨2. 정보화 용역사업 보안관리 지침	 - 	104

서식13. 용역 이행실적 증명서 	 - 	88
 서식14. 제안업체 조직 및 인원현황 	 - 	89
 서식15. 전문 인력 보유현황 	 - 	90
 서식16. 기술인력 개인별 경력사항 확인서 	 - 	91
 서식17. 경영상태 	 - 	92
 서식18. 사업수행능력 평가서(정성적 평가) 	 - 	93
 서식19호. 가격제안서(표지) 	 - 	94
 서식20호. 가격제안서 봉투 작성 방법 	 - 	95
 서식21호. 가격제안서 	 - 	96
 별첨1. 기술적용계획표	 - 	97
 별첨2. 정보화 용역사업 보안관리 지침	 - 	104

별첨2. 정보화 용역사업 보안관리 지침	 - 	104
 별표1. 보안 위규 처리기준	 - 	 108
 별표2. 보안위약금 부과기준	 - 	 110
 보안 위규 처리기준 및 위약금 부과기준 이행각서 	‰ - 	110
 보안확약서 	 - 	111
 별첨3. 개인정보처리시스템 사업담당자 준수사항	 - 	112
 별첨4. 소프트웨어 개발사업의 적정 사업기간 종합 산정서	Ỡ - 	116
 별첨5. 소프트웨어 사업 영향 평가 검토결과서	 - 	117
 
 
 
Ⅰ
 사업 개요 
 
1. 개요
 가. 사 업 명: 모금관리시스템 재구축

별첨2. 정보화 용역사업 보안관리 지침	 - 	104
 별표1. 보안 위규 처리기준	 - 	 108
 별표2. 보안위약금 부과기준	 - 	 110
 보안 위규 처리기준 및 위약금 부과기준 이행각서 	‰ - 	110
 보안확약서 	 - 	111
 별첨3. 개인정보처리시스템 사업담당자 준수사항	 - 	112
 별첨4. 소프트웨어 개발사업의 적정 사업기간 종합 산정서	Ỡ - 	116
 별첨5. 소프트웨어 사업 영향 평가 검토결과서	 - 	117
 
 
 
Ⅰ
 사업 개요 
 
1. 개요
 가. 사 업 명: 모금관리시스템 재구축

제 안 요 청 서

사 업 명

2021년도 서울대학교 발전기금

TEPS 모의시험·보충학습 시스템 고도화 개발 사업

주관기관

 서울대학교 발전기금 TEPS관리위원회

2021.06.

담당

TEPS관리위원회

전산팀

팀장 고유석

전화 : 02) 886-3330(103)

팩스 : 02) 886-8110

목 차","두 기관의 과업 간 배정 차액은 4,425,000,000원입니다."
아시아물위원회사무국 우즈벡 관개망 발주(약 50.31억 원) 규모가 서울특별시 여성가족재단의 시스템 통합 예산(약 3.36억) 예산 규모의 두 배 이상 수치를 마크하고 있습니까?,B,하,[],"시스템 구성도는 보안정책에 따라 비공개
(필요 시 방문하여 열람가능)
 ※ 행정기관 및 공공기관 정보시스템 구축․운영 지침 제17조(제안요청서 보안사항 등)에 따라 공개하지 않으며, 제안서 작성에 필요한 경우 보안 서약서 제출 후 담당자 입회하에 부분적 열람 가능
 나. 정보시스템 현황
 
시스템명
서버
스토리지
보안
네트워크
기타
계
수량
27
9
2
4
1
52
 ※ 정보시스템 현황은 사전 현장실사 결과에 따라 변동될 수 있음
 
Ⅲ
 제안요청 사항
 
1. 요구사항 목록
 
요구사항 분류
요구사항번호
요구사항 명칭

단계별 프로세스에 따라 발주기관, 이전사업자, 유지관리사업자 등 유관조직의 R&R을 정의하고 기술지원 체계를 확립해야 함
 이전계획 수립 
 - 이전 대상 분류
 업무별 중요도 분석, 이전 유형 선정, 유형별 분류
 장비별 이전 우선순위 선정
 - 이전 시나리오 및 이전 당일 Timetable 작성(차수별/단계별)
 - 이전 단계별 상세 계획수립
 서비스중지→백업→시스템OFF→해체→포장/반출/상차→운송→반입→설치→시스템점검→서비스점검
 
요구사항 분류
 정보시스템 이전 요구사항
요구사항 고유번호
 IRR-002
요구사항 명칭

3. 추진체계	 - 	 2
 4. 추진일정	 - 	 3
Ⅲ. 제안요청사항
 1. 요구사항 목록	 - 	 7
 2. 상세 요구사항	 - 	 8
Ⅳ. 제안사항 안내
 1. 입찰 참가자격	 - 	 27
 2. 입찰 및 사업자 선정 방식	 - 	 29
 3. 입찰서류 및 제안서 제출	 - 	 29
 4. 제안서 평가	 - 	 31
 5. 협상적격자 선정 및 협상	 - 	 32
 6. 입찰시 유의사항	 - 	 33
Ⅴ. 제안서 작성기준
 1. 제안서 목차	 - 	 35
 2. 제안서 항목 및 내용	 - 	 36

이전 지휘 체계 수립 및 의사소통 방안 수립
 - 인력 운영계획(역할, 보고체계, 책임 범위 등)
 - 이전 종합상황실 구성 및 운영 방안
 - 이전 조직별 지휘 체계 및 정보 공유를 위한 의사소통 방안 수립
 이전 참여자 교육방안 제시
 - 이전 전 참여자 사전 교육방안, 이전사업 참여자 역할 정의
 - 임무숙지 및 주의사항 등에 대한 교육 실시
 위험관리 및 비상대책 방안 수립
 - 자료 및 시스템 유출, 훼손 방지 및 복구방안
 - 시스템 장애에 대비한 예비파트 수급 및 장애 복구방안

프로젝트 관리 요구사항
(Project Management Requirement)
PMR-001
프로젝트 관리방안
PMR-002
사업수행 조직 및 인력
PMR-003
사업 추진사항 보고","예, 아시아물위원회사무국 우즈벡 관개망 사업 예산 규모는 서울특별시 여성가족재단의 시스템 통합 예산 규모의 2배 이상인 50,310,000원입니다."
"부산관광공사 정보망, 부산국제영화제 전산망, 한국보건산업진흥원 종합정보망 이 세 곳 중 기획 문서상의 수치로 기재된 배정 비용이 가장 높은 단일 사업은 어떤 것인가요?",B,하,[],"한국보건산업진흥원은 공정한 거래와 상생문화를 정착하고 확산하도록 
아래의 내용을 준수합 니다.
 
(1) 명확하고 상세한 요구사항 정의를 통해 적정한 사업 원가 및 기간을 산정하고 절차에 따라 적정한 대가를 지급합니다.
 
(2) 사업 수행 시 적정 사업 수행 기간을 확보하여 사업을 추진하며 사업 내용에 변경이 있는 경우 상호 충분히 협의하고 과업심의위원회를 통해 사업 변경을 진행하겠습니다.
 
(3) 정보화 사업 특성에 맞는 유연한 근무환경을 조성할 수 있도록 원격지 개발을 우선적으로 검토하겠습니다.

(사업금액) 50,000,000원(VAT 포함)
 (사업기간) 계약체결일로부터 120일
 (사업공고) 제한경쟁(총액) 협상에 의한 계약
 - (입찰방식) 제한경쟁(긴급입찰)
 - (낙찰자 결정방식) 협상에 의한 낙찰자 선정(기술 90, 가격 10)
 
2
 추진배경 및 필요성
 (추진 배경) 한국보건산업진흥원, 혁신의료기기 연구개발 정보관리기관으로 지정
 의료기기산업법 제26조에 따라 혁신의료기기 연구개발 정보관리기관(이하 ‘정보관리기관’)으로 ‘한국보건산업진흥원’ 지정(’21.10.5)*

(4) 계약업체의 책임이 없는 사유로 사업기간 연장, 납품기일 지연 등이 발생하여 과업이 추가로 필요한 경우, 조건 및 비용에 대하여 상호 충분히 협의하여 진행하겠습니다.
 
(5) 한국보건산업진흥원이 부담해야 할 행정절차, 민원해결, 환경관리 등에 관한 책임이나 그에 소요되는 비용을 계약업체에게 부담하는 행위를 하지 않습니다.
 
(6) 한국보건산업진흥원의 손해배상 책임을 관계법령 등에 규정된 기준에 비해 과도하게 경감하거나 계약업체의 손해배상 책임, 하자담보 책임 등을 과도하게 가중하는 행위를 하지 않습니다.

(4) 계약업체의 책임이 없는 사유로 사업기간 연장, 납품기일 지연 등이 발생하여 과업이 추가로 필요한 경우, 조건 및 비용에 대하여 상호 충분히 협의하여 진행하겠습니다.
 
(5) 한국보건산업진흥원이 부담해야 할 행정절차, 민원해결, 환경관리 등에 관한 책임이나 그에 소요되는 비용을 계약업체에게 부담하는 행위를 하지 않습니다.
 
(6) 한국보건산업진흥원의 손해배상 책임을 관계법령 등에 규정된 기준에 비해 과도하게 경감하거나 계약업체의 손해배상 책임, 하자담보 책임 등을 과도하게 가중하는 행위를 하지 않습니다.

(9) 하도급대금이나 임금이 체불되지 않도록 하도급대금-노무비를 직접 지급하거나, 직접 지급효과가 있는 대금 직불시스템(하도급 지키미 이용 등)을 통해 대금을 지급합니다.
(10) 한국보건산업진흥원은 사업 수행과정에서 느끼는 애로-불만사항을 제보할 수 있도록 온라인 제보센터를 설치해 운영하고 있습니다. 
 
 < 한국보건산업진흥원 애로사항 등 익명제보시스템 (레드휘슬) 안내 >
 
1. 신고대상 및 내용
 KHIDI 임직원이 업체를 부당하게 대우하거나 불공정하게 업무를 처리하는 경우","세 기관 중 가장 큰 규모인 부산관광공사의 '통합정보시스템 구축 사업' 예산(약 7,500,000,000원)은 발주 문서에 기재된 가장 높은 금액입니다."
"고양도시관리공사의 다목적구장 홈페이지 구축과 재단법인 광주문화재단의 예술통합플랫폼 시스템 유지보수, 두 사업 모두 예매 결제가 포함된 '가입 시민 위주의 생활 편의 포털'입니다. 하지만 이용객이 특정 자원을 '독점적으로 선점하는 점유(Occupancy) 패턴'의 차원에서 두 시스템이 마찰을 빚는 사용자 경합 양상은 어떤 도메인적 특질로 대립하나요?",B,중,[],"통합 홈페이지 꿈나래 신청서 개발, 접수/평가 기능 인트라넷에 구축
 기타 홈페이지 운영 및 유지관리 
4. 기대효과
 정성적 기대효과
 - 웹 접근성 개선을 통한 정보약자의 홈페이지 이용 효율화
 - 업무 수행 효율성 제고 및 사용자 편리성 증대
 - 안정적인 DB 관리와 개선사업을 위한 근거자료 확보
 정량적 기대효과
 - 업무의 전산화로 인한 문서제출 비용 절감(서류제출)
 - 자료 및 문서 관리 시간 단축
 - 실적 조회 및 정리 시간 단축
 
Ⅱ
대상업무 현황
1. 업무현황
 업무 소개

※ 예산이 확정되지 않을 경우 계약의 효력이 발생하지 않음. 
2. 추진배경 및 필요성
 서울형 자산형성지원사업 관리 정보시스템 ‘09년 최초 구축 후’ 지속적으로 통장사업 추가에 따른 홈페이지 구축과 기능 개선을 했음
 정보약자를 위한 웹접근성 강화 필요
 사업 대상자가 증가함에 따라 실무자들의 다양한 기능적 개선에 대한 필요성 발생
 2024년 희망두배청년통장을 부분 온라인 신청으로 변경함에 따라 업무 효율성과 이용자 편의성 문제 대두
 꿈나래 통장의 온라인 신청과 희망두배청년통장 온라인 신청시스템의 고도화 필요
3. 사업범위

- 데이터 및 시스템 통합관리 목표, 비전 및 추진 전략 수립
- 분산된 시스템 및 데이터의 통합관리와 최적의 서비스 제공을 위한 방안 마련
 - 데이터 수집/관리/활용을 위한 업무프로세스 재설계 및 구축방안 수립
 (목표모델 설계) 데이터 통합관리 체계 및 시스템 구축방안 마련
 - 데이터 사용을 위한 법적절차, 사용자동의 등에 대한 제약사항 검토
 - 데이터 기반 분석, 활용을 통한 통계자료(시각화) 생성 방안 마련
 - 통합 정보시스템 구축 계획 수립
- 내-외부 수집된 데이터의 공유와 활용이 가능한 시스템 구축방안 제시

나. 서버 및 네트워크, DB, 보안장비 관제 
 2. 통합보안관제 대상 시스템 현황
 
 
소계
관제 기능
방화벽
1대
방화벽 원격관제
IPS
1대
IPS 원격관제
웹방화벽
1대
웹 방화벽 원격관제
DDoS 방어장비
1대
DDoS 공격 방어
재단 홈페이지
8개
웹 방화벽 정책기능 내 홈페이지 위/변조/웹쉘코드 탐지
웹서버
2대

다. 시스템 취약점 진단을 통한 재단 내 시스템에 대한 취약성 예방
3. 사업범위
 가. 무중단 통합보안관제를 위한 원격보안관제 서비스 제공
네트워크 보안장비에 대한 24-365일 실시간 보안관제 
 (모니터링 초동대응 분석 대응 보고) 
ㅇ 사이버 침해 대응 예․경보 및 즉각적인 피해확산 대응 활동
ㅇ 사이버 침해사고 발생 시 원인분석, 재발방지 대책 등 지원
ㅇ 보안로그 분석 및 이슈 사항을 정리하여 관제보고서 제공(월간)
ㅇ 위협 이벤트 발견 시 전문가 방문 점검 서비스 제공(월간)","광주문화재단 플랫폼은 예술 공연과 미술 작품의 '선점(Occupancy)'이 문화적 가치와 감정적 경험의 독특한 공간적 소유를 반영한다는 점에서, 고양도시관리공사는 다목적구장 플랫폼의 '건강체육시설 예약과 스포츠 경기장 예약'이 단순히 물리적 공간의 점유를 반영하는 점에서 대립하는 특질을 갖습니다."
"한국연구재단(UICC) 실태조사 시스템 기능개선(비교군)과 대검찰청 아태 사이버범죄 교육시스템 고도화(대상군)는 모두 기관 내부의 특정 집단(대학 연구진, 경찰)을 대상으로 합니다. 이 양 인트라 웹이 사용자의 동기부여를 시스템의 '성과 산출물(Resultant)'로 도출해 내는 방식 구조의 차이는 무엇입니까?",B,중,[],"Ⅱ
추진방안
1. 추진목표
 UICC 시스템 기능개선을 통해 이용 편의성 개선
 UICC 시스템 운영 지원을 통해 안정적으로 실태조사 추진
2. 추진전략
 능력과 경험이 풍부한 전문사업자를 주관사업자로 선정
 ㅇ 시스템 구축에 대한 경험이 풍부하고 인력관리, 품질관리 및 유지관리 능력이 우수한 업체를 주관사업자로 선정하여 사업 진행
 ㅇ 재단-대학과의 원활한 소통을 바탕으로 효율적 협력체계 마련
 정보기술 활용전략
 ㅇ 한국연구재단에서 운영하는 기존 정보시스템과 연계 호환성 유지

UICC 시스템 운영 지원
 ㅇ 실태조사 기간 중 발생하는 시스템 오류 개선
 ㅇ 사용자가 원활하게 시스템을 이용할 수 있도록 운영 지원
 ㅇ 클라우드 서버 운영 및 발생 가능한 장애 사전 차단
 ㅇ 실태조사 데이터 오류 점검 및 대학 정보공시 연계 지원
6. 기대 효과
 UICC의 효율적 관리 체계를 구축하여 실태조사를 안정적으로 운영
 실태조사 항목 지침 변경사항을 반영하고 시스템 기능을 개선하여 
사용자 편의성 도모 
 
 
 
 제안요청서
Ⅱ
추진방안
1. 추진목표
 UICC 시스템 기능개선을 통해 이용 편의성 개선

항목 지침 변경사항 등 변화에 신속하고 정확하게 대응하며, 기능개선에 대한 사용자 요구를 반영하여 사용자 편의성 강화 필요
 UICC의 효율적인 관리와 운영을 위한 지원 체계 및 각종 기관 요구사항에 대응 필요
3. 주관기관 : 한국연구재단
4. 사업기간 및 사업비
 사업기간 : 계약일로부터 210일
 사업금액 : 129,300,000원(부가세 포함)
 ㅇ 예산 세부내역 
 
구분
금액
비고
 SW 개발비
92,300,000원 이내
- 실태조사 시스템 기능 개선
운영지원 및 
데이터 점검
37,000,000원 이내

- KRI 데이터 연계, 오류 알림 인터페이스, 엑셀 다운로드 기능 개선 등
 ㅇ (실태조사 항목 지침 변경사항 반영) 2024년 실태조사 변경사항 반영 
 관리자 활용도 제고를 위한 기능 개선
 ㅇ (시스템 관리자 기능) 학교-학과 코드 관리 방식, 메일 전송 기능 개선
 ㅇ (시스템 데이터 관리) 대학별 및 기간별 접속 현황 등 시스템 데이터 관리 기능 개선
 ㅇ (대학정보공시 연계)대학정보공시 연계 데이터 전송 속도 개선 및 연계 플랫폼과의 데이터 점검 기능 강화
 UICC 시스템 운영 지원

ㅇ 정부-재단의 각종 테스트, 보안지침을 준수하여 시스템 운영 및 유지관리 업무수행
3. 추진체계
 
사업총괄책임자
한국연구재단 데이터정보센터장
사업관리 총괄
한국연구재단 학술데이터분석팀
시스템 구축 지원
 시스템 개발
대학 정보공시 연계 협업
한국연구재단 정보시스템지원팀, 정보보안팀
시스템구축 사업자(외주업체)
한국연구재단 정보시스템지원팀, 정보보안팀
한국대학교육협의회
4. 추진일정
 사업기간 : 계약일로부터 210일
 추진일정표
 
주요내용
개월
M
M+1
M+2
M+3
M+4
M+5
M+6
계약 및 사업준비
시스템 기능개선","양 시스템 모두 대상 집단의 '동기 부여' 측면에서 성과 산출물을 직접적으로 생성하는 데 있어 차이가 있습니다. 한편, 한국연구재단(UICC)은 실태조사의 결과 데이터를 수집하여 연구진에게 분석 보고서를 작성하도록 강제하는 형태로, 대검찰청 아태 사이버범죄 교육시스템은 학생들이 온라인 코스를 완료하고 최종 시험 점수를 수치로 산출하여 제출하는 형태로 구성되어 있습니다. 따라서 UICC는 연구진에게 분석 결과를 제공하는 반면, 대검찰청은 학생들의 최종 시험 점수를 수치 산출하여 제출하는 형태로 구성되어 있습니다."
"아시아물위원회사무국 우즈벡 관개 사업비, 부산관광공사 경영정보망 사업비, 광주문화재단 보수 용역비, 남서울대 암호화 용역 예산을 사전 총결산하십시오. 다음으로, 아시아물위원회의 관개 시스템이 해외 거대 수자원의 물리적 '원격 조작 명령(Operation)'을 행하는 인프라 망이라면, 부산관광공사, 광주문화재단, 남서울대는 '제어권' 없이 단순 정보를 '열람 및 기록(Viewing & Logging)'하는 망입니다. 이러한 정보 망 vs 제어 망의 본원적 한계를 볼 때, 이 네 가지 체계가 동일하게 전력 배전반 화재로 온사이트 통신이 마비되었을 경우 수문 통제 오프라인 현장과 나머지 3개 관광/학사 현장에서 어떤 수준의 물성 피해 및 인적 책임 파급력이 극명하게 벌어지는지 기술하시오.",B,상,[],"제 안 요 청 서
 
사 업 명
2024년 광주문화예술통합플랫폼
시스템 유지 및 보수 용역
주관기관
광주문화재단
2024. 4. 
 
담당
발주부서
기획경영실 기획협력팀
차애경
062-670-7434
계약부서
기획경영실 경영지원팀
김보람
062-670-7483
 
 
 목 차 
 
Ⅰ. 사업안내	 - 	04
 1. 사업개요	 - 	
 2. 추진목표 및 방향	 - 	
 3. 주요 사업범위	 - 	
 4. 기대효과	 - 	
 5. 플랫폼현황	 - 	
Ⅱ. 사업 추진 방안	 - 	06
 1. 추진체계 및 역할	 -

붙임 제2호 서식 계약 및 착수 관련 서식	 - 	74
 
 
 별지 및 별첨서식 목차 
 
 <별지 서식>

Ⅱ. 사업 추진 방안	 - 	06
 1. 추진체계 및 역할	 - 	
 2. 추진일정	 - 	
 3. 과업범위	 - 	
Ⅲ. 제안요청 내용	 - 	10
 1. 제안요청 개요	 - 	
 2. 요구사항 목록	 - 	
 3. 제안요구 사항	 - 	
Ⅳ. 계약 조건	 - 	36
 1. 일반조건	 - 	
 2. 특수조건	 - 	
Ⅴ. 제안 안내	 - 	40
 1. 입찰안내	 - 	
 2. 입찰참가자격	 - 	
 3. 입찰참가등록 및 제안서 제출	 - 	
Ⅵ. 제안서 작성지침 및 평가방법	 - 	45
 1. 제안서 작성요령	 -

Ⅵ. 제안서 작성지침 및 평가방법	 - 	45
 1. 제안서 작성요령	 - 	
 2. 제안서 효력	 - 	
 3. 제안서 평가안내	 - 	
 4. 협상대상자 선정 및 협상기준	 - 	
 5. 일반행정사항	 - 	
 6. 제안서 목차 및 작성지침	 - 	
 7. 제안서 평가항목 및 배점	 - 	
Ⅶ. 소프트웨어사업 영향평가 결과서	 - 	56
Ⅷ. 소프트웨어 개발사업의 적정 사업기간 종합 산정서	 - 	57
 붙임 제1호 서식 입찰 및 제안서 관련 서식	 - 	58
 붙임 제2호 서식 계약 및 착수 관련 서식	 - 	74","네 기관의 예산 합산 금액은 각각 9,000,000원(우즈벡), 50,000,000원(부산), 24,500,000원(광주), 8,300,000원(남서울)이며, 이들 합산 금액은 총 91,800,000원입니다."
"코레일 운행정보기록 분석 시스템(미기재)을 뺀, 한국보건산업진흥원 의료기기망 고도화, 부산국제영화제 예매망 재개발, 기 조사된 대검찰청 사이버 교육망 예산을 합류 결산하십시오. 이후 한국보건산업(의료 장비 등록)과 부산국제영화제(좌석 오픈 예매)의 서비스 웹에서, 서버 로직이 특정 사용자에게 '다중 동시 접근(Concurrent Access)'을 통제하는 방식이 어떻게 상반되는지, 즉, 의료 망의 정적인 락(Lock) 처리 기법과 영화 예매망의 동적인 큐(Queue) 처리 기법이 상충하는 기술적 요구도를 1순위로 비교 통찰해 내십시오.",B,상,[],"제 안 요 청 서 
 
사 업 명
MIS 복무관리시스템 기능 개선을 위한 고도화사업
주관기관
한국보건산업진흥원
2024. 08.
 
담당
인력개발실
실 장 김 명 환
Tel 043-713-8203
담 당 자 백 지 수
Tel 043-713-8256
 
 목 차 -
 I. 사업안내
 1. 사업개요	 - 	 2 
 2. 추진배경 및 필요성	 - 	 2 
 3. 사업 내용	 - 	 2 
 4. 기대효과 	 - 	 3 
Ⅱ. 사업추진방안
 1. 추진목표	 - 	 5 
 2. 추진전략	 - 	 5 
 3. 추진체계	 - 	 5

사업자
선정예정
의료기기산업 종합정보시스템 고도화 작업 수행 등
 ※ 추진 구조에 따라 추진 조직도는 일부 조정 가능
 
3
 추진일정
 착수보고: 계약 체결 후 10일 이내 착수보고
 * 수행기관은 착수보고 회의를 통해 과업수행 방향성 등 사전 협의사항을 신속하게 처리
 * 일정, 사업범위 분석 등 전반적인 실행계획 보고
 중간보고: 사업 수행 중간 업무의 진척도 및 진행사항 보고
 * 과업 진행상황에 따라 주요 실무자가 참석하는 점검회의 개최, 내용 협의

2
 추진체계
 추진 조직도 
 
관계 기관
주관기관
지원기관
의료기기 전문정보 취급기관
한국보건산업진흥원
의료기기화장품산업단
한국보건산업진흥원
경영지원실
사업자
선정예정
(수행기관)
 조직 구성별 역할
 
구 분
추진조직
주요 역할
주관기관
의료기기
산업혁신팀
관계기관 정보 협조 논의, 고도화 사업 관리 등
지원기관
정보화전략팀
고도화 사업 검토 등 지원 
관계기관 
의료기기 전문정보 취급기관
의료기기 전문 데이터 제공 등
사업자
선정예정
의료기기산업 종합정보시스템 고도화 작업 수행 등

(사업금액) 50,000,000원(VAT 포함)
 (사업기간) 계약체결일로부터 120일
 (사업공고) 제한경쟁(총액) 협상에 의한 계약
 - (입찰방식) 제한경쟁(긴급입찰)
 - (낙찰자 결정방식) 협상에 의한 낙찰자 선정(기술 90, 가격 10)
 
2
 추진배경 및 필요성
 (추진 배경) 한국보건산업진흥원, 혁신의료기기 연구개발 정보관리기관으로 지정
 의료기기산업법 제26조에 따라 혁신의료기기 연구개발 정보관리기관(이하 ‘정보관리기관’)으로 ‘한국보건산업진흥원’ 지정(’21.10.5)*

<의료기기산업 종합정보시스템 개선 방향>
 산-학-연-병 전문가 및 이해관계자 대상 열린 소통 플랫폼 구축
 의료기기산업 전문정보 지속적 품질 검토 및 추가 연계 정보 제공 기능 추가
 진흥원 의료기기산업 육성 지원사업 관리시스템 기능 개선
 
3
 과업내용
 의료기기산업 종합정보시스템 고도화(시스템 개선 및 신규 기능 추가)","두 시스템의 기술적 요구도 상충점은 다음과 같습니다:
1. 의료망의 고유한 병원 시스템에 대한 '동시 접속 한 번만 허용(Exclusive Lock)' 처리를 반면, 부산국제영화제의 다수 관객이 동시에 예매를 시도할 때마다 각자의 '가상 큐(Queue) 처리' 방안을 구현합니다."
"부산관광공사의 경영정보시스템 기능개선 지시서를 검토할 시, 개선된 전산 시스템으로 부산을 방문해 해운대와 광안리 일대 관광 특화 상품을 구매한 외국인 관광객들의 면세 현황을 통계 낼 때 그 국가별 국적을 엑셀로 자동 분류해 주는 코딩 기술 규격란과, 이에 맞춰 면세율을 중국인 15%, 일본인 12%로 차등 코딩하라는 외환 가산 조항이 구체적으로 존재합니까?",D,상,[],"제 안 요 청 서
[용역명 : 경영정보시스템 기능개선]
2024. 03.
 
 
 
목 차 -
 
Ⅰ. 사업개요 
 1. 개 요 --------------------------------------------------------------------
1
 2. 사업목적 --------------------------------------------------------------------
1
 3. 사업범위 --------------------------------------------------------------------

2
 3. 소프트웨어 개발 사업의 적정 사업기간 종합산정서 --------------------
4
Ⅲ. 시스템현황 
 1. 경영정보시스템현황 --------------------------------------------------------
5
 2. 시스템 구성도 --------------------------------------------------------------
5
 3. 관련 시스템 정보 ----------------------------------------------------------
6

2. 요구사항 세부내용 ---------------------------------------------------------
8
Ⅴ. 제안일반사항 
 1. 제안일반사항 ---------------------------------------------------------------
34
 2. 제안서

6
Ⅳ. 제안요청 내용 
 1. 요구사항 목록 --------------------------------------------------------------
7

1
 4. 기대효과 --------------------------------------------------------------------
1
Ⅱ. 사업 추진방향 
 1. 추진방향 --------------------------------------------------------------------
2
 2. 추진체계 --------------------------------------------------------------------
2","아니요, 해당 부재합니다. 본 경영정보시스템 기능개선 용역은 국내에서 운영되는 부산관광공사 내부의 경영관리 및 정보시스템 기능 개선에 한하여 외국인 관광객이나 국제 무역 관례와 연관되지 않은 내외부 통계 분석 및 면세 조항 등은 포함되어 있지 않습니다."
"아시아물위원회사무국의 우즈벡-키르기즈스탄 스마트 관개시스템 구축 사업은 50억이 넘는 자본이 들어가는데, 이 광활한 사막 관개 현장에 개발자가 설치해야 할 '하드웨어' 중 수위 감시용 태양광 CCTV 카메라를 받쳐줄 콘크리트 전주(기둥)와 야생동물(늑대 등)의 케이블 절단을 막기 위한 지중 매설형 강철 배관의 1미터당 구매 납품 단가표가 지시서에 포함되어 있습니까?",D,상,[],"제 안 요 청 서
 
 
우즈벡-키르기즈스탄 기후변화대응 스마트 관개시스템 구축사업
 
2024. 10.
아시아 물 위원회
 
 목 차 
Ⅰ. 제안 요청내용	 - 	 01
 1. 용역개요	 - 	 02 
 2. 기본방향	 - 	 03
 3. 세부 과업지침	 - 	 05 
Ⅲ. 입찰 안내사항	 - 	 13
 1. 입찰참가자격	 - 	 13
 2. 입찰 및 낙찰자 선정	 - 	 14
 3. 입찰참가 등록 및 입찰서 제출 	 - 	 15
 4. 입찰시 유의사항 	 - 	 16
 5. 청렴계약이행 준수 	 - 	 17

긴급발주에 관한 사항 : 해당없음
 직접구매에 관한 사항 : 망간 연계 시스템
 ․통합발주사업 : AI 교량 영상감시시스템 구축(사업비 879,226천원)
 ․직접구매사업 : 망연계구매(사업비28,500천원) 
 
직접구매 대상 상용소프트웨어 구매계획
번호
상용소프트웨어
품목
수량
직접 구매
여부
제외 사유
비고
1
통신소프트웨어, 유니와이드, SafeCon v3.0, 망연계, 101~300(User)
1
직접구매(√)
제 외( )
 ※ 당해사업 수행사는 직접구매 SW에 대한 시스템통합사업자로서,

김포시 스마트 하천 안전차단시스템(소프트웨어 부분) 
제 안 요 청 서
 
 
2024년 스마트 하천 안전차단시스템 구축사업
 
김포시 스마트 하천 안전차단시스템 구축사업(소프트웨어부분)
 
 
- -
 
 
 
- -
 
2024. 06.
 
사 업
담당자
부서명
해양하천과
TEL
031-980-5428
담당자
이 지 선
Email
pljs2017@korea.kr
 
 
환 경 국
해양하천과
< 목 차 >
 
제1장 제안 일반안내	 - 	1
1. 사업 개요	 - 	1

마. 낙찰자 결정방법 : 협상에 의한 계약(기술평가90% + 가격평가10%)
2. 추진배경 및 필요성
 가. 국립인천해양박물관 소장자료DB 및 디지털자료(사진, 영상, 원문자료 등)의 영구적 저장 및 체계적인 관리를 위한 웹기반의 해양자료관리시스템 필요
 나. 최신 정보화 환경 및 사용자 환경의 변화에 따라 웹 기반의 해양자료관리시스템 도입 필요
 다. 정보유출 및 소실 등 사이버사고에 대비하기 위해 보안성과 안정성이 강화된 클라우드 기반의 전산환경 인프라 구축 필요

평택시 강소형 스마트시티 조성사업 영상 AI감지 및 홍수감시 연동 시스템 구축 사업 
 제안요청서
2024. 12.
 
사업 및 계약관련
사업기획본부
TEL: 031-400-3794
 
목 차
 
 
Ⅰ. 사업개요	 - 	1
 1. 추진배경	 - 	1
 2. 사업개요	 - 	1
Ⅱ. 사업추진 방안	 - 	4
 1. 추진체계	 - 	4
 2. 추진일정	 - 	5
 3. 추진일정	 - 	6
Ⅲ. 제안요청 내용	 - 	7
 1. 요구사항 구성	 - 	7
 2. 요구사항 목록	 - 	8
 3. 요구사항 상세	 - 	10","네, 본 사업의 하드웨어 요구사항 내에서 태양광 CCTV 카메라와 지중 매설형 강철 배관의 납품 단가표가 모두 포함되어 있습니다."
"그 부산관광궝사 거시기 경영정보 망 고치고 개션 하는 사업, 고따가 투입할 총력 예상 사업자금은 얼마인지 정확하개 액수좀 대바여!",E,하,[],"사업예산 : 77,000,000원(금칠천칠백만원, 부가가치세 포함)

ㅇ (사업기간) ‘24.1~12
※ 참여근로자 최대 15만명 선착순 모집
 ㅇ (온라인몰(휴가샵.com) 운영) ‘24.2.1~12.20 (모집과 동시에 오픈 시작)
 - 숙박관광 비수도권 지역 한정 지자체와 협업을 통한 지역관광 할인 프로모션
 - 민간기업과 협업을 통한 상품 할인 프로모션
 ㅇ (CS 운영 및 품질관리)
 - 입점제휴사 관리를 위한 정기 간담회 실시, 삼진아웃제 도입
 - 상품가격 및 품질 관리 위한 모니터링, CS 센터 운영 등
 ‘18-’23년 사업 추진성과
 ㅇ (참여 실적)
 
연도
2018년

사업예산 : 98,155,630원(부가가치세 포함)
 * 추후 수요기관과 계약상대자와의 상호 협의 하에 과업범위 등을 조정할 수 있음
 입찰 및 계약방식
 
구 분
방 식
비 고
입찰 방식
제한경쟁입찰
낙찰자 결정 방식
협상에 의한 계약
평가 방식
기술평가(90) / 가격평가(10)
수요기관 평가
 2. 추진배경 및 필요성
 (기능한정)안전운전 통합민원 내 일부 검사에 한정된 시스템 운영
 (프로세스)각 부서별 인증 프로세스가 달라 접수고객의 혼란 발생
 3. 사업의 목적

사업기간 : 착수일로부터 10개월
사 업 비 : 2,470,000,000원(부가가치세 포함)
계약방식 : 제한경쟁입찰(협상에 의한 계약)
 지방자치단체를 당사자로 하는 계약에 관한 법률 시행령 제43조-제44조 및 지방자치단체 입찰시 낙찰자 결정기준(행정안전부 예규 제283호, 2024.7.1.) 제7장 ‘협상에 의한 계약 낙찰자 결정기준’을 적용
사업범위
시간적 범위 : 2024년 ~ 2025년
공간적 범위 : 충청북도 증평군 증평읍 도심지역(총 면적 3.8km2)
 증평리, 창동리, 중동리, 교동리, 송산리, 초중리 일원

제 안 요 청 서
 
사 업 명
구조고도화(산단펀드-출연사업) 사업관리시스템 개선 용역
주관기관
한국산업단지공단
2024. 9. 
 
담당
민간투자팀
정반석
070-8895-7242
목 차
Ⅰ.사업개요
 1. 일반사항	 - 	 1
 2. 추진배경 및 필요성	 - 	 1
 3. 사업범위	 - 	 2
 4. 기대효과	 - 	 4
 Ⅱ.시스템 현황
 1. 시스템 구성도	 - 	 5
 2. 시스템 현황 	 - 	 5
 Ⅲ.추진계획
 1. 과업대상 현황	 - 	 6
 2. 추진체계 및 일정	 - 	 7
 Ⅳ.제안요청 내용","해당 부산관광공사의 사업 예산 총액은 7,700,000원(부가가치세 포함)입니다."
"야 근데 (사)부샨국재영화재 얘덜은 그 온라인써비쓰랑 행사 쫌 지원하는 티켓 망 겉은거 재개발하면서 왜 이르케 돈을 마니 쓰는거시여, 가장 핵심으루다가 이 시수템으루 먼 행사 커버할라꼬?",E,중,[],"공급/재개발/유지보수
웹 개발자(PM급) 파견 용역 (총 1명)
용역파견
 
 
 3) 부산국제영화제 행사지원시스템 공급
 
구분
작업유형
출입관리시스템 모바일 앱(iOS, Android 각 1식) 공급
공급 및 교육
의전 시스템 공급 (모바일 웹 또는 모바일 앱 공급/ 관리자, 사용자)
온라인 스크리닝 시스템 공급 (비디오라이브러리, 심사 시스템 등)
레드카펫 시스템 공급 (입력폼, 출력폼, 서버, 현장투입)
커뮤니티비프 행사지원시스템 공급 (스트리밍, VOD / 채팅 시스템)
4. 사업추진계획
 
기간
구분 내용
2024년

다양한 디바이스에서 동일한 콘텐츠를 제공할 수 있도록 반응형 웹 페이지를 제작하여 양질의 서비스를 제공한다.
 각종 커뮤니티 플랫폼과 SNS를 연동하여 콘텐츠의 허브 역할 도모한다.
 출입관리시스템, 의전관리시스템, 폐쇄형 온라인 스크리닝 시스템, 실시간 채팅 시스템 등 내부 행사 지원을 위한 각종 시스템 공급을 통해 관리자의 편의성 제고 한다.
 행사 지원시스템에 대하여, 행사 진행 공간의 유동성을 위해 요청에 따라 모바일 웹 또는 앱 형태로 제공하여 휴대성과 편의성을 제고한다.

레드카펫 시스템 공급 및 운영
공급
커뮤니티비프 행사지원시스템 공급
영화제
공식 모바일 앱 오픈
영화제
공식 하반기 웹사이트 오픈
영화제
비디오룸 운영
마켓
OS룸 운영
마켓
공식 하반기 e마켓 웹사이트 오픈
마켓
공식 모바일 앱 오픈
공급
실시간 채팅 및 스트리밍 서비스 공급
공통
시스템 전체 정리 (결산)
영화제
공식 상반기 웹사이트 기획
영화제
공식 상반기 웹사이트 오픈
영화제
공식 상영작 접수 페이지 오픈
영화제
BAFA 접수 페이지 오픈
영화제
ACF SD 접수 페이지 오픈
영화제
APM 접수 페이지 오픈
영화제

4. 사업추진계획
 
기간
구분 내용
2024년
2025년
7
8
9
10
11
12
1
2
3
4
5
공통
입찰 및 제안서 평가_업체선정
영화제
커뮤니티비프 리퀘스트시네마 프로그램 모집
영화제
채용 시스템 연계 및 유지보수
마켓
온-오프라인 사전 참가 등록 기간
마켓
온라인 스크리닝 등록 기간
영화제
공식 하반기 웹사이트 기획 및 제작
마켓
ACFM e마켓 사이트 기획 및 제작(특집)
영화제
모바일 앱 기획(Android, iOS 각 1식)
마켓
모바일 앱 기획(Android, iOS 각 1식)
공급
행사지원시스템 기획 및 제작

마켓
모바일 앱 기획(Android, iOS 각 1식)
공급
행사지원시스템 기획 및 제작
파견
웹 개발자 2명 웹 디자이너 1명 파견
영화제
참가자 배지 신청 페이지 오픈
마켓
온-오프라인 일반 참가 등록 기간
공급
의전시스템 재개발 및 공급, 운영
공급
비디오라이브러리시스템 재개발 및 설치
마켓
온라인 등록 마감
마켓
사전 미팅 신청 기간 (APM, BSM)
공급
프레스룸 운영
공급
출입관리시스템 공급, 교육, 운영
공급","본 사업의 총 예산은 부조리 299,000,000원으로 책정되어 있습니다."
(사)부산국제영화제의 행사지원시스템 공급 재개발을 위해 고지된 투자 예산 금액의 합계는 수치로 얼마인가요?,A,하,[],"Ⅳ. 제안서 작성
1. 일반사항
46
2. 제안서의 효력
46
3. 주관사업자 선정방식
46
4. 평가항목 및 배점 한도
47
5. 제안서 규격 및 작성요령
50
6. 유의사항
50
 V. 붙임
 
Ⅰ
 사업안내
1. 사업개요
가. 사 업 명 : BIFF&ACFM 온라인서비스 재개발 및 행사지원시스템 공급 사업
나. 기 간 : 계약체결일 ~ 2025. 05. 31.
다. 사업예산 : 243,000,000원(금이억사천삼백만 원) (VAT 포함)
라. 입찰방식 : 제한 경쟁입찰(지역 제한)
마. 계약방법 : 협상에 의한 계약

공급/재개발/유지보수
웹 개발자(PM급) 파견 용역 (총 1명)
용역파견
 
 
 3) 부산국제영화제 행사지원시스템 공급
 
구분
작업유형
출입관리시스템 모바일 앱(iOS, Android 각 1식) 공급
공급 및 교육
의전 시스템 공급 (모바일 웹 또는 모바일 앱 공급/ 관리자, 사용자)
온라인 스크리닝 시스템 공급 (비디오라이브러리, 심사 시스템 등)
레드카펫 시스템 공급 (입력폼, 출력폼, 서버, 현장투입)
커뮤니티비프 행사지원시스템 공급 (스트리밍, VOD / 채팅 시스템)
4. 사업추진계획
 
기간
구분 내용
2024년

제 안 요 청 서
BIFF&ACFM 온라인서비스 재개발 및
행사지원시스템 공급 용역
2024. 6.
 
 
 
 
목차
Ⅰ. 사업안내
사업개요
3
사업목표
3
사업유형
4
4. 사업추진계획
5
Ⅱ. 과업안내
과업의 범위
7
2. 과업의 내용
8
3. 과업의 일반사항
22
4. 과업의 개요
23
5. 요구사항 상세
24
Ⅲ. 공모사항
공모 추진 일정
44
2. 입찰참가자격
44
3. 입찰시 고려사항
44
4. 제안서 제출방법 및 제출서류 
44
Ⅳ. 제안서 작성
1. 일반사항
46
2. 제안서의 효력
46
3. 주관사업자 선정방식

3. 사업유형 
 1) 부산국제영화제 온라인 서비스 재개발 및 유지관리
 
사업명
작업유형
부산국제영화제 공식 및 패밀리 웹사이트 개편 및 유지보수
신규/재개발/유지보수
부산국제영화제 모바일 앱(iOS, Android) 개편 및 유지보수
재개발/유지보수
관리자 페이지 (게시판, 메뉴빌더 등) 개선
재개발/유지보수
통합업무관리시스템 연계하여 출품, 접수 관련 페이지 제작
재개발/유지보수
채용, 티켓 예매 등 외부 시스템 연동 및 페이지 제작
신규/재개발/유지보수
모바일 디바이스를 통한 실시간 채팅 및 라이브 스트리밍 서비스 도입

2) BIFF 공식 웹사이트 상반기(3월 ~ 9월) 접수 페이지 등 개편 및 유지보수
 3) BIFF 공식 웹사이트 하반기(9월 ~ 3월) 리뉴얼 및 유지보수
 4) BIFF 패밀리사이트 개편 및 유지보수 (※패밀리사이트 : *.biff.kr 서브도메인 일체)
 5) BIFF 공식 애플리케이션(모바일 앱) 2종 공급(Android, iOS 각1식)
 6) 각종 행사지원시스템 공급 (출입관리시스템, 개-폐막지원시스템, 등) 
 7) 각종 외부 시스템의 시스템 연동 (티켓 시스템, 채용시스템 등)","해당 사업에서 투입되는 총 예산 금액은 243,000,000원(금이억사천삼백만 원)입니다."
서울특별시 여성가족재단이 공지로 걸어둔 '디지털성범죄 안심지원센터 통합 시스템'의 과업 총예산은 얼마입니까?,A,하,[],"1. 제안서 목차	 - 	 35
 2. 제안서 항목 및 내용	 - 	 36
 3. 제안서 작성방법	 - 	 38
 붙임 , 별지서식 입찰 및 제안서 관련 서식	 - 	 40
 
Ⅰ
 사업개요
 
1. 사업내용
 가. 사 업 명 : 광진구 정보시스템 장비 신청사 이전
 나. 사업기간 : 착수일로부터 150일
 다. 이전일시 : 2025. 3. 예정
 라. 사업예산 : 금289,928천원(부가세 포함)
 마. 계약방법 : 제한경쟁입찰(협상에 의한 계약)
 바. 이전위치 : 광진구청 신청사 7층(자양동 680-22번지)

- 정보시스템 현황 및 정보인프라 상세 분석
- 이전 실행 계획 수립 
- 위험 요소 분석 및 백업 방안 수립
- 비상대책 및 안정화 지원 방안 수립
 나. 정보통신실 기반환경 구성
- 안정적인 서비스를 위한 정보통신실의 배치
- 정보통신실 전기 및 네트워크 케이블 공사 : 정보통신실 장비간 UTP 및 광케이블 공사 및 장비별 전기인입 공사
- 본 사업과 연관된 전기, 안전, 소방, 항온항습기, UPS 사업과 협업으로 과업 수행
 다. 정보시스템의 이전설치 및 안정화
- 이전 대상 장비의 배상보험 가입

시스템 구성도는 보안정책에 따라 비공개
(필요 시 방문하여 열람가능)
 ※ 행정기관 및 공공기관 정보시스템 구축․운영 지침 제17조(제안요청서 보안사항 등)에 따라 공개하지 않으며, 제안서 작성에 필요한 경우 보안 서약서 제출 후 담당자 입회하에 부분적 열람 가능
 나. 정보시스템 현황
 
시스템명
서버
스토리지
보안
네트워크
기타
계
수량
27
9
2
4
1
52
 ※ 정보시스템 현황은 사전 현장실사 결과에 따라 변동될 수 있음
 
Ⅲ
 제안요청 사항
 
1. 요구사항 목록
 
요구사항 분류
요구사항번호
요구사항 명칭

정보시스템 이전 종료 
IRR-007
정보시스템 운영 안정화 지원
기반환경 구축 요구사항
(Infrastructure Construction Requirement)
ICR-001
기반환경 구축 일반사항
ICR-002
정보통신실 통신케이블 공사
ICR-003
통신 트레이 설치
보안 요구사항
(SEcurity Requirement)
SER-001
보안 일반사항
SER-002
저장매체 및 장비보안
SER-003
 해킹, 바이러스 등 침해사고 예방대책
프로젝트 관리 요구사항
(Project Management Requirement)

1. 추진목표
 가. 광진구 정보시스템(H/W, S/W 등)의 안정적인 이전 실행
 나. 정보시스템의 이전에 따른 업무 공백 최소화 및 업무 연속성 확보
 다. 정보통신실 기반 환경 구성을 통한 운영 안정화
 
2. 추진전략
 가. 업무서비스 중단 최소화 및 정보시스템 운영환경 최적화
 나. 장비 이전 리스크 최소화
 다. 사전 점검 계획 수립
 라. 정보시스템 및 행정업무 전산자료의 일원화된 관리체계 구축
 마. 사업추진관련 긴밀한 협조체계 구성 및 운영
 
3. 추진체계
 가. 추진조직
 
광진구청
사업총괄
스마트정보과","서울특별시 여성가족재단 디지털성범죄 안심지원센터 통합 시스템 사업의 총 예산은 부가세를 포함하여 29,592,800원입니다."
한국철도공사의 열차 내 블랙박스 격인 운행정보기록을 연동하는 '자동분석시스템 개량' 용역의 자금 예산 지표는 어떻게 됩니까?,A,하,[],"Ⅵ. 용역사업 보안 준수사항 	 - 	82
 Ⅶ. 제안서 작성	 - 	95
 Ⅷ. 별지서식	 - 	105
 
Ⅰ
사업 개요
가. 사업개요
 (사 업 명) 운행정보기록 자동분석시스템 개량
 (사업기간) 착수일로부터 180일
 (입찰/계약) 일반경쟁입찰 / 협상에 의한 계약(기술 90%, 가격 10%)
나. 추진배경
 기존 구축된 차종별 안전 위험 분석의 정합성 부족 및 고속-전동차량 자동 분석이 되지 않는 등의 문제점 개선 필요

Ⅵ. 용역사업 보안 준수사항 	 - 	82
 Ⅶ. 제안서 작성	 - 	95
 Ⅷ. 안전계약 특수조건	 - 	105
 Ⅸ. 별지서식	 - 	123
 
Ⅰ
사업 개요
가. 사업개요
 (사 업 명) 운행정보기록 자동분석시스템 개량
 (사업기간) 착수일로부터 180일
 (입찰/계약) 일반경쟁입찰 / 협상에 의한 계약(기술 90%, 가격 10%)
나. 추진배경
 기존 구축된 차종별 안전 위험 분석의 정합성 부족 및 고속-전동차량 자동 분석이 되지 않는 등의 문제점 개선 필요

59량
라. 목표시스템 구성도
 
 
Ⅳ
제안요청 내용
1. 제안 방향
 가. 본 제안요청서는 운행정보기록 자동분석시스템(TORAS) 개량 사업 으로 한국철도공사의 요구사항을 충분히 검토한 후 요구기능을 포함하여 제안하여야 한다.
 나. 제안서에는 사업계획과 제안요청 제반사항에 대해 제안사의 추진전략, 추진계획 및 이행방안 등이 구체적이고 명확하게 제안하여야 한다.

제안요청서
운행정보기록 자동분석시스템 개량 
2024. 4.
 
담당
IT운영센터
(운송정보부)
부장 김범승
TEL: 02-3149-3028
FAX: 02-361-8368
팀장 송진출
TEL: 02-3149-3422
주임 조하영
TEL: 02-3149-3185
한국철도공사
 
 Ⅰ. 사업 개요	 - 	3
 Ⅱ. 일반 현황	 - 	4
 Ⅲ. 사업내용	 - 	6
 Ⅳ. 제안요청 내용	 - 	9
 Ⅴ. 제안서 평가 및 사업자 선정 안내	 - 	68
 Ⅵ. 용역사업 보안 준수사항 	 - 	82
 Ⅶ. 제안서 작성	 - 	95

제안요청서
운행정보기록 자동분석시스템 개량 
2024. 7.
 
담당
IT운영센터
(운송정보부)
부장 김범승
TEL: 02-3149-3028
FAX: 02-361-8368
팀장 송진출
TEL: 02-3149-3422
주임 조하영
TEL: 02-3149-3185
한국철도공사
 
 Ⅰ. 사업 개요	 - 	3
 Ⅱ. 일반 현황	 - 	4
 Ⅲ. 사업내용	 - 	6
 Ⅳ. 제안요청 내용	 - 	9
 Ⅴ. 제안서 평가 및 사업자 선정 안내	 - 	68
 Ⅵ. 용역사업 보안 준수사항 	 - 	82
 Ⅶ. 제안서 작성	 - 	95","본 사업의 예산 지표는 부가세를 포함하여 '91,000,000원입니다."
"대검찰청의 APC-HUB(아태 사이버범죄 역량강화 허브) 온라인 교육시스템 고도화 시, 교육을 이수한 수사관들이 취득하는 '인증서 및 수료 결과'는 사이트 내에서 어떠한 방식으로 발급되도록 요구합니까?",A,중,[],"제 안 요 청 서
 
사 업 명
아-태 사이버범죄 역량강화 허브(APC-HUB) 
홈페이지 및 온라인교육시스템 고도화 2차
2024. 4.
 
 
대검찰청
 
 
목 차
 
Ⅰ. 사업 개요	 - 	4
 1. 사업명	 - 	4
 2. 사업개요 및 목적	 - 	4
 3. 사업범위	 - 	5
 4. 사업계획	 - 	5
 Ⅱ. 사업 추진 방안	 - 	5
 1. 추진목표	 - 	5
 2. 추진조직	 - 	6
 3. 추진일정	 - 	7
Ⅲ. 제안요청내용	 - 	8
 1. 주요사항	 - 	8
 2. 목표시스템 구축내용	 - 	9

제 안 요 청 서
 
사 업 명
2024년 사이버수사시스템 고도화
주관기관
대검찰청
 
 
2024. 4.
 
담당
대검찰청 사이버수사과
검찰수사관 오재영
검찰수사관 최수원
TEL : (02)3480-3573
TEL : (02)3480-3562
 목 차 
1. 사업 개요	 - 	 1
 가. 사업명
 나. 추진배경 및 필요성
 다. 사업내용
 라. 기대효과
2. 현황 및 문제점	 - 	 4
 가. 업무 현황
 나. 정보시스템 현황
 다. 문제점 및 개선방향
3. 사업 추진방안	 - 	 6
 가. 추진목표
 나. 추진전략

대검찰청은 인권옹호 및 범죄피해자 지원의 주무 기관으로서 2019년에 구축한 불법 촬영물 유포탐지 시스템 을 활용, 사이버 성범죄 피해자의 피해영상물 삭제를 지원 중
 
사이버수사 시스템
 도메인-IP-URL 정보조회 
 - 도메인-IP-URL 등록정보, 악성코드 연관성 정보 등 조회
 가상자산 주소조회 
 - 가상자산 주소정보 조회
 불법 촬영물 유포탐지 
 - 시스템을 통해 등록된 유해 사이트를 주기적으로 방문하여 동영상 자동 수집

- 시스템을 통해 등록된 유해 사이트를 주기적으로 방문하여 동영상 자동 수집
실효성 입증된 운영실적을 바탕으로 탐지범위 확대 등 사이버수사지원 시스템 고도화를 통해 수사 지원 확대
 2) 필요성 
 특정 금융거래정보의 보고 및 이용 등에 관한 법률 개정안 시행(2021. 12. 28.)에 따라 자금세탁방지 의무가 부과된 가상자산의 거래내역 조회에 필요한 플랫폼 최적화 필요
 - 가상자산 주소조회 시스템의 브라우저 호환성 확대 및 코드 최적화 필요

- 즉각적인 불법 촬영물 차단 지원을 위해 방송통신심의위원회 서버와 통신하여 대응할 수 있도록 시스템 강화 필요
사이버수사지원 시스템은 2016년 이후 추가적인 고도화 없이 현재까지 운영하고 있어 시스템의 노후화로 인한 고도화 및 관리 필요
 - 웹 표준 준수 미흡으로 인한 웹브라우저 호환성 개선 필요
 - 노후화된 시스템 소스 코드 관리 부재로 버그 수정 및 시스템 연동의 애로 사항에 따른 유지보수를 위한 시스템 재설계 필요","수사관이 교육을 이수했을 때 발급되는 인증서는 'PDF 형식의 디지털 인증서'이며, 수료 결과는 '웹사이트 내 페이지에 표시된 HTML 기반의 수료 확인 메시지'로 발급됩니다."
"부산관광공사가 자사 경영정보시스템의 기능을 개선하면서, 기존의 느린 보고 체계를 대체하기 위해 모바일 디바이스 지원 차원에서 도입토록 강제한 핵심 행정 모듈은 무엇입니까?",A,중,[],"제 안 요 청 서
[용역명 : 경영정보시스템 기능개선]
2024. 03.
 
 
 
목 차 -
 
Ⅰ. 사업개요 
 1. 개 요 --------------------------------------------------------------------
1
 2. 사업목적 --------------------------------------------------------------------
1
 3. 사업범위 --------------------------------------------------------------------

2
 3. 소프트웨어 개발 사업의 적정 사업기간 종합산정서 --------------------
4
Ⅲ. 시스템현황 
 1. 경영정보시스템현황 --------------------------------------------------------
5
 2. 시스템 구성도 --------------------------------------------------------------
5
 3. 관련 시스템 정보 ----------------------------------------------------------
6

2. 요구사항 세부내용 ---------------------------------------------------------
8
Ⅴ. 제안일반사항 
 1. 제안일반사항 ---------------------------------------------------------------
34
 2. 제안서

1
 4. 기대효과 --------------------------------------------------------------------
1
Ⅱ. 사업 추진방향 
 1. 추진방향 --------------------------------------------------------------------
2
 2. 추진체계 --------------------------------------------------------------------
2

6
Ⅳ. 제안요청 내용 
 1. 요구사항 목록 --------------------------------------------------------------
7","보건복지부가 실시하는 '중앙인증센터 통합관리시스템 고도화'와 부산관광공사의 '경영정보시스템 기능개선' 모두 각자의 내부 업무 효율성을 향상시키려는 목적 아래에서, 부재한 핵심 행정 모듈은 각각의 기관이 자체적으로 관리하고 있는 내부 보안 규격 및 데이터 접근 권한 체계입니다."
"광주문화재단의 문화예술플랫폼 유지보수 61,890,000원 예산 구조를 가공해 봅니다. 이 총액 중 정기 서버 임대 스토리지 명목으로 25%가 기성 차감됩니다. 남은 개발비 중에 15%를 플랫폼 티켓 예매 PG사 결제 연동 검증 수수료로 소모하고, 잔액의 절반을 메인 UI 디자이너 1인의 성과급으로 지급할 때 최종 남은 절반을 차지하는 시스템 백엔드 프로그래머가 가져가게 될 예산 액수는 정확히 얼마입니까?",A,상,[],"제 안 요 청 서
 
사 업 명
2024년 광주문화예술통합플랫폼
시스템 유지 및 보수 용역
주관기관
광주문화재단
2024. 4. 
 
담당
발주부서
기획경영실 기획협력팀
차애경
062-670-7434
계약부서
기획경영실 경영지원팀
김보람
062-670-7483
 
 
 목 차 
 
Ⅰ. 사업안내	 - 	04
 1. 사업개요	 - 	
 2. 추진목표 및 방향	 - 	
 3. 주요 사업범위	 - 	
 4. 기대효과	 - 	
 5. 플랫폼현황	 - 	
Ⅱ. 사업 추진 방안	 - 	06
 1. 추진체계 및 역할	 -

Ⅱ. 사업 추진 방안	 - 	06
 1. 추진체계 및 역할	 - 	
 2. 추진일정	 - 	
 3. 과업범위	 - 	
Ⅲ. 제안요청 내용	 - 	10
 1. 제안요청 개요	 - 	
 2. 요구사항 목록	 - 	
 3. 제안요구 사항	 - 	
Ⅳ. 계약 조건	 - 	36
 1. 일반조건	 - 	
 2. 특수조건	 - 	
Ⅴ. 제안 안내	 - 	40
 1. 입찰안내	 - 	
 2. 입찰참가자격	 - 	
 3. 입찰참가등록 및 제안서 제출	 - 	
Ⅵ. 제안서 작성지침 및 평가방법	 - 	45
 1. 제안서 작성요령	 -

붙임 제2호 서식 계약 및 착수 관련 서식	 - 	74
 
 
 별지 및 별첨서식 목차 
 
 <별지 서식>

Ⅵ. 제안서 작성지침 및 평가방법	 - 	45
 1. 제안서 작성요령	 - 	
 2. 제안서 효력	 - 	
 3. 제안서 평가안내	 - 	
 4. 협상대상자 선정 및 협상기준	 - 	
 5. 일반행정사항	 - 	
 6. 제안서 목차 및 작성지침	 - 	
 7. 제안서 평가항목 및 배점	 - 	
Ⅶ. 소프트웨어사업 영향평가 결과서	 - 	56
Ⅷ. 소프트웨어 개발사업의 적정 사업기간 종합 산정서	 - 	57
 붙임 제1호 서식 입찰 및 제안서 관련 서식	 - 	58
 붙임 제2호 서식 계약 및 착수 관련 서식	 - 	74","양쪽 비율(25%, 15%)를 모두 적용하여 매출에서 빼진 총 41%를 고려하면, 백엔드 프로그래머에게 남겨지는 최종 예산 액수는 59%입니다. 따라서 그 금액은 구체적으로 100,000,000원 * 0.59 = 59,000,000원입니다."
"고양도시관리공사의 관산 다목적구장 시스템(9,000만 원) 예산과 남서울대학교 학사행정 암호화 지원(7,000만 원) 사업 중 어떠한 용역에 배정된 예산 덩치가 더 큽니까?",B,하,[],"4. 사업기간 ········································································································ 3

 5. 소요예산 ········································································································ 3

서식13. 용역 이행실적 증명서 	 - 	88
 서식14. 제안업체 조직 및 인원현황 	 - 	89
 서식15. 전문 인력 보유현황 	 - 	90
 서식16. 기술인력 개인별 경력사항 확인서 	 - 	91
 서식17. 경영상태 	 - 	92
 서식18. 사업수행능력 평가서(정성적 평가) 	 - 	93
 서식19호. 가격제안서(표지) 	 - 	94
 서식20호. 가격제안서 봉투 작성 방법 	 - 	95
 서식21호. 가격제안서 	 - 	96
 별첨1. 기술적용계획표	 - 	97
 별첨2. 정보화 용역사업 보안관리 지침	 - 	104

서식13. 용역 이행실적 증명서 	 - 	88
 서식14. 제안업체 조직 및 인원현황 	 - 	89
 서식15. 전문 인력 보유현황 	 - 	90
 서식16. 기술인력 개인별 경력사항 확인서 	 - 	91
 서식17. 경영상태 	 - 	92
 서식18. 사업수행능력 평가서(정성적 평가) 	 - 	93
 서식19호. 가격제안서(표지) 	 - 	94
 서식20호. 가격제안서 봉투 작성 방법 	 - 	95
 서식21호. 가격제안서 	 - 	96
 별첨1. 기술적용계획표	 - 	97
 별첨2. 정보화 용역사업 보안관리 지침	 - 	104

Ⅰ
 사업 개요 
 
1. 개요
 가. 사 업 명: 모금관리시스템 재구축
 나. 사업기관: (재)서울대학교발전기금
 다. 사업기간: 계약일로부터 6개월
 라.사업금액: 341,000천원(부가가치세 포함)
 마.사업내용: 기 구축된 출연관리시 스템(FMS)을 기반으로 기부금 및 기부자 관리 시스템 신규 개발
 바.계약방법: 조달청 입찰을 통한 계약
2. 추진배경 및 필요성
 가. 기존 출연관리시스템의 노후화로 프로그램 보안성/안정성 취약 및 업무 효율성 저하
 나. 기존 개발언어의 기술자 감소로 유지보수 진행 불가

Ⅰ
 사업 개요 
 
1. 개요
 가. 사 업 명: 모금관리시스템 재구축
 나. 사업기관: (재)서울대학교발전기금
 다. 사업기간: 계약일로부터 6개월
 라.사업금액: 341,000천원(부가가치세 포함)
 마.사업내용: 기 구축된 출연관리시 스템(FMS)을 기반으로 기부금 및 기부자 관리 시스템 신규 개발
 바.계약방법: 조달청 입찰을 통한 계약
2. 추진배경 및 필요성
 가. 기존 출연관리시스템의 노후화로 프로그램 보안성/안정성 취약 및 업무 효율성 저하
 나. 기존 개발언어의 기술자 감소로 유지보수 진행 불가",두 사업 모두 예산이 10백만 원 미만인 만큼 양쪽 예산 규모는 동일합니다.
"부산관광공사 경영정보망 사업비(109,000,000원) 액수와 남서울대학교 학사망 암호화 용역비(70,000,000원)의 수치 간 금액 차이는 얼마인가요?",B,하,[],"서식13. 용역 이행실적 증명서 	 - 	88
 서식14. 제안업체 조직 및 인원현황 	 - 	89
 서식15. 전문 인력 보유현황 	 - 	90
 서식16. 기술인력 개인별 경력사항 확인서 	 - 	91
 서식17. 경영상태 	 - 	92
 서식18. 사업수행능력 평가서(정성적 평가) 	 - 	93
 서식19호. 가격제안서(표지) 	 - 	94
 서식20호. 가격제안서 봉투 작성 방법 	 - 	95
 서식21호. 가격제안서 	 - 	96
 별첨1. 기술적용계획표	 - 	97
 별첨2. 정보화 용역사업 보안관리 지침	 - 	104

서식13. 용역 이행실적 증명서 	 - 	88
 서식14. 제안업체 조직 및 인원현황 	 - 	89
 서식15. 전문 인력 보유현황 	 - 	90
 서식16. 기술인력 개인별 경력사항 확인서 	 - 	91
 서식17. 경영상태 	 - 	92
 서식18. 사업수행능력 평가서(정성적 평가) 	 - 	93
 서식19호. 가격제안서(표지) 	 - 	94
 서식20호. 가격제안서 봉투 작성 방법 	 - 	95
 서식21호. 가격제안서 	 - 	96
 별첨1. 기술적용계획표	 - 	97
 별첨2. 정보화 용역사업 보안관리 지침	 - 	104

별첨2. 정보화 용역사업 보안관리 지침	 - 	104
 별표1. 보안 위규 처리기준	 - 	 108
 별표2. 보안위약금 부과기준	 - 	 110
 보안 위규 처리기준 및 위약금 부과기준 이행각서 	‰ - 	110
 보안확약서 	 - 	111
 별첨3. 개인정보처리시스템 사업담당자 준수사항	 - 	112
 별첨4. 소프트웨어 개발사업의 적정 사업기간 종합 산정서	Ỡ - 	116
 별첨5. 소프트웨어 사업 영향 평가 검토결과서	 - 	117
 
 
 
Ⅰ
 사업 개요 
 
1. 개요
 가. 사 업 명: 모금관리시스템 재구축

4. 사업기간 ········································································································ 3

 5. 소요예산 ········································································································ 3

Ⅰ
 사업 개요 
 
1. 개요
 가. 사 업 명: 모금관리시스템 재구축
 나. 사업기관: (재)서울대학교발전기금
 다. 사업기간: 계약일로부터 6개월
 라.사업금액: 341,000천원(부가가치세 포함)
 마.사업내용: 기 구축된 출연관리시 스템(FMS)을 기반으로 기부금 및 기부자 관리 시스템 신규 개발
 바.계약방법: 조달청 입찰을 통한 계약
2. 추진배경 및 필요성
 가. 기존 출연관리시스템의 노후화로 프로그램 보안성/안정성 취약 및 업무 효율성 저하
 나. 기존 개발언어의 기술자 감소로 유지보수 진행 불가","두 기관에서 각각 발주한 사업의 총 합산 비용이 누적되는 금액 차이는 39,000,000원입니다."
아시아물위원회 우즈벡 시스템 원조망(50.31억 원)과 부산국제영화제 예매시스템망(2.43억 원) 두 시스템 구축비의 통합 규모 총계는 어느 선입니까?,B,하,[],"제 안 요 청 서
 
 
우즈벡-키르기즈스탄 기후변화대응 스마트 관개시스템 구축사업
 
2024. 10.
아시아 물 위원회
 
 목 차 
Ⅰ. 제안 요청내용	 - 	 01
 1. 용역개요	 - 	 02 
 2. 기본방향	 - 	 03
 3. 세부 과업지침	 - 	 05 
Ⅲ. 입찰 안내사항	 - 	 13
 1. 입찰참가자격	 - 	 13
 2. 입찰 및 낙찰자 선정	 - 	 14
 3. 입찰참가 등록 및 입찰서 제출 	 - 	 15
 4. 입찰시 유의사항 	 - 	 16
 5. 청렴계약이행 준수 	 - 	 17

3. 사업유형 
 1) 부산국제영화제 온라인 서비스 재개발 및 유지관리
 
사업명
작업유형
부산국제영화제 공식 및 패밀리 웹사이트 개편 및 유지보수
신규/재개발/유지보수
부산국제영화제 모바일 앱(iOS, Android) 개편 및 유지보수
재개발/유지보수
관리자 페이지 (게시판, 메뉴빌더 등) 개선
재개발/유지보수
통합업무관리시스템 연계하여 출품, 접수 관련 페이지 제작
재개발/유지보수
채용, 티켓 예매 등 외부 시스템 연동 및 페이지 제작
신규/재개발/유지보수
모바일 디바이스를 통한 실시간 채팅 및 라이브 스트리밍 서비스 도입

- 시스템 구축 및 안정화 기간 포함

□ 사업예산 : 1,427,000,000원 범위 내 ( 일십사억이천칠백만원, 부가가치세 포함)

□ 계약방법 : 제한경쟁입찰 (협상에 의한 계약)

2. 추진 배경

공급/재개발/유지보수
웹 개발자(PM급) 파견 용역 (총 1명)
용역파견
 
 
 3) 부산국제영화제 행사지원시스템 공급
 
구분
작업유형
출입관리시스템 모바일 앱(iOS, Android 각 1식) 공급
공급 및 교육
의전 시스템 공급 (모바일 웹 또는 모바일 앱 공급/ 관리자, 사용자)
온라인 스크리닝 시스템 공급 (비디오라이브러리, 심사 시스템 등)
레드카펫 시스템 공급 (입력폼, 출력폼, 서버, 현장투입)
커뮤니티비프 행사지원시스템 공급 (스트리밍, VOD / 채팅 시스템)
4. 사업추진계획
 
기간
구분 내용
2024년

- 통합시스템 구축, 시스템 연계 구축 등에 소요되는 상세 예산 산정(응용개발, H/W도입, S/W도입, 데이터 전환, 인건비 등)
 -구축 이후 운영 및 유지보수를 위한 제반 비용 산출
 ※ 총사업비 구성요소에 대하여 SW사업 대가 산정 가이드 등을 활용하여 비용 산출
 ※ 시스템 용량 산정 시 정보시스템 하드웨어 규모 산정 지침(TTA)을 준수
산출정보
 이행계획서
 
요구사항 분류
 컨설팅(CSR)
요구사항 고유번호
 CSR-010
요구사항 명칭
 범죄피해자원스톱솔루션센터 통합시스템 구축 효과 분석
요구사항
상세설명
정의","두 시스템의 총 합산 예산 규모는 52,754,000,000원입니다."
서울시 여성가족재단의 시스템 통합 예산(약 3.36억)이 부산관광공사의 경영정보시스템 개선 자본(약 1.09억)을 규모로 따돌리고 더 큰 폭을 선점하고 있나요?,B,하,[],"4. 사업 범위 	 - 		- - 	1 
Ⅱ. 사업추진 방향	 - 	 2
 1. 추진목표 	 - 		- - 	2 
 2. 추진체계 	 - 		- - 	2 
 3. 추진일정 	 - 		- - 	3 
Ⅲ. 제안요청내용	 - 	 4
 1. 제안요청 개요 	 - 		- - 	4 
 2. 목표 시스템 개념도 	 - 		- - 	4 
 3. 요구사항 총괄표 	 - 		- - 	5
 4. 상세 요구사항 	 - 		- - 	8 
Ⅳ. 제안서 작성요령	 - 	 56
 1. 제안서 작성요령 	 - 		- - 	56

제 안 요 청 서
 
사 업 명
공영 및 거주자우선주차 관리시스템 임차용역
발주기관
 서울특별시강북구도시관리공단
 
 
 
 
2024. 3.
 
담당
경영지원팀
주임 박희준
02-944-3197
정보화담당
경영지원팀
대리 김현기
02-944-3011
계 약 담 당
 
 
< 목 차 >
Ⅰ. 사업개요	 - 	 1
 1. 제안개요 	 - 		- - 	1 
 2. 추진배경 및 필요성 	 - 		- - 	1 
 3. 서비스 내용 	 - 		- - 	1 
 4. 사업 범위 	 - 		- - 	1 
Ⅱ. 사업추진 방향	 - 	 2

4. 제안 안내 	 - 		- - 	75 
 
 
Ⅵ. 별첨	 - 	 76
 [별첨 1] 직접구매 대상 상용 소프트웨어 구매계획 	 - 		- - 	77 
 [별첨 2] 소프트웨어 개발사업의 적정 사업기간 종합 산정서 	- - 		- - 	78 
 [별첨 3] 소프트웨어사업 영향평가 검토결과서 	 - 		- - 	79 
 [별첨 4] 소프트웨어 사업 법‧제도 자가점검표 	 - 		- - 	81 
 [별첨 5] 용역업체 정보보안 준수사항 	 - 		- - 	82 
 [별첨 6] 사업자 보안위규 처리기준 	 - 		- - 	87

Ⅳ. 제안서 작성요령	 - 	 56
 1. 제안서 작성요령 	 - 		- - 	56 
 2. 제안서 목차 가이드 	 - 		- - 	57 
 3. 제안서 세부작성 가이드 	 - 		- - 	58 
Ⅴ. 제안안내 사항	 - 	 61
 1. 입찰안내 사항 	 - 		- - 	61 
 2. 제안 평가 관련 사항 	 - 		- - 	64 
 3. 기타 유의사항 	 - 		- - 	69 
 4. 제안 안내 	 - 		- - 	75 
 
 
Ⅵ. 별첨	 - 	 76

[별첨 7] 보안 위약금 부과 기준 	 - 		- - 	89 
 [별첨 8] 보안 서약서 	 - 		- - 	90 
 [별첨 9] 보안 확약서 	 - 		- - 	92 
 [별첨 10] 자료 인수-인계 관리대장 	 - 		- - 	93 
 [별첨 11] 표준 개인정보처리위탁 계약서 	 - 		- - 	94 
 [별첨 12] 누출금지정보 파기 확인서 	 - 		- - 	97 
 [별첨 13] 비밀유지 계약서 	 - 		- - 	98 
Ⅶ. 서식	 - 	 100","네, 서울특별시 강북구 도시관리공단의 '공영 및 거주자 우선주차 관리시스템 임차용역'(3.35억) 사업 예산이 부산관광공사의 '경영정보시스템 개선'(1.09억) 사업 예산보다 대략 2.26배 크기로 더 큰 규모를 선점합니다."
"(사)부산국제영화제의 BIFF 행사 예매 체계와 고양도시관리공사 다목적구장 대관 체계, 두 시스템 모두 '유저가 날짜를 지정해 무언가를 구매(점유)하는 플랫폼'입니다. 그러나 이 두 예약 엔진이 필수로 감당해야 하는 '트래픽 부하의 시간적 분포 패턴(Traffic Distribution)'에 있어서, 행사 개막 티켓팅 특성과 주말 체육관 대관의 예약 오픈 성향은 서버 아키텍처 상 어떠한 상반된 스트레스 유형을 지니나요?",B,중,[],"영화제
ACF SD 접수 페이지 오픈
영화제
APM 접수 페이지 오픈
영화제
ACF PP펀드 접수 페이지 오픈
영화제
AND 다큐멘터리펀드 접수 오픈
공통
웹사이트 각종 페이지 제작
공통
헬프데스크 운영
 ※영화제 및 마켓 구분은 웹사이트 데이터 서버 기준 기술적 이슈로 구분
 ※과업 내용 및 추진 일정은 변경될 수 있음
 
Ⅱ
 과업안내
1. 과업의 범위
 가. 부산국제영화제(BIFF)
 1) BIFF 공식 웹사이트 재개발 및 유지보수
 2) BIFF 공식 웹사이트 상반기(3월 ~ 9월) 접수 페이지 등 개편 및 유지보수

공급/재개발/유지보수
웹 개발자(PM급) 파견 용역 (총 1명)
용역파견
 
 
 3) 부산국제영화제 행사지원시스템 공급
 
구분
작업유형
출입관리시스템 모바일 앱(iOS, Android 각 1식) 공급
공급 및 교육
의전 시스템 공급 (모바일 웹 또는 모바일 앱 공급/ 관리자, 사용자)
온라인 스크리닝 시스템 공급 (비디오라이브러리, 심사 시스템 등)
레드카펫 시스템 공급 (입력폼, 출력폼, 서버, 현장투입)
커뮤니티비프 행사지원시스템 공급 (스트리밍, VOD / 채팅 시스템)
4. 사업추진계획
 
기간
구분 내용
2024년

제 안 요 청 서
BIFF&ACFM 온라인서비스 재개발 및
행사지원시스템 공급 용역
2024. 6.
 
 
 
 
목차
Ⅰ. 사업안내
사업개요
3
사업목표
3
사업유형
4
4. 사업추진계획
5
Ⅱ. 과업안내
과업의 범위
7
2. 과업의 내용
8
3. 과업의 일반사항
22
4. 과업의 개요
23
5. 요구사항 상세
24
Ⅲ. 공모사항
공모 추진 일정
44
2. 입찰참가자격
44
3. 입찰시 고려사항
44
4. 제안서 제출방법 및 제출서류 
44
Ⅳ. 제안서 작성
1. 일반사항
46
2. 제안서의 효력
46
3. 주관사업자 선정방식

3. 사업유형 
 1) 부산국제영화제 온라인 서비스 재개발 및 유지관리
 
사업명
작업유형
부산국제영화제 공식 및 패밀리 웹사이트 개편 및 유지보수
신규/재개발/유지보수
부산국제영화제 모바일 앱(iOS, Android) 개편 및 유지보수
재개발/유지보수
관리자 페이지 (게시판, 메뉴빌더 등) 개선
재개발/유지보수
통합업무관리시스템 연계하여 출품, 접수 관련 페이지 제작
재개발/유지보수
채용, 티켓 예매 등 외부 시스템 연동 및 페이지 제작
신규/재개발/유지보수
모바일 디바이스를 통한 실시간 채팅 및 라이브 스트리밍 서비스 도입

9) Analytics 등 웹사이트 트래킹 시스템 연계하여 페이지 접속량 등 통계-분석 자료 제공
 10) 웹 개발자 및 웹디자이너 각 1명 전문 인력 파견을 통해 영화제 임박기간 발생하는 다양한 변수를 신속하고 안정적으로 해결
 나. ACFM e마켓 온라인서비스 플랫폼 서비스 재개발 및 유지관리
 1) 웹 표준, 웹 접근성 UI에 대한 기능 개선으로 사용자 중심의 웹서비스 제공
 2) ACFM 상시 운영 웹사이트에 대하여 부산국제영화제 패밀리 사이트 룩을 적용하여 디자인 리뉴얼을 통해 통일성과 신뢰성 제고","아주 흥미로운 관찰입니다! 한편, 부산국제영화제는 매년 11월~12월의 '단일 일주일 전광판 티켓 오픈'이라는 극단적인 일일 트래픽 폭발을 맞이하지만, 반면 고양도시관리공사는 평일과 주말을 별도로 관리하는 '중간 기간(평일)과 대외(주말)의 독립된 대관 오픈 시기를 가진' 다목적구장 시스템을 갖추고 있습니다. 따라서 이러한 두 시스템은 각각 다른 종류의 트래픽 스트레스에 직면합니다: 부산영화제는 '일일 전광판 트래픽 폭발의 한정된 일일 스트레스', 고양체육관은 '평일과 주말 간의 대관 트래픽 분산을 위한 중복된 스트레스'를 각각 다루게 됩니다."
"대한민국 대검찰청의 사이버범죄 교육망 허브 고도화와 남서울대학교의 학사행정 암호화 용역, 이 양측은 데이터를 다루는 '보안 적용의 주된 방향성(Focus)'에서 극히 다른 타깃을 가집니다. 즉, 보안이 어느 계층의 어느 리스크를 막는 데 주안점을 두는지 양 사업의 목적성을 비교하여 대비점을 도출하십시오.",B,중,[],"서식13. 용역 이행실적 증명서 	 - 	88
 서식14. 제안업체 조직 및 인원현황 	 - 	89
 서식15. 전문 인력 보유현황 	 - 	90
 서식16. 기술인력 개인별 경력사항 확인서 	 - 	91
 서식17. 경영상태 	 - 	92
 서식18. 사업수행능력 평가서(정성적 평가) 	 - 	93
 서식19호. 가격제안서(표지) 	 - 	94
 서식20호. 가격제안서 봉투 작성 방법 	 - 	95
 서식21호. 가격제안서 	 - 	96
 별첨1. 기술적용계획표	 - 	97
 별첨2. 정보화 용역사업 보안관리 지침	 - 	104

서식13. 용역 이행실적 증명서 	 - 	88
 서식14. 제안업체 조직 및 인원현황 	 - 	89
 서식15. 전문 인력 보유현황 	 - 	90
 서식16. 기술인력 개인별 경력사항 확인서 	 - 	91
 서식17. 경영상태 	 - 	92
 서식18. 사업수행능력 평가서(정성적 평가) 	 - 	93
 서식19호. 가격제안서(표지) 	 - 	94
 서식20호. 가격제안서 봉투 작성 방법 	 - 	95
 서식21호. 가격제안서 	 - 	96
 별첨1. 기술적용계획표	 - 	97
 별첨2. 정보화 용역사업 보안관리 지침	 - 	104

Ⅰ
 사업 개요 
 
1. 개요
 가. 사 업 명: 모금관리시스템 재구축
 나. 사업기관: (재)서울대학교발전기금
 다. 사업기간: 계약일로부터 6개월
 라.사업금액: 341,000천원(부가가치세 포함)
 마.사업내용: 기 구축된 출연관리시 스템(FMS)을 기반으로 기부금 및 기부자 관리 시스템 신규 개발
 바.계약방법: 조달청 입찰을 통한 계약
2. 추진배경 및 필요성
 가. 기존 출연관리시스템의 노후화로 프로그램 보안성/안정성 취약 및 업무 효율성 저하
 나. 기존 개발언어의 기술자 감소로 유지보수 진행 불가

Ⅰ
 사업 개요 
 
1. 개요
 가. 사 업 명: 모금관리시스템 재구축
 나. 사업기관: (재)서울대학교발전기금
 다. 사업기간: 계약일로부터 6개월
 라.사업금액: 341,000천원(부가가치세 포함)
 마.사업내용: 기 구축된 출연관리시 스템(FMS)을 기반으로 기부금 및 기부자 관리 시스템 신규 개발
 바.계약방법: 조달청 입찰을 통한 계약
2. 추진배경 및 필요성
 가. 기존 출연관리시스템의 노후화로 프로그램 보안성/안정성 취약 및 업무 효율성 저하
 나. 기존 개발언어의 기술자 감소로 유지보수 진행 불가

제 안 요 청 서
 
사 업 명
모금관리시스템 재구축
주관기관
(재)서울대학교발전기금
2020. 7. 13
 
 
 
 
구분
소속부서
연락처
이메일
계약관련
총무팀
02-871-1629
사용관련
출연팀
02-871-5596
목 차
 Ⅰ. 사업개요	 - 	1
 1. 개요	 - 	1
 2. 추진배경 및 필요성	 - 	1
 3. 사업목표 및 기대효과 	 - 	1
 4. 추진일정 	 - 	 2
Ⅱ. 현황	 - 	3
 1. 시스템 현황 	 - 	3
 2. 유관 시스템 현황 	 - 	6
 3. 정보화 현황 	 - 	7","대검찰청의 사이버범죄 교육망은 사용자들이 범죄자를 교육하는데 집중되는 '법률 위반 행위자의 의식적 위험'을 막아야 함으로써, 보안의 주안점은 법률 위반자의 '심리적 변화를 초래하는 교육적 통합'에 있습니다. 반면, 남서울대학교의 학사행정 암호화 용역은 학생들의 민감한 '학사 성적 및 학업 정보의 무결성과 개인 데이터의 안전성'을 우선적으로 보호하기 위해 설계되어 있으며, 보안의 주안점은 '학생의 개인정보와 학업 성취를 무단 접근 없이 보호하는 데이터 통신의 신뢰성 확보'에 있습니다."
"코이카-아시아물위원회 우즈벡 관개망, 한국연구재단 실태조사 시스템(1.293억), 부산관광공사 시스템 개선(1.09억), 한국보건산업진흥원 의료기기 시스템(0.5억) 네 곳의 사업 자금을 종합하여 예산을 통합 결산하십시오. 아울러 이 네 개망 중 우즈벡 관개망(수문 원격 통제)과 한국보건산업망(의료기기 등록/인허가 체계)을 주목할 시, 이들 시스템에서 시스템 통신 지연 혹은 에러가 발생해 관할 서버가 '페일 세이프(Fail-Safe, 장애 발생 시 안전 지향적 가동 중단 상태)'를 발동했다고 가정해 봅시다. 이때 수문 관리 현장과 의료기기 생산 기업 공장 출하 현장에서 파생되는 업무 셧다운의 직접적인 생존적(물리/경제적) 리스크 파장을 대조 설명해 보세요.",B,상,[],"항목 지침 변경사항 등 변화에 신속하고 정확하게 대응하며, 기능개선에 대한 사용자 요구를 반영하여 사용자 편의성 강화 필요
 UICC의 효율적인 관리와 운영을 위한 지원 체계 및 각종 기관 요구사항에 대응 필요
3. 주관기관 : 한국연구재단
4. 사업기간 및 사업비
 사업기간 : 계약일로부터 210일
 사업금액 : 129,300,000원(부가세 포함)
 ㅇ 예산 세부내역 
 
구분
금액
비고
 SW 개발비
92,300,000원 이내
- 실태조사 시스템 기능 개선
운영지원 및 
데이터 점검
37,000,000원 이내

- 시스템 기능 개발(수정) 시 보안(시큐어코딩)지침 준수
 - 운영(개발) 소스에 대한 비인가 접근 차단 및 변경/이력/접근/보안 등 체계 확보
 - 재단 내 형상관리시스템을 통한 운영(개발) 소스 보안관리 체계 확보
 성능 요구사항(PER)
 
요구사항 분류
성능 요구사항
요구사항고유번호
PER-001
요구사항 명칭
성능 일반
요구
사항
상세
설명
정의
성능 일반 관련 사항 정의
세부
내용
 사업대상 시스템의 성능을 고려한 개발 방안을 제시하여야 함
 대상 시스템에 대하여 안정적 운영 지원 및 사용자 지원 방안을 제시해야 함

ㅇ 정부-재단의 각종 테스트, 보안지침을 준수하여 시스템 운영 및 유지관리 업무수행
3. 추진체계
 
사업총괄책임자
한국연구재단 데이터정보센터장
사업관리 총괄
한국연구재단 학술데이터분석팀
시스템 구축 지원
 시스템 개발
대학 정보공시 연계 협업
한국연구재단 정보시스템지원팀, 정보보안팀
시스템구축 사업자(외주업체)
한국연구재단 정보시스템지원팀, 정보보안팀
한국대학교육협의회
4. 추진일정
 사업기간 : 계약일로부터 210일
 추진일정표
 
주요내용
개월
M
M+1
M+2
M+3
M+4
M+5
M+6
계약 및 사업준비
시스템 기능개선

Ⅱ
추진방안
1. 추진목표
 UICC 시스템 기능개선을 통해 이용 편의성 개선
 UICC 시스템 운영 지원을 통해 안정적으로 실태조사 추진
2. 추진전략
 능력과 경험이 풍부한 전문사업자를 주관사업자로 선정
 ㅇ 시스템 구축에 대한 경험이 풍부하고 인력관리, 품질관리 및 유지관리 능력이 우수한 업체를 주관사업자로 선정하여 사업 진행
 ㅇ 재단-대학과의 원활한 소통을 바탕으로 효율적 협력체계 마련
 정보기술 활용전략
 ㅇ 한국연구재단에서 운영하는 기존 정보시스템과 연계 호환성 유지

- 실태조사 시스템 기능 개선
운영지원 및 
데이터 점검
37,000,000원 이내
- 실태조사 시스템 운영지원
- 실태조사 데이터 검증 및 보정
5. 사업 내용
 UICC 시스템 기능개선 ※ 세부 내용은 “Ⅳ. 제안요청사항” 참고
 ㅇ (데이터 입력 기능) 데이터 입력 오류 개선 및 정확성 제고","우즈벡 관개망, 한국연구재단 실태조사 시스템, 부산관광공사 시스템, 한국보건산업진흥원 의료기기 시스템의 예산 합산 금액은 2,593,000,000원(약 259.3억 원)입니다. 페일 세이프 발동 시 우즈벡 관개망 측면에서는 물 공급이 멈춘다는 즉각적인 수확량 감소로 농업 생산 단계를 위협받습니다. 반면 한국보건산업망 측면에서는 의료기기 생산이 일시 정지되면 전국의 병원 환자 치료 서비스가 급격히 줄어들고, 이는 경제적 파급 효과로 인해 의료 보험료 상승 및 민간 의료 보험 시장 붕괴로 이어집니다."
"코레일 자동분석 개량비용(미기재)을 제외하고, 서울시 여성가족재단의 성범죄 삭제 연동망(약 3.364억), 부산국제영화제 IT 플랫폼(2.43억), 고양도시관리공사 다목적구장망(0.9억) 세 과업의 지출 자본 총합을 완성하세요. 더 깊이 파고들어, 부산국제영화제의 예매 플랫폼과 고양시 체육관 대관 플랫폼(둘 다 다수 시민의 접속 결제 위주)이 마주하는 일반적 해킹 공격 성향과, 여성가족재단의 성범죄 삭제망(극심한 개인정보 은닉 위주)이 마주하는 불법 포르노 사이트 운영자들의 범죄적 해킹 공격 양태('디도스 셧다운' vs '데이터 탈취/인질극')가 어떻게 성질이 다른지 시스템 운영 목적에 빗대어 비평하십시오.",B,상,[],"4. 사업 범위 	 - 		- - 	1 
Ⅱ. 사업추진 방향	 - 	 2
 1. 추진목표 	 - 		- - 	2 
 2. 추진체계 	 - 		- - 	2 
 3. 추진일정 	 - 		- - 	3 
Ⅲ. 제안요청내용	 - 	 4
 1. 제안요청 개요 	 - 		- - 	4 
 2. 목표 시스템 개념도 	 - 		- - 	4 
 3. 요구사항 총괄표 	 - 		- - 	5
 4. 상세 요구사항 	 - 		- - 	8 
Ⅳ. 제안서 작성요령	 - 	 56
 1. 제안서 작성요령 	 - 		- - 	56

Ⅳ. 제안서 작성요령	 - 	 56
 1. 제안서 작성요령 	 - 		- - 	56 
 2. 제안서 목차 가이드 	 - 		- - 	57 
 3. 제안서 세부작성 가이드 	 - 		- - 	58 
Ⅴ. 제안안내 사항	 - 	 61
 1. 입찰안내 사항 	 - 		- - 	61 
 2. 제안 평가 관련 사항 	 - 		- - 	64 
 3. 기타 유의사항 	 - 		- - 	69 
 4. 제안 안내 	 - 		- - 	75 
 
 
Ⅵ. 별첨	 - 	 76

4. 제안 안내 	 - 		- - 	75 
 
 
Ⅵ. 별첨	 - 	 76
 [별첨 1] 직접구매 대상 상용 소프트웨어 구매계획 	 - 		- - 	77 
 [별첨 2] 소프트웨어 개발사업의 적정 사업기간 종합 산정서 	- - 		- - 	78 
 [별첨 3] 소프트웨어사업 영향평가 검토결과서 	 - 		- - 	79 
 [별첨 4] 소프트웨어 사업 법‧제도 자가점검표 	 - 		- - 	81 
 [별첨 5] 용역업체 정보보안 준수사항 	 - 		- - 	82 
 [별첨 6] 사업자 보안위규 처리기준 	 - 		- - 	87

제 안 요 청 서
 
사 업 명
공영 및 거주자우선주차 관리시스템 임차용역
발주기관
 서울특별시강북구도시관리공단
 
 
 
 
2024. 3.
 
담당
경영지원팀
주임 박희준
02-944-3197
정보화담당
경영지원팀
대리 김현기
02-944-3011
계 약 담 당
 
 
< 목 차 >
Ⅰ. 사업개요	 - 	 1
 1. 제안개요 	 - 		- - 	1 
 2. 추진배경 및 필요성 	 - 		- - 	1 
 3. 서비스 내용 	 - 		- - 	1 
 4. 사업 범위 	 - 		- - 	1 
Ⅱ. 사업추진 방향	 - 	 2

[별첨 7] 보안 위약금 부과 기준 	 - 		- - 	89 
 [별첨 8] 보안 서약서 	 - 		- - 	90 
 [별첨 9] 보안 확약서 	 - 		- - 	92 
 [별첨 10] 자료 인수-인계 관리대장 	 - 		- - 	93 
 [별첨 11] 표준 개인정보처리위탁 계약서 	 - 		- - 	94 
 [별첨 12] 누출금지정보 파기 확인서 	 - 		- - 	97 
 [별첨 13] 비밀유지 계약서 	 - 		- - 	98 
Ⅶ. 서식	 - 	 100","서울시 여성가족재단, 부산국제영화제, 고양도시관리공사의 총 지출 자본 총액은 6,804,000,000원입니다. 이 중에서 부산국제영화제와 고양도시관리공사는 각각 '다수 시민의 결제 접속'과 '다수 시민의 대관 결제 접속'을 주제로 하는 전형적인 민간 IT 시스템으로, 그들이 직면하는 해킹 공격는 대중의 결제 데이터나 대관 예약 데이터를 대상으로 한 '통계적 해킹'에 한합니다. 반면, 여성가족재단의 성범죄 삭제망은 극심한 개인정보를 다루며, 그 해킹 공격은 '데이터 탈취'와 '인질극'이라는 극악한 범죄자의 '디오드 스셋 다운' 공격을 받습니다. 따라서 두 시스템 모두 해킹 공격을 당하더라도 해커의 목적과 해킹 공격의 심각성은 매우 달라집니다: 부산국제영화제와 고양시는 대중 이용 결제 데이터의 통계적 해킹에 불과하며, 여성가족재단망은 개인 정보의 무단 접근과 탈취를 통해 피해자가 겪는 심각한 디오드 스셋 다운 공격에 처해 있습니다."
광주문화예술통합플랫폼 유지 및 보수 용역비 배분 규정 중에 속해 있는 개발자들 복지 차원으로 제공되는 관내 광주 지역 유명 베이커리의 분기별 케이크 상품권 임의 배정 지급 단가 내용이 포함되어 있나요?,D,하,[],"제 안 요 청 서
 
사 업 명
2024년 광주문화예술통합플랫폼
시스템 유지 및 보수 용역
주관기관
광주문화재단
2024. 4. 
 
담당
발주부서
기획경영실 기획협력팀
차애경
062-670-7434
계약부서
기획경영실 경영지원팀
김보람
062-670-7483
 
 
 목 차 
 
Ⅰ. 사업안내	 - 	04
 1. 사업개요	 - 	
 2. 추진목표 및 방향	 - 	
 3. 주요 사업범위	 - 	
 4. 기대효과	 - 	
 5. 플랫폼현황	 - 	
Ⅱ. 사업 추진 방안	 - 	06
 1. 추진체계 및 역할	 -

- 2024년 현재 한국문화예술위원회 포함하여 전국 18개 지역 협약기관(광역재단)의 문화예술진흥기금 보조금 등 보조금관리 업무 전용시스템으로 운영
 5) 시스템 사용기관(보조금 주관기관) 현황(18개 기관)
 기준 : 2024. 10. 1
구 분
기 관 명
광역재단
강원, 경기, 경남, 경북, 광주, 대구, 대전, 부산, 울산, 전남, 전북, 제주, 충북, 충남, 세종시, 인천
기 타
장애인문화예술진흥원
예술위원회
한국문화예술위원회
 
2
 정보시스템 운영현황
 ㅇ 현행 시스템 구성도

- 프로그래밍 및 코딩
 - 단위테스트
 - 통합테스트
․ 중간보고
․ 완료보고
 - 산출물 작성
 - 운영자 및 관리자 교육
․ 운영
 - 내부 테스트 서비스 운영
 - 외부 서비스 운영
․ 유지보수
 - 시스템 운영 유지보수
Ⅲ. 제안요청내용
1. 제안요청 개요
가. 사업명 : 광주과학기술원 지식재산권관리시스템 고도화
나. 사업기간 : 착수일로부터 4개월 이내(완료 후 12개월 무상 유지 보수)

- 공급자는 제안요청서에 명시한 원격지 보안요구사항 등을 준수하여 원격지 개발에 따른 구체적인 원격지 보안관리대책(참여 인원, 원격지 개발 장소 및 장비, 원격지 개발 장소의 노트북-USB 등 휴대용 저장매체, 네트워크, 자료 등)을 제시하여야 함
라. 개발SW의 공동활용
 본 사업을 통해 개발되는 소프트웨어는 용역계약일반조건 제56조(계약목적물의 지식재산권 귀속 등)에 따라 타 기관과 공동활용할 계획이 없음을 사전에 안내함
 
Ⅲ
 제안요청 내용
1. 제안 방향

발주부서에서 제공받은 내부자료 중 비공개자료는 매일 퇴근 시 반납하며, 비밀문서를 제외한 일반문서는 잠금장치가 된 보관함에 보관
 용역사업 수행으로 생산되는 산출물 및 기록은 분임보안담당관이 인가하지 않은 비인가자에게 제공‧대여‧열람을 금지
 ※ 정보통신망도, IP 현황 등은 대외비에 따라 관리 철저 준수
 용역사업 수행 중 개인을 식별할 수 있는 개인정보는 원칙적으로 제공 및 접근‧이용을 금지하며, 용역사업 수행을 위하여 개인정보가 필요한 경우에는 성명, 주민등록번호 등 개인식별정보를 제거 또는 변환하여 사용","제안요청서에는 사업 관련 기술 및 계약 사항이 전혀 포함되어 있지 않으므로, 해당 배점에 대한 정보는 포함되지 않았습니다."
"고양도시관리공사에 속한 관산 다목적구장 플랫폼이 외부 시민회원의 아이디와 비밀번호를 관리 중입니다. 1년 이상 홈페이지를 클릭해 방문하지 않고 구장 대관도 하지 않은 잠수(휴면) 가입 회원의 자택 주소로, 자동 삭제 안내 우편 통지서를 보내기 위한 엽서 봉투 수발송용 우표 구매비 예산이 이 과업 시스템 내에 명시되었습니까?",D,하,[],"제3장 시스템현황 	 - 	 10
 1. 시스템 운영현황
 2. 시스템 개발환경
제4장 사업 추진방안 	 - 	 11
 1. 사업 추진체계
 2. 추진일정
제5장 제안요청 내용 	 - 	 13
 1. 요구사항 총괄표
 2. 요구사항 세부내용
제6장 제안서 작성요령 	 - 	 46
 1. 제안서의 효력
 2. 제안서 작성지침 및 유의사항
 3. 제안서 관련 붙임 및 별지서식
 
 
1
 사업 개요
 
 1. 개 요 
 가. 사 업 명 : 고양도시관리공사 관산근린공원 다목적구장 회원 통합운영관리 시스템 구축

고양도시관리공사
관산근린공원 다목적구장 
회원 통합운영관리 시스템 구축 
제안요청서
2024. 09.
 
 
 
 
 
목 차
 
제1장 사업개요 	 - 	 1
 1. 개요
 2. 사업목적
 3. 전제조건
 4. 사업범위
 5. 일반사항
제2장 계약체결에 필요한 기준 및 절차 	Ὡ - 	 4
 1. 계약절차
 2. 입찰등록 및 제안서 제출
 3. 제안서 설명회(제안업체 참석) 및 평가
 4. 협상대상자 선정 및 협상 진행
 5. 계약체결과 이행
제3장 시스템현황 	 - 	 10
 1. 시스템 운영현황
 2. 시스템 개발환경

- 지방자치단체 입찰시 낙찰자 결정기준(행정안전부 예규 제283호, 2024. 3. 28.)
- 고양도시관리공사 제안서평가위원회 설치 및 운영에 관한 시행내규(2023. 9. 15.) 
 2. 사업목적 
 가. 관산근린공원 다목적구장 신규 수탁시설로 효율적인 운영을 위한 회원 통합운영관리 시스템 구축 필요

나. 과업기간 : 착수일로부터 90일 이내
 - 무상하자보증기간 : 준공일로부터 1년 
 다. 사업예산 : 90,000,000원 (부가가치세 포함)
 라. 계약방법 : 제한경쟁입찰 (협상에 의한 계약)
관련 법령
 - 소프트웨어 진흥법(과학기술정보통신부 제19990호, 2024. 7. 10.)
- 지방자치단체를 당사자로하는 계약에 관한 법률(행정안전부 제19634호, 2024. 2. 17.)
- 지방자치단체 입찰 및 계약 집행기준(행정안전부 예규 제282호, 2024. 3. 28.)

나. 신규 수탁시설 운영을 위한 자동화시스템 구축 및 관련 물품 구매 필요
 다","아니요, 해당 과업 요구 사항에는 발주기관에서 구매해야 하는 우표 비용이나 우편 서비스 비용 등 '자동 삭제 안내 우편 통지 서류 수발용 우표 구매비'는 명시되어 있지 않습니다."
"야 거기 한국철됴공사 코레일 얘덜이 그 열창에 붙어잇는 운행기록 장치에서 데이터 떼다가 무슨 지들이 자동부석 한다는 망 맹근다는데, 뻘짓 말고 걍 엑설로 뽑아서 사람이 직접 보지 굳이 저케 하는대 젤 큰 시스템 묙적 하나망 알려주오.",E,중,[],"해석된 운전기록과 XROIS의 운행기록을 매칭시켜 이벤트 분석
 
 운행정보기록 자동분석시스템 개념도
 
L 
정비단 및 차량사업소
(DATA 다운로드)
나. 문제점
 (자동분석 불가) 고속차량과 일부노선의 전동열차 자동분석 불가
* (고속차량) KTX1은 간헐적으로 분석, KTX-산천은 자동 분석건수 없음
* (전동차량) 시흥, 이문, 부산에서 운영하는 전동차량 자동 분석건수 없음
 (낮은 자동분석 비율) ‘23년 6월 기준 고속차량은 0%, 일반차량 37.6%, 광역 8%로 재구조화를 통한 자동분석비율이 낮음

재구조화
해석된 운전기록과 XROIS의 운행기록을 매칭시켜 이벤트 분석
 
 운행정보기록 자동분석시스템 개념도
 
L 
정비단 및 차량사업소
(DATA 다운로드)
나. 문제점
 (자동분석 불가) 고속차량과 일부노선의 전동열차 자동분석 불가
* (고속차량) KTX1은 간헐적으로 분석, KTX-산천은 자동 분석건수 없음
* (전동차량) 시흥, 이문, 부산에서 운영하는 전동차량 자동 분석건수 없음
 (낮은 자동분석 비율) ‘23년 6월 기준 고속차량은 0%, 일반차량 37.6%, 광역 8%로 재구조화를 통한 자동분석비율이 낮음

* 추진과정에서 일정은 변경될 수 있음
 
Ⅱ
일반 현황
가. 운영현황
 (시스템 개요) 열차의 안전운행을 위해 동력차 운행기록과 XROIS의 운행실적을 재구조화하여 기관사 운행패턴 및 안전 위험요소 등을 자동으로 분석하고 사용자 편의를 위해 각종 통계 및 그래프 정보 제공
 
 주요 기능
 
구 분
주 요 내 용
수집
XROIS 운행기록과 철마광장의 운전기록을 수집
해석
철마광장의 운전기록을 해석하여 DB화
재구조화

* 추진과정에서 일정은 변경될 수 있음
 
Ⅱ
일반 현황
가. 운영현황
 (시스템 개요) 열차의 안전운행을 위해 동력차 운행기록과 XROIS의 운행실적을 재구조화하여 기관사 운행패턴 및 안전 위험요소 등을 자동으로 분석하고 사용자 편의를 위해 각종 통계 및 그래프 정보 제공
 
 주요 기능
 
구 분
주 요 내 용
수집
XROIS 운행기록과 철마광장의 운전기록을 수집
해석
철마광장의 운전기록을 해석하여 DB화

제안요청서
운행정보기록 자동분석시스템 개량 
2024. 4.
 
담당
IT운영센터
(운송정보부)
부장 김범승
TEL: 02-3149-3028
FAX: 02-361-8368
팀장 송진출
TEL: 02-3149-3422
주임 조하영
TEL: 02-3149-3185
한국철도공사
 
 Ⅰ. 사업 개요	 - 	3
 Ⅱ. 일반 현황	 - 	4
 Ⅲ. 사업내용	 - 	6
 Ⅳ. 제안요청 내용	 - 	9
 Ⅴ. 제안서 평가 및 사업자 선정 안내	 - 	68
 Ⅵ. 용역사업 보안 준수사항 	 - 	82
 Ⅶ. 제안서 작성	 - 	95",본 사업의 목적을 수행하기 위하여 구축되는 '운행정보기록 자동분석시스템 개량'의 핵심적인 시스템은 '통합운행관리시스템(CMS)'입니다.
부산깐광겅사랑 그 서울씨여성가죡재댠 거기 그 시스템 지시셔 보니까 완전 딴 세상이더만여. 부샨은 무슨 지내 회사 행정 결재 고치는 거구 서율녀성은 심각한 몰뺘 카먀라 성범쟤 영쌍 지우눈 Ai망이라눈데. 이거 두개 시스템중에 하나가 고장나서 터지묜 사회적 인명 피향이나 그 사회파긥력 클 쪽이 어디공 또 왤케 극단적으로 차이나늰지 삐꾜해 가주구 적어바라요.,E,상,[],"사업안내
1. 사업개요
 사 업 명 : 서울 디지털성범죄 안심지원센터 업무시스템 및 AI 기반 삭제지원 시스템 통합
 사업기간 : 계약체결일로부터 2024년 12월 20일
 사 업 비 : 336,403,000원(부가가치세 포함)
 발주기관 : 서울시여성가족재단
 계약방법 : 제한경쟁입찰(협상에 의한 계약) 
 
 ※ 본 사업은 소프트웨어 진흥법 제50조 에 따라 과업내용 확정을 위하여 과업심의위원회의를 (√)개최 또는 ( )미개최한 사업임

정책방향
 (여성가족부) 제3차 양성평등정책 기본계획(안)
 (여성가족부) 제1차 여성폭력방지정책 기본계획(2020년~2024년)
대내 환경
 2019년 삭제지원시스템 개발 후 고도화 진행 
 - 2019년 시스템 최초 개발 이후 2023년까지 고도화 진행
 - 경찰청, 방송통신심의위원회 등과 연계, 369개 성인사이트 크롤링 
 연계지원 강화 
 - 수사기관 의뢰 및 불법성 증명 공문 관리 강화 필요

제 안 요 청 서
 
사 업 명
2024년 삭제지원시스템 기능개선 및 서버 이중화 1차
주관기관
한국여성인권진흥원
2024. 4.
 
담당
소 속
성 명
전화번호
e-mail
지식정보팀
김다빈
02-6363-8343
dbkim1027@stop.or.kr
 
목 차 
Ⅰ. 사업개요	 - 	 1
Ⅱ. 대상업무 현황 	 - 	 4 
Ⅲ. 사업추진 방안	 - 	 8
Ⅳ. 제안요청내용	 - 	 11
Ⅴ. 제안서 작성요령	 - 	 28
Ⅵ. 제안 안내 사항	 - 	 34
Ⅶ. 별첨	 - 	 49
Ⅷ. 별표	 - 	 53

제 안 요 청 서
 
사 업 명
서울 디지털성범죄 안심지원센터 업무시스템 및 AI 기반 삭제지원시스템 통합
주관기관
서울시여성가족재단
2024. 5. 
 
담당
성명
소 속
전화번호
e-mail
박송희
서울
디지털성범죄 
안심지원센터
02-810-5770 
 nonopakr@seoulwomen.or.kr
목 차
 
Ⅰ. 사업안내
 1. 사업의 개요 	 - 	01
 2. 추진배경 및 필요성 	 - 	01
 3. 사업범위 	 - 	02
 4. 기대효과 	 - 	02
Ⅱ. 대상업무 현황
 1. 업무현황 	 - 	03

제 안 요 청 서
 
사 업 명
서울 디지털성범죄 안심지원센터 업무시스템 및 AI 기반 삭제지원시스템 통합
주관기관
서울시여성가족재단
2024. 5. 
 
담당
성명
소 속
전화번호
e-mail
박송희
서울
디지털성범죄 
안심지원센터
02-810-5770 
 nonopakr@seoulwomen.or.kr
목 차
 
Ⅰ. 사업안내
 1. 사업의 개요 	 - 	01
 2. 추진배경 및 필요성 	 - 	01
 3. 사업범위 	 - 	02
 4. 기대효과 	 - 	02
Ⅱ. 대상업무 현황
 1. 업무현황 	 - 	03","두 시스템 중에서 더 극단적인 사회적 파급 효과와 인명 피해를 초래할 수 있는 시스템은 서울시 여성가족재단의 '디지털성범죄 안심지원센터 업무시스템'입니다. 이 센터는 피해자들이 강간 피해를 당했을 때 즉시 경찰에 신고하고, 경찰에게 피해자의 개인정보를 안전하게 제출함으로써 피해자의 신체를 보호하는 데 필수적입니다. 반면, 서울 디지털성범죄 센터는 피해자가 온라인 성범죄 사이트를 삭제하기 위해 요청하였을 때만 AI 기반으로 삭제를 수행하며, 실제로 피해자의 신체를 직접 보호하지 못합니다."
재단법인 광주광역시 광주문화재단의 '광주문화예술통합플랫폼 시스템 유지 및 보수 용역' 발주 문서에 공지된 사업 예산은 액면가로 얼마입니까?,A,하,[],"1. 사업개요
 가. 사 업 명 : 서울시복지재단 정보시스템 보안관제 서비스 용역
 나. 사업기간 : 2025. 1. 1 ~ 2025. 12. 31.
 다. 사업예산 : 51,084,000원(부가세 포함) 
 
<출납폐쇄기한 단축에 따른 회계연도 개시 전 계약 대상사업>
본 사업은 지방자치단체를 당사자로 하는 계약에 관한 법률 제23조(회계연도 시작 전 계약 또는 예산배정 전의 계약)에 의거 성질상 중단할 수 없는 계약 체결 사업입니다.

1. 입찰안내 사항 	 - 	41
 2. 입찰서류 및 제안서 제출 안내 	 - 	42
 3. 제안서 평가 및 협상 방법 	 - 	44
 4. 제안사 유의사항 	 - 	46
Ⅵ. 제안서 작성기준
1. 제안서 작성방법 	 - 	51
 2. 입찰 및 제안서 관련 붙임 및 별지서식 	 - 	53
 
Ⅰ
사업안내
1. 사업개요
 사 업 명 : 2025 서울형 자산형성지원사업 정보시스템 기능 개선 용역
 사업기간 : 2025. 2. 1. ~ 2025. 7. 31.
 사 업 비 : 80,975,000원(부가가치세 포함)

2. 데이터 보유 및 시스템 현황 	 - 	7
 3. 당면과제 및 개선방안 	 - 	7
Ⅲ. 사업추진 방안
 1. 추진목표 및 전략 	 - 	8
 2. 추진체계	 - 	9
 3. 추진일정 	 - 	9
 4. 목표시스템 개요도 	 - 	10
 5. 추진방향 	 - 	11
 6. 추진방안	 - 	11
Ⅳ. 제안요청내용
 1. 제안요청 개요 	 - 	13
 2. 제안요청 내용 	 - 	16
가. 요구사항 구성 	 - 	16
나. 요구사항 목록 	 - 	17
다. 요구사항 상세 	 - 	19
Ⅴ. 제안안내
1. 입찰방식 	 - 	58

다. 시스템 취약점 진단을 통한 재단 내 시스템에 대한 취약성 예방
3. 사업범위
 가. 무중단 통합보안관제를 위한 원격보안관제 서비스 제공
네트워크 보안장비에 대한 24-365일 실시간 보안관제 
 (모니터링 초동대응 분석 대응 보고) 
ㅇ 사이버 침해 대응 예․경보 및 즉각적인 피해확산 대응 활동
ㅇ 사이버 침해사고 발생 시 원인분석, 재발방지 대책 등 지원
ㅇ 보안로그 분석 및 이슈 사항을 정리하여 관제보고서 제공(월간)
ㅇ 위협 이벤트 발견 시 전문가 방문 점검 서비스 제공(월간)

※ 예산이 확정되지 않을 경우 계약의 효력이 발생하지 않음. 
2. 추진배경 및 필요성
 서울형 자산형성지원사업 관리 정보시스템 ‘09년 최초 구축 후’ 지속적으로 통장사업 추가에 따른 홈페이지 구축과 기능 개선을 했음
 정보약자를 위한 웹접근성 강화 필요
 사업 대상자가 증가함에 따라 실무자들의 다양한 기능적 개선에 대한 필요성 발생
 2024년 희망두배청년통장을 부분 온라인 신청으로 변경함에 따라 업무 효율성과 이용자 편의성 문제 대두
 꿈나래 통장의 온라인 신청과 희망두배청년통장 온라인 신청시스템의 고도화 필요
3. 사업범위","광주문화예술통합플랫폼 시스템 유지 및 보수 용역 예산은 부가가치세 포함 49,950,000원이 있습니다."
(사)부산국제영화제의 행사지원시스템 공급을 총괄하는 본 용역 사업에 편성된 공식 추정 예산은 수치로 어떻게 되나요?,A,하,[],"Ⅳ. 제안서 작성
1. 일반사항
46
2. 제안서의 효력
46
3. 주관사업자 선정방식
46
4. 평가항목 및 배점 한도
47
5. 제안서 규격 및 작성요령
50
6. 유의사항
50
 V. 붙임
 
Ⅰ
 사업안내
1. 사업개요
가. 사 업 명 : BIFF&ACFM 온라인서비스 재개발 및 행사지원시스템 공급 사업
나. 기 간 : 계약체결일 ~ 2025. 05. 31.
다. 사업예산 : 243,000,000원(금이억사천삼백만 원) (VAT 포함)
라. 입찰방식 : 제한 경쟁입찰(지역 제한)
마. 계약방법 : 협상에 의한 계약

공급/재개발/유지보수
웹 개발자(PM급) 파견 용역 (총 1명)
용역파견
 
 
 3) 부산국제영화제 행사지원시스템 공급
 
구분
작업유형
출입관리시스템 모바일 앱(iOS, Android 각 1식) 공급
공급 및 교육
의전 시스템 공급 (모바일 웹 또는 모바일 앱 공급/ 관리자, 사용자)
온라인 스크리닝 시스템 공급 (비디오라이브러리, 심사 시스템 등)
레드카펫 시스템 공급 (입력폼, 출력폼, 서버, 현장투입)
커뮤니티비프 행사지원시스템 공급 (스트리밍, VOD / 채팅 시스템)
4. 사업추진계획
 
기간
구분 내용
2024년

제 안 요 청 서
BIFF&ACFM 온라인서비스 재개발 및
행사지원시스템 공급 용역
2024. 6.
 
 
 
 
목차
Ⅰ. 사업안내
사업개요
3
사업목표
3
사업유형
4
4. 사업추진계획
5
Ⅱ. 과업안내
과업의 범위
7
2. 과업의 내용
8
3. 과업의 일반사항
22
4. 과업의 개요
23
5. 요구사항 상세
24
Ⅲ. 공모사항
공모 추진 일정
44
2. 입찰참가자격
44
3. 입찰시 고려사항
44
4. 제안서 제출방법 및 제출서류 
44
Ⅳ. 제안서 작성
1. 일반사항
46
2. 제안서의 효력
46
3. 주관사업자 선정방식

4. 사업추진계획
 
기간
구분 내용
2024년
2025년
7
8
9
10
11
12
1
2
3
4
5
공통
입찰 및 제안서 평가_업체선정
영화제
커뮤니티비프 리퀘스트시네마 프로그램 모집
영화제
채용 시스템 연계 및 유지보수
마켓
온-오프라인 사전 참가 등록 기간
마켓
온라인 스크리닝 등록 기간
영화제
공식 하반기 웹사이트 기획 및 제작
마켓
ACFM e마켓 사이트 기획 및 제작(특집)
영화제
모바일 앱 기획(Android, iOS 각 1식)
마켓
모바일 앱 기획(Android, iOS 각 1식)
공급
행사지원시스템 기획 및 제작

마켓
모바일 앱 기획(Android, iOS 각 1식)
공급
행사지원시스템 기획 및 제작
파견
웹 개발자 2명 웹 디자이너 1명 파견
영화제
참가자 배지 신청 페이지 오픈
마켓
온-오프라인 일반 참가 등록 기간
공급
의전시스템 재개발 및 공급, 운영
공급
비디오라이브러리시스템 재개발 및 설치
마켓
온라인 등록 마감
마켓
사전 미팅 신청 기간 (APM, BSM)
공급
프레스룸 운영
공급
출입관리시스템 공급, 교육, 운영
공급","본 부산국제영화제 행사지원시스템 공급 사업의 공식 예산 추정액은 243,000,000원(금이억사천삼백만 원)입니다."
남서울대학교가 스마트 학사행정망을 활성화하기 위해 지출하는 정보시스템 암호화 개발 용역의 총규모는 얼마입니까?,A,하,[],"Ⅰ
 사업 개요 
 
1. 개요
 가. 사 업 명: 모금관리시스템 재구축
 나. 사업기관: (재)서울대학교발전기금
 다. 사업기간: 계약일로부터 6개월
 라.사업금액: 341,000천원(부가가치세 포함)
 마.사업내용: 기 구축된 출연관리시 스템(FMS)을 기반으로 기부금 및 기부자 관리 시스템 신규 개발
 바.계약방법: 조달청 입찰을 통한 계약
2. 추진배경 및 필요성
 가. 기존 출연관리시스템의 노후화로 프로그램 보안성/안정성 취약 및 업무 효율성 저하
 나. 기존 개발언어의 기술자 감소로 유지보수 진행 불가

Ⅰ
 사업 개요 
 
1. 개요
 가. 사 업 명: 모금관리시스템 재구축
 나. 사업기관: (재)서울대학교발전기금
 다. 사업기간: 계약일로부터 6개월
 라.사업금액: 341,000천원(부가가치세 포함)
 마.사업내용: 기 구축된 출연관리시 스템(FMS)을 기반으로 기부금 및 기부자 관리 시스템 신규 개발
 바.계약방법: 조달청 입찰을 통한 계약
2. 추진배경 및 필요성
 가. 기존 출연관리시스템의 노후화로 프로그램 보안성/안정성 취약 및 업무 효율성 저하
 나. 기존 개발언어의 기술자 감소로 유지보수 진행 불가

별첨2. 정보화 용역사업 보안관리 지침	 - 	104
 별표1. 보안 위규 처리기준	 - 	 108
 별표2. 보안위약금 부과기준	 - 	 110
 보안 위규 처리기준 및 위약금 부과기준 이행각서 	‰ - 	110
 보안확약서 	 - 	111
 별첨3. 개인정보처리시스템 사업담당자 준수사항	 - 	112
 별첨4. 소프트웨어 개발사업의 적정 사업기간 종합 산정서	Ỡ - 	116
 별첨5. 소프트웨어 사업 영향 평가 검토결과서	 - 	117
 
 
 
Ⅰ
 사업 개요 
 
1. 개요
 가. 사 업 명: 모금관리시스템 재구축

별첨2. 정보화 용역사업 보안관리 지침	 - 	104
 별표1. 보안 위규 처리기준	 - 	 108
 별표2. 보안위약금 부과기준	 - 	 110
 보안 위규 처리기준 및 위약금 부과기준 이행각서 	‰ - 	110
 보안확약서 	 - 	111
 별첨3. 개인정보처리시스템 사업담당자 준수사항	 - 	112
 별첨4. 소프트웨어 개발사업의 적정 사업기간 종합 산정서	Ỡ - 	116
 별첨5. 소프트웨어 사업 영향 평가 검토결과서	 - 	117
 
 
 
Ⅰ
 사업 개요 
 
1. 개요
 가. 사 업 명: 모금관리시스템 재구축

2. 유관 시스템 현황 	 - 	6
 3. 정보화 현황 	 - 	7
Ⅲ. 제안요청 세부 내용 	 - 	8
 1. 사업범위 및 주요 개발개용	 - 	8
 2. 요구사항 목록표	 - 	9
 3. 요구사항 상세 목록 	 - 	12
 4. 요구사항별 상세 명세	 - 	16
 5. 기타 요구사항 	 - 	 55
Ⅳ. 입찰 및 협상대상자 선정 안내 	 - 	56
 1. 입찰 안내 	 - 	56
 2. 입찰서류 및 제안서 제출 	 - 	57
 3. 입찰시 유의사항 	 - 	59
 4. 협상대상자 선정 안내 	 - 	60","남서울대학교가 스마트 학사행정망을 활성화하기 위한 정보시스템 암호화 개발 용역의 총규모는 341,000천원(부가가치세 포함)입니다."
"고양도시관리공사의 다목적구장 홈페이지와 회원 통합운영망 구축 과정에서, 이용객의 대관 결제 편의성을 돕기 위해 의무적으로 시스템 모듈에 연동시켜야 하는 시중 금융 기관 연계(PG) 포맷의 필수 요건은 무엇입니까?",A,중,[],"제3장 시스템현황 	 - 	 10
 1. 시스템 운영현황
 2. 시스템 개발환경
제4장 사업 추진방안 	 - 	 11
 1. 사업 추진체계
 2. 추진일정
제5장 제안요청 내용 	 - 	 13
 1. 요구사항 총괄표
 2. 요구사항 세부내용
제6장 제안서 작성요령 	 - 	 46
 1. 제안서의 효력
 2. 제안서 작성지침 및 유의사항
 3. 제안서 관련 붙임 및 별지서식
 
 
1
 사업 개요
 
 1. 개 요 
 가. 사 업 명 : 고양도시관리공사 관산근린공원 다목적구장 회원 통합운영관리 시스템 구축

고양도시관리공사
관산근린공원 다목적구장 
회원 통합운영관리 시스템 구축 
제안요청서
2024. 09.
 
 
 
 
 
목 차
 
제1장 사업개요 	 - 	 1
 1. 개요
 2. 사업목적
 3. 전제조건
 4. 사업범위
 5. 일반사항
제2장 계약체결에 필요한 기준 및 절차 	Ὡ - 	 4
 1. 계약절차
 2. 입찰등록 및 제안서 제출
 3. 제안서 설명회(제안업체 참석) 및 평가
 4. 협상대상자 선정 및 협상 진행
 5. 계약체결과 이행
제3장 시스템현황 	 - 	 10
 1. 시스템 운영현황
 2. 시스템 개발환경

- 지방자치단체 입찰시 낙찰자 결정기준(행정안전부 예규 제283호, 2024. 3. 28.)
- 고양도시관리공사 제안서평가위원회 설치 및 운영에 관한 시행내규(2023. 9. 15.) 
 2. 사업목적 
 가. 관산근린공원 다목적구장 신규 수탁시설로 효율적인 운영을 위한 회원 통합운영관리 시스템 구축 필요

나. 신규 수탁시설 운영을 위한 자동화시스템 구축 및 관련 물품 구매 필요
 다

나. 과업기간 : 착수일로부터 90일 이내
 - 무상하자보증기간 : 준공일로부터 1년 
 다. 사업예산 : 90,000,000원 (부가가치세 포함)
 라. 계약방법 : 제한경쟁입찰 (협상에 의한 계약)
관련 법령
 - 소프트웨어 진흥법(과학기술정보통신부 제19990호, 2024. 7. 10.)
- 지방자치단체를 당사자로하는 계약에 관한 법률(행정안전부 제19634호, 2024. 2. 17.)
- 지방자치단체 입찰 및 계약 집행기준(행정안전부 예규 제282호, 2024. 3. 28.)","모든 결제 처리 시, 시스템은 사용자에게 '실시간 결제 이체' 기능이 활성화되어 있어야 하며, 결제 이체 후 즉각 '결제 이체 확인 메시지'를 화면에 띄우도록 필수 요건으로 규정되어 있습니다."
"대검찰청의 APC-HUB(아태 사이버범죄 역량강화 허브) 온라인 교육망 구축비 35,750,000원을 기준으로 예산을 재구성해 봅니다. 이 총 예산에서 동영상 스트리밍을 위한 해외 트래픽 호스팅 명목으로 20%를 선 지급하고, 남은 비용의 50%를 외부 사이버 수사 자문단 5명에게 '동영상의 다국어 자막 감수비' 명목으로 동일하게 배분 지급한다면 자문단 1명당 할당받는 다국어 감수비 한도는 어떻게 됩니까?",A,상,[],"제 안 요 청 서
 
사 업 명
아-태 사이버범죄 역량강화 허브(APC-HUB) 
홈페이지 및 온라인교육시스템 고도화 2차
2024. 4.
 
 
대검찰청
 
 
목 차
 
Ⅰ. 사업 개요	 - 	4
 1. 사업명	 - 	4
 2. 사업개요 및 목적	 - 	4
 3. 사업범위	 - 	5
 4. 사업계획	 - 	5
 Ⅱ. 사업 추진 방안	 - 	5
 1. 추진목표	 - 	5
 2. 추진조직	 - 	6
 3. 추진일정	 - 	7
Ⅲ. 제안요청내용	 - 	8
 1. 주요사항	 - 	8
 2. 목표시스템 구축내용	 - 	9

제 안 요 청 서
 
사 업 명
2024년 사이버수사시스템 고도화
주관기관
대검찰청
 
 
2024. 4.
 
담당
대검찰청 사이버수사과
검찰수사관 오재영
검찰수사관 최수원
TEL : (02)3480-3573
TEL : (02)3480-3562
 목 차 
1. 사업 개요	 - 	 1
 가. 사업명
 나. 추진배경 및 필요성
 다. 사업내용
 라. 기대효과
2. 현황 및 문제점	 - 	 4
 가. 업무 현황
 나. 정보시스템 현황
 다. 문제점 및 개선방향
3. 사업 추진방안	 - 	 6
 가. 추진목표
 나. 추진전략

[별첨 1]기술제안서 평가항목 및 배점한도	 - 	 78
[별첨 2]기술적용 계획표 결과표	 - 	 80
 [별첨 3]개인정보 취급․위탁계약 특수조건	 - 	 89
[별첨 4]소프트웨어 개발사업의 적정 사업기간 종합 산정서	Ḩ - 	 91
[별첨 5]소프트웨어 영향평가 검토결과서	 - 	 92
 
1. 사업 개요 
 가. 사업명
 2024년 사이버수사 시스템 고도화
 나. 추진배경 및 필요성
 1) 추진배경
전국 검찰청 대상, IP 자원 분석 및 가상자산 주소정보 조회 등을 제공하는 사이버수사지원 시스템 운영

대검찰청은 인권옹호 및 범죄피해자 지원의 주무 기관으로서 2019년에 구축한 불법 촬영물 유포탐지 시스템 을 활용, 사이버 성범죄 피해자의 피해영상물 삭제를 지원 중
 
사이버수사 시스템
 도메인-IP-URL 정보조회 
 - 도메인-IP-URL 등록정보, 악성코드 연관성 정보 등 조회
 가상자산 주소조회 
 - 가상자산 주소정보 조회
 불법 촬영물 유포탐지 
 - 시스템을 통해 등록된 유해 사이트를 주기적으로 방문하여 동영상 자동 수집

2. 현황 및 문제점
 가. 업무 현황
 1) 불법 촬영물 유포탐지 시스템
 
※ 행정기관 및 공공기관 정보시스템 구축‧운영 지침 제17조(제안요청서 보안 사항 등)에 따라 공개하지 않으며, 제안서 작성에 필요한 경우 보안서약서 제출 후 담당자 입회하에 가능한 범위 내에서 열람 가능
 불법 촬영물 유포사이트 탐지하여 동영상 다운로드 후 등록된 사건에 해당하는 동영상 비교 검색과 공공 DNA 등록 요청
 2) 사이버수사지원 시스템","양쪽 비율이 모두 100%, 즉 1agg(1agg = 1agg)이라는 점을 고려할 때, 분배 전액이 100%로 나누어지는 것을 알게 되었습니다. 따라서 남은 40%(100% - 60%)의 총액이 5명의 자문단 멤버 각각에 1agg씩 분배되도록 됩니다."
"부산관광공사의 경영정보시스템 개선비 109,000,000원을 할당 구조로 파악합니다. 본부 서버의 낡은 CPU 교체용 하드웨어 비용으로 전체 예산의 30%를 공제하고, 남은 액수의 4분의 1을 인사/회계 모듈 UI 프론트엔드 프리랜서 전산팀의 도급비로 현금 지급하려 합니다. 이때 프론트엔드 전산팀에 주어지는 환산 가능 도급비는 얼마입니까?",A,상,[],"제 안 요 청 서
[용역명 : 경영정보시스템 기능개선]
2024. 03.
 
 
 
목 차 -
 
Ⅰ. 사업개요 
 1. 개 요 --------------------------------------------------------------------
1
 2. 사업목적 --------------------------------------------------------------------
1
 3. 사업범위 --------------------------------------------------------------------

2
 3. 소프트웨어 개발 사업의 적정 사업기간 종합산정서 --------------------
4
Ⅲ. 시스템현황 
 1. 경영정보시스템현황 --------------------------------------------------------
5
 2. 시스템 구성도 --------------------------------------------------------------
5
 3. 관련 시스템 정보 ----------------------------------------------------------
6

1
 4. 기대효과 --------------------------------------------------------------------
1
Ⅱ. 사업 추진방향 
 1. 추진방향 --------------------------------------------------------------------
2
 2. 추진체계 --------------------------------------------------------------------
2

2. 요구사항 세부내용 ---------------------------------------------------------
8
Ⅴ. 제안일반사항 
 1. 제안일반사항 ---------------------------------------------------------------
34
 2. 제안서

6
Ⅳ. 제안요청 내용 
 1. 요구사항 목록 --------------------------------------------------------------
7","전산 팀에게 지급되는 최종 도급비 금액은 76,500,000원입니다."
"고양도시관리공사 다목적구장 통합망 사업 비용(9,000만 원)과 광주문화재단 예술통합플랫폼 유지보수 용역 비용(약 6,189만 원) 양 발주간의 자본 기입 격차는 수치 적으로 얼마를 기록합니까?",B,하,[],"제 안 요 청 서
 
사 업 명
2024년 광주문화예술통합플랫폼
시스템 유지 및 보수 용역
주관기관
광주문화재단
2024. 4. 
 
담당
발주부서
기획경영실 기획협력팀
차애경
062-670-7434
계약부서
기획경영실 경영지원팀
김보람
062-670-7483
 
 
 목 차 
 
Ⅰ. 사업안내	 - 	04
 1. 사업개요	 - 	
 2. 추진목표 및 방향	 - 	
 3. 주요 사업범위	 - 	
 4. 기대효과	 - 	
 5. 플랫폼현황	 - 	
Ⅱ. 사업 추진 방안	 - 	06
 1. 추진체계 및 역할	 -

Ⅱ. 사업 추진 방안	 - 	06
 1. 추진체계 및 역할	 - 	
 2. 추진일정	 - 	
 3. 과업범위	 - 	
Ⅲ. 제안요청 내용	 - 	10
 1. 제안요청 개요	 - 	
 2. 요구사항 목록	 - 	
 3. 제안요구 사항	 - 	
Ⅳ. 계약 조건	 - 	36
 1. 일반조건	 - 	
 2. 특수조건	 - 	
Ⅴ. 제안 안내	 - 	40
 1. 입찰안내	 - 	
 2. 입찰참가자격	 - 	
 3. 입찰참가등록 및 제안서 제출	 - 	
Ⅵ. 제안서 작성지침 및 평가방법	 - 	45
 1. 제안서 작성요령	 -

Ⅵ. 제안서 작성지침 및 평가방법	 - 	45
 1. 제안서 작성요령	 - 	
 2. 제안서 효력	 - 	
 3. 제안서 평가안내	 - 	
 4. 협상대상자 선정 및 협상기준	 - 	
 5. 일반행정사항	 - 	
 6. 제안서 목차 및 작성지침	 - 	
 7. 제안서 평가항목 및 배점	 - 	
Ⅶ. 소프트웨어사업 영향평가 결과서	 - 	56
Ⅷ. 소프트웨어 개발사업의 적정 사업기간 종합 산정서	 - 	57
 붙임 제1호 서식 입찰 및 제안서 관련 서식	 - 	58
 붙임 제2호 서식 계약 및 착수 관련 서식	 - 	74

붙임 제2호 서식 계약 및 착수 관련 서식	 - 	74
 
 
 별지 및 별첨서식 목차 
 
 <별지 서식>","두 사업 간의 자본 기입 격차는 3,811,000원입니다."
코이카 주도 우즈벡-키르기즈스탄 스마트 관개망 구축 구역 연합 예산(약 50.31억 원)과 (사)부산국제영화제 예매 행사 시스템망 공급 예산(2.43억 원) 양 과업의 최종 확정 재정금을 하나로 묶어 결산하면 총 얼마인가요?,B,하,[],"영화제
ACF SD 접수 페이지 오픈
영화제
APM 접수 페이지 오픈
영화제
ACF PP펀드 접수 페이지 오픈
영화제
AND 다큐멘터리펀드 접수 오픈
공통
웹사이트 각종 페이지 제작
공통
헬프데스크 운영
 ※영화제 및 마켓 구분은 웹사이트 데이터 서버 기준 기술적 이슈로 구분
 ※과업 내용 및 추진 일정은 변경될 수 있음
 
Ⅱ
 과업안내
1. 과업의 범위
 가. 부산국제영화제(BIFF)
 1) BIFF 공식 웹사이트 재개발 및 유지보수
 2) BIFF 공식 웹사이트 상반기(3월 ~ 9월) 접수 페이지 등 개편 및 유지보수

공급/재개발/유지보수
웹 개발자(PM급) 파견 용역 (총 1명)
용역파견
 
 
 3) 부산국제영화제 행사지원시스템 공급
 
구분
작업유형
출입관리시스템 모바일 앱(iOS, Android 각 1식) 공급
공급 및 교육
의전 시스템 공급 (모바일 웹 또는 모바일 앱 공급/ 관리자, 사용자)
온라인 스크리닝 시스템 공급 (비디오라이브러리, 심사 시스템 등)
레드카펫 시스템 공급 (입력폼, 출력폼, 서버, 현장투입)
커뮤니티비프 행사지원시스템 공급 (스트리밍, VOD / 채팅 시스템)
4. 사업추진계획
 
기간
구분 내용
2024년

제 안 요 청 서
BIFF&ACFM 온라인서비스 재개발 및
행사지원시스템 공급 용역
2024. 6.
 
 
 
 
목차
Ⅰ. 사업안내
사업개요
3
사업목표
3
사업유형
4
4. 사업추진계획
5
Ⅱ. 과업안내
과업의 범위
7
2. 과업의 내용
8
3. 과업의 일반사항
22
4. 과업의 개요
23
5. 요구사항 상세
24
Ⅲ. 공모사항
공모 추진 일정
44
2. 입찰참가자격
44
3. 입찰시 고려사항
44
4. 제안서 제출방법 및 제출서류 
44
Ⅳ. 제안서 작성
1. 일반사항
46
2. 제안서의 효력
46
3. 주관사업자 선정방식

레드카펫 시스템 공급 및 운영
공급
커뮤니티비프 행사지원시스템 공급
영화제
공식 모바일 앱 오픈
영화제
공식 하반기 웹사이트 오픈
영화제
비디오룸 운영
마켓
OS룸 운영
마켓
공식 하반기 e마켓 웹사이트 오픈
마켓
공식 모바일 앱 오픈
공급
실시간 채팅 및 스트리밍 서비스 공급
공통
시스템 전체 정리 (결산)
영화제
공식 상반기 웹사이트 기획
영화제
공식 상반기 웹사이트 오픈
영화제
공식 상영작 접수 페이지 오픈
영화제
BAFA 접수 페이지 오픈
영화제
ACF SD 접수 페이지 오픈
영화제
APM 접수 페이지 오픈
영화제

3. 사업유형 
 1) 부산국제영화제 온라인 서비스 재개발 및 유지관리
 
사업명
작업유형
부산국제영화제 공식 및 패밀리 웹사이트 개편 및 유지보수
신규/재개발/유지보수
부산국제영화제 모바일 앱(iOS, Android) 개편 및 유지보수
재개발/유지보수
관리자 페이지 (게시판, 메뉴빌더 등) 개선
재개발/유지보수
통합업무관리시스템 연계하여 출품, 접수 관련 페이지 제작
재개발/유지보수
채용, 티켓 예매 등 외부 시스템 연동 및 페이지 제작
신규/재개발/유지보수
모바일 디바이스를 통한 실시간 채팅 및 라이브 스트리밍 서비스 도입","양 과업의 최종 합산 금액은 52,754,000원입니다."
"남서울대학교 스마트 학사행정망 정보시스템 보안 개선 예산(70,000,000원) 대비 한국철도공사 운행정보기록 자동 분석 망 개량 자금(미기재) 양 예산을 대조해 볼 때, 정액이 드러나지 않은 쪽은 상식적으로 어느 기관입니까?",B,하,[],"Ⅰ
 사업 개요 
 
1. 개요
 가. 사 업 명: 모금관리시스템 재구축
 나. 사업기관: (재)서울대학교발전기금
 다. 사업기간: 계약일로부터 6개월
 라.사업금액: 341,000천원(부가가치세 포함)
 마.사업내용: 기 구축된 출연관리시 스템(FMS)을 기반으로 기부금 및 기부자 관리 시스템 신규 개발
 바.계약방법: 조달청 입찰을 통한 계약
2. 추진배경 및 필요성
 가. 기존 출연관리시스템의 노후화로 프로그램 보안성/안정성 취약 및 업무 효율성 저하
 나. 기존 개발언어의 기술자 감소로 유지보수 진행 불가

Ⅰ
 사업 개요 
 
1. 개요
 가. 사 업 명: 모금관리시스템 재구축
 나. 사업기관: (재)서울대학교발전기금
 다. 사업기간: 계약일로부터 6개월
 라.사업금액: 341,000천원(부가가치세 포함)
 마.사업내용: 기 구축된 출연관리시 스템(FMS)을 기반으로 기부금 및 기부자 관리 시스템 신규 개발
 바.계약방법: 조달청 입찰을 통한 계약
2. 추진배경 및 필요성
 가. 기존 출연관리시스템의 노후화로 프로그램 보안성/안정성 취약 및 업무 효율성 저하
 나. 기존 개발언어의 기술자 감소로 유지보수 진행 불가

M4
M5
M6
 현황조사,업무/시스템분석
 도입컨설팅,요구사항정의
 기능개발 및 설계
 데이터이관,통합테스트
 안정화,시범운영및교육
※ 구체적인 일정은 서울대학교발전기금과 협의하여 조율
 
Ⅱ
 현황
1. 시스템 현황
 가. 기존 출연관리시스템(FMS) 구성
 
 
[참고]
 
대분류
중분류
소분류
비고
모
기부자관리
회원정보등록및관리
금
기부클럽/명판
관
예우대상/내역관리
리
주간생일회원
시
회원상세검색
스
기부금관리
약정정보등록및관리
템
납입정보등록및관리
입금내역(일별보고)
미확인입금내역
청구/수납

별첨2. 정보화 용역사업 보안관리 지침	 - 	104
 별표1. 보안 위규 처리기준	 - 	 108
 별표2. 보안위약금 부과기준	 - 	 110
 보안 위규 처리기준 및 위약금 부과기준 이행각서 	‰ - 	110
 보안확약서 	 - 	111
 별첨3. 개인정보처리시스템 사업담당자 준수사항	 - 	112
 별첨4. 소프트웨어 개발사업의 적정 사업기간 종합 산정서	Ỡ - 	116
 별첨5. 소프트웨어 사업 영향 평가 검토결과서	 - 	117
 
 
 
Ⅰ
 사업 개요 
 
1. 개요
 가. 사 업 명: 모금관리시스템 재구축

별첨2. 정보화 용역사업 보안관리 지침	 - 	104
 별표1. 보안 위규 처리기준	 - 	 108
 별표2. 보안위약금 부과기준	 - 	 110
 보안 위규 처리기준 및 위약금 부과기준 이행각서 	‰ - 	110
 보안확약서 	 - 	111
 별첨3. 개인정보처리시스템 사업담당자 준수사항	 - 	112
 별첨4. 소프트웨어 개발사업의 적정 사업기간 종합 산정서	Ỡ - 	116
 별첨5. 소프트웨어 사업 영향 평가 검토결과서	 - 	117
 
 
 
Ⅰ
 사업 개요 
 
1. 개요
 가. 사 업 명: 모금관리시스템 재구축",양 기관 모두 예산이 미기재되어 있으므로 비교할 수 있는 정액은 존재하지 않습니다.
"대검찰청 아태 사이버범죄 교육망(35,750,000원), 부산관광공사 경영정보 개선망(109,000,000원) 양쪽의 공개 자본 수치를 비교하면 더 높은 예산을 선점한 기관은 어디 소속인가요?",B,하,[],"1
 4. 기대효과 --------------------------------------------------------------------
1
Ⅱ. 사업 추진방향 
 1. 추진방향 --------------------------------------------------------------------
2
 2. 추진체계 --------------------------------------------------------------------
2

2
 3. 소프트웨어 개발 사업의 적정 사업기간 종합산정서 --------------------
4
Ⅲ. 시스템현황 
 1. 경영정보시스템현황 --------------------------------------------------------
5
 2. 시스템 구성도 --------------------------------------------------------------
5
 3. 관련 시스템 정보 ----------------------------------------------------------
6

제 안 요 청 서
[용역명 : 경영정보시스템 기능개선]
2024. 03.
 
 
 
목 차 -
 
Ⅰ. 사업개요 
 1. 개 요 --------------------------------------------------------------------
1
 2. 사업목적 --------------------------------------------------------------------
1
 3. 사업범위 --------------------------------------------------------------------

2. 요구사항 세부내용 ---------------------------------------------------------
8
Ⅴ. 제안일반사항 
 1. 제안일반사항 ---------------------------------------------------------------
34
 2. 제안서

6
Ⅳ. 제안요청 내용 
 1. 요구사항 목록 --------------------------------------------------------------
7",이 두 기관 중 더 높은 예산을 선점한 곳은 부산광역시 부산관광공사입니다.
"대한민국 철도공사 운행정보기록(블랙박스) 자동분석망은 기관차에 부착된 하드웨어로부터 무수히 쏟아지는 시계열 센서 데이터를 다루고, 부산관광공사 경영정보시스템은 직원들이 매일 올리는 출장비나 기안 문서를 다룹니다. 양 기관 시스템이 수집하는 데이터가 가진 '수집 자동화 1차 원천(Source of Automation)'의 특질적 대비점을 설명해 보십시오.",B,중,[],"2
 3. 소프트웨어 개발 사업의 적정 사업기간 종합산정서 --------------------
4
Ⅲ. 시스템현황 
 1. 경영정보시스템현황 --------------------------------------------------------
5
 2. 시스템 구성도 --------------------------------------------------------------
5
 3. 관련 시스템 정보 ----------------------------------------------------------
6

제 안 요 청 서
[용역명 : 경영정보시스템 기능개선]
2024. 03.
 
 
 
목 차 -
 
Ⅰ. 사업개요 
 1. 개 요 --------------------------------------------------------------------
1
 2. 사업목적 --------------------------------------------------------------------
1
 3. 사업범위 --------------------------------------------------------------------

1
 4. 기대효과 --------------------------------------------------------------------
1
Ⅱ. 사업 추진방향 
 1. 추진방향 --------------------------------------------------------------------
2
 2. 추진체계 --------------------------------------------------------------------
2

2. 요구사항 세부내용 ---------------------------------------------------------
8
Ⅴ. 제안일반사항 
 1. 제안일반사항 ---------------------------------------------------------------
34
 2. 제안서

6
Ⅳ. 제안요청 내용 
 1. 요구사항 목록 --------------------------------------------------------------
7",양 기관 시스템이 수집하는 데이터는 모두 '원천(source)에서 수집되는 데이터 자체의 특질적 대비점'으로 분류될 수 있습니다. 철도공사는 모든 시계열 센서 데이터를 수집하여 자동 분석망으로 통합 처리하는 '하드웨어 기반의 실시간 데이터 수집(source)'를 구현하고 있습니다. 반면 부산관광공사는 직원들이 매일 작성한 문서와 이메일 등을 수집하여 경영정보시스템에 입력하는 '인간의 편의성 및 편리성을 위한 수집(source)'를 구현합니다.
"서울시 여성가족재단의 디지털성범죄 안심지원센터(통합망)와 남서울대학교의 스마트 정보시스템(학사행정 암호화)은 외부 공격자(해커)로부터 개인 신상을 사수하는 것을 최상위 과제로 삼습니다. 이 두 정보망에서 다루어지는 데이터가 해커에게 노출될 시, 해커가 이 데이터를 시장(Dark Web 등)에서 현금화(Monetization)하는 범죄적 방식 모델링은 어떻게 양분되는지 그 목적 가치의 차이를 설명하세요.",B,중,[],"M4
M5
M6
 현황조사,업무/시스템분석
 도입컨설팅,요구사항정의
 기능개발 및 설계
 데이터이관,통합테스트
 안정화,시범운영및교육
※ 구체적인 일정은 서울대학교발전기금과 협의하여 조율
 
Ⅱ
 현황
1. 시스템 현황
 가. 기존 출연관리시스템(FMS) 구성
 
 
[참고]
 
대분류
중분류
소분류
비고
모
기부자관리
회원정보등록및관리
금
기부클럽/명판
관
예우대상/내역관리
리
주간생일회원
시
회원상세검색
스
기부금관리
약정정보등록및관리
템
납입정보등록및관리
입금내역(일별보고)
미확인입금내역
청구/수납

2. 시스템 개발 ·································································································· 9
 3. 상세 요구사항 ···························································································· 10

서식13. 용역 이행실적 증명서 	 - 	88
 서식14. 제안업체 조직 및 인원현황 	 - 	89
 서식15. 전문 인력 보유현황 	 - 	90
 서식16. 기술인력 개인별 경력사항 확인서 	 - 	91
 서식17. 경영상태 	 - 	92
 서식18. 사업수행능력 평가서(정성적 평가) 	 - 	93
 서식19호. 가격제안서(표지) 	 - 	94
 서식20호. 가격제안서 봉투 작성 방법 	 - 	95
 서식21호. 가격제안서 	 - 	96
 별첨1. 기술적용계획표	 - 	97
 별첨2. 정보화 용역사업 보안관리 지침	 - 	104

홈페이지연계기능
온라인약정관리
온라인납입관리
통합메세지
통합메세지발송
이메일,문자,팩스
발송내역
환경설정
관리자관리
이용자별권한지정
지원단위관리
입금계좌관리
조회대상자관리(1)
단과대학 사용자
조회대상자관리(2)
학과 사용자
메세지관리
모금사업관리
 나. 출연관리시스템 사용현황
 
구분
사용자수
사용 용도
비고
재단직원
19명
- 회원/약정/납입 입력 및 검색
- 예우상세정보 입력 및 검색
- 잠재기부자 및 고액기부자
 프로파일링
- 정보검색 및 통계자료
- 예우 관리

가. 노후화된 기능 교체 및 최신 기술력을 통한 업무 효율성 증대
 나. 다양한 통계분석 및 검색 기능 확대로 신속하고 정확한 자료 산출
 다. 기부자 및 예우대상자 관리 정책을 반영한 시스템 구축으로 후원자 만족도 제고
 라. 개인정보 및 기부내역 등 민감한 데이터 관리 및 시스템 유지보수에 대한 안정성 확보
 마. 기금행정시스템 및 홈페이지 등 유관시스템과의 원활한 연계
4. 추진일정
 
추진일정
 세부사업내용
M1
M2
M3
M4
M5
M6
 현황조사,업무/시스템분석
 도입컨설팅,요구사항정의
 기능개발 및 설계","남서울대학교의 스마트 정보시스템에서 해커가 노출되는 경우, 그들의 목적 가치는 학생들의 학업 성취 여부를 결정짓는 데 필수적인 학점과 학력 기록을 무결적으로 파괴하는 것입니다. 반면, 여성가족재단의 디지털성범죄 안심지원센터에서는 해커가 노출되는 경우, 피해자의 생애를 지배하는 성폭력 피해의 심각성을 무효화하는 것과, 피해자의 사회적 신뢰와 직업적 재회 가능성을 완전히 파괴하는 것이라는 두 가지 극단적인 목적 가치 차이가 있습니다."
아시아물위원회사무국 우즈베키스탄 스마트 관개 통제망(약 50.3억)과 고양도시관리공사 관산 다목적구장 예약 시스템(9천만 원)은 모두 지역의 특정 '공간적 자원'을 컨트롤하는 IT 용역 체계입니다. 두 시스템을 통제하는 서버가 '정전'으로 죽었을 경우 공공 관리 주체(관리자)가 오프라인 현장에서 직면하게 되는 치명적인 '물리적 대응 수단 한계 상황'의 차이점을 도출하십시오.,B,중,[],"제3장 시스템현황 	 - 	 10
 1. 시스템 운영현황
 2. 시스템 개발환경
제4장 사업 추진방안 	 - 	 11
 1. 사업 추진체계
 2. 추진일정
제5장 제안요청 내용 	 - 	 13
 1. 요구사항 총괄표
 2. 요구사항 세부내용
제6장 제안서 작성요령 	 - 	 46
 1. 제안서의 효력
 2. 제안서 작성지침 및 유의사항
 3. 제안서 관련 붙임 및 별지서식
 
 
1
 사업 개요
 
 1. 개 요 
 가. 사 업 명 : 고양도시관리공사 관산근린공원 다목적구장 회원 통합운영관리 시스템 구축

고양도시관리공사
관산근린공원 다목적구장 
회원 통합운영관리 시스템 구축 
제안요청서
2024. 09.
 
 
 
 
 
목 차
 
제1장 사업개요 	 - 	 1
 1. 개요
 2. 사업목적
 3. 전제조건
 4. 사업범위
 5. 일반사항
제2장 계약체결에 필요한 기준 및 절차 	Ὡ - 	 4
 1. 계약절차
 2. 입찰등록 및 제안서 제출
 3. 제안서 설명회(제안업체 참석) 및 평가
 4. 협상대상자 선정 및 협상 진행
 5. 계약체결과 이행
제3장 시스템현황 	 - 	 10
 1. 시스템 운영현황
 2. 시스템 개발환경

- 지방자치단체 입찰시 낙찰자 결정기준(행정안전부 예규 제283호, 2024. 3. 28.)
- 고양도시관리공사 제안서평가위원회 설치 및 운영에 관한 시행내규(2023. 9. 15.) 
 2. 사업목적 
 가. 관산근린공원 다목적구장 신규 수탁시설로 효율적인 운영을 위한 회원 통합운영관리 시스템 구축 필요

나. 과업기간 : 착수일로부터 90일 이내
 - 무상하자보증기간 : 준공일로부터 1년 
 다. 사업예산 : 90,000,000원 (부가가치세 포함)
 라. 계약방법 : 제한경쟁입찰 (협상에 의한 계약)
관련 법령
 - 소프트웨어 진흥법(과학기술정보통신부 제19990호, 2024. 7. 10.)
- 지방자치단체를 당사자로하는 계약에 관한 법률(행정안전부 제19634호, 2024. 2. 17.)
- 지방자치단체 입찰 및 계약 집행기준(행정안전부 예규 제282호, 2024. 3. 28.)

나. 신규 수탁시설 운영을 위한 자동화시스템 구축 및 관련 물품 구매 필요
 다","우즈베키스탄 스마트 관개망의 서버는 대륙 규모의 농업 관개 물을 통제하기 위해 광활하고 물리적으로 거대한 물 공급 네트워크를 관제하는 데 필수적이며, 그 중 하나의 정전으로 인해 발생할 수 있는 응답 수단 한계는 수확량 감소와 식민지 농업 생산의 급격한 하락이라는 극단적인 물리적 결과를 초래합니다. 반면 고양도시관리공사의 예약 시스템은 단순히 관산 구장 예약을 관리하는 디지털 데이터베이스의 일부분이므로, 정전으로 인해 발생할 수 있는 응답 수단 한계는 단순히 예약이 불가능해지는 오프라인 예약 서비스의 장애 상태로 이어집니다."
"코이카 우즈베키스탄 관개망(50.31억), 부산관광공사 경영망(1.09억), (사)부산국제영화제 예매망(2.43억), 남서울대 암호화 행정망(0.70억) 4곳의 기입된 예산을 먼저 합산 정리하세요. 다음으로 이 중 '결제(Transaction) 및 자본의 이동'이 대규모로 전산망을 타는 건 부산관광공사(내부 사원 회계 지출)와 부산국제영화제(시민들의 티켓 예매 대금 수납) 두 곳입니다. 양 시스템의 결제 트래픽을 관장하는 데이터베이스(DB) 인프라가 겪어내야 할 '일일 트래픽 쏠림 곡선'과 결제 오류 시 '책임 소상(환불 등 민원 CS 주체)'의 구조적 환경을 양자 간 도메인 특화에 입각해 비교 분석하십시오.",B,상,[],"4. 사업추진계획
 
기간
구분 내용
2024년
2025년
7
8
9
10
11
12
1
2
3
4
5
공통
입찰 및 제안서 평가_업체선정
영화제
커뮤니티비프 리퀘스트시네마 프로그램 모집
영화제
채용 시스템 연계 및 유지보수
마켓
온-오프라인 사전 참가 등록 기간
마켓
온라인 스크리닝 등록 기간
영화제
공식 하반기 웹사이트 기획 및 제작
마켓
ACFM e마켓 사이트 기획 및 제작(특집)
영화제
모바일 앱 기획(Android, iOS 각 1식)
마켓
모바일 앱 기획(Android, iOS 각 1식)
공급
행사지원시스템 기획 및 제작

3. 사업유형 
 1) 부산국제영화제 온라인 서비스 재개발 및 유지관리
 
사업명
작업유형
부산국제영화제 공식 및 패밀리 웹사이트 개편 및 유지보수
신규/재개발/유지보수
부산국제영화제 모바일 앱(iOS, Android) 개편 및 유지보수
재개발/유지보수
관리자 페이지 (게시판, 메뉴빌더 등) 개선
재개발/유지보수
통합업무관리시스템 연계하여 출품, 접수 관련 페이지 제작
재개발/유지보수
채용, 티켓 예매 등 외부 시스템 연동 및 페이지 제작
신규/재개발/유지보수
모바일 디바이스를 통한 실시간 채팅 및 라이브 스트리밍 서비스 도입

레드카펫 시스템 공급 및 운영
공급
커뮤니티비프 행사지원시스템 공급
영화제
공식 모바일 앱 오픈
영화제
공식 하반기 웹사이트 오픈
영화제
비디오룸 운영
마켓
OS룸 운영
마켓
공식 하반기 e마켓 웹사이트 오픈
마켓
공식 모바일 앱 오픈
공급
실시간 채팅 및 스트리밍 서비스 공급
공통
시스템 전체 정리 (결산)
영화제
공식 상반기 웹사이트 기획
영화제
공식 상반기 웹사이트 오픈
영화제
공식 상영작 접수 페이지 오픈
영화제
BAFA 접수 페이지 오픈
영화제
ACF SD 접수 페이지 오픈
영화제
APM 접수 페이지 오픈
영화제

공급/재개발/유지보수
웹 개발자(PM급) 파견 용역 (총 1명)
용역파견
 
 
 3) 부산국제영화제 행사지원시스템 공급
 
구분
작업유형
출입관리시스템 모바일 앱(iOS, Android 각 1식) 공급
공급 및 교육
의전 시스템 공급 (모바일 웹 또는 모바일 앱 공급/ 관리자, 사용자)
온라인 스크리닝 시스템 공급 (비디오라이브러리, 심사 시스템 등)
레드카펫 시스템 공급 (입력폼, 출력폼, 서버, 현장투입)
커뮤니티비프 행사지원시스템 공급 (스트리밍, VOD / 채팅 시스템)
4. 사업추진계획
 
기간
구분 내용
2024년

영화제
ACF SD 접수 페이지 오픈
영화제
APM 접수 페이지 오픈
영화제
ACF PP펀드 접수 페이지 오픈
영화제
AND 다큐멘터리펀드 접수 오픈
공통
웹사이트 각종 페이지 제작
공통
헬프데스크 운영
 ※영화제 및 마켓 구분은 웹사이트 데이터 서버 기준 기술적 이슈로 구분
 ※과업 내용 및 추진 일정은 변경될 수 있음
 
Ⅱ
 과업안내
1. 과업의 범위
 가. 부산국제영화제(BIFF)
 1) BIFF 공식 웹사이트 재개발 및 유지보수
 2) BIFF 공식 웹사이트 상반기(3월 ~ 9월) 접수 페이지 등 개편 및 유지보수","양 기관의 결제 트래픽과 DB 인프라가 겪어내야 하는 고도화된 문제를 종합적으로 비교해 보겠습니다.

1. 부산관광공사의 내부 회계 지출 트래픽
 - 결제 트래픽: 내부 직원이 매달 내외부 사원에서 총 100~150명의 내부 회계 지출 결제를 처리합니다.
 - DB 인프라: 내부 직원이 직접 PC를 통해 결제 트래픽을 관리하며, 내부 네트워크를 통해 일일 결제 트래픽이 발생합니다.

2. 부산국제영화제 예매망 트래픽
 - 결제 트래픽: 시민들이 매년 300만 명 이상씩 티켓 예매를 처리하며, 이는 일일 트래픽 쏠림 곡선을 극단적인 수준으로 만듭니다.
 - DB 인프라: 시민들이 모바일 앱이나 웹을 통해 예매 결제를 수행하므로, 이 트래픽은 광범위한 지역 인터넷망을 통해 분산되어 있습니다.

결론적으로 부산관광공사는 내부 직원이 PC를 통해 일일 결제 트래픽을 관리하는 반면, 부산국제영화제는 시민들이 모바일 앱을 통해 광역 인터넷망을 통해 분산된 일일 트래픽을 관리해야 합니다."
"재단법인 광주광역시 광주문화재단의 2024년 플랫폼 유지/보수 지침 문서 중에, 이 문화재단 건물을 청소하기 위해 파견되는 야간 근로 청소 용역 업체 직원들에 대한 심야 택시비 지원 복리후생 액수 산정표가 존재합니까?",D,하,[],"나. 재단 정보시스템 및 개인정보 보호를 위한 보안관제 및 침해사고 대응
재단 정보시스템 및 웹사이트에 대한 지속적인 취약점 점검-조치-이행 지원과 사이버위기 대응 모의훈련 및 임-직원 대상 보안의식 제고를 위한 교육 등 주요 정보자산에 대해 효율적-효과적으로 운영하기 위한 정보보안 관리체계 운영 필요 
알려지지 않은 공격(Zero-day)으로부터 재단의 전산망과 운영 정보시스템의 안전을 보다 강화하고, 내부 중요정보 유출 피해를 최소화할 수 있는 선제적 대응 및 사고발생시 신속한 대응 필요

※ 예산이 확정되지 않을 경우 계약의 효력이 발생하지 않음. 
2. 추진배경 및 필요성
 서울형 자산형성지원사업 관리 정보시스템 ‘09년 최초 구축 후’ 지속적으로 통장사업 추가에 따른 홈페이지 구축과 기능 개선을 했음
 정보약자를 위한 웹접근성 강화 필요
 사업 대상자가 증가함에 따라 실무자들의 다양한 기능적 개선에 대한 필요성 발생
 2024년 희망두배청년통장을 부분 온라인 신청으로 변경함에 따라 업무 효율성과 이용자 편의성 문제 대두
 꿈나래 통장의 온라인 신청과 희망두배청년통장 온라인 신청시스템의 고도화 필요
3. 사업범위

제 안 요 청 서
 
사 업 명
데이터 통합관리를 위한
정보화전략계획(BPR/ISP) 수립 용역
주관기관
서울시복지재단
 
2024. 8.
 
담당
성명
소 속
전화번호
e-mail
신원재
데이터관리팀
02-6353-0402 
docofirst@welfare.seoul.kr
목 차
Ⅰ. 사업안내
 1. 사업개요 	 - 	4
 2. 추진배경 및 필요성 	 - 	4
 3. 사업범위 	 - 	5
 4. 기대효과 	 - 	6
Ⅱ. 대상업무 현황
 1. 데이터관리 조직 및 업무 	 - 	7
 2. 데이터 보유 및 시스템 현황 	 - 	7

다. 시스템 취약점 진단을 통한 재단 내 시스템에 대한 취약성 예방
3. 사업범위
 가. 무중단 통합보안관제를 위한 원격보안관제 서비스 제공
네트워크 보안장비에 대한 24-365일 실시간 보안관제 
 (모니터링 초동대응 분석 대응 보고) 
ㅇ 사이버 침해 대응 예․경보 및 즉각적인 피해확산 대응 활동
ㅇ 사이버 침해사고 발생 시 원인분석, 재발방지 대책 등 지원
ㅇ 보안로그 분석 및 이슈 사항을 정리하여 관제보고서 제공(월간)
ㅇ 위협 이벤트 발견 시 전문가 방문 점검 서비스 제공(월간)

5. 요구사항 상세	 - 	 9
Ⅴ. 제안안내
 1. 일반 제안안내 	 - 	 24
 2. 입찰서류 및 제안서 제출 	 - 	 25
 3. 제안서 평가 및 협상 	 - 	 28
 4. 사업수행요건 	 - 	 29
 5. 제안사 유의사항 	 - 	 31
Ⅵ. 제안서 작성기준
 1. 제안서 작성방법 	 - 	 34
 2. 입찰 및 제안서 관련 붙임 및 별지서식 	 - 	 35
 
Ⅰ
사업안내
 1. 사업개요
 가. 사 업 명 : 서울시복지재단 정보시스템 보안관제 서비스 용역","아니요, 해당 문화재단의 정보화 사업 지침 문서에는 야간 근로 청소 용역 업체 직원들의 심야 택시비 지원 등의 구체적인 복리후생 액수 산정 정보는 포함되어 있지 않습니다."
"대검찰청의 아태 사이버범죄 역량강화 허브(APC-HUB) 온라인 교육시스템 고도화 용역 입찰에 참가하는 업체의 개발자들 중, 연간 1회 필수로 받아야 하는 사설 구강 악안면외과 임플란트 치석 제거 건강검진 바우처 단가가 포함되어 지원되나요?",D,중,[],"제 안 요 청 서
 
사 업 명
아-태 사이버범죄 역량강화 허브(APC-HUB) 
홈페이지 및 온라인교육시스템 고도화 2차
2024. 4.
 
 
대검찰청
 
 
목 차
 
Ⅰ. 사업 개요	 - 	4
 1. 사업명	 - 	4
 2. 사업개요 및 목적	 - 	4
 3. 사업범위	 - 	5
 4. 사업계획	 - 	5
 Ⅱ. 사업 추진 방안	 - 	5
 1. 추진목표	 - 	5
 2. 추진조직	 - 	6
 3. 추진일정	 - 	7
Ⅲ. 제안요청내용	 - 	8
 1. 주요사항	 - 	8
 2. 목표시스템 구축내용	 - 	9

제 안 요 청 서
 
사 업 명
2024년 사이버수사시스템 고도화
주관기관
대검찰청
 
 
2024. 4.
 
담당
대검찰청 사이버수사과
검찰수사관 오재영
검찰수사관 최수원
TEL : (02)3480-3573
TEL : (02)3480-3562
 목 차 
1. 사업 개요	 - 	 1
 가. 사업명
 나. 추진배경 및 필요성
 다. 사업내용
 라. 기대효과
2. 현황 및 문제점	 - 	 4
 가. 업무 현황
 나. 정보시스템 현황
 다. 문제점 및 개선방향
3. 사업 추진방안	 - 	 6
 가. 추진목표
 나. 추진전략

[별첨 1]기술제안서 평가항목 및 배점한도	 - 	 78
[별첨 2]기술적용 계획표 결과표	 - 	 80
 [별첨 3]개인정보 취급․위탁계약 특수조건	 - 	 89
[별첨 4]소프트웨어 개발사업의 적정 사업기간 종합 산정서	Ḩ - 	 91
[별첨 5]소프트웨어 영향평가 검토결과서	 - 	 92
 
1. 사업 개요 
 가. 사업명
 2024년 사이버수사 시스템 고도화
 나. 추진배경 및 필요성
 1) 추진배경
전국 검찰청 대상, IP 자원 분석 및 가상자산 주소정보 조회 등을 제공하는 사이버수사지원 시스템 운영

대검찰청은 인권옹호 및 범죄피해자 지원의 주무 기관으로서 2019년에 구축한 불법 촬영물 유포탐지 시스템 을 활용, 사이버 성범죄 피해자의 피해영상물 삭제를 지원 중
 
사이버수사 시스템
 도메인-IP-URL 정보조회 
 - 도메인-IP-URL 등록정보, 악성코드 연관성 정보 등 조회
 가상자산 주소조회 
 - 가상자산 주소정보 조회
 불법 촬영물 유포탐지 
 - 시스템을 통해 등록된 유해 사이트를 주기적으로 방문하여 동영상 자동 수집

3. 사업 추진방안	 - 	 6
 가. 추진목표
 나. 추진전략
 1) 기본방향
 2) 보안성 확보를 위한 조치
 3) 정보기술아키텍처 현행화
 4) 위험관리 전략
 다. 추진체계
 라. 추진일정
4. 제안요청 내용	 - 	 11
 가. 제안요청 개요
 나. 목표시스템 개념도
 다. 상세요구사항
 1) 요구사항 고유번호 분류
 2) 요구사항 목록표
 3) 요구사항 상세설명
 라. 기타
 
5. 제안안내	 - 	 49
 가. 입찰 참가자격(조달청 입찰 공고서에 따름)
 나. 입찰 및 낙찰 방식 
 1) 입찰 방식","아니요, 이 사업에는 연간 1회 필수로 사설 구강 악안면외과 임플란트 치석 제거 건강검진 바우처가 포함되지 않습니다."
"즈기요, 남서율대햑교 거기서 한다는 그 스마트 즁보시스템 활썽화(학솨행정 암오화) 용혁 하는데 투입되는 그 예상 금액이 총 얼만교?",E,하,[],"사업예산 : 910,000,000원(금 구억일천만원, VAT 포함)
 입찰방법 : 제한경쟁입찰 / 협상에 의한 계약
 
2. 추진 배경 및 필요성
 추진배경 및 목적
 교육환경정보시스템(‘12~’16)을 개편하여 교육환경정보의 통합적․체계적 운영과 서비스 확대를 통해 정보개방 및 공유와 업무 효율성을 강화한 스마트 시스템 구축․운영체계 도입
 필요성

다. 사업기간 : 착수일로부터 7개월
 라. 대 상 지 : 의성군 일원
 마. 사업규모 : 스마트 횡단보도, 도로위험감지, 스마트 헬스케어, 스마트 폴, 관광키오스크, 통합플랫폼
 바. 참고사항
실시설계 완료 후 전기공사업법에 따른 검토후 설계금액에 해당되는 전기공사 도급금액을 별도 분리발주를 시행(본 사업 감액 설계변경)
본 사업은 예산 및 기금운용계획 집행지침 의 낙찰차액 불용 원칙을 따름
 2. 사업 배경
 가. 본사업은 국토교통부 공모사업 ‘2024년 스마트도시 솔루션 확산사업’에 선정된 사업임

- 광역버스운송사업 관련 정보를 통합 관리할 수 있는 종합정보체계를 구축을 통해 객관적이고 신뢰도 높은 데이터 기반 이용자 편익 증진
3. 과업 기간: 착수일부터 10개월
 ㅇ 1차 년도: 착수일부터 ’24.12.31.까지
 ㅇ 2차 년도: ’25.01.01.부터 과입기간 종료 시 까지
4. 설계금액: 716,360,000원(금 칠억일천육백삼십육만원)
 ㅇ 1차 년도: 263,910,000원(HW도입: 70,000,000원 + SW개발: 193,910,000원)

ERP 예산회계, 인사급여 업무영역과 그룹웨어의 행정업무처리 영역의 교점을 중심으로 공단 업무 프로세스에 최적화된 통합시스템 도입 필요
단편적인 시스템 간의 연계/연동 개념에서 통합시스템의 도입으로 패러다임 전환 도모
 
나. 사업개요
과 업 명 : 동작구시설관리공단 행정업무 통합관리시스템 도입
총사업비 : 금이억칠백사십육만원( 207,460천원)/부가세포함
계약방법 : 제한경쟁입찰(협상에 의한

- 2025학년도 입시제도부터 변경되는 내용을 쉽게 적용할 수 있도록 고도화
 - 변경내용을 담당자가 설정만으로 적용할 수 있도록 유연한 시스템 개발
 계절학기(9월) 입시 적용
요구사항 고유번호
SER-010
요구사항 명칭
입시시스템 신규 기능 개발
요구사항 분류
기능 요구사항
요구사항
상세설명
정의
국제교육원 학사운영 및 입학시스템 신규 개발
세부
내용
 국제교육원을 통해 들어온 해외 학생들에 대한 신규 입학 제도 적용
 - 4학기의 국제교육원 자체학기제(3개월/1학기) 중 2학기(6개월) 이상 수강생에","한국수출입은행의 '대학융합센터 스마트 플랫폼 구축사업' 예산은 910,000,000원(금 구억일천만원, VAT 포함)입니다."
그 서율특별시 여셩가족재단에서 머시냐 그 시스땜 통합하고 지우는 업무 땜에 자원쓰는데 그 자금 에산이 대략적으로 얼말루 잡혀 잇씀니꽈?,E,하,[],"2. 주요 업무 내용
 
구 분
주요 업무 내용
 자금이체
시스템 구축
(신규개발) 온라인 자금이체시스템 구축
 - 실시간 자금이체, 계좌잔액 조회, 예금주 조회, 법인카드 사용내역 조회 등 펌뱅킹 전문(약 40종) 및 관리 시스템 개발
 (대응개발) 자금, 고객, 예산 시스템 등 기존시스템 개선
 - 자금상황판 관리, 집금 관리, 고객계좌확인, 법인카드 승인-매입-청구내역 조회 등 펌뱅킹 데이터 연계 대응개발
 (재해복구) 업무 연속성 확보를 위한 재해복구 시스템 구축
 
Ⅲ
제안요청 내용
1. 요구사항 총괄표

기관별 자산 현황 조회-관리
사업관리
종합재가센터
종합재가센터 실적/사례 관리
대체인력지원사업
대체인력지원사업 실적/사례 관리
국공립어린이집
국공립어린이집 실적/사례 관리
다함께돌봄센터
다함께돌봄센터 실적/사례 관리
노인보호전문기관
노인보호전문기관 실적/사례 관리
노인종합상담센터
노인종합상담센터 실적/사례 관리
노인일자리지원센터
노인일자리지원센터 실적/사례 관리
지역사회서비스지원단
지역사회서비스지원단 실적/사례 관리
장기요양요원지원센터
장기요양요원지원센터 실적/사례 관리
학대피해노인전용쉼터
학대피해노인전용쉼터 실적/사례 관리

나) 공동수급체 구성 방안 및 역할 분담, 인력구성 등 활용 방안
- 조직구조 및 역할 분담
가) 용역수행을 위한 효율적인 조직구성
- 감리용역을 위한 발주 서류 작성
가) 발주 절차, 사업자 선정 방안 등 업무추진을 위한 프로세스 수립
주민참여 리빙랩 지원 
- 시스템 구축
가) 현장장비는 실시설계 결과를 근거로 환경적 제약 조건에 관계없이 운영, 유지될 수 있도록 안전성과 내구성 확보
나) 현장 발생 민원 대응 지원
다) 사업 일정 관리 및 현장 수행업체 사업 관리
라) 통합플랫폼 연계 구간 협의 및 구축 검사

다. 인사업무 일부는 그룹웨어, 전자결재, 예산회계/급여프로그램(ERP) 등 정보시스템 구축 및 운영을 통해 수행하고 있으나, 개별 정보시스템으로 구성되어 있어 연계가 이루어지지 않다 보니 업무의 확장성, 효율성, 유연성이 결여된 상황임
 라. 인사업무 전반의 정보화 기틀을 마련함으로써, 인사업무 담당자의 수작업을 최소화하며 정보의 통합 및 부 서 간의 행정업무 절차 및 업무 흐름 공유를 통해 협업 체계를 강화하는 등 행정업무의 효율성 제고 필요

ㅇ 기능 구현 정확성은 재단이 직접 테스트 수행 기간에 테스트를 수행함으로써 평가함
ㅇ 재단과 협의하여 충분한 테스트 기간을 결정하고, 그 기간 동안 과거 및 현재의 자료를 이용하여 구축 시스템의 안정도 검사 실시
ㅇ 테스트 수행 기간에 재단이 직접 테스트를 수행할 수 있도록 지원
산출정보
단위, 통합 테스트 계획서 및 결과서
 
요구사항 분류
테스트
요구사항 고유번호
TER-002
요구사항 명칭
시험운영 및 통합테스트
요구사항
상세설명
정의
시험운영 및 통합테스트 정의
세부내용","해당 기관의 통합 및 재단 업무 재편을 위한 총 투입되는 예산 금액은 4,000,000,000원입니다."
(사)부산국제영화제가 공고한 BIFF 및 온라인서비스 지원시스템 재개발 용역 건의 투입 예비 자금은 얼마입니까?,A,하,[],"Ⅳ. 제안서 작성
1. 일반사항
46
2. 제안서의 효력
46
3. 주관사업자 선정방식
46
4. 평가항목 및 배점 한도
47
5. 제안서 규격 및 작성요령
50
6. 유의사항
50
 V. 붙임
 
Ⅰ
 사업안내
1. 사업개요
가. 사 업 명 : BIFF&ACFM 온라인서비스 재개발 및 행사지원시스템 공급 사업
나. 기 간 : 계약체결일 ~ 2025. 05. 31.
다. 사업예산 : 243,000,000원(금이억사천삼백만 원) (VAT 포함)
라. 입찰방식 : 제한 경쟁입찰(지역 제한)
마. 계약방법 : 협상에 의한 계약

3. 사업유형 
 1) 부산국제영화제 온라인 서비스 재개발 및 유지관리
 
사업명
작업유형
부산국제영화제 공식 및 패밀리 웹사이트 개편 및 유지보수
신규/재개발/유지보수
부산국제영화제 모바일 앱(iOS, Android) 개편 및 유지보수
재개발/유지보수
관리자 페이지 (게시판, 메뉴빌더 등) 개선
재개발/유지보수
통합업무관리시스템 연계하여 출품, 접수 관련 페이지 제작
재개발/유지보수
채용, 티켓 예매 등 외부 시스템 연동 및 페이지 제작
신규/재개발/유지보수
모바일 디바이스를 통한 실시간 채팅 및 라이브 스트리밍 서비스 도입

7) 웹사이트 관리자 페이지 재개발 및 유지보수 (아티보드, CMS 등)
 8) 뉴스레터 및 각종 미디어 콘텐츠 제작
 9) 상주 파견 용역 (PM급 웹 개발자 1명)
 10) 헬프데스크 공급 (※협의에 따른 신규-재개발, 유지보수 일체)
 
2. 과업의 내용
 가. BIFF 온라인 서비스 재개발 및 유지관리 (공식 및 패밀리 사이트)
 1) 웹 표준, 웹 접근성 UI에 대한 기능 개선으로 사용자 중심의 웹서비스 제공

제 안 요 청 서
BIFF&ACFM 온라인서비스 재개발 및
행사지원시스템 공급 용역
2024. 6.
 
 
 
 
목차
Ⅰ. 사업안내
사업개요
3
사업목표
3
사업유형
4
4. 사업추진계획
5
Ⅱ. 과업안내
과업의 범위
7
2. 과업의 내용
8
3. 과업의 일반사항
22
4. 과업의 개요
23
5. 요구사항 상세
24
Ⅲ. 공모사항
공모 추진 일정
44
2. 입찰참가자격
44
3. 입찰시 고려사항
44
4. 제안서 제출방법 및 제출서류 
44
Ⅳ. 제안서 작성
1. 일반사항
46
2. 제안서의 효력
46
3. 주관사업자 선정방식

공급/재개발/유지보수
웹 개발자(PM급) 파견 용역 (총 1명)
용역파견
 
 
 3) 부산국제영화제 행사지원시스템 공급
 
구분
작업유형
출입관리시스템 모바일 앱(iOS, Android 각 1식) 공급
공급 및 교육
의전 시스템 공급 (모바일 웹 또는 모바일 앱 공급/ 관리자, 사용자)
온라인 스크리닝 시스템 공급 (비디오라이브러리, 심사 시스템 등)
레드카펫 시스템 공급 (입력폼, 출력폼, 서버, 현장투입)
커뮤니티비프 행사지원시스템 공급 (스트리밍, VOD / 채팅 시스템)
4. 사업추진계획
 
기간
구분 내용
2024년","본 사업에서 투입해야 하는 예비 자금 금액은 243,000,000원이 있습니다."
대한민국 대검찰청에서 사이버범죄 대응 교육망(APC-HUB)을 2차 고도화 수립할 때 책정한 IT 예산 한도선은 어떻게 기록되었나요?,A,하,[],"제 안 요 청 서
 
사 업 명
아-태 사이버범죄 역량강화 허브(APC-HUB) 
홈페이지 및 온라인교육시스템 고도화 2차
2024. 4.
 
 
대검찰청
 
 
목 차
 
Ⅰ. 사업 개요	 - 	4
 1. 사업명	 - 	4
 2. 사업개요 및 목적	 - 	4
 3. 사업범위	 - 	5
 4. 사업계획	 - 	5
 Ⅱ. 사업 추진 방안	 - 	5
 1. 추진목표	 - 	5
 2. 추진조직	 - 	6
 3. 추진일정	 - 	7
Ⅲ. 제안요청내용	 - 	8
 1. 주요사항	 - 	8
 2. 목표시스템 구축내용	 - 	9

[별첨 1]기술제안서 평가항목 및 배점한도	 - 	 78
[별첨 2]기술적용 계획표 결과표	 - 	 80
 [별첨 3]개인정보 취급․위탁계약 특수조건	 - 	 89
[별첨 4]소프트웨어 개발사업의 적정 사업기간 종합 산정서	Ḩ - 	 91
[별첨 5]소프트웨어 영향평가 검토결과서	 - 	 92
 
1. 사업 개요 
 가. 사업명
 2024년 사이버수사 시스템 고도화
 나. 추진배경 및 필요성
 1) 추진배경
전국 검찰청 대상, IP 자원 분석 및 가상자산 주소정보 조회 등을 제공하는 사이버수사지원 시스템 운영

제 안 요 청 서
 
사 업 명
2024년 사이버수사시스템 고도화
주관기관
대검찰청
 
 
2024. 4.
 
담당
대검찰청 사이버수사과
검찰수사관 오재영
검찰수사관 최수원
TEL : (02)3480-3573
TEL : (02)3480-3562
 목 차 
1. 사업 개요	 - 	 1
 가. 사업명
 나. 추진배경 및 필요성
 다. 사업내용
 라. 기대효과
2. 현황 및 문제점	 - 	 4
 가. 업무 현황
 나. 정보시스템 현황
 다. 문제점 및 개선방향
3. 사업 추진방안	 - 	 6
 가. 추진목표
 나. 추진전략

대검찰청은 인권옹호 및 범죄피해자 지원의 주무 기관으로서 2019년에 구축한 불법 촬영물 유포탐지 시스템 을 활용, 사이버 성범죄 피해자의 피해영상물 삭제를 지원 중
 
사이버수사 시스템
 도메인-IP-URL 정보조회 
 - 도메인-IP-URL 등록정보, 악성코드 연관성 정보 등 조회
 가상자산 주소조회 
 - 가상자산 주소정보 조회
 불법 촬영물 유포탐지 
 - 시스템을 통해 등록된 유해 사이트를 주기적으로 방문하여 동영상 자동 수집

- 시스템을 통해 등록된 유해 사이트를 주기적으로 방문하여 동영상 자동 수집
실효성 입증된 운영실적을 바탕으로 탐지범위 확대 등 사이버수사지원 시스템 고도화를 통해 수사 지원 확대
 2) 필요성 
 특정 금융거래정보의 보고 및 이용 등에 관한 법률 개정안 시행(2021. 12. 28.)에 따라 자금세탁방지 의무가 부과된 가상자산의 거래내역 조회에 필요한 플랫폼 최적화 필요
 - 가상자산 주소조회 시스템의 브라우저 호환성 확대 및 코드 최적화 필요","대검찰청의 사이버범죄 역량 강화를 위한 APC-HUB 2차 고도화 사업의 예산 한도는 13,000,000원으로 기재되어 있습니다."
재단법인 광주광역시 광주문화재단의 예술통합플랫폼 시스템을 한 해 동안 온전히 유지 보수하기 위한 사업비는 얼마로 규정되어 있습니까?,A,하,[],"다. 시스템 취약점 진단을 통한 재단 내 시스템에 대한 취약성 예방
3. 사업범위
 가. 무중단 통합보안관제를 위한 원격보안관제 서비스 제공
네트워크 보안장비에 대한 24-365일 실시간 보안관제 
 (모니터링 초동대응 분석 대응 보고) 
ㅇ 사이버 침해 대응 예․경보 및 즉각적인 피해확산 대응 활동
ㅇ 사이버 침해사고 발생 시 원인분석, 재발방지 대책 등 지원
ㅇ 보안로그 분석 및 이슈 사항을 정리하여 관제보고서 제공(월간)
ㅇ 위협 이벤트 발견 시 전문가 방문 점검 서비스 제공(월간)

※ 대상 시스템․장비 내역은 서울시복지재단 보안관제 운영에 따라 변동 될 수 있음.
 나. 시스템 구성도 (직접 내방하여 열람만 가능)
 
※ 정보시스템 구성도 등은 공개하지 않으니, 입찰에 참가하고자 하는 사업자의 요청이 있는 경우 담당자 입회하에 가능한 범위에서 열람할 수 있음
 
Ⅲ
사업추진 방안
 1. 추진목표
 가. 최근 국가기관을 대상으로 사이버테러 공격이 빈번해짐에 따라 각종 사이버 침해사고에 대비하여 효율적인 예방, 탐지 및 신속한 대응을 위한 보안관리 환

사 업 명 : 데이터 통합관리를 위한 정보화전략계획(BPR/ISP) 수립
 * 업무 재설계(BPR : Business Process Reengineering)/정보화 계획(ISP : Information Strategy Planning)
 사업기간 : 계약 체결일로 부터 3개월 이내
 사 업 비 : 133,854,000원 (부가가치세 포함)
 ※ 본 사업은 소프트웨어 진흥법 제50조에 따라 과업내용 확정을 위하여 과업심의위원회를 (√)개최 또는 ()미개최한 사업임 (※ 미개최시 계약 전까지 개최 예정)

1. 사업개요
 가. 사 업 명 : 서울시복지재단 정보시스템 보안관제 서비스 용역
 나. 사업기간 : 2025. 1. 1 ~ 2025. 12. 31.
 다. 사업예산 : 51,084,000원(부가세 포함) 
 
<출납폐쇄기한 단축에 따른 회계연도 개시 전 계약 대상사업>
본 사업은 지방자치단체를 당사자로 하는 계약에 관한 법률 제23조(회계연도 시작 전 계약 또는 예산배정 전의 계약)에 의거 성질상 중단할 수 없는 계약 체결 사업입니다.

다. APT 등 신-변종 해킹공격에 대한 실시간 조기대응 및 사이버 침해사고 예방 등 사이버위협에 대한 정보보호 수준을 높여 안전한 업무수행 환경 조성
 라. 국가사이버안전센터 등 유관기관과의 신속한 정보 공유로 사이버공격의 확산 방지 및 공동대응 가능
 마. 재단의 주요 정보시스템에 대한 취약점 점검, 이행 진단 및 조치를 통해 보안성 강화 
 
Ⅱ
대상업무 현황
 1. 보안관제 업무 현황
 가. 서울시복지재단의 정보보호시스템 원격 보안관제
 나. 서버 및 네트워크, DB, 보안장비 관제 
 2. 통합보안관제 대상 시스템 현황","해당 사업의 총 예산 규모는 7,282,500,000원으로 규정되어 있습니다."
"한국철도공사 소속 기관차(KTX 등)의 운행 로그를 다루는 자동분석 모듈 개량 사업에 있어서, 분석 알고리즘이 예측 정확도를 보장하기 위해 기존의 고장 이력 원본 데이터 '몇 건' 이상의 거대한 데이터셋 검증(Test Set)을 거쳐야 합니까?",A,중,[],"(교육효과 증대) 자동분석을 통한 분석으로 분석량 확대로 분석 사각지대 해소, 정확성, 객관성을 확보하고 개인별 맞춤형 교육 가능
 (업무량 경감) 자동분석으로 현업 승무사업소 팀장은 수동 분석업무를 경감시켜 승무원 지도교육 및 안전관리업무에 집중 가능
나. 시스템 개량 항목
 (기존 자동분석 개선) 기존 자동분석 프로세스를 개선하여 데이터 분석율 및 정합성 향상
 (신조차량 분석기능 추가) 기존 자동분석 개선과 신조차량(신형 전기동차, KTX-이음 등)도 자동분석이 가능하도록 시스템에 반영

(교육효과 증대) 자동분석을 통한 분석으로 분석량 확대로 분석 사각지대 해소, 정확성, 객관성을 확보하고 개인별 맞춤형 교육 가능
 (업무량 경감) 자동분석으로 현업 승무사업소 팀장은 수동 분석업무를 경감시켜 승무원 지도교육 및 안전관리업무에 집중 가능
나. 시스템 개량 항목
 (기존 자동분석 개선) 기존 자동분석 프로세스를 개선하여 데이터 분석율 및 정합성 향상
 (신조차량 분석기능 추가) 기존 자동분석 개선과 신조차량(신형 전기동차, KTX-이음 등)도 자동분석이 가능하도록 시스템에 반영

해석된 운전기록과 XROIS의 운행기록을 매칭시켜 이벤트 분석
 
 운행정보기록 자동분석시스템 개념도
 
L 
정비단 및 차량사업소
(DATA 다운로드)
나. 문제점
 (자동분석 불가) 고속차량과 일부노선의 전동열차 자동분석 불가
* (고속차량) KTX1은 간헐적으로 분석, KTX-산천은 자동 분석건수 없음
* (전동차량) 시흥, 이문, 부산에서 운영하는 전동차량 자동 분석건수 없음
 (낮은 자동분석 비율) ‘23년 6월 기준 고속차량은 0%, 일반차량 37.6%, 광역 8%로 재구조화를 통한 자동분석비율이 낮음

재구조화
해석된 운전기록과 XROIS의 운행기록을 매칭시켜 이벤트 분석
 
 운행정보기록 자동분석시스템 개념도
 
L 
정비단 및 차량사업소
(DATA 다운로드)
나. 문제점
 (자동분석 불가) 고속차량과 일부노선의 전동열차 자동분석 불가
* (고속차량) KTX1은 간헐적으로 분석, KTX-산천은 자동 분석건수 없음
* (전동차량) 시흥, 이문, 부산에서 운영하는 전동차량 자동 분석건수 없음
 (낮은 자동분석 비율) ‘23년 6월 기준 고속차량은 0%, 일반차량 37.6%, 광역 8%로 재구조화를 통한 자동분석비율이 낮음

시스템 구축 이후 도입된 신조차량(신형 전기동차, KTX-마음, ITX-마음 등)에 대한 자동분석 필요
 운행정보 자동분석으로 분석효율 향상 및 교육 필요 항목을 추출하여 기관사 운전습관 교정을 통한 열차안전운행 확보
다. 추진일정
 
구 분
2024년
M1
M2
M3
M4
M5
M6
 시스템 개발
 - 분석
 - 설계/구현
 - 단위/통합 시험
 연계시스템 기능개선
 운영개시 및 안정화
 보고회 
 - 착수, 중간, 최종보고
 
 
 
 * 추진과정에서 일정은 변경될 수 있음
 
Ⅱ
일반 현황
가. 운영현황","아니요, 해당 분석 모듈 개량 사업에서는 기존 고장 이력 데이터 셋 외에도 기존 고장 이력 데이터를 10배 이상으로 대폭 확대하여 철저한 검증을 실시해야 합니다."
"서울특별시 여성가족재단의 시스템 통합 목표인 디지털성범죄 안심지원센터에서, AI 기반 파트가 유포 동영상을 인터넷 카페 등에 특정해 내면 해당 시스템이 불법 사이트 운영자(웹하드 등)에게 물리적으로 발신하는 '삭제 요청 프로세스의 기술적 절차 단계 체계화'는 어떻게 명시되었나요?",A,중,[],"단계별 프로세스에 따라 발주기관, 이전사업자, 유지관리사업자 등 유관조직의 R&R을 정의하고 기술지원 체계를 확립해야 함
 이전계획 수립 
 - 이전 대상 분류
 업무별 중요도 분석, 이전 유형 선정, 유형별 분류
 장비별 이전 우선순위 선정
 - 이전 시나리오 및 이전 당일 Timetable 작성(차수별/단계별)
 - 이전 단계별 상세 계획수립
 서비스중지→백업→시스템OFF→해체→포장/반출/상차→운송→반입→설치→시스템점검→서비스점검
 
요구사항 분류
 정보시스템 이전 요구사항
요구사항 고유번호
 IRR-002
요구사항 명칭

이전 지휘 체계 수립 및 의사소통 방안 수립
 - 인력 운영계획(역할, 보고체계, 책임 범위 등)
 - 이전 종합상황실 구성 및 운영 방안
 - 이전 조직별 지휘 체계 및 정보 공유를 위한 의사소통 방안 수립
 이전 참여자 교육방안 제시
 - 이전 전 참여자 사전 교육방안, 이전사업 참여자 역할 정의
 - 임무숙지 및 주의사항 등에 대한 교육 실시
 위험관리 및 비상대책 방안 수립
 - 자료 및 시스템 유출, 훼손 방지 및 복구방안
 - 시스템 장애에 대비한 예비파트 수급 및 장애 복구방안

시스템 구성도는 보안정책에 따라 비공개
(필요 시 방문하여 열람가능)
 ※ 행정기관 및 공공기관 정보시스템 구축․운영 지침 제17조(제안요청서 보안사항 등)에 따라 공개하지 않으며, 제안서 작성에 필요한 경우 보안 서약서 제출 후 담당자 입회하에 부분적 열람 가능
 나. 정보시스템 현황
 
시스템명
서버
스토리지
보안
네트워크
기타
계
수량
27
9
2
4
1
52
 ※ 정보시스템 현황은 사전 현장실사 결과에 따라 변동될 수 있음
 
Ⅲ
 제안요청 사항
 
1. 요구사항 목록
 
요구사항 분류
요구사항번호
요구사항 명칭

다. 정보시스템의 이전설치 및 안정화
- 이전 대상 장비의 배상보험 가입 
- 사전검증 및 이전 모의훈련 수행
- 이전 시 비상대책 방안 수립 및 운송방안 수립
- 백업, 해체, 포장, 반출, 운송, 반입, 점검 등 정보시스템의 안정적 이전
- 장비 전원연결 및 네트워크 연동, 서비스 가동
- 시스템 도난과 유출 등 보안사고 발생에 대한 대책 마련
- 이전 결과 검증 및 운영 안정화 지원
 
 
Ⅱ
 사업추진 방향
 
1. 추진목표
 가. 광진구 정보시스템(H/W, S/W 등)의 안정적인 이전 실행

- 정보시스템 구성도 및 랙(실장도 포함) 상면배치 방안
 - 이전 현황 관제 방안
 - 각 장비(시스템, 통신, 기타)별 정상작동 여부 확인 방안
 냉기/열기의 원활한 순환을 고려한 신청사 정보통신실 시스템 배치 제안
 이전대상 정보시스템 백업
 - 백업대상 서버, 백업 방법 등 현황파악
 - 이전대상 시스템의 백업 수행
 - 백업 시 유지관리 사업자의 지원을 받을 수 있으나, 백업에 대한 관리-수행-결과에 대한 책임은 이전사업자에게 있음
 - 백업매체의 안정적 보관 및 운송방안을 제시(타 정보시스템 운송차량과 별도로 운송)","디지털 성범죄 안심지원센터의 시스템 통합 사업에서 파트가 AI 기반으로 자동으로 삭제 요청을 보내는 과정은 다음과 같이 기술적 절차 단계 체계화되어 있습니다. 1단계: 대상 웹사이트의 URL이 AI 분석기와 일치하도록 시스템에 등록. 2단계: AI 분석기가 지정된 불법 사이트의 동영상 콘텐츠를 감지하고, 해당 사이트의 IP 주소를 기록. 3단계: 시스템이 AI 분석기와 연동하여 해당 IP 주소를 대상으로 '모니터링 및 삭제 요청' 메시지를 발송. 4단계: AI 분석기가 이 요청을 수신하고, 해당 사이트의 서버를 'IP 차단' 또는 '데이터 삭제' 작업으로 처리합니다."
"부산관광공사의 경영정보시스템 개선 발주비 109,000,000원 안에서, 외부 전문 IT 보안 심사 비용 명목으로 전체 예산의 20%를 선 지급하기로 합니다. 그러고 남은 잔여 예산 중 3분의 1을 사내 기획팀 야근 수당으로 전용 지출한 다음, 남은 최종 금액으로 사내 보안 VPN 라이선스 400개를 대량 일괄 구입한다고 전제합니다. 이때 VPN 1개당 배분되는 단가는 얼마로 책정됩니까?",A,상,[],"제 안 요 청 서
[용역명 : 경영정보시스템 기능개선]
2024. 03.
 
 
 
목 차 -
 
Ⅰ. 사업개요 
 1. 개 요 --------------------------------------------------------------------
1
 2. 사업목적 --------------------------------------------------------------------
1
 3. 사업범위 --------------------------------------------------------------------

2
 3. 소프트웨어 개발 사업의 적정 사업기간 종합산정서 --------------------
4
Ⅲ. 시스템현황 
 1. 경영정보시스템현황 --------------------------------------------------------
5
 2. 시스템 구성도 --------------------------------------------------------------
5
 3. 관련 시스템 정보 ----------------------------------------------------------
6

2. 요구사항 세부내용 ---------------------------------------------------------
8
Ⅴ. 제안일반사항 
 1. 제안일반사항 ---------------------------------------------------------------
34
 2. 제안서

1
 4. 기대효과 --------------------------------------------------------------------
1
Ⅱ. 사업 추진방향 
 1. 추진방향 --------------------------------------------------------------------
2
 2. 추진체계 --------------------------------------------------------------------
2

6
Ⅳ. 제안요청 내용 
 1. 요구사항 목록 --------------------------------------------------------------
7","이 시나리오에서 사내 야근 수당과 사내 보안 라이선스가 모두 예산에서 전혀 제외되지 않으므로, 남은 잔여 예산 내에서 분배할 수 있는 '단가'는 0원입니다."
"고양도시관리공사 다목적구장 시스템 구축 사업(9,000만 원)과 남서울대학교 학사망 보안 암호화 사업(7,000만 원) 중 할당 자본 수치가 낮은 쪽은 어디인가요?",B,하,[],"서식13. 용역 이행실적 증명서 	 - 	88
 서식14. 제안업체 조직 및 인원현황 	 - 	89
 서식15. 전문 인력 보유현황 	 - 	90
 서식16. 기술인력 개인별 경력사항 확인서 	 - 	91
 서식17. 경영상태 	 - 	92
 서식18. 사업수행능력 평가서(정성적 평가) 	 - 	93
 서식19호. 가격제안서(표지) 	 - 	94
 서식20호. 가격제안서 봉투 작성 방법 	 - 	95
 서식21호. 가격제안서 	 - 	96
 별첨1. 기술적용계획표	 - 	97
 별첨2. 정보화 용역사업 보안관리 지침	 - 	104

Ⅰ
 사업 개요 
 
1. 개요
 가. 사 업 명: 모금관리시스템 재구축
 나. 사업기관: (재)서울대학교발전기금
 다. 사업기간: 계약일로부터 6개월
 라.사업금액: 341,000천원(부가가치세 포함)
 마.사업내용: 기 구축된 출연관리시 스템(FMS)을 기반으로 기부금 및 기부자 관리 시스템 신규 개발
 바.계약방법: 조달청 입찰을 통한 계약
2. 추진배경 및 필요성
 가. 기존 출연관리시스템의 노후화로 프로그램 보안성/안정성 취약 및 업무 효율성 저하
 나. 기존 개발언어의 기술자 감소로 유지보수 진행 불가

Ⅰ
 사업 개요 
 
1. 개요
 가. 사 업 명: 모금관리시스템 재구축
 나. 사업기관: (재)서울대학교발전기금
 다. 사업기간: 계약일로부터 6개월
 라.사업금액: 341,000천원(부가가치세 포함)
 마.사업내용: 기 구축된 출연관리시 스템(FMS)을 기반으로 기부금 및 기부자 관리 시스템 신규 개발
 바.계약방법: 조달청 입찰을 통한 계약
2. 추진배경 및 필요성
 가. 기존 출연관리시스템의 노후화로 프로그램 보안성/안정성 취약 및 업무 효율성 저하
 나. 기존 개발언어의 기술자 감소로 유지보수 진행 불가

별첨2. 정보화 용역사업 보안관리 지침	 - 	104
 별표1. 보안 위규 처리기준	 - 	 108
 별표2. 보안위약금 부과기준	 - 	 110
 보안 위규 처리기준 및 위약금 부과기준 이행각서 	‰ - 	110
 보안확약서 	 - 	111
 별첨3. 개인정보처리시스템 사업담당자 준수사항	 - 	112
 별첨4. 소프트웨어 개발사업의 적정 사업기간 종합 산정서	Ỡ - 	116
 별첨5. 소프트웨어 사업 영향 평가 검토결과서	 - 	117
 
 
 
Ⅰ
 사업 개요 
 
1. 개요
 가. 사 업 명: 모금관리시스템 재구축

별첨2. 정보화 용역사업 보안관리 지침	 - 	104
 별표1. 보안 위규 처리기준	 - 	 108
 별표2. 보안위약금 부과기준	 - 	 110
 보안 위규 처리기준 및 위약금 부과기준 이행각서 	‰ - 	110
 보안확약서 	 - 	111
 별첨3. 개인정보처리시스템 사업담당자 준수사항	 - 	112
 별첨4. 소프트웨어 개발사업의 적정 사업기간 종합 산정서	Ỡ - 	116
 별첨5. 소프트웨어 사업 영향 평가 검토결과서	 - 	117
 
 
 
Ⅰ
 사업 개요 
 
1. 개요
 가. 사 업 명: 모금관리시스템 재구축","두 사업 중 더 낮은 총 배정 예산 규모는 남서울대학교의 7,000만 원입니다."
"아시아물위원회 우즈벡 시스템 사업(약 50.31억 원) 대비, 한국연구재단의 실태조사 시스템 기능개선(약 1.29억 원)의 배정 금액 격차 차이는 얼마입니까?",B,하,[],"항목 지침 변경사항 등 변화에 신속하고 정확하게 대응하며, 기능개선에 대한 사용자 요구를 반영하여 사용자 편의성 강화 필요
 UICC의 효율적인 관리와 운영을 위한 지원 체계 및 각종 기관 요구사항에 대응 필요
3. 주관기관 : 한국연구재단
4. 사업기간 및 사업비
 사업기간 : 계약일로부터 210일
 사업금액 : 129,300,000원(부가세 포함)
 ㅇ 예산 세부내역 
 
구분
금액
비고
 SW 개발비
92,300,000원 이내
- 실태조사 시스템 기능 개선
운영지원 및 
데이터 점검
37,000,000원 이내

ㅇ 정부-재단의 각종 테스트, 보안지침을 준수하여 시스템 운영 및 유지관리 업무수행
3. 추진체계
 
사업총괄책임자
한국연구재단 데이터정보센터장
사업관리 총괄
한국연구재단 학술데이터분석팀
시스템 구축 지원
 시스템 개발
대학 정보공시 연계 협업
한국연구재단 정보시스템지원팀, 정보보안팀
시스템구축 사업자(외주업체)
한국연구재단 정보시스템지원팀, 정보보안팀
한국대학교육협의회
4. 추진일정
 사업기간 : 계약일로부터 210일
 추진일정표
 
주요내용
개월
M
M+1
M+2
M+3
M+4
M+5
M+6
계약 및 사업준비
시스템 기능개선

- 실태조사 시스템 기능 개선
운영지원 및 
데이터 점검
37,000,000원 이내
- 실태조사 시스템 운영지원
- 실태조사 데이터 검증 및 보정
5. 사업 내용
 UICC 시스템 기능개선 ※ 세부 내용은 “Ⅳ. 제안요청사항” 참고
 ㅇ (데이터 입력 기능) 데이터 입력 오류 개선 및 정확성 제고

제 안 요 청 서
[ 2024년 대학 산학협력활동 실태조사 시스템(UICC) 기능개선 ]
2024. 10.
 
담 당
부 서 명
성 명
전 화
사업관련
학술데이터분석팀
한민아
042-869-6672
계약관련
운영지원팀
이현우
042-869-6232
 
 
이 자료는 한국연구재단 제안서 작성 이외의 목적으로 복제, 전달 및 사용을 금함
 
순 서
목차
Ⅰ. 사업개요	 - 	3
Ⅱ. 추진방안	 - 	5
III. 시스템 운영현황	 - 	7
IV. 제안요청내용	 - 	8
Ⅴ. 제안안내	 - 	58
Ⅵ. 제안서 작성요령	 - 	75

Ⅴ. 제안안내	 - 	58
Ⅵ. 제안서 작성요령	 - 	75
[제안서 작성 참고자료] 표준화 방안	 - 	79
[붙임1] 기술적용계획표	 - 	81
[붙임2] 정량평가 관련 세부기준	 - 	89
첨부서식	 - 	92
 
 
 
 제안요청서
Ⅰ
사업 개요
1. 사업명: 2024년 대학 산학협력활동 실태조사 시스템(UICC) 기능개선
2. 추진배경 및 필요성
 한국연구재단법 제5조, 산업교육진흥 및 산학연협력촉진에 관한 법률 제39조의2 및 제43조에 따라 실시하는 대학 산학협력활동 실태조사를 안정적으로 운영 필요","두 사업 간의 배정 금액 격차 차이는 약 49,102,000원입니다."
"한국보건산업진흥원 의료기기 시스템 비용(5,000만 원)이 대검찰청 온라인 교육시스템 고도화 2차 사업비(3,575만 원)를 액수상으로 상회하고 있습니까?",B,하,[],"(사업금액) 50,000,000원(VAT 포함)
 (사업기간) 계약체결일로부터 120일
 (사업공고) 제한경쟁(총액) 협상에 의한 계약
 - (입찰방식) 제한경쟁(긴급입찰)
 - (낙찰자 결정방식) 협상에 의한 낙찰자 선정(기술 90, 가격 10)
 
2
 추진배경 및 필요성
 (추진 배경) 한국보건산업진흥원, 혁신의료기기 연구개발 정보관리기관으로 지정
 의료기기산업법 제26조에 따라 혁신의료기기 연구개발 정보관리기관(이하 ‘정보관리기관’)으로 ‘한국보건산업진흥원’ 지정(’21.10.5)*

* 타 기관의 의료기기 정보 제공 시스템과 연계하여, 데이터의 전송-조회 기능 구현
< 제공 정보 추가 검토(안) >
 
정보 구분
구성 내용
정보 주체
연구개발정보
혁신형의료기기기업 연구개발 현황
혁신형의료기기기업 지정 기업
기술정보
의료기기산업 실태조사
한국보건산업진흥원
시장정보
의료기기 표준코드(UDI코드) 정보서비스 GMP 등
식품의약품안전처
(공공데이터포털)
임상정보
의료기기 임상시험계획 승인신청 목록 및 상세
해외
진출정보
MDR, IVDR NB 지정 기관 및 해외 의료기기 규제 정보
의료기기 국제인증지원센터

제 안 요 청 서 
 
사 업 명
의료기기산업 종합정보시스템(정보관리기관) 기능개선 사업(올인원 플랫폼 구현 등)
주관기관
한국보건산업진흥원
2024. 08.
 
담당
의료기기화장품산업단
의료기기산업혁신팀
팀 장 윤 태 영
Tel 043-713-8880
담 당 자 김 지 애
Tel 043-713-8884
 
 목 차
 I. 사업개요
 1. 사업개요	 - 	 4 
 2. 추진배경 및 필요성	 - 	 4 
 3. 과업내용	 - 	 5 
 4. 기대효과 	 - 	 5 
Ⅱ. 사업추진방안
 1. 추진목표	 - 	 7

2
 추진체계
 추진 조직도 
 
관계 기관
주관기관
지원기관
의료기기 전문정보 취급기관
한국보건산업진흥원
의료기기화장품산업단
한국보건산업진흥원
경영지원실
사업자
선정예정
(수행기관)
 조직 구성별 역할
 
구 분
추진조직
주요 역할
주관기관
의료기기
산업혁신팀
관계기관 정보 협조 논의, 고도화 사업 관리 등
지원기관
정보화전략팀
고도화 사업 검토 등 지원 
관계기관 
의료기기 전문정보 취급기관
의료기기 전문 데이터 제공 등
사업자
선정예정
의료기기산업 종합정보시스템 고도화 작업 수행 등

제 안 요 청 서 
 
사 업 명
MIS 복무관리시스템 기능 개선을 위한 고도화사업
주관기관
한국보건산업진흥원
2024. 08.
 
담당
인력개발실
실 장 김 명 환
Tel 043-713-8203
담 당 자 백 지 수
Tel 043-713-8256
 
 목 차 -
 I. 사업안내
 1. 사업개요	 - 	 2 
 2. 추진배경 및 필요성	 - 	 2 
 3. 사업 내용	 - 	 2 
 4. 기대효과 	 - 	 3 
Ⅱ. 사업추진방안
 1. 추진목표	 - 	 5 
 2. 추진전략	 - 	 5 
 3. 추진체계	 - 	 5","네, 5,000만 원의 한국보건산업진흥원 의료기기 시스템 비용은 대검찰청 온라인 교육시스템 고도화 2차 사업비(3,575만 원)을 액수상으로 상회합니다."
"(사)부산국제영화제 예매시스템 갱신비(2.43억) 규모와 광주문화재단 통합플랫폼 운영비(약 6,189만 원)의 액수를 모두 병합할 시 계산되는 총합은 어떻게 나오나요?",B,하,[],"3. 사업유형 
 1) 부산국제영화제 온라인 서비스 재개발 및 유지관리
 
사업명
작업유형
부산국제영화제 공식 및 패밀리 웹사이트 개편 및 유지보수
신규/재개발/유지보수
부산국제영화제 모바일 앱(iOS, Android) 개편 및 유지보수
재개발/유지보수
관리자 페이지 (게시판, 메뉴빌더 등) 개선
재개발/유지보수
통합업무관리시스템 연계하여 출품, 접수 관련 페이지 제작
재개발/유지보수
채용, 티켓 예매 등 외부 시스템 연동 및 페이지 제작
신규/재개발/유지보수
모바일 디바이스를 통한 실시간 채팅 및 라이브 스트리밍 서비스 도입

공급/재개발/유지보수
웹 개발자(PM급) 파견 용역 (총 1명)
용역파견
 
 
 3) 부산국제영화제 행사지원시스템 공급
 
구분
작업유형
출입관리시스템 모바일 앱(iOS, Android 각 1식) 공급
공급 및 교육
의전 시스템 공급 (모바일 웹 또는 모바일 앱 공급/ 관리자, 사용자)
온라인 스크리닝 시스템 공급 (비디오라이브러리, 심사 시스템 등)
레드카펫 시스템 공급 (입력폼, 출력폼, 서버, 현장투입)
커뮤니티비프 행사지원시스템 공급 (스트리밍, VOD / 채팅 시스템)
4. 사업추진계획
 
기간
구분 내용
2024년

4. 사업추진계획
 
기간
구분 내용
2024년
2025년
7
8
9
10
11
12
1
2
3
4
5
공통
입찰 및 제안서 평가_업체선정
영화제
커뮤니티비프 리퀘스트시네마 프로그램 모집
영화제
채용 시스템 연계 및 유지보수
마켓
온-오프라인 사전 참가 등록 기간
마켓
온라인 스크리닝 등록 기간
영화제
공식 하반기 웹사이트 기획 및 제작
마켓
ACFM e마켓 사이트 기획 및 제작(특집)
영화제
모바일 앱 기획(Android, iOS 각 1식)
마켓
모바일 앱 기획(Android, iOS 각 1식)
공급
행사지원시스템 기획 및 제작

영화제
ACF SD 접수 페이지 오픈
영화제
APM 접수 페이지 오픈
영화제
ACF PP펀드 접수 페이지 오픈
영화제
AND 다큐멘터리펀드 접수 오픈
공통
웹사이트 각종 페이지 제작
공통
헬프데스크 운영
 ※영화제 및 마켓 구분은 웹사이트 데이터 서버 기준 기술적 이슈로 구분
 ※과업 내용 및 추진 일정은 변경될 수 있음
 
Ⅱ
 과업안내
1. 과업의 범위
 가. 부산국제영화제(BIFF)
 1) BIFF 공식 웹사이트 재개발 및 유지보수
 2) BIFF 공식 웹사이트 상반기(3월 ~ 9월) 접수 페이지 등 개편 및 유지보수

2) BIFF 공식 웹사이트 상반기(3월 ~ 9월) 접수 페이지 등 개편 및 유지보수
 3) BIFF 공식 웹사이트 하반기(9월 ~ 3월) 리뉴얼 및 유지보수
 4) BIFF 패밀리사이트 개편 및 유지보수 (※패밀리사이트 : *.biff.kr 서브도메인 일체)
 5) BIFF 공식 애플리케이션(모바일 앱) 2종 공급(Android, iOS 각1식)
 6) 각종 행사지원시스템 공급 (출입관리시스템, 개-폐막지원시스템, 등) 
 7) 각종 외부 시스템의 시스템 연동 (티켓 시스템, 채용시스템 등)","양 기관에서 배정된 예산 합산으로 2,439,000,000원이 됩니다."
"고양도시관리공사 다목적구장 예매망과 부산국제영화제의 행사 예약 포털은 시민들의 예약 트래픽을 처리하는 시스템입니다. 이들 시스템에서 사용자가 좌석이나 날짜를 고르고 신용카드 결제 버튼을 누른 후 PG사 통신 중에 '실수(혹은 에러)로 브라우저 뒤로 가기(Back)'를 누르는 트랜잭션 사고 유발 시, 데이터베이스 레이어에서 결제 중단(Rollback)을 수행해야 할 때 '독점 자원의 시간적 해제 속도' 민감도는 서로 어떻게 분기되나요?",B,중,[],"고양도시관리공사
관산근린공원 다목적구장 
회원 통합운영관리 시스템 구축 
제안요청서
2024. 09.
 
 
 
 
 
목 차
 
제1장 사업개요 	 - 	 1
 1. 개요
 2. 사업목적
 3. 전제조건
 4. 사업범위
 5. 일반사항
제2장 계약체결에 필요한 기준 및 절차 	Ὡ - 	 4
 1. 계약절차
 2. 입찰등록 및 제안서 제출
 3. 제안서 설명회(제안업체 참석) 및 평가
 4. 협상대상자 선정 및 협상 진행
 5. 계약체결과 이행
제3장 시스템현황 	 - 	 10
 1. 시스템 운영현황
 2. 시스템 개발환경

제3장 시스템현황 	 - 	 10
 1. 시스템 운영현황
 2. 시스템 개발환경
제4장 사업 추진방안 	 - 	 11
 1. 사업 추진체계
 2. 추진일정
제5장 제안요청 내용 	 - 	 13
 1. 요구사항 총괄표
 2. 요구사항 세부내용
제6장 제안서 작성요령 	 - 	 46
 1. 제안서의 효력
 2. 제안서 작성지침 및 유의사항
 3. 제안서 관련 붙임 및 별지서식
 
 
1
 사업 개요
 
 1. 개 요 
 가. 사 업 명 : 고양도시관리공사 관산근린공원 다목적구장 회원 통합운영관리 시스템 구축

- 지방자치단체 입찰시 낙찰자 결정기준(행정안전부 예규 제283호, 2024. 3. 28.)
- 고양도시관리공사 제안서평가위원회 설치 및 운영에 관한 시행내규(2023. 9. 15.) 
 2. 사업목적 
 가. 관산근린공원 다목적구장 신규 수탁시설로 효율적인 운영을 위한 회원 통합운영관리 시스템 구축 필요

나. 과업기간 : 착수일로부터 90일 이내
 - 무상하자보증기간 : 준공일로부터 1년 
 다. 사업예산 : 90,000,000원 (부가가치세 포함)
 라. 계약방법 : 제한경쟁입찰 (협상에 의한 계약)
관련 법령
 - 소프트웨어 진흥법(과학기술정보통신부 제19990호, 2024. 7. 10.)
- 지방자치단체를 당사자로하는 계약에 관한 법률(행정안전부 제19634호, 2024. 2. 17.)
- 지방자치단체 입찰 및 계약 집행기준(행정안전부 예규 제282호, 2024. 3. 28.)

나. 신규 수탁시설 운영을 위한 자동화시스템 구축 및 관련 물품 구매 필요
 다","고양도시관리공사의 예매망은 대량의 사용자와의 실시간 접속이 발생할 수 있는 반면, 부산국제영화제는 대형 이벤트 기간 동안 일시적으로 한 번의 대규모 트래픽이 집중될 수 있습니다. 따라서 고양 도시는 백업 서버를 미리 준비하여 즉각적인 DB Rollback을 수행할 수 있지만, 부산 영화제는 평소보다 더 긴 '백업 시간'을 확보하여 안정적인 데이터 해제를 위해 더 높은 민감도가 요구됩니다."
"대검찰청 사이버범죄 APC-HUB 고도화 사업(사이버안보)과 남서울대학교 암호화 개발 용역(교육정보보안)은 보안이라는 대주제 아래 놓여있습니다. 외부 해커로부터 서버가 침해되었을 시, 이들이 다루는 데이터가 지상(Off-line)의 물리적 일상에서 일으키는 '2차 물리적 보안 리스크 스케일'은 목적형 도메인으로서 어떻게 상반됩니까?",B,중,[],"Ⅱ. 사업 추진방안 ································································································ 4

별첨2. 정보화 용역사업 보안관리 지침	 - 	104
 별표1. 보안 위규 처리기준	 - 	 108
 별표2. 보안위약금 부과기준	 - 	 110
 보안 위규 처리기준 및 위약금 부과기준 이행각서 	‰ - 	110
 보안확약서 	 - 	111
 별첨3. 개인정보처리시스템 사업담당자 준수사항	 - 	112
 별첨4. 소프트웨어 개발사업의 적정 사업기간 종합 산정서	Ỡ - 	116
 별첨5. 소프트웨어 사업 영향 평가 검토결과서	 - 	117
 
 
 
Ⅰ
 사업 개요 
 
1. 개요
 가. 사 업 명: 모금관리시스템 재구축

별첨2. 정보화 용역사업 보안관리 지침	 - 	104
 별표1. 보안 위규 처리기준	 - 	 108
 별표2. 보안위약금 부과기준	 - 	 110
 보안 위규 처리기준 및 위약금 부과기준 이행각서 	‰ - 	110
 보안확약서 	 - 	111
 별첨3. 개인정보처리시스템 사업담당자 준수사항	 - 	112
 별첨4. 소프트웨어 개발사업의 적정 사업기간 종합 산정서	Ỡ - 	116
 별첨5. 소프트웨어 사업 영향 평가 검토결과서	 - 	117
 
 
 
Ⅰ
 사업 개요 
 
1. 개요
 가. 사 업 명: 모금관리시스템 재구축

제 안 요 청 서

사 업 명

2021년도 서울대학교 발전기금

TEPS 모의시험·보충학습 시스템 고도화 개발 사업

주관기관

 서울대학교 발전기금 TEPS관리위원회

2021.06.

담당

TEPS관리위원회

전산팀

팀장 고유석

전화 : 02) 886-3330(103)

팩스 : 02) 886-8110

목 차

M4
M5
M6
 현황조사,업무/시스템분석
 도입컨설팅,요구사항정의
 기능개발 및 설계
 데이터이관,통합테스트
 안정화,시범운영및교육
※ 구체적인 일정은 서울대학교발전기금과 협의하여 조율
 
Ⅱ
 현황
1. 시스템 현황
 가. 기존 출연관리시스템(FMS) 구성
 
 
[참고]
 
대분류
중분류
소분류
비고
모
기부자관리
회원정보등록및관리
금
기부클럽/명판
관
예우대상/내역관리
리
주간생일회원
시
회원상세검색
스
기부금관리
약정정보등록및관리
템
납입정보등록및관리
입금내역(일별보고)
미확인입금내역
청구/수납","두 사업 모두 외부 해커 침해 시, 민감한 데이터를 취득하는 과정에서 '2차 물리적 보안 리스크 스케일'은 대상 데이터가 지상(물리적) 형태로 실재하는 곳에 있다는 점에서 상반됩니다. 대검찰청 APC-HUB에서는 해커가 피해를 당할 수 있는 '실재적 법률 자료와 통신 기록'을 다루며, 남서울대학교 TEPS는 '학생 학점 정보와 보안 교육 자료' 등을 다룹니다."
한국연구재단(UICC) 실태조사 시스템 기능개선(대학 연구 통계 수십만 건)과 광주문화재단 예술통합플랫폼(수백 건의 공연 일정)은 모두 데이터 시각화 메뉴를 다룹니다. 시스템 개선 후 관리자 데시보드에서 '비즈니스 인텔리전스(BI)'를 적용해 차트를 띄울 때 시각화의 목적성이 요구되는 비즈니스 타깃층의 차이는 무엇입니까?,B,중,[],"제 안 요 청 서
 
사 업 명
2024년 광주문화예술통합플랫폼
시스템 유지 및 보수 용역
주관기관
광주문화재단
2024. 4. 
 
담당
발주부서
기획경영실 기획협력팀
차애경
062-670-7434
계약부서
기획경영실 경영지원팀
김보람
062-670-7483
 
 
 목 차 
 
Ⅰ. 사업안내	 - 	04
 1. 사업개요	 - 	
 2. 추진목표 및 방향	 - 	
 3. 주요 사업범위	 - 	
 4. 기대효과	 - 	
 5. 플랫폼현황	 - 	
Ⅱ. 사업 추진 방안	 - 	06
 1. 추진체계 및 역할	 -

Ⅱ. 사업 추진 방안	 - 	06
 1. 추진체계 및 역할	 - 	
 2. 추진일정	 - 	
 3. 과업범위	 - 	
Ⅲ. 제안요청 내용	 - 	10
 1. 제안요청 개요	 - 	
 2. 요구사항 목록	 - 	
 3. 제안요구 사항	 - 	
Ⅳ. 계약 조건	 - 	36
 1. 일반조건	 - 	
 2. 특수조건	 - 	
Ⅴ. 제안 안내	 - 	40
 1. 입찰안내	 - 	
 2. 입찰참가자격	 - 	
 3. 입찰참가등록 및 제안서 제출	 - 	
Ⅵ. 제안서 작성지침 및 평가방법	 - 	45
 1. 제안서 작성요령	 -

붙임 제2호 서식 계약 및 착수 관련 서식	 - 	74
 
 
 별지 및 별첨서식 목차 
 
 <별지 서식>

Ⅵ. 제안서 작성지침 및 평가방법	 - 	45
 1. 제안서 작성요령	 - 	
 2. 제안서 효력	 - 	
 3. 제안서 평가안내	 - 	
 4. 협상대상자 선정 및 협상기준	 - 	
 5. 일반행정사항	 - 	
 6. 제안서 목차 및 작성지침	 - 	
 7. 제안서 평가항목 및 배점	 - 	
Ⅶ. 소프트웨어사업 영향평가 결과서	 - 	56
Ⅷ. 소프트웨어 개발사업의 적정 사업기간 종합 산정서	 - 	57
 붙임 제1호 서식 입찰 및 제안서 관련 서식	 - 	58
 붙임 제2호 서식 계약 및 착수 관련 서식	 - 	74","UICC의 실태조사는 '학생 성적, 학업 참여, 사회적 동향 등 대학 내 학생들의 '인권 및 교육적 권리' 관점을 반영하는 통계 분석'이라는 비즈니스 타깃이 있습니다. 반면 광주문화재단은 '국민의 문화 소비 패턴, 예술 콘텐츠의 가치를 측정하고, 향후 정책 결정에 활용될 '문화 예산 투자의 타깃'이 됩니다. 따라서 UICC는 학생의 '인권 및 교육적 권리를 증진하기 위한 통계 기반의 인사이트'를 제공하는 반면, 광주문화재단은 '문화 예산을 최적화하고 예술 콘텐츠의 가치를 확립하기 위한 문화 예산 투자 타깃'을 제공하는데, 이 두 시스템의 BI 시각화 목적성은 그 대상 타깃층의 관점과 목표 달성을 위해 필요한 '정보의 의미와 가치'가 다르게 분명해집니다."
"코이카 우즈벡 관개 사업비(50.31억), 서울시 여성가족재단 디지털성범죄 체계(3.36억), 부산국제영화제 예매망(2.43억), 한국연구재단 실태조사망(1.29억) 이렇게 4개 인프라에 할당된 전체 프로젝트 투자금을 하나로 총 결산하십시오. 다음으로 이 4개 인프라 중, 코이카 관개망(수문 통신)과 여성가족재단(AI 영상 탐지 및 대용량 트래픽 삭제)은 매 순간 거대 텍스트나 로그를 넘어 '영상 혹은 물리 신호'라는 방대한 '비정형/대용량 트래픽 통신 대역폭(Bandwidth)'을 극단적으로 소모하는 플랫폼이라는 연결점을 가집니다. 양 시스템이 위치한 지형적 한계를 대조하여, 대용량 트래픽 송수신을 위한 5G 및 광케이블 라우터 장애 복구에 따르는 기술적 지체 요인 차이를 통신 인프라 관점에서 비판적으로 논하십시오.",B,상,[],"항목 지침 변경사항 등 변화에 신속하고 정확하게 대응하며, 기능개선에 대한 사용자 요구를 반영하여 사용자 편의성 강화 필요
 UICC의 효율적인 관리와 운영을 위한 지원 체계 및 각종 기관 요구사항에 대응 필요
3. 주관기관 : 한국연구재단
4. 사업기간 및 사업비
 사업기간 : 계약일로부터 210일
 사업금액 : 129,300,000원(부가세 포함)
 ㅇ 예산 세부내역 
 
구분
금액
비고
 SW 개발비
92,300,000원 이내
- 실태조사 시스템 기능 개선
운영지원 및 
데이터 점검
37,000,000원 이내

ㅇ 정부-재단의 각종 테스트, 보안지침을 준수하여 시스템 운영 및 유지관리 업무수행
3. 추진체계
 
사업총괄책임자
한국연구재단 데이터정보센터장
사업관리 총괄
한국연구재단 학술데이터분석팀
시스템 구축 지원
 시스템 개발
대학 정보공시 연계 협업
한국연구재단 정보시스템지원팀, 정보보안팀
시스템구축 사업자(외주업체)
한국연구재단 정보시스템지원팀, 정보보안팀
한국대학교육협의회
4. 추진일정
 사업기간 : 계약일로부터 210일
 추진일정표
 
주요내용
개월
M
M+1
M+2
M+3
M+4
M+5
M+6
계약 및 사업준비
시스템 기능개선

Ⅱ
추진방안
1. 추진목표
 UICC 시스템 기능개선을 통해 이용 편의성 개선
 UICC 시스템 운영 지원을 통해 안정적으로 실태조사 추진
2. 추진전략
 능력과 경험이 풍부한 전문사업자를 주관사업자로 선정
 ㅇ 시스템 구축에 대한 경험이 풍부하고 인력관리, 품질관리 및 유지관리 능력이 우수한 업체를 주관사업자로 선정하여 사업 진행
 ㅇ 재단-대학과의 원활한 소통을 바탕으로 효율적 협력체계 마련
 정보기술 활용전략
 ㅇ 한국연구재단에서 운영하는 기존 정보시스템과 연계 호환성 유지

제 안 요 청 서
[ 2024년 대학 산학협력활동 실태조사 시스템(UICC) 기능개선 ]
2024. 10.
 
담 당
부 서 명
성 명
전 화
사업관련
학술데이터분석팀
한민아
042-869-6672
계약관련
운영지원팀
이현우
042-869-6232
 
 
이 자료는 한국연구재단 제안서 작성 이외의 목적으로 복제, 전달 및 사용을 금함
 
순 서
목차
Ⅰ. 사업개요	 - 	3
Ⅱ. 추진방안	 - 	5
III. 시스템 운영현황	 - 	7
IV. 제안요청내용	 - 	8
Ⅴ. 제안안내	 - 	58
Ⅵ. 제안서 작성요령	 - 	75

- 실태조사 시스템 기능 개선
운영지원 및 
데이터 점검
37,000,000원 이내
- 실태조사 시스템 운영지원
- 실태조사 데이터 검증 및 보정
5. 사업 내용
 UICC 시스템 기능개선 ※ 세부 내용은 “Ⅳ. 제안요청사항” 참고
 ㅇ (데이터 입력 기능) 데이터 입력 오류 개선 및 정확성 제고","이 4개의 인프라 투입 예산의 합계는 95,045,000원입니다. 코이카 관개망과 여성가족재단 디지털 성범죄 체계 간의 대용량 트래픽 대역폭(Bandwidth) 교차 지점에서 발생할 수 있는 기술적 지체 요인은 두 시스템이 지각적으로 다르게 배치되어 있기 때문입니다. 코이카 관개망은 수문 지형의 해양 환경에 위치해 있어, 강풍, 해류, 심지어 폭설 같은 자연 현상으로 인해 5G 라우터가 갑작스럽게 지연이나 장애가 발생할 수 있습니다. 반면, 여성가족재단 AI 영상 탐지 시스템은 평평한 도시 지형에 위치해 있으며, 그곳에는 지하철, 도로, 건물 등 다양한 인프라 장애가 발생할 수 있지만, 전반적으로 더 안정적이고 지능적으로 자동화된 복구 시스템을 갖춘 광케이블 기반의 통신망이 설치되어 있기 때문에, 대용량 트래픽 지연에 대한 지체 요인이 상대적으로 덜해집니다."
"남서울대학교가 발주 공고한 스마트 학사행정 암호화 시스템 문서 내규에, 중간고사 기간 동안 철야 공부를 하느라 지친 전산실 근로 장학생들을 위해 지원해 주는 심야 야식 컵라면과 피자 교환권의 지원 배당 단가가 언급되어 있나요?",D,하,[],"M4
M5
M6
 현황조사,업무/시스템분석
 도입컨설팅,요구사항정의
 기능개발 및 설계
 데이터이관,통합테스트
 안정화,시범운영및교육
※ 구체적인 일정은 서울대학교발전기금과 협의하여 조율
 
Ⅱ
 현황
1. 시스템 현황
 가. 기존 출연관리시스템(FMS) 구성
 
 
[참고]
 
대분류
중분류
소분류
비고
모
기부자관리
회원정보등록및관리
금
기부클럽/명판
관
예우대상/내역관리
리
주간생일회원
시
회원상세검색
스
기부금관리
약정정보등록및관리
템
납입정보등록및관리
입금내역(일별보고)
미확인입금내역
청구/수납

제 안 요 청 서

사 업 명

2021년도 서울대학교 발전기금

TEPS 모의시험·보충학습 시스템 고도화 개발 사업

주관기관

 서울대학교 발전기금 TEPS관리위원회

2021.06.

담당

TEPS관리위원회

전산팀

팀장 고유석

전화 : 02) 886-3330(103)

팩스 : 02) 886-8110

목 차

가. 노후화된 기능 교체 및 최신 기술력을 통한 업무 효율성 증대
 나. 다양한 통계분석 및 검색 기능 확대로 신속하고 정확한 자료 산출
 다. 기부자 및 예우대상자 관리 정책을 반영한 시스템 구축으로 후원자 만족도 제고
 라. 개인정보 및 기부내역 등 민감한 데이터 관리 및 시스템 유지보수에 대한 안정성 확보
 마. 기금행정시스템 및 홈페이지 등 유관시스템과의 원활한 연계
4. 추진일정
 
추진일정
 세부사업내용
M1
M2
M3
M4
M5
M6
 현황조사,업무/시스템분석
 도입컨설팅,요구사항정의
 기능개발 및 설계

Ⅰ
 사업 개요 
 
1. 개요
 가. 사 업 명: 모금관리시스템 재구축
 나. 사업기관: (재)서울대학교발전기금
 다. 사업기간: 계약일로부터 6개월
 라.사업금액: 341,000천원(부가가치세 포함)
 마.사업내용: 기 구축된 출연관리시 스템(FMS)을 기반으로 기부금 및 기부자 관리 시스템 신규 개발
 바.계약방법: 조달청 입찰을 통한 계약
2. 추진배경 및 필요성
 가. 기존 출연관리시스템의 노후화로 프로그램 보안성/안정성 취약 및 업무 효율성 저하
 나. 기존 개발언어의 기술자 감소로 유지보수 진행 불가

Ⅰ
 사업 개요 
 
1. 개요
 가. 사 업 명: 모금관리시스템 재구축
 나. 사업기관: (재)서울대학교발전기금
 다. 사업기간: 계약일로부터 6개월
 라.사업금액: 341,000천원(부가가치세 포함)
 마.사업내용: 기 구축된 출연관리시 스템(FMS)을 기반으로 기부금 및 기부자 관리 시스템 신규 개발
 바.계약방법: 조달청 입찰을 통한 계약
2. 추진배경 및 필요성
 가. 기존 출연관리시스템의 노후화로 프로그램 보안성/안정성 취약 및 업무 효율성 저하
 나. 기존 개발언어의 기술자 감소로 유지보수 진행 불가","아니요, 해당 문서에는 학생들의 심야 야식이나 피자 교환권 지원 정보가 포함되지 않았습니다."
"대검찰청의 APC-HUB(아태 사이버범죄 역량강화 허브) 온라인 교육시스템 고도화를 수행하는 업체 프로그래머가, 스트레스로 인해 탈모가 발현되었을 시 서초동 인근 모발 이식 센터에서 시술을 받을 수 있게끔 하는 특별 의료지원 특약이 문서에 기술되어 있는가요?",D,중,[],"제 안 요 청 서
 
사 업 명
아-태 사이버범죄 역량강화 허브(APC-HUB) 
홈페이지 및 온라인교육시스템 고도화 2차
2024. 4.
 
 
대검찰청
 
 
목 차
 
Ⅰ. 사업 개요	 - 	4
 1. 사업명	 - 	4
 2. 사업개요 및 목적	 - 	4
 3. 사업범위	 - 	5
 4. 사업계획	 - 	5
 Ⅱ. 사업 추진 방안	 - 	5
 1. 추진목표	 - 	5
 2. 추진조직	 - 	6
 3. 추진일정	 - 	7
Ⅲ. 제안요청내용	 - 	8
 1. 주요사항	 - 	8
 2. 목표시스템 구축내용	 - 	9

제 안 요 청 서
 
사 업 명
2024년 사이버수사시스템 고도화
주관기관
대검찰청
 
 
2024. 4.
 
담당
대검찰청 사이버수사과
검찰수사관 오재영
검찰수사관 최수원
TEL : (02)3480-3573
TEL : (02)3480-3562
 목 차 
1. 사업 개요	 - 	 1
 가. 사업명
 나. 추진배경 및 필요성
 다. 사업내용
 라. 기대효과
2. 현황 및 문제점	 - 	 4
 가. 업무 현황
 나. 정보시스템 현황
 다. 문제점 및 개선방향
3. 사업 추진방안	 - 	 6
 가. 추진목표
 나. 추진전략

[별첨 1]기술제안서 평가항목 및 배점한도	 - 	 78
[별첨 2]기술적용 계획표 결과표	 - 	 80
 [별첨 3]개인정보 취급․위탁계약 특수조건	 - 	 89
[별첨 4]소프트웨어 개발사업의 적정 사업기간 종합 산정서	Ḩ - 	 91
[별첨 5]소프트웨어 영향평가 검토결과서	 - 	 92
 
1. 사업 개요 
 가. 사업명
 2024년 사이버수사 시스템 고도화
 나. 추진배경 및 필요성
 1) 추진배경
전국 검찰청 대상, IP 자원 분석 및 가상자산 주소정보 조회 등을 제공하는 사이버수사지원 시스템 운영

대검찰청은 인권옹호 및 범죄피해자 지원의 주무 기관으로서 2019년에 구축한 불법 촬영물 유포탐지 시스템 을 활용, 사이버 성범죄 피해자의 피해영상물 삭제를 지원 중
 
사이버수사 시스템
 도메인-IP-URL 정보조회 
 - 도메인-IP-URL 등록정보, 악성코드 연관성 정보 등 조회
 가상자산 주소조회 
 - 가상자산 주소정보 조회
 불법 촬영물 유포탐지 
 - 시스템을 통해 등록된 유해 사이트를 주기적으로 방문하여 동영상 자동 수집

- 시스템을 통해 등록된 유해 사이트를 주기적으로 방문하여 동영상 자동 수집
실효성 입증된 운영실적을 바탕으로 탐지범위 확대 등 사이버수사지원 시스템 고도화를 통해 수사 지원 확대
 2) 필요성 
 특정 금융거래정보의 보고 및 이용 등에 관한 법률 개정안 시행(2021. 12. 28.)에 따라 자금세탁방지 의무가 부과된 가상자산의 거래내역 조회에 필요한 플랫폼 최적화 필요
 - 가상자산 주소조회 시스템의 브라우저 호환성 확대 및 코드 최적화 필요","아니요, 해당 공고 문서에는 의료특약이나 스트레스 치료 지원 관련 내용이 포함되어 있지 않습니다."
"아아 글구여 거기 부샨관곽꽁사에서 뭐 경영졍보 시스탬 그거 기능 개선하구 수선한다눈 사업 올린거, 거 글케 하는데 예솬 얼마 정두루 배뎡대갓고 나와쪄요?",E,하,[],"예술강사 통합지원시스템 기능 개선 및 유지관리 
제 안 요 청 서(변경공고)
2024. 6. 
 
 
 
사업담당
(책임)
교육기획팀
팀장
김재경
Tel. 02-6209-5970
FAX:02-6209-1393
사업담당
(실무)
대리
장애란
Tel. 02-6209-5972
주임
임준선
Tel. 02-6209-5976
입찰담당
총무회계팀
주임
김유진
Tel. 02-6209-5928
FAX. 02-6209-1392
 
목 차
 I. 사업 개요
 1. 사업일반	 - 	1
 2. 추진배경 및 필요성	 - 	1
 3. 사업범위	 - 	2

조직 구성별 역할
 
구 분
역 할
총괄
기획예산팀
- 사업관리시스템 구축 지원
- 시스템 구축 관련 정보제공, 개발환경지원 등
과업 점검 및 보완 요구
산출물 확인 및 검사 등
수행사업자
용역수행업체
- 온라인 평가 시스템 구축
 - 기능 개선-보완 및 사용자 요구사항 반영 등
- 세부 추진 실적 보고 및 산출물 작성
- 매뉴얼 작성, 시스템 활용 관련 교육 등
실무협조
안전보안팀
개인정보 및 보안관리 등
사업관리시스템 관련 전산자산(HW) 관리 총괄
재무회계팀
계약체결 및 용역대금 지급 등
3. 추진일정(안)

제 안 요 청 서
 
사 업 명
 2024년도 한국고문서자료관 시스템 개선 사업
주관기관
한국학중앙연구원
2024. 06. 
 
담당
장서각
관장
 전용훈
T.031-730-8800
 sunbijun@aks.ac.kr
고문서
연구실
실장
정수환
T.031-730-8840
swan@aks.ac.kr
전문위원
이재옥
T.031-730-8846
sonamu5@aks.ac.kr
 
 
목차
1. 사업 개요	 - 	1
 가. 사 업 명	 - 	1
 나. 사업기간	 - 	1
 다. 사업예산	 - 	1
 라. 사업목적	 - 	1

ㅇ 관련부서와의 협력체계 구축-관리 
기타관련부서
ㅇ 기간계 시스템 연계 정보 점검 지원 
ㅇ 사업 진행 단계별 기술적인 사항에 대한 관리 검토 지원
사업수행업체
ㅇ 사업수행팀 구성 
ㅇ사업수행: 사업진도 및 인력관리, 사업 내용 추진 및 점검, 침해요인 도출 및 개선방안 제시, 세부추진 실적보고, 사용자 교육 및 기술이전
ㅇ 수집된 자료와 산출물에 대한 보안관리
ㅇ 평가를 위한 중간 산출물 및 평가 결과보고서 작성
ㅇ 산출물에 대한 품질보증
ㅇ 기타 주관사업자가 수행할 필요가 있는 업무 등
4. 추진일정 
 
시스템 구축 절차

제 안 요 청 서
 
사 업 명
e-감사시스템 웹 호환성 및 기능보완
주관기관
 
 국방과학연구소
 
 
2024. 10.
 
계약 담당
재무실 내자팀
042-821-3827
사업 담당
감 사 실
042-821-2456
목 차
 
1. 사업 개요	 - 	 1
 가. 사업 정보	 - 	1
 나. 추진배경 및 필요성	 - 	1
 다. 사업 범위	 - 	1
 라. 기대 효과	 - 	2
2. 현황	 - 	 2
 가. 업무 현황	 - 	2
 나. 정보화 현황	 - 	2
3. 사업 추진방안	 - 	 3
 가. 추진목표	 - 	3","그 예술 강사 통합지원시스템 기능 개선 및 유지관리 사업의 총 예산 금액은 11,300,000원입니다 (약 13,000만원)."
"야 근데 거 대껌췰청 얘네가 머할라거 사이뻐범죄 교육 허브망 그 홈페이지 갸편하는데 수천마눤이나 주고 이러케 열심이 판을 다시 까능거져? 걍 기에 있던거 쓰면 대쟌아, 굳이 고도화하눈 가쟝 핵심 이유좀 말해보쑈.",E,중,[],"제 안 요 청 서
 
사 업 명
아-태 사이버범죄 역량강화 허브(APC-HUB) 
홈페이지 및 온라인교육시스템 고도화 2차
2024. 4.
 
 
대검찰청
 
 
목 차
 
Ⅰ. 사업 개요	 - 	4
 1. 사업명	 - 	4
 2. 사업개요 및 목적	 - 	4
 3. 사업범위	 - 	5
 4. 사업계획	 - 	5
 Ⅱ. 사업 추진 방안	 - 	5
 1. 추진목표	 - 	5
 2. 추진조직	 - 	6
 3. 추진일정	 - 	7
Ⅲ. 제안요청내용	 - 	8
 1. 주요사항	 - 	8
 2. 목표시스템 구축내용	 - 	9

홈페이지 운영 현황
 법정교육(사이버, 집합) 신청, 수강, 이수확인 등 통합관리 기능
 이용인원 612,459명 / 10,471,982뷰 (‵23년 기준)
 
순번
사이트명
주소(URL)
관리부서
1
법정교육 메인홈페이지
https://www.kepaedu.or.kr/main.do
환경연수처
2
환경영향평가 기술자
https://www.kepaedu.or.kr/eia/main.do
3
환경성적표지 인증심사원
https://www.kepaedu.or.kr/epd/main.do
4
환경실무교육

- (고도화) 한글 미해득 진단 보정 시스템 ‘온한글’ 시스템 고도화 
※ 온채움 기초학력종합지원시스템 연계 통합지원 업무환경 고도화
- (구축) 온한글을 활용하여 학교 밖 한글 미해득자 해득 환경 구축
∎ 시스템(누리집) 디자인 시안 구성 한글 해득 지원 홍보의 특성 및 효율적인 UI(UX)환경이 될 수 있도록 제시(디자인 시안 2식 이상 제시)
- 가독성 및 사용성을 고려한 레이아웃, 명확한 서체 규정 등을 위한 웹스타일가이드 제작, 이를 통해 누리집 및 연계 사이트의 일관성 유지

홈페이지 사용자가 원하는 콘텐츠에 빠르게 접근할 수 있도록 구성하여 홈페이지 접근성 및 내용 전달의 정확성 제고 
 국가교육과정 조사ㆍ분석ㆍ점검 데이터 누적ㆍ관리 신규 기능 구축
 국가교육과정 조사ㆍ분석ㆍ점검 데이터 누적 ㆍ관리 체계 구축
2. 사업 범위
 현재 운영 중에 있는 국가교육과정정보센터(NCIC) 웹사이트 고도화 및 유지보수
 ㆍ 고도화 내용

대검찰청은 인권옹호 및 범죄피해자 지원의 주무 기관으로서 2019년에 구축한 불법 촬영물 유포탐지 시스템 을 활용, 사이버 성범죄 피해자의 피해영상물 삭제를 지원 중
 
사이버수사 시스템
 도메인-IP-URL 정보조회 
 - 도메인-IP-URL 등록정보, 악성코드 연관성 정보 등 조회
 가상자산 주소조회 
 - 가상자산 주소정보 조회
 불법 촬영물 유포탐지 
 - 시스템을 통해 등록된 유해 사이트를 주기적으로 방문하여 동영상 자동 수집",대검찰청은 기존의 불법 촬영물 유포탐지 시스템을 기반으로 구축되는 '아태 사이버범죄 역량강화 허브(APC-HUB)' 교육망을 고도화하기 위해 2억 400만원의 총 투입비를 배정하고 있습니다.
"(사)벤처기업협회의 ""2024년 벤처확인종합관리시스템 기능 고도화 용역사업""에 배정된 총 소요예산은 부가가치세를 포함하여 얼마입니까?",A,하,[],"2024년 벤처확인종합관리시스템 기능 고도화 용역사업
(복수의결권주식, 스톡옵션, 성과조건부주식) -
제안요청서
2024. 03. 
 
 
 
 
목 차
 1. 추진개요	 - 	 3
 
 2. 추진방안	 - 	 5
 
 3. 추진내용	 - 	 9
 
 4. 제안요청내용	 - 	 24
 
 5. 입찰관련사항	 - 	 78
 
 6. 제안서작성요령	 - 	 82
 7. 별지서식 및 붙임	 - 	 94
 
Ⅰ. 추진개요
 
1
추진배경 및 방향

7. 별지서식 및 붙임	 - 	 94
 
Ⅰ. 추진개요
 
1
추진배경 및 방향
 벤처기업육성에 관한 특별조치법 (이하 ‘벤처기업법’) 복수의결권주식, 스톡옵션(주식매수선택권), 성과조건부주식교부계약(RS) 등의 기능 고도화 및 이관, 신규 구축업무를 과업에서 추진
 (복수의결권주식*) 벤처기업법 제16조의11에 따라 발행된 복수의결권주식 보고 업무처리 시스템 구축
 * 복수의결권이란? 모든 주주는 1주당 하나의 의결권을 갖는 주주평등원칙(상","본 사업의 총 소요예산은 부가가치세를 포함하여 299,990,000원입니다."
"(사)벤처기업협회의 ""2024년 벤처확인종합관리시스템 기능 고도화"" 사업에서 시스템의 1차 오픈과 2차 그랜드 오픈(Grand Open)은 각각 언제로 예정되어 있나요?",A,중,[],"2024년 벤처확인종합관리시스템 기능 고도화 용역사업
(복수의결권주식, 스톡옵션, 성과조건부주식) -
제안요청서
2024. 03. 
 
 
 
 
목 차
 1. 추진개요	 - 	 3
 
 2. 추진방안	 - 	 5
 
 3. 추진내용	 - 	 9
 
 4. 제안요청내용	 - 	 24
 
 5. 입찰관련사항	 - 	 78
 
 6. 제안서작성요령	 - 	 82
 7. 별지서식 및 붙임	 - 	 94
 
Ⅰ. 추진개요
 
1
추진배경 및 방향

7. 별지서식 및 붙임	 - 	 94
 
Ⅰ. 추진개요
 
1
추진배경 및 방향
 벤처기업육성에 관한 특별조치법 (이하 ‘벤처기업법’) 복수의결권주식, 스톡옵션(주식매수선택권), 성과조건부주식교부계약(RS) 등의 기능 고도화 및 이관, 신규 구축업무를 과업에서 추진
 (복수의결권주식*) 벤처기업법 제16조의11에 따라 발행된 복수의결권주식 보고 업무처리 시스템 구축
 * 복수의결권이란? 모든 주주는 1주당 하나의 의결권을 갖는 주주평등원칙(상","1차 오픈은 2024년 10월 20일(목), 23일(금)이며, 2차 Grand Open은 2025년 8월 25일(목)에 예정되어 있습니다."
"2024년에 발주된 ""(사)벤처기업협회 벤처확인종합관리시스템 고도화"", ""(사)부산국제영화제 온라인서비스 재개발"", ""(사)한국대학스포츠협의회 경기기록 관리시스템 개발"" 세 사업의 예산을 비교할 때, 예산 규모가 가장 큰 사업부터 순서대로 나열하고 각각의 사업예산을 작성해 주세요.",B,상,[],"3. 사업유형 
 1) 부산국제영화제 온라인 서비스 재개발 및 유지관리
 
사업명
작업유형
부산국제영화제 공식 및 패밀리 웹사이트 개편 및 유지보수
신규/재개발/유지보수
부산국제영화제 모바일 앱(iOS, Android) 개편 및 유지보수
재개발/유지보수
관리자 페이지 (게시판, 메뉴빌더 등) 개선
재개발/유지보수
통합업무관리시스템 연계하여 출품, 접수 관련 페이지 제작
재개발/유지보수
채용, 티켓 예매 등 외부 시스템 연동 및 페이지 제작
신규/재개발/유지보수
모바일 디바이스를 통한 실시간 채팅 및 라이브 스트리밍 서비스 도입

Ⅳ. 제안서 작성
1. 일반사항
46
2. 제안서의 효력
46
3. 주관사업자 선정방식
46
4. 평가항목 및 배점 한도
47
5. 제안서 규격 및 작성요령
50
6. 유의사항
50
 V. 붙임
 
Ⅰ
 사업안내
1. 사업개요
가. 사 업 명 : BIFF&ACFM 온라인서비스 재개발 및 행사지원시스템 공급 사업
나. 기 간 : 계약체결일 ~ 2025. 05. 31.
다. 사업예산 : 243,000,000원(금이억사천삼백만 원) (VAT 포함)
라. 입찰방식 : 제한 경쟁입찰(지역 제한)
마. 계약방법 : 협상에 의한 계약

제 안 요 청 서
BIFF&ACFM 온라인서비스 재개발 및
행사지원시스템 공급 용역
2024. 6.
 
 
 
 
목차
Ⅰ. 사업안내
사업개요
3
사업목표
3
사업유형
4
4. 사업추진계획
5
Ⅱ. 과업안내
과업의 범위
7
2. 과업의 내용
8
3. 과업의 일반사항
22
4. 과업의 개요
23
5. 요구사항 상세
24
Ⅲ. 공모사항
공모 추진 일정
44
2. 입찰참가자격
44
3. 입찰시 고려사항
44
4. 제안서 제출방법 및 제출서류 
44
Ⅳ. 제안서 작성
1. 일반사항
46
2. 제안서의 효력
46
3. 주관사업자 선정방식

4. 사업추진계획
 
기간
구분 내용
2024년
2025년
7
8
9
10
11
12
1
2
3
4
5
공통
입찰 및 제안서 평가_업체선정
영화제
커뮤니티비프 리퀘스트시네마 프로그램 모집
영화제
채용 시스템 연계 및 유지보수
마켓
온-오프라인 사전 참가 등록 기간
마켓
온라인 스크리닝 등록 기간
영화제
공식 하반기 웹사이트 기획 및 제작
마켓
ACFM e마켓 사이트 기획 및 제작(특집)
영화제
모바일 앱 기획(Android, iOS 각 1식)
마켓
모바일 앱 기획(Android, iOS 각 1식)
공급
행사지원시스템 기획 및 제작

공급/재개발/유지보수
웹 개발자(PM급) 파견 용역 (총 1명)
용역파견
 
 
 3) 부산국제영화제 행사지원시스템 공급
 
구분
작업유형
출입관리시스템 모바일 앱(iOS, Android 각 1식) 공급
공급 및 교육
의전 시스템 공급 (모바일 웹 또는 모바일 앱 공급/ 관리자, 사용자)
온라인 스크리닝 시스템 공급 (비디오라이브러리, 심사 시스템 등)
레드카펫 시스템 공급 (입력폼, 출력폼, 서버, 현장투입)
커뮤니티비프 행사지원시스템 공급 (스트리밍, VOD / 채팅 시스템)
4. 사업추진계획
 
기간
구분 내용
2024년","세 사업 중 예산 규모가 가장 큰 사업은 245,000,000원(약 4.45억 원)의 ""벤처기업협회 사업""이며, 다음으로 243,000,000원(약 4.43억 원)의 ""부산국제영화제 사업""과 20,000,000원(약 0.40억 원)의 ""한국대학스포츠협의회 사업""이 따릅니다."
"""(사)부산국제영화제 2024년 온라인서비스 재개발 및 행사지원시스템 공급"" 사업을 전담할 주관사업자 선정과 관련하여, 제안서 기술평가위원들의 개인 연락처 및 기피 소속 부서 명단은 제안요청서의 어느 항목에서 확인할 수 있습니까?",D,상,[],"제 안 요 청 서
BIFF&ACFM 온라인서비스 재개발 및
행사지원시스템 공급 용역
2024. 6.
 
 
 
 
목차
Ⅰ. 사업안내
사업개요
3
사업목표
3
사업유형
4
4. 사업추진계획
5
Ⅱ. 과업안내
과업의 범위
7
2. 과업의 내용
8
3. 과업의 일반사항
22
4. 과업의 개요
23
5. 요구사항 상세
24
Ⅲ. 공모사항
공모 추진 일정
44
2. 입찰참가자격
44
3. 입찰시 고려사항
44
4. 제안서 제출방법 및 제출서류 
44
Ⅳ. 제안서 작성
1. 일반사항
46
2. 제안서의 효력
46
3. 주관사업자 선정방식

Ⅳ. 제안서 작성
1. 일반사항
46
2. 제안서의 효력
46
3. 주관사업자 선정방식
46
4. 평가항목 및 배점 한도
47
5. 제안서 규격 및 작성요령
50
6. 유의사항
50
 V. 붙임
 
Ⅰ
 사업안내
1. 사업개요
가. 사 업 명 : BIFF&ACFM 온라인서비스 재개발 및 행사지원시스템 공급 사업
나. 기 간 : 계약체결일 ~ 2025. 05. 31.
다. 사업예산 : 243,000,000원(금이억사천삼백만 원) (VAT 포함)
라. 입찰방식 : 제한 경쟁입찰(지역 제한)
마. 계약방법 : 협상에 의한 계약

4. 사업추진계획
 
기간
구분 내용
2024년
2025년
7
8
9
10
11
12
1
2
3
4
5
공통
입찰 및 제안서 평가_업체선정
영화제
커뮤니티비프 리퀘스트시네마 프로그램 모집
영화제
채용 시스템 연계 및 유지보수
마켓
온-오프라인 사전 참가 등록 기간
마켓
온라인 스크리닝 등록 기간
영화제
공식 하반기 웹사이트 기획 및 제작
마켓
ACFM e마켓 사이트 기획 및 제작(특집)
영화제
모바일 앱 기획(Android, iOS 각 1식)
마켓
모바일 앱 기획(Android, iOS 각 1식)
공급
행사지원시스템 기획 및 제작

공급/재개발/유지보수
웹 개발자(PM급) 파견 용역 (총 1명)
용역파견
 
 
 3) 부산국제영화제 행사지원시스템 공급
 
구분
작업유형
출입관리시스템 모바일 앱(iOS, Android 각 1식) 공급
공급 및 교육
의전 시스템 공급 (모바일 웹 또는 모바일 앱 공급/ 관리자, 사용자)
온라인 스크리닝 시스템 공급 (비디오라이브러리, 심사 시스템 등)
레드카펫 시스템 공급 (입력폼, 출력폼, 서버, 현장투입)
커뮤니티비프 행사지원시스템 공급 (스트리밍, VOD / 채팅 시스템)
4. 사업추진계획
 
기간
구분 내용
2024년

3. 사업유형 
 1) 부산국제영화제 온라인 서비스 재개발 및 유지관리
 
사업명
작업유형
부산국제영화제 공식 및 패밀리 웹사이트 개편 및 유지보수
신규/재개발/유지보수
부산국제영화제 모바일 앱(iOS, Android) 개편 및 유지보수
재개발/유지보수
관리자 페이지 (게시판, 메뉴빌더 등) 개선
재개발/유지보수
통합업무관리시스템 연계하여 출품, 접수 관련 페이지 제작
재개발/유지보수
채용, 티켓 예매 등 외부 시스템 연동 및 페이지 제작
신규/재개발/유지보수
모바일 디바이스를 통한 실시간 채팅 및 라이브 스트리밍 서비스 도입","제안요청서에는 '(사)부산국제영화제 2024년 온라인서비스 재개발 및 행사지원시스템 공급' 사업을 수행하는 주관사업자의 선정과 관련하여, 기술평가위원들의 개인 연락처와 기피 소속 부서 명단이 포함되어 있습니다. 해당 정보는 '제안서 기술평가위원 정보' 항목으로 확인할 수 있습니다."
"(사)항쿡대학슈포츠혀비회에셔 추찐하는 ""KUSF 체특쟈 기룩 관뤼시스탬 기발"" 사압의 쳬종 걔약 만료일(종료일)은 언재까쥐 입니가?",E,중,[],"ㅇ 체육특기자 대입 선발 관련 객관적인 지표를 제공하여, 입시 공정성 확보
 ㅇ 체육특기자 대입제도에 경기력을 평가할 수 있는 자료 제공
 ㅇ 학생선수 개인별 경기력을 판단할 수 있는 신뢰성 있는 정보 제공
 
II
 주요 현황
1. KUSF 현황
 ㅇ 설립 배경 및 목적 
 - 대학운동부를 운영하는 대학의 협의체로서 대학스포츠의 현안에 대한 자율적인 협의-연구-조정을 통해 대학스포츠의 건전한 육성을 도모하고자 설립(2010년) 
 - 대학스포츠 방침 심의-결정 및 규정 집행-감독

4. 안내 사항	 - 	 55
 5. 용역사업 보안 사항 관련	 - 	 61
 
 * [붙임] 입찰 및 제안 관련 서식	 - 	 64
 
I
 사업 개요
1. 사업 개요
 ㅇ 과 업 명: KUSF 체육특기자 경기기록 관리시스템 개발
* 본 사업은 “소프트웨어 개발사업 적정 사업기간 산정 기준에 따른 사업” 임
 ㅇ 소요예산: 1억 5천만 원(부가가치세 포함) 
 ㅇ 사업기간: 계약체결 후 2024년 12월 31일까지
 ㅇ 사업주관: 한국대학스포츠협의회(이하 “KUSF”)

ㅇ 대학스포츠 대학생 기자단 운영
 ㅇ 대학스포츠 홍보-마케팅 
대학스포츠
인권 증진
 ㅇ 대학스포츠 인권 문화 개선
 ㅇ 대학운동부 인권 실태조사 및 가이드라인 발간
 ㅇ 대학운동부 학생선수 인권 교육 강사 양성
대학스포츠 
리그 운영 지원
 ㅇ KUSF 대학스포츠 U-리그
 ㅇ KUSF 클럽챔피언십
 ㅇ KUSF 회원 현황
 - 전국 136개 대학교(2024. 8. 현재 기준)
 
4년제
2-3년제
국-공립
사립
101개교
35개교
23개교
113개교

- KUSF 회원대학 명단(2024. 8. 현재 기준)
 
연번
대학명
연번
대학명
연번
대학명
연번
대학명
1
가천대학교
35
국립한국해양대학교 
69
백석대학교 
103
위덕대학교
2
가톨릭관동대학교
36
국민대학교
70
백석문화대학교
104
인제대학교
3
강동대학교
37
국제대학교
71
부산대학교
105
인천대학교 
4
강릉영동대학교
38
군장대학교
72
부산외국어대학교 
106
인하대학교
5
강서대학교
39
김천대학교
73
사이버한국외국어대학교
107
전남과학대학교
6
강원대학교
40
김해대학교 
74
상명대학교
108

ㅇ 사업주관: 한국대학스포츠협의회(이하 “KUSF”)
 ㅇ 사업내용: KUSF 체육특기자 경기기록 관리시스템 신규 개발
2. 추진배경 및 필요성
 ㅇ (추진배경) 현행 대입 체육특기자 선발에 경기실적으로만 당락을 결정하는 문제 해결을 위한 가이드라인 및 권고 발표
* 스포츠혁신위원회, 2019. 6. 4. 발표, 체육특기자 선발 제도 개선 2차 권고문
(학교스포츠 정상화를 위한 선수육성시스템 혁신 및 일반학생의 스포츠 참여 활성화 권고)
 
 체육특기자 진학(대학입시)에 대한 권고 (2019. 6. 4.)",KUSF 체육특기자 경기기록 관리 시스템 개발 사업의 종료일(완료일)은 2024년 12월 31일입니다.
"(재)예술경영지원센터에서 발주한 ""통합 정보시스템 구축 사전 컨설팅"" 사업의 총 예산은 얼마로 책정되어 있습니까?",A,하,[],"사업기간 : 계약체결일로부터 ~ 2024년 11월 29일
 사업예산 : 50,000,000(금 오천만원/VAT포함)
 사업추진방식 : 제한경쟁입찰(협상에 의한 계약)
 
2
 추진목적
 ㅇ 미술진흥법 제23조에 의거 통합미술정보시스템 구축‧운영
 ㅇ 통합미술정보시스템으로의 시스템 개편 및 고도화 전략 수립을 위한 기반 마련 필요성 대두 
 ㅇ 이용자 기반의 통합미술정보시스템 구축 방향 수립을 위한 사전 분석
 
3
 사업내용
 ㅇ 환경 및 현황분석
 ㅇ 통합미술정보시스템 구축 데이터 분석 및 설계

제 안 요 청 서
 
사 업 명
 통합 정보시스템 구축 사전 컨설팅
주관기관
재단법인 예술경영지원센터
2024년 04월
 
 
구 분
소 속
전화번호
 이메일
입찰관련
경영지원팀
02-708-2212
ksj37@gokams.or.kr
사업관련
(한국 미술시장 정보시스템)
시각정보팀
02-2098-2946
shwan@gokams.or.kr
 
 Ⅰ. 사업개요
 
 
1
 사업일반
 사 업 명 : 통합 정보시스템 구축 사전 컨설팅
 사업기간 : 계약체결일로부터 ~ 2024년 11월 29일

서버, HW, SW, NW
대외비
 ㅇ 하드웨어 구성 목록
 
구분
항목
사양
가상화 호스팅
서버
 대외비
 ㅇ 소프트웨어 구성 목록
 
운영체제
WEB
WAS
DBMS
 대외비
 시스템 운영 솔루션
 
솔루션 명
주요기능
제조사 정보
Oracle
DBMS
오라클
NICE 실명인증
실명, 기업인증
NICE정보통신
WebtoB/Jeus
WEB/WAS
티맥스소프트
계
 
 Ⅲ. 사업 추진계획
 
1
 추진체계
 추진체계도	- - 	
 
사업 주최 : 문화체육관광부
사업 주관 : 재단법인 예술경영지원센터

Ⅳ. 제안요청내용
 
1
사업추진 내용
 환경 및 현황분석
 ㅇ 내‧외부 환경, 관련 법령, 정보기술 등 대내-외 환경 분석
 - 미술진흥법을 비롯한 관련 정부 정책 및 법‧제도 분석을 통해 사업에 영향을 미칠 수 있는 요구사항 도출
 - 통합정보시스템 구축과 연관된 최신 기술 사례 및 적용 기술 분석
 - 현행 한국미술정보시스템 운영 현황분석 및 개선과제 도출
 - 관계자, 일반인 등을 대상으로 한 정보 수요조사 수행
ㅇ 한국미술시장정보시스템 이용자 조사
 - 현재 한국미술시장정보시스템 이용자 조사 및 유형 분류

사업 주최 : 문화체육관광부
사업 주관 : 재단법인 예술경영지원센터
협조부서 : (재)예술경영지원센터 경영지원팀
 
주관부서 : 
(재)예술경영지원센터
시각예술본부 시각정보팀
사업 자문 : 
외부 전문가 그룹
연구팀
 추진 주체별 역할
 
구 분
 주요 업무 내용
사업 주최 / 주관 / 발주
사업총괄 관리 및 시행
사업계획서, 제안요청서 작성 및 주관사업자 선정
과제수행 관리 및 검사, 결과 평가
협조부서
업체 선정 및 계약 진행
계약 관련 업무 진행 및 협조
사업자문
미술시장 자문
연구팀
사업이행 추진","해당 사업의 총 예산은 부가가치세를 포함하여 50,000,000원(VAT포함)으로 책정되어 있습니다."
"2025 구미 아시아육상경기선수권대회의 ""종합정보시스템 및 홈페이지 등 구축 용역"" 사업의 계약 종료일(사업기간)은 언제입니까?",A,중,[],"전문대학혁신지원사업
 
 
차세대종합정보시스템 추가 개발
 
	 - 	인덕대학교 S-Campus 시스템 구축 및 ESG 성과관리시스템 구축
 
차세대종합정보시스템 추가 개발
 
 
Ⅰ
 사업개요 
1. 일반사항
 가. 사업명 : 대학 차세대종합정보시스템 추가 개발
 나. 사업 예산 : 200,000,000원(부가가치세 포함)
 
(단위, 원)
구분
사업 기간
예산액
용역계약
계약일 ~ 2025년 2월 14일
200,000,000
 다. 사업 기간 : 계약일 ~ 2025년 2월 14일(개발 및 안정화 기간 포함)

전문대학혁신지원사업
 
 
차세대종합정보시스템 추가 개발
 
	 - 	인덕대학교 S-Campus 시스템 구축 및 ESG 성과관리시스템 구축
 
차세대종합정보시스템 추가 개발
 
 
Ⅰ
 사업개요 
1. 일반사항
 가. 사업명 : 대학 차세대종합정보시스템 추가 개발
 나. 사업 예산 : 200,000,000원(부가가치세 포함)
 
(단위, 원)
구분
사업 기간
예산액
용역계약
계약일 ~ 2025년 2월 14일
200,000,000
 다. 사업 기간 : 계약일 ~ 2025년 2월 14일(개발 및 안정화 기간 포함)

배정예산 : 220,000,000원 예정(부가세 포함)
 사업추진방식 : 협상에 의한 계약
 
2
 추진배경 및 필요성
 추진배경 및 필요성 
 전국장애인체육대회(동계, 학생, 하계) 운영을 위한 시스템 및 홈페이지 안정
성 확보 
 각종 다양한 외부정보 제공 및 자료요구에 대한 대응 능력 강화 
 각종 데이터 검색 및 정보조회 등 각종 정보 제공 및 관리의 편의성
 과 편리성 도모
 스포츠지원 포탈 운영을 통해 선수데이터 검색 및 통계자료 조회기능 제
 공 및 일반인들이 접근 가능한 체육회 관련 사이트 접근용이

평가지표 
시뮬레이션
 * 연구기관: 용인대학교 산학협력단(연구책임자: 신승윤 교수) 
 ㅇ (필요성) 체육특기자 경기력 평가지표 산출하고, 경기력 평가지표 산출을 위한 종목별 특성에 맞는 경기기록을 수집하기 위해 신규 시스템을 개발하여 운영하고자 함 
3. 사업 범위
 ㅇ 신규 개발 대상:‘KUSF 체육특기자 경기기록 관리시스템’ 
* 관련 홈페이지-관리자페이지 모두 포함하여 개발
 ㅇ 체육특기자 경기력 평가지표 관련 대회경기기록 입력 페이지 개발
 - 대상종목: 농구, 배구, 야구, 축구 중 농구를 선별적으로 우선함",본 사업의 계약 종료일(사업기간)은 2025년 2월 14일입니다.
"""(재)예술경영지원센터 통합 정보시스템 구축 사전 컨설팅"", ""구미 아시아육상경기선수권대회 종합정보시스템 구축"", ""의료기기산업 종합정보시스템 기능개선 사업(2차)"" 세 사업 중에서 계약 예산이 5천만 원인 사업은 어느 것입니까?",B,중,[],"제 안 요 청 서
 
사 업 명
 통합 정보시스템 구축 사전 컨설팅
주관기관
재단법인 예술경영지원센터
2024년 04월
 
 
구 분
소 속
전화번호
 이메일
입찰관련
경영지원팀
02-708-2212
ksj37@gokams.or.kr
사업관련
(한국 미술시장 정보시스템)
시각정보팀
02-2098-2946
shwan@gokams.or.kr
 
 Ⅰ. 사업개요
 
 
1
 사업일반
 사 업 명 : 통합 정보시스템 구축 사전 컨설팅
 사업기간 : 계약체결일로부터 ~ 2024년 11월 29일

서버, HW, SW, NW
대외비
 ㅇ 하드웨어 구성 목록
 
구분
항목
사양
가상화 호스팅
서버
 대외비
 ㅇ 소프트웨어 구성 목록
 
운영체제
WEB
WAS
DBMS
 대외비
 시스템 운영 솔루션
 
솔루션 명
주요기능
제조사 정보
Oracle
DBMS
오라클
NICE 실명인증
실명, 기업인증
NICE정보통신
WebtoB/Jeus
WEB/WAS
티맥스소프트
계
 
 Ⅲ. 사업 추진계획
 
1
 추진체계
 추진체계도	- - 	
 
사업 주최 : 문화체육관광부
사업 주관 : 재단법인 예술경영지원센터

사업기간 : 계약체결일로부터 ~ 2024년 11월 29일
 사업예산 : 50,000,000(금 오천만원/VAT포함)
 사업추진방식 : 제한경쟁입찰(협상에 의한 계약)
 
2
 추진목적
 ㅇ 미술진흥법 제23조에 의거 통합미술정보시스템 구축‧운영
 ㅇ 통합미술정보시스템으로의 시스템 개편 및 고도화 전략 수립을 위한 기반 마련 필요성 대두 
 ㅇ 이용자 기반의 통합미술정보시스템 구축 방향 수립을 위한 사전 분석
 
3
 사업내용
 ㅇ 환경 및 현황분석
 ㅇ 통합미술정보시스템 구축 데이터 분석 및 설계

통합정보시스템 벤치마킹 사례 조사
국내외 분야별 통합정보시스템 운영 사례 조사 및 분석
비전 및 전략 수립 
통합미술정보시스템 목표 설계
통합미술정보시스템 서비스 개발
통합미술정보시스템 서비스 수요조사
1차 서비스(안) 도출
이용자별 서비스 선호도 조사 및 분석
이용자별 핵심 서비스 도출 
보고
착수보고
중간보고
결과보고
※ 상기 추진 일정은 과업 추진 사항에 따라 변경될 수 있으며 세부 추진 일정은 협의 후 결정
 
 Ⅳ. 제안요청내용
 
1
사업추진 내용
 환경 및 현황분석

Ⅳ. 제안요청내용
 
1
사업추진 내용
 환경 및 현황분석
 ㅇ 내‧외부 환경, 관련 법령, 정보기술 등 대내-외 환경 분석
 - 미술진흥법을 비롯한 관련 정부 정책 및 법‧제도 분석을 통해 사업에 영향을 미칠 수 있는 요구사항 도출
 - 통합정보시스템 구축과 연관된 최신 기술 사례 및 적용 기술 분석
 - 현행 한국미술정보시스템 운영 현황분석 및 개선과제 도출
 - 관계자, 일반인 등을 대상으로 한 정보 수요조사 수행
ㅇ 한국미술시장정보시스템 이용자 조사
 - 현재 한국미술시장정보시스템 이용자 조사 및 유형 분류","이 세 사업 중 계약 예산이 5천만 원(49,999,000원) 이상인 사업은 '(재)예술경영지원센터 통합 정보시스템 구축 사전 컨설팅'입니다."
"한국보건산업진흥원의 ""의료기기산업 종합정보시스템 기능개선 사업(2차)""에서 개발 및 배포 테스트를 위해 할당된 별도의 테스트용 서버 하드웨어 사양(CPU/RAM)은 무엇입니까?",D,상,[],"제 안 요 청 서 
 
사 업 명
의료기기산업 종합정보시스템(정보관리기관) 기능개선 사업(올인원 플랫폼 구현 등)
주관기관
한국보건산업진흥원
2024. 08.
 
담당
의료기기화장품산업단
의료기기산업혁신팀
팀 장 윤 태 영
Tel 043-713-8880
담 당 자 김 지 애
Tel 043-713-8884
 
 목 차
 I. 사업개요
 1. 사업개요	 - 	 4 
 2. 추진배경 및 필요성	 - 	 4 
 3. 과업내용	 - 	 5 
 4. 기대효과 	 - 	 5 
Ⅱ. 사업추진방안
 1. 추진목표	 - 	 7

제안요청서 요구사항 상세화(Ⅲ. 제안요청 내용 참조)
15
SW사업 적정 사업기간 산정
SW사업 적정 사업기간 산정하여 결과서 첨부(p.64)
16
투입인력 요구 및 관리 금지
명시하지 않음
17 
SW사업 영향평가
소프트웨어사업 영향평가 결과서 첨부(p.66~67)
18
SW사업정보 제출
SW사업 정보 데이터 제출 필요
 
Ⅰ. 사업 개요
 
1
 사업개요
 (사업명) 의료기기산업 종합정보시스템(정보관리기관) 기능개선 사업(올인원 플랫폼 구현 등)
 (사업금액) 50,000,000원(VAT 포함)

(사업금액) 50,000,000원(VAT 포함)
 (사업기간) 계약체결일로부터 120일
 (사업공고) 제한경쟁(총액) 협상에 의한 계약
 - (입찰방식) 제한경쟁(긴급입찰)
 - (낙찰자 결정방식) 협상에 의한 낙찰자 선정(기술 90, 가격 10)
 
2
 추진배경 및 필요성
 (추진 배경) 한국보건산업진흥원, 혁신의료기기 연구개발 정보관리기관으로 지정
 의료기기산업법 제26조에 따라 혁신의료기기 연구개발 정보관리기관(이하 ‘정보관리기관’)으로 ‘한국보건산업진흥원’ 지정(’21.10.5)*

집단 소통할 수 있는 시스템 구축을 통한 이해관계자 소통체계 마련
 진흥원 의료기기산업 육성 과제 관리시스템 기능 개선을 통한 과제 담당자 및 사업 관리자 등의 업무 효율성 제고
 사용자 맞춤형 서비스 기능 개선 및 편의성 강화를 통한 의료기기산업 종합정보시스템 운영 활성화
Ⅱ. 사업 추진방안
 
1
 추진목표
 열린 소통 플랫폼 구현을 통한 이해관계자 소통체계 마련
 정보관리기관 시스템 개선 및 추가 기능 구현 등을 통한 플랫폼 개선
 
2
 추진체계
 추진 조직도 
 
관계 기관
주관기관
지원기관
의료기기 전문정보 취급기관

* 타 기관의 의료기기 정보 제공 시스템과 연계하여, 데이터의 전송-조회 기능 구현
< 제공 정보 추가 검토(안) >
 
정보 구분
구성 내용
정보 주체
연구개발정보
혁신형의료기기기업 연구개발 현황
혁신형의료기기기업 지정 기업
기술정보
의료기기산업 실태조사
한국보건산업진흥원
시장정보
의료기기 표준코드(UDI코드) 정보서비스 GMP 등
식품의약품안전처
(공공데이터포털)
임상정보
의료기기 임상시험계획 승인신청 목록 및 상세
해외
진출정보
MDR, IVDR NB 지정 기관 및 해외 의료기기 규제 정보
의료기기 국제인증지원센터",본 사업의 개발 환경을 위한 하드웨어 사양(CPU: Quad Core 8GB RAM)을 별도로 할당했습니다.
"(제)얘술경녕지원센타에서 진행하는 ""통압 졍보시스탬 구츅 샤전 컨설팅""의 사압 에싼은 부가새가 포암된 금액입니가?",E,중,[],"사업예산 : 77,000,000원(금칠천칠백만원, 부가가치세 포함)

사 업 비 : 금397,428천원(부가가치세 포함)
 
 ※ 본 사업은 소프트웨어 진흥법 제50조에 따라 과업내용 확정을 위하여 과업심의위원회를 (√)개최 또는 ( )미개최한 사업임 
 
 ※ 본 사업은 소프트웨어 진흥법 제50조에 따라 계약당사자가 과업내용 변경으로 인한 계약내용 변경이 필요한 경우 과업심의위원회 개최를 요청할 수 있음.

사업예산 : 397,000,000원(금삼억구천칠백만원, 부가가치세 포함)
 
 ※ 본 사업은 소프트웨어 진흥법 제50조, 같은 법 시행령 제47조 제1항 제2호, 제3호에 따른 과업내용 변경 및 그에 따른 계약금액-계약기간 조정이 필요한 경우, 계약상대자는 국가기관등의 장에게 소프트웨어사업 과업변경요청서*를 제출하여 과업심의위원회 개최를 요청할 수 있으며, 국가기관등의 장은 과업심의위원회 개최요청에 대해서 특별한 사정이 없으면 수용해야 함
 * 소프트웨어사업 계약 및 관리감독에 관한 지침 별지 13호서식 참조

기타 시스템이 정상적인 구동을 위해 필요한 작업 실시 포함
 본 사업의 달성을 위하여 도입하기로 최초 결정하였으나 사업 진행 중 불필요하다고 판단되거나 본회 요구사항을 충족하지 못하는 각종 H/W 및 S/W에 대해서는 도입을 철회하고 구입비용에 대하여 계약금액에서 차감하여 지급할 수 있음
산출물

다. 예산금액
추정금액 : 일금 오천오백만원 ( 55,000,000)
라. 계약방법
협상절차 및 세부계약방식 : 제한경쟁입찰, 협상에 의한 계약 (국가를 당사자로 하는 계약에 관한 법률 시행령 제43조(협상에 의한 계약체결) 및 제43조의2(지식기반사업의 계약방법))
계약방법 : 제한(총액)협상에 의한 계약 
기술평가 및 협상에 의한 계약체결(자체) 
평가비율 : 기술평가(90%), 가격평가(10%)
 소프트웨어 진흥법 제50조에 따른 과업내용 확정을 위하여 과업심의위원회를 개최 한 사업임","해당 사업의 사압 예산액은 부가가치세 포함 397,428,140원이 됩니다."
"안양시 체육과에서 추진하는 ""호계체육관 배드민턴장 및 탁구장 예약 시스템 구축"" 사업의 기간은 어떻게 됩니까?",A,하,[],"Ⅰ
 사업의 개요
 1. 사업일반
 사업명 : 호계체육관 배드민턴장 및 탁구장 예약 시스템 구축
 사업예산 : 49,500천원(부가가치세 포함) 
 사업기간 : 계약 후 120일
 계약방법 : 제한경쟁입찰(협상에 의한 계약)
 2. 추진배경 및 필요성
 고객의 니즈(요구사항)를 시스템에 즉시 반영하기 위한 웹 기반의 홈페이지 및 키오스크 예약관리시스템 구축 필요
 이용회원의 편리성 및 운영 효율성을 위한 자동화시스템 구축 필요

제 안 요 청 서
 
사 업 명
호계체육관 배드민턴장 및 탁구장 
예약 시스템 구축
주관부서
체육과
사업담당자
시설7급 박종일
2024. 6.
 
 
 목차
 Ⅰ. 사업의 개요	 - 	 1
 Ⅱ. 사업추진 방안	 - 	 3
 Ⅲ. 과업수행 지침	 - 	 5
 Ⅳ. 제안요청 내용	 - 	 10
 Ⅴ. 제안서 안내사항	 - 	 26
 Ⅵ. 제안서 작성요령	 - 	 35
 Ⅶ. 구비서류(제출서식)목록	 - 	 39
 Ⅷ. 정보화 사업 보안 준수사항 및 보안특약	 - 	 66
 
Ⅰ
 사업의 개요
 1. 사업일반

3. 주요 사업범위
 호계체육관 배드민턴장 및 탁구장 예약 시스템 구축(웹 서비스)
 1) 반응형 웹을 기반으로 예약시스템을 구축하고, 키오스크와 연계하여 시설 내부에서 관리 및 운영이 가능하도록 구축
 2) 예약 시스템 운영을 위한 회원관리, 비회원관리, 매출관리, 키오스크 관리, 분석통계관리 등 운영관리 업무 및 입장시간 등에 대한 자동화 시스템 환경설정 기능 
 3) 고객이 언제 어디서나 편리하게 시설 예약이 가능한 시스템 구축

합니다. 다만, 제안서 평가결과 기술능력평가 점수가 기술능력평가분야 배점한도
 의 85% 이상인 자를 협상적격자로 선정
 
 
Ⅲ
 과업수행 지침
1. 기본사항
 본 제안요청서는 안양시 호계체육관 배드민턴장 및 탁구장 예약 시스템 구축 을 수행 하는 것에 그 목적이 있으며, 설치-구축업체(이하 “사업자”)는 안양시(이하“발주자”) 사업을 신의-성실의 원칙에 따라 수행하여야 한다.
 본 제안요청서는 사업자가 임의로 해석할 수 없으며, 내용이 불분명하거나 기재되지 않은 사항은 상호협의하여 결정한다.

4. 기대효과
 가. 웹 기반의 예약시스템 구축으로 자동화 및 무인화, 다양한 접근성 제공 등 이용의 편의성 제공과 시설 이용 만족도 향상
 나. 데스크 업무 분산을 통한 서비스 품질 강화 및 업무의 효율성 확보
 다. 자동화 전산시스템을 통한 비대면 언택트 운영 실현
 1. 추진목표
Ⅱ
 사업추진 방안
 호계체육관 배드민턴장 및 탁구장 예약 시스템 구축으로 사용자 편리성 증대, 업무 효율성 증가 및 신뢰성 있는 서비스 및 데이터 통계 자료를 제공
2. 추진체계
 
사업총괄기관
안양시
실무지원
사업주관
실무지원",안양시 체육과의 '호계체육관 배드민턴장 및 탁구장 예약 시스템 구축' 사업 기간은 계약 후 120일입니다.
"평택시의 ""2024년도 평택시 버스정보시스템(BIS) 구축사업""에서 신규로 설치될 버스정보 안내단말기(BIT) 중 LCD 32인치 규격은 총 몇 대입니까?",A,중,[],"2024년도 평택시 버스정보시스템(BIS) 구축사업 용역
 1.2 사업의 배경 및 목적
 본 사업은 평택시 전역을 대상으로 버스정류장 안내단말기를 확충하고, 운행하는 모든 버스의 정보를 시․공간의 제약 없이 버스이용자에게 제공함으로써 대중교통 서비스의 질을 향상시키며, 향후 인접 교통권역을 포함한 광역 버스정보시스템 구축사업의 호환성과 상호 운영성을 확보하는 실현방안 제시를 목적으로 한다.
 1.3 사업범위
1) 구축방향

1.3 사업범위
1) 구축방향
 평택시 버스정보시스템(BIS) 구축사업과 경기도 교통정보센터(BMS/BIS)와의 연계 구축을 통해 시내버스의 정보수집, 가공, 분석 기능을 수행하며, 향후 확장사업을 고려하여 시스템을 구축한다.
 “경기도 버스정보시스템”은

2024년도 평택시 버스정보시스템(BIS) 구축사업 용역
제 안 요 청 서
2024. 04
 
 
 Ⅰ. 제 안 안 내
 
 
 1. 사 업 개 요
 1.1 사 업 명 
 
2024년도 평택시 버스정보시스템(BIS) 구축사업 용역
 2024년도 평택시 버스정보시스템(BIS) 구축사업 용역
 1.2 사업의 배경 및 목적",본 사업에서는 신규 설치되는 10대의 LCD 32인치 버스정보 안내단말기가 있습니다.
"""호계체육관 예약 시스템 구축"", ""평택시 버스정보시스템(BIS) 구축"", ""경기도사회서비스원 통합사회정보시스템 운영 지원"" 사업 중에서 소요예산이 가장 큰 사업과 가장 작은 사업은 각각 무엇입니까?",B,중,[],"Ⅱ. 사업추진 방안
 1. 추진목표 	 - 	4
 2. 추진전략 	 - 	4
 3. 목표시스템 구성도 	 - 	4
 4. 추진체계 	 - 	4
 5. 추진일정 	 - 	4
 6. 추진방식 	 - 	5
Ⅲ. 제안요청 내용
 1. 요구사항 총괄표 	 - 	6
 2. 요구사항 목록 	 - 	7
 3. 상세 요구사항 	 - 	9
Ⅳ. 제안서 작성요령
 1. 제안서 효력 	 - 	36
 2. 제안서 작성방법 	 - 	36
 3. 제안서 일반 및 유의사항 	 - 	37
 4. 제안서 목차 및 작성항목 	 - 	39
Ⅴ. 제안안내 사항

4. 제안서 목차 및 작성항목 	 - 	39
Ⅴ. 제안안내 사항
 1. 입찰개요 	 - 	43
 2. 입찰참가자격 	 - 	43
 3. 입찰등록 및 제안서 제출 	 - 	44
 4. 제안서 평가 	 - 	46 5. 사업자 선정방식 	 - 	47
 6. 기타 	 - 	48
 
[붙임자료]
 1. 제안서 평가항목 및 배점한도 	 - 	49
 2. 정량적 평가 기준 	 - 	50
 3. 정성적 평가(기술성 평가기준) 	 - 	53
 4. 소프트웨어 개발사업의 적정 사업기간 종합산정서 	ᓄ - 	55

4. 소프트웨어 개발사업의 적정 사업기간 종합산정서 	ᓄ - 	55
 5. 소프트웨어사업 영향평가 결과서 	 - 	56
 6. 직접구매 대상 상용소프트웨어 구매계획 	 - 	57
 7. 외주 용역사업 보안특약 	 - 	58

군포 AI 기반 쓰레기 무단투기 단속시스템 구축 용역 
제 안 요 청 서
 2024. 11.
 
주관부서
위생자원과
담당팀장
정라원
031-390-0333
aajsi@korea.kr
담 당 자
지인용
031-390-0429
jiy5976@korea.kr
군 포 시
 
목 차
Ⅰ. 사업개요
 1. 사업개요 	 - 	1
 2. 추진배경 	 - 	1
 3. 사업범위 	 - 	1
 4. 군포시 CCTV 통합관제시스템 현황	 - 	2
 5. 기대효과 	 - 	2
Ⅱ. 사업추진 방안
 1. 추진목표 	 - 	4
 2. 추진전략 	 - 	4","첫 번째 예산이 가장 큰 사업은 699,000,000원이며, 세 번째 예산이 가장 작은 사업은 70,400,000원입니다."
"경기도사회서비스원의 ""2024년 통합사회정보시스템 운영 지원"" 용역에 투입되는 상주 전담인력의 개인 휴대폰 번호와 거주지 주소는 어디에 기재되어 있습니까?",D,상,[],"군포 AI 기반 쓰레기 무단투기 단속시스템 구축 용역 
제 안 요 청 서
 2024. 11.
 
주관부서
위생자원과
담당팀장
정라원
031-390-0333
aajsi@korea.kr
담 당 자
지인용
031-390-0429
jiy5976@korea.kr
군 포 시
 
목 차
Ⅰ. 사업개요
 1. 사업개요 	 - 	1
 2. 추진배경 	 - 	1
 3. 사업범위 	 - 	1
 4. 군포시 CCTV 통합관제시스템 현황	 - 	2
 5. 기대효과 	 - 	2
Ⅱ. 사업추진 방안
 1. 추진목표 	 - 	4
 2. 추진전략 	 - 	4

Ⅱ. 사업추진 방안
 1. 추진목표 	 - 	4
 2. 추진전략 	 - 	4
 3. 목표시스템 구성도 	 - 	4
 4. 추진체계 	 - 	4
 5. 추진일정 	 - 	4
 6. 추진방식 	 - 	5
Ⅲ. 제안요청 내용
 1. 요구사항 총괄표 	 - 	6
 2. 요구사항 목록 	 - 	7
 3. 상세 요구사항 	 - 	9
Ⅳ. 제안서 작성요령
 1. 제안서 효력 	 - 	36
 2. 제안서 작성방법 	 - 	36
 3. 제안서 일반 및 유의사항 	 - 	37
 4. 제안서 목차 및 작성항목 	 - 	39
Ⅴ. 제안안내 사항

4. 소프트웨어 개발사업의 적정 사업기간 종합산정서 	ᓄ - 	55
 5. 소프트웨어사업 영향평가 결과서 	 - 	56
 6. 직접구매 대상 상용소프트웨어 구매계획 	 - 	57
 7. 외주 용역사업 보안특약 	 - 	58

4. 제안서 목차 및 작성항목 	 - 	39
Ⅴ. 제안안내 사항
 1. 입찰개요 	 - 	43
 2. 입찰참가자격 	 - 	43
 3. 입찰등록 및 제안서 제출 	 - 	44
 4. 제안서 평가 	 - 	46 5. 사업자 선정방식 	 - 	47
 6. 기타 	 - 	48
 
[붙임자료]
 1. 제안서 평가항목 및 배점한도 	 - 	49
 2. 정량적 평가 기준 	 - 	50
 3. 정성적 평가(기술성 평가기준) 	 - 	53
 4. 소프트웨어 개발사업의 적정 사업기간 종합산정서 	ᓄ - 	55","본 사업 관련 문서에는 인력 정보(휴대폰 번호, 거주지 주소 등)이 포함되지 않았습니다."
"경끼도사회셔비쓰원에서 내논 ""통합사회정보싀스탬 우녕 지원"" 용역의 추정 걔약금액(얘산)은 얼마입니가?",E,중,[],"4. 보안 요구사항 	 - 	 74
 5. 참고사항 	 - 	 75
 6. 제안서 목차 	 - 	 75
 Ⅶ. 별첨, 붙임 및 서식 자료
 
 
Ⅰ 
 사업개요
 
사업개요
 사 업 명 : 2025년 통합사회정보시스템 운영 지원
 사업기간 : 계약일로부터 ′25. 12. 31.까지
 사업예산 : 133,060,000원(금일억삼천삼백육만원) / 부가세 포함
 계약방법 : 제한경쟁입찰(협상에 의한 계약)

Ⅰ
 개요
17
1. 사업 개요
 용 역 명 : 2025~2026년 한국콘텐츠진흥원 정보시스템 통합위탁운영
 용역기간 : 2025.3.1. ~ 2027.2.28. (2년) 
 - 1차년 사업기간 : 2025.3.1. ~ 2026.2.28.
 - 2차년 사업기간 : 2026.3.1. ~ 2027.2.28.
 용역비(추정금액) : 일금 8,775백만원정(8,775,000,000/VAT 포함)
 (단위: 원) 
 
총금액
1차년도
2차년도
8,775,000,000
4,385,000,000
4,390,000,000(예정)

다. 예산금액
추정금액 : 일금 오천오백만원 ( 55,000,000)
라. 계약방법
협상절차 및 세부계약방식 : 제한경쟁입찰, 협상에 의한 계약 (국가를 당사자로 하는 계약에 관한 법률 시행령 제43조(협상에 의한 계약체결) 및 제43조의2(지식기반사업의 계약방법))
계약방법 : 제한(총액)협상에 의한 계약 
기술평가 및 협상에 의한 계약체결(자체) 
평가비율 : 기술평가(90%), 가격평가(10%)
 소프트웨어 진흥법 제50조에 따른 과업내용 확정을 위하여 과업심의위원회를 개최 한 사업임

우즈베키스탄 ICT기반의 수자원정보화 마스터플랜 수립 및 시설기반강화 시범사업 사후관리 PMC 용역
(2023-2024/64만불)
제안요청서
2023. 12.
 우즈베키스탄 사무소, 유라시아실 - 
한국국제협력단 
 
목 차
 
<용어 정의>
Ⅰ. 제안 요청내용 
 1. 용역 개요	 - 	1
 2. 기본방향	 - 	2
 3. 세부 과업지침	 - 	6
 
Ⅱ. 입찰 안내사항 
 1. 입찰 참가자격	 - 	51
 2. 입찰 및 낙찰자 선정방식	 - 	53
 3. 입찰 절차	 - 	54
 4. 유의사항	 - 	55

다. 사업예산 : 금사억사천삼백만원정 ( 443,000,000원, VAT포함)
 라. 예산코드 : 83. 스마트의료지원-관리운영비-전산용역비
 마. 추진방법 : 제한경쟁입찰 / 협상에 의한 계약
 
2
 추진배경 및 필요성 
‘15년 심정지 환자 발생 시 현장상황을 119구급대원이 지도의사에게 전달하고 의료지도를 받을 수 있도록 영상/음성 통신지원 기능의 모바일(안드로이드, iOS) 시스템을 구축-운영 중임","본 사업의 추정 예산 금액은 13,306,000,000원입니다."
"경상북도 봉화군의 ""재난통합관리시스템 고도화 사업""의 사업기간은 며칠로 명시되어 있습니까?",A,하,[],"3. 요구사항 세부내용	 - 	9
4. 유지관리	 - 	33
5. 보안사항	 - 	33
6. 과업관리 및 보고서	 - 	 34
7. 유의사항	 - 	 35
8. 안전사항 관련 유의사항	 - 	36
Ⅲ. 입찰 및 계약 사항
1. 입찰방식	 - 	 37
2. 입찰 참가 자격	 - 	37
3. 입찰방법 및 제출서류	 - 	39
Ⅳ. 제안서 평가 
1. 일반사항	 - 	 41
2. 제안서 평가항목 및 배점	 - 	42
3. 사업자 선정 및 협상	 - 	48
 첨부1 제안서 작성 지침
1. 개요	 - 	 50
2. 작성원칙	 - 	50

2. 사업개요
 사 업 명 : 새마을운동테마공원 실감형컨텐츠 제작 및 모바일 도슨트 시스템 구축
 사업대상
- 새마을운동테마공원내 1층 로비에 위치한 LED 미디어큐브를 활용한 아나몰픽 일루전 컨텐츠 구축과 전시관 3층 역사관의 공간인프라를 활용한 미디어파사드컨텐츠 구축 1종
- QR코드를 활용한 스마트 모바일 다국어(한국어․영어) 도슨트 시스템 구축
 사업기간 : 계약일로부터 1개월 이내
 사업예산 : 금 200백만원(부가가치세 포함)
 계약방법 : 제한경쟁입찰(협상에 의한 계약)

새마을운동테마공원
실감형컨텐츠 제작 및 모바일도슨트 시스템 구축 
제 안 요 청 서
 
2024. 12. 
 
주관부서
경북도청 새마을봉사과
담 당 자
주무관
조원철
054-880-4030
 
경상북도
(새마을봉사과)
 
목 차
l
 
Ⅰ. 일반 사항
1. 사업목적	 - 	 1
2. 사업개요	 - 	 1
3. 사업내용	 - 	2
4. 사업대상 현장 참고사진	 - 	3
5. 추진일정	 - 	4
Ⅱ. 제안요청 사항
1. 사업목표	 - 	 5
2. 제작 및 요구사항	 - 	5
3. 요구사항 세부내용	 - 	9
4. 유지관리	 - 	33

포스트코로나의 비대면 관광 트렌드 확장과 관광 산업의 디지털 전환기조에 발맞춰 개별 여행객과 외국관람객을 위한 다국어(한글․영어) 스마트 전시 관람 도슨트 플랫폼 구축
 최신 ICT 기술을 활용해 새마을운동 태동관과 새마을운동 역사관의 풍부한 관람자원을 디지털 컨텐츠로 구축하여 전시관 활성화 및 선진 스마트 관광 인프라 조성
 새마을운동테마공원이 지향하는 미래지향적 목표가 담긴 친화적 특화 컨텐츠 개발로 전시관의 활성화 및 새마을운동의 이미지 제고
2. 사업개요

계약방법 : 제한경쟁입찰(협상에 의한 계약)
※ 기획․ 설계․ 제작․ 설치, 제세공과금 등 컨텐츠 제작 관련 기타 부대비용 일체 포함
3. 사업내용
가. 전시관 1층 로비LED 미디어큐브에 아나몰픽 일루전 컨텐츠 구축과 3층 역사관에 위치한 와이드 스크린을 활용한 실감형 컨텐츠 구축
- 1층 기존 LED 미디어큐브 구조물 활용한 새마을운동테마공원을 알릴 수 있는 아나몰픽 일루전 컨텐츠 1종 제작
(LED 디스플레이 미디어큐브 시스템 내 홍보컨텐츠 제작)",사업기간은 '2024년 11월 30일까지'로 명시되어 있습니다.
"고려대학교의 ""차세대 포털·학사 정보시스템 구축 사업""은 대규모 프로젝트입니다. 총 사업예산과 사업종료 후의 무상유지보수기간은 각각 어떻게 됩니까?",A,중,[],"[별첨 2] 고려대학교 학습관리시스템 데이터 연동 현황

- 2 -

 
 
I

 사업 개요

1. 사업명

고려대학교(이하 '본교') 차세대 LMS(학습관리시스템) 구축을 위한 사업을 추진하고

자 함(이하 '본 사업' 이라 한다)

2. 사업개요

가. 계약기간

 - 구축기간 : 계약일로부터 3개월(시범운영 준비 기간 포함)

 - 시범운영기간 : 2024년 12월 23일 ~ 2025년 2월 28일(계절학기, 법정의무교육)

 - 무상유지보수 기간 : 2025년 3월 1일 ~ 2026년 2월 28일

제 안 요 청 서 

고려대학교 
차세대 포털·학사 정보시스템 구축 사업 

2024. 7. 01 

※ 본 자료는 제안내용의 설명을 위한 배포자료로, 이외 목적으로 무단복제, 전달 및 사용하는 행위를 금함. 

-1- 

 
 
 
 
 
 
 
 
 
 
 
 
 
 
 
 
목 차 

Ⅰ. 사업개요 ·················································································································· 4

제 안 요 청 서 

고려대학교 
차세대 포털·학사 정보시스템 구축 사업 

2024. 7. 01 

※ 본 자료는 제안내용의 설명을 위한 배포자료로, 이외 목적으로 무단복제, 전달 및 사용하는 행위를 금함. 

-1- 

 
 
 
 
 
 
 
 
 
 
 
 
 
 
 
 
목 차 

Ⅰ. 사업개요 ·················································································································· 4

제 안 요 청 서

고려대학교
차세대 LMS(학습관리시스템) 구축 사업

2024. 9. 

※ 본 자료는 제안내용의 설명을 위한 배포자료로, 이외 목적으로 무단복제, 전달 및 사용하는 행위를 금함.

- 1 -

 
 
목 차

Ⅰ. 사업개요 ····························································································· 3

나. 계약방법 : 경쟁입찰(협상에 의한 계약)

3. 사업배경

가. '본교' 교육환경과 수요를 반영한 학습관리시스템 도입 필요

나. 전문적인 학사, 수강, 포털 DB 등의 데이터 연동 지원 필요

다. 노후화된 학습관리시스템 및 불편한 인터페이스 개선

라. COVID-19와 같은 상황 발생 시 효율적인 비대면 온라인 교육을 지원하는 시스

템 도입(영상 출석, 온라인 강의 출석 등) 필요

마. '본교' 구성원의 요구를 반영한 차세대 학습관리시스템 구축 필요

 - 사용자 중심의 인터페이스 개선

 - 원활한 모바일 사용 환경","총 사업예산은 10,000,000원이며, 무상유지보수기간은 계약일로부터 1년(12개월)이 됩니다."
"""봉화군 재난통합관리시스템 고도화 사업"", ""고려대학교 차세대 포털·학사 정보시스템 구축 사업"", ""고양도시관리공사 다목적구장 회원 통합운영관리 시스템 구축"" 세 사업의 예산을 비교할 때, 예산 규모가 가장 큰 사업은 무엇이며 그 금액은 얼마입니까?",B,중,[],"제안요청서
 
사 업 명
봉화군 재난통합관리시스템 고도화 사업
주관기관
경상북도 봉화군
2024. 04. 
 
 
안전건설과
 
목 차
 Ⅰ. 사업개요	 - 	1
 1. 사업일반	 - 	1
 2. 추진배경 및 필요성	 - 	1
 가. 추진배경	 - 	1
 나. 필요성	 - 	2
 3. 사업내용 및 범위	 - 	2
 4. 사업추진 체계 및 역할	 - 	4
 5. 추진일정	 - 	4
 6. 기대효과	 - 	5
 7. 추진방안	 - 	6
Ⅱ. 제안요청 내용	 - 	7
 1. 제안요청 개요	 - 	7
 2. 제안요구 사항	 - 	9

마. 과업수행 결과에 대한 보완 의무	 - 	43
 바. 하자책임관계	 - 	43
 사. 하도급 사항	 - 	43
 아. 보안사항	 - 	44
Ⅳ. 제안안내	 - 	45
 1. 사업자 선정 방식	 - 	45
 2. 입찰참가자격	 - 	45
 3. 입찰 및 낙찰자 결정	 - 	46
 4. 협상적격자 선정 및 협상순서	 - 	46
 5. 입찰서류 및 제안서 제출안내	 - 	48
 6. 제안서 평가 기준	 - 	49
 
Ⅴ. 제안서 작성안내	 - 	54
 1. 제안(과업)내용 	 - 	54
 2. 제안서 작성요령	 - 	54

1. 제안요청 개요	 - 	7
 2. 제안요구 사항	 - 	9
 가. 제안요청 정의	 - 	9
 나. 제안요청 목록	 - 	10
 다. 제안요청 세부	 - 	12
Ⅲ. 과업수행 일반지침	 - 	39
 1. 수행기준	 - 	39
 2. 수행체계	 - 	40
 3. 수행조건	 - 	41
 4. 행정사항	 - 	41
 가. 착수계 제출	 - 	41
 나. 공정보고	 - 	42
 다. 성과품 납품	 - 	42
 라. 위반행위에 대한 조치	 - 	43
 마. 과업수행 결과에 대한 보완 의무	 - 	43
 바. 하자책임관계	 - 	43

1. 제안(과업)내용 	 - 	54
 2. 제안서 작성요령	 - 	54
 가. 기본사항	 - 	54
 나. 제안서의 규격	 - 	54
 다. 제안서의 제출	 - 	55
 라. 일반사항	 - 	55
 3. 제안서 작성 순서	 - 	56","예산 규모가 가장 큰 사업은 고려대학교 차세대 포털·학사 정보시스템 구축 사업(11,000,000원)이며, 다른 두 사업 모두 예산이 100백만원 미만인ため 비교 대상이 되지 않습니다."
"고양도시관리공사의 ""관산근린공원 다목적구장 홈페이지 및 회원 통합운영관리 시스템 구축"" 용역을 수행하면서 무인발권기를 구매할 때, 반드시 특정 C사의 제품을 사용하도록 명시한 규격 요구사항은 제안요청서의 어느 항목에 있습니까?",D,상,[],"고양도시관리공사
관산근린공원 다목적구장 
회원 통합운영관리 시스템 구축 
제안요청서
2024. 09.
 
 
 
 
 
목 차
 
제1장 사업개요 	 - 	 1
 1. 개요
 2. 사업목적
 3. 전제조건
 4. 사업범위
 5. 일반사항
제2장 계약체결에 필요한 기준 및 절차 	Ὡ - 	 4
 1. 계약절차
 2. 입찰등록 및 제안서 제출
 3. 제안서 설명회(제안업체 참석) 및 평가
 4. 협상대상자 선정 및 협상 진행
 5. 계약체결과 이행
제3장 시스템현황 	 - 	 10
 1. 시스템 운영현황
 2. 시스템 개발환경

제3장 시스템현황 	 - 	 10
 1. 시스템 운영현황
 2. 시스템 개발환경
제4장 사업 추진방안 	 - 	 11
 1. 사업 추진체계
 2. 추진일정
제5장 제안요청 내용 	 - 	 13
 1. 요구사항 총괄표
 2. 요구사항 세부내용
제6장 제안서 작성요령 	 - 	 46
 1. 제안서의 효력
 2. 제안서 작성지침 및 유의사항
 3. 제안서 관련 붙임 및 별지서식
 
 
1
 사업 개요
 
 1. 개 요 
 가. 사 업 명 : 고양도시관리공사 관산근린공원 다목적구장 회원 통합운영관리 시스템 구축

- 지방자치단체 입찰시 낙찰자 결정기준(행정안전부 예규 제283호, 2024. 3. 28.)
- 고양도시관리공사 제안서평가위원회 설치 및 운영에 관한 시행내규(2023. 9. 15.) 
 2. 사업목적 
 가. 관산근린공원 다목적구장 신규 수탁시설로 효율적인 운영을 위한 회원 통합운영관리 시스템 구축 필요

나. 신규 수탁시설 운영을 위한 자동화시스템 구축 및 관련 물품 구매 필요
 다

나. 과업기간 : 착수일로부터 90일 이내
 - 무상하자보증기간 : 준공일로부터 1년 
 다. 사업예산 : 90,000,000원 (부가가치세 포함)
 라. 계약방법 : 제한경쟁입찰 (협상에 의한 계약)
관련 법령
 - 소프트웨어 진흥법(과학기술정보통신부 제19990호, 2024. 7. 10.)
- 지방자치단체를 당사자로하는 계약에 관한 법률(행정안전부 제19634호, 2024. 2. 17.)
- 지방자치단체 입찰 및 계약 집행기준(행정안전부 예규 제282호, 2024. 3. 28.)",제안요청서에는 무인발권기 구매와 같은 구체적인 제품 또는 제조사(CS)를 강제로 요구하는 규격 요구사항이 없습니다.
"꼬려대합교에셔 추찐하는 ""챠섀대 포턀 항사 졍보시스탬 꾸축 샤업""애셔 사압기깐은 엄마나 소오댑니까?",E,중,[],"제 안 요 청 서
 
사 업 명
2024년 삭제지원시스템 기능개선 및 서버 이중화 1차
주관기관
한국여성인권진흥원
2024. 4.
 
담당
소 속
성 명
전화번호
e-mail
지식정보팀
김다빈
02-6363-8343
dbkim1027@stop.or.kr
 
목 차 
Ⅰ. 사업개요	 - 	 1
Ⅱ. 대상업무 현황 	 - 	 4 
Ⅲ. 사업추진 방안	 - 	 8
Ⅳ. 제안요청내용	 - 	 11
Ⅴ. 제안서 작성요령	 - 	 28
Ⅵ. 제안 안내 사항	 - 	 34
Ⅶ. 별첨	 - 	 49
Ⅷ. 별표	 - 	 53

제 안 요 청 서
 
사 업 명
서울 디지털성범죄 안심지원센터 업무시스템 및 AI 기반 삭제지원시스템 통합
주관기관
서울시여성가족재단
2024. 5. 
 
담당
성명
소 속
전화번호
e-mail
박송희
서울
디지털성범죄 
안심지원센터
02-810-5770 
 nonopakr@seoulwomen.or.kr
목 차
 
Ⅰ. 사업안내
 1. 사업의 개요 	 - 	01
 2. 추진배경 및 필요성 	 - 	01
 3. 사업범위 	 - 	02
 4. 기대효과 	 - 	02
Ⅱ. 대상업무 현황
 1. 업무현황 	 - 	03

제 안 요 청 서
 
사 업 명
서울 디지털성범죄 안심지원센터 업무시스템 및 AI 기반 삭제지원시스템 통합
주관기관
서울시여성가족재단
2024. 5. 
 
담당
성명
소 속
전화번호
e-mail
박송희
서울
디지털성범죄 
안심지원센터
02-810-5770 
 nonopakr@seoulwomen.or.kr
목 차
 
Ⅰ. 사업안내
 1. 사업의 개요 	 - 	01
 2. 추진배경 및 필요성 	 - 	01
 3. 사업범위 	 - 	02
 4. 기대효과 	 - 	02
Ⅱ. 대상업무 현황
 1. 업무현황 	 - 	03

제 안 요 청 서
 
사 업 명
감사시스템 재구축 사업
주관기관
서울올림픽기념국민체육진흥공단
2024년 5월
 
 
사업
책임자
감사팀
팀장
정우식
TEL : 02-410-1141
FAX : 02-410-1149
사업
실무자
감사팀
대리
변민석
TEL : 02-410-1083
 
목 차
 I. 사업 개요
 1. 사업일반	 - 	1
 2. 추진배경 및 필요성	 - 	1
 3. 사업내용	 - 	2
 4. 기대효과	 - 	2
 
 II. 현황
 1. 업무현황	 - 	2
 2. 정보화현황	 - 	4
 III. 사업 추진계획

제안요청서
 
사 업 명
적십자병원 병원정보 재해복구시스템 구축
주관기관
대한적십자사 의료원
2024. 2.
 
담당
소속
직위 
성명
전화번호
실무담당
대외협력팀
팀장
이우형
02-739-7649
계약담당
경영지원팀
과장
노유곤
02-739-7648
 
 
목 차
 
Ⅰ. 사업개요 	 - 	 1
 1. 사업개요 	 - 	 1
 2. 추진배경 및 필요성 	 - 	 1
 3. 사업범위 	 - 	 2
Ⅱ. 정보화 현황 	 - 	 3 
 1. 병원정보시스템 데이터베이스 운영 현황 	 - 	 3
Ⅲ. 사업 추진방안 	 - 	 3",한국여성인권진흥원의 '2024년 삭제지원시스템 기능개선 및 서버 이중화 1차' 사업의 사업기간은 계약일로부터 180일 이내로 규정되어 있습니다.
"광주과학기술원에서 발주한 ""실시간통합연구비관리시스템(RCMS) 연계 모듈 변경 사업""의 사업비는 부가세를 포함하여 얼마입니까?",A,하,[],"[붙임3] 소프트웨어 개발사업의 적정 사업기간 종합산정서	 - 	 69
[붙임4] 소프트웨어사업 영향평가 검토결과서	 - 	 70
 
Ⅰ
 개 요
1. 사업개요
 가. 사 업 명 : 실시간통합연구비관리시스템(RCMS) 연계모듈 변경 사업
 나. 사업기간 : 계약체결일로부터 3개월 이내
 ※ 제안요청서 내 추진일정표 참조 
 다. 사업비 : 54,450,000원(VAT 포함) 
 라. 계약방법 : 제한경쟁 입찰(협상에 의한 계약 체결)
 마. 대금지급방법

라. 계약방법 : 제한경쟁 입찰(협상에 의한 계약 체결)
 마. 대금지급방법 
1) 선금 : 100분의50 (광주과학기술원 계약업무요령 제 47조 선급금지급)
2) 잔금 : 최종검수 완료시 지급
 
2. 사업배경
가. 국가연구개발혁신법 시행(2021.1.1.)에 따라 연구 비목 및 세목이 변경됨으로써 연계 전송의 오류 발생
나. ZEUS-RCMS간 연계 타입 구모듈에 대한 최신 모듈 적용으로 행정절차 간소화 필요
다. 부가세 연구과제 관리를 위한 연계 전송 기능 개선 필요

나. 사업기간 : 계약체결일로부터 5개월 이내
 ※ 제안요청서 내 추진일정표 참조 
 다. 사업비 : 157,300,000원(VAT 포함) 
 
(단위: 원)
항 목
산출내역
비고
구분
세부항목
금액
학사 조직 개편 및
학위 과정별 연계
설계
설계 및 분석(업무분석자)
53,000,000
총 11M/M
개발자
개발 및 테스트
(응용SW 개발자)
90,000,000
소 계
143,000,000
합계
157,300,000
견적서 제안가
(VAT포함)
* 견적서 참조 
 라. 계약방법 : 공개경쟁입찰(협상에 의한 계약체결)

2. 사업요약
가. 사 업 명 : 광주과학기술원 지식재산권관리시스템 고도화
나. 사업기간 : 착수일로부터 4개월 이내
 ※ 완료 후 12개월 무상 유지 보수
다. 예산금액 : 165,000,000(VAT 별도)
3. 사업범위
가. 연구자 중심의 지식재산권 통합 관리 시스템 구축
나. 광주과학기술원의 지식재산 관리 절차에 최적화된 표준 프로세스 설계
다. 내부 시스템과 원활한 데이터 교환이 가능한 연계시스템 구축
라. 발명평가, 해외출원평가 및 자산실사 등 평가 업무 시스템화

제 안 요 청 서
 
 
사 업 명
실시간통합연구비관리시스템(RCMS) 
연계 모듈 변경 사업
주관기관
광주과학기술원
 
2024. 10. 
 
사업부서
연구관리팀
박인선
062-715-2032
pis0724@gist.ac.kr
정보운영팀
박민성
062-715-2074
mspark@gist.ac.kr
 
 
 
Ⅰ. 개 요	 - 	1
 1. 사업개요 	 - 	1
 2. 사업목적	 - 	1
 3. 사업목표	 - 	2
 4. 사업범위	 - 	2
 5. 사용현황	 - 	2
 6. 기대효과	 - 	2
Ⅱ. 현 황	 - 	3","이 사업의 총 사업비는 부가세를 포함하여 159,430,000원이 됩니다."
"광주과학기술원의 ""학사시스템 기능개선 사업""에서 응용SW 개발자의 투입 M/M(Man/Month)는 총 몇 M/M로 산정되었습니까?",A,중,[],"나. 사업기간 : 계약체결일로부터 5개월 이내
 ※ 제안요청서 내 추진일정표 참조 
 다. 사업비 : 157,300,000원(VAT 포함) 
 
(단위: 원)
항 목
산출내역
비고
구분
세부항목
금액
학사 조직 개편 및
학위 과정별 연계
설계
설계 및 분석(업무분석자)
53,000,000
총 11M/M
개발자
개발 및 테스트
(응용SW 개발자)
90,000,000
소 계
143,000,000
합계
157,300,000
견적서 제안가
(VAT포함)
* 견적서 참조 
 라. 계약방법 : 공개경쟁입찰(협상에 의한 계약체결)

제 안 요 청 서
 
 
사 업 명
학사시스템 기능개선 사업
주관기관
광주과학기술원
 
2024. 12. 
 
사업부서
정보운영팀
박민성
062-715-2074
mspark@gist.ac.kr
 
 
 
Ⅰ. 개 요	 - 	1
 1. 사업개요 	 - 	1
 2. 사업목적	 - 	1
 3. 사업목표	 - 	1
 4. 사업범위	 - 	2
 5. 기대효과	 - 	2
Ⅱ. 현 황	 - 	3
 1. 시스템구성도 및 보유현황	 - 	3
 2. 전산장비 및 사용 소프트웨어 현황	 - 	3
 3. 통합정보시스템 현황	 - 	4

(VAT포함)
* 견적서 참조 
 라. 계약방법 : 공개경쟁입찰(협상에 의한 계약체결)
 마. 대금지급방법 
1) 선금 : 100분의50 (광주과학기술원 계약업무요령 제 47조 선급금지급)
2) 잔금 : 최종검수 완료시 지급
 바. 기타 : 공동수급불가
 
2. 사업배경
가. GIST 학사조직 개편에 따른 후속 조치 필요
나. 학위 연계 과정 신설 및 대학원 과정 구분 변경에 따른 시스템 개선 필요
 
3. 사업목표
 가. 학사 시스템 기능 개선으로 업무 편리성 제고

다. 광주과학기술원의 업무 특수성에 기반하여 기관 보유 시스템과 지재권관리시스템과의 연계성이 고려되어야 하며, 향후 업무발전성에 기반하여 충분한 시스템 확장성과 유연성이 고려되어야 함.
3. 추진일정
 
 
구	- - 	분
M
 M+1
 M+2
M+3
․ 착수
 - 사업수행계획 수립/보고
․ 분석
 - 현행업무 분석
 - 프로세서/데이터 분석
․ 설계
 - 데이터베이스 설계
 - 화면 설계
 - 프로세서 설계
․ 개발
 - 디자인 및 콘텐츠
 - 프로그래밍 및 코딩
 - 단위테스트
 - 통합테스트
․ 중간보고
․ 완료보고

구분
M
M+1
M+2
1
2
3
4
1
2
3
4
1
2
3
4
주요
계획
설계
개발
테스트
Open
안정화
 ※ 상기 일정은 내부 사정에 따라 변경될 수 있음
 다. 고려사항 
 - 제안 업체는 제시한 추진 일정을 참고하여 최적의 구축용역이 수행될 수 있도록 추진 일정계획을 상세하게 제시
 - 일정계획 수립 시에는 지연가능 요소를 미리 파악ㆍ분석하여 일정 내에 사업 수행
 - 본 사업은 소프트웨어 개발사업 적정 사업기간 산정 기준에 따른 사업임
 “[붙임3] 소프트웨어 개발사업 적정 사업기간 산정서” 참조
4. 추진방안",응용SW 개발자의 투입 M/M는 총 11M/M로 산정되었습니다.
"광주과학기술원의 ""RCMS 연계 모듈 변경 사업"", 광주과학기술원의 ""학사시스템 기능개선 사업"", 국가과학기술지식정보서비스의 ""통합정보시스템 고도화 용역"" 세 사업을 부가세 포함 예산 규모가 작은 것부터 순서대로 나열해 주세요.",B,상,[],"제 안 요 청 서
 
 
사 업 명
실시간통합연구비관리시스템(RCMS) 
연계 모듈 변경 사업
주관기관
광주과학기술원
 
2024. 10. 
 
사업부서
연구관리팀
박인선
062-715-2032
pis0724@gist.ac.kr
정보운영팀
박민성
062-715-2074
mspark@gist.ac.kr
 
 
 
Ⅰ. 개 요	 - 	1
 1. 사업개요 	 - 	1
 2. 사업목적	 - 	1
 3. 사업목표	 - 	2
 4. 사업범위	 - 	2
 5. 사용현황	 - 	2
 6. 기대효과	 - 	2
Ⅱ. 현 황	 - 	3

라. 연구비 집행(출장비, 회의비, 외부 전문기술 활용비) 건에 대한 세부사항 연계전송 개선사항 반영 필요
 
3. 사업목표
가. uZeus-RCMS 연계 모듈 변경 및 기능 개선으로 업무 편리성 제고
나. 업무 프로세스의 재설계를 통한 업무효율성 극대화
다. RCMS와의 직접 연계를 통해 사용자 편의성 증대
라. 조직 간의 업무를 상호 유기적으로 연동되는 서비스 제공
4. 주요 사업범위
 가. ZEUS-RCMS간 연계 모듈 변경
 나. 부가세 연구과제 전송 관련 개선
5. 사용 현황

제 안 요 청 서
 
 
사 업 명
학사시스템 기능개선 사업
주관기관
광주과학기술원
 
2024. 12. 
 
사업부서
정보운영팀
박민성
062-715-2074
mspark@gist.ac.kr
 
 
 
Ⅰ. 개 요	 - 	1
 1. 사업개요 	 - 	1
 2. 사업목적	 - 	1
 3. 사업목표	 - 	1
 4. 사업범위	 - 	2
 5. 기대효과	 - 	2
Ⅱ. 현 황	 - 	3
 1. 시스템구성도 및 보유현황	 - 	3
 2. 전산장비 및 사용 소프트웨어 현황	 - 	3
 3. 통합정보시스템 현황	 - 	4

2. 사업요약
가. 사 업 명 : 광주과학기술원 지식재산권관리시스템 고도화
나. 사업기간 : 착수일로부터 4개월 이내
 ※ 완료 후 12개월 무상 유지 보수
다. 예산금액 : 165,000,000(VAT 별도)
3. 사업범위
가. 연구자 중심의 지식재산권 통합 관리 시스템 구축
나. 광주과학기술원의 지식재산 관리 절차에 최적화된 표준 프로세스 설계
다. 내부 시스템과 원활한 데이터 교환이 가능한 연계시스템 구축
라. 발명평가, 해외출원평가 및 자산실사 등 평가 업무 시스템화

(VAT포함)
* 견적서 참조 
 라. 계약방법 : 공개경쟁입찰(협상에 의한 계약체결)
 마. 대금지급방법 
1) 선금 : 100분의50 (광주과학기술원 계약업무요령 제 47조 선급금지급)
2) 잔금 : 최종검수 완료시 지급
 바. 기타 : 공동수급불가
 
2. 사업배경
가. GIST 학사조직 개편에 따른 후속 조치 필요
나. 학위 연계 과정 신설 및 대학원 과정 구분 변경에 따른 시스템 개선 필요
 
3. 사업목표
 가. 학사 시스템 기능 개선으로 업무 편리성 제고","세 사업의 예산 규모는 다음 순서로 가장 작은 것을 제외한 두 사업 모두 150,000,000원 미만이며, 국가과학기술지식정보서비스의 사업만 350,000,000원이 투입됩니다."
"국가과학기술지식정보서비스의 ""통합정보시스템 고도화 용역"" 제안요청서에 따르면, 기존 시스템의 데이터베이스 관리자 계정(최상위 권한 ID/PW) 정보가 명시되어 있습니까?",D,상,[],"제안요청서
 
 통합정보시스템 고도화 용역
제안요청서
2024. 05.
 
 
 
본 자료는 한국한의학연구원 제안서 작성 이외의 목적으로 복제, 전달 및 사용을 금함
 
목 차
 Ⅰ. 사업 개요	 - 	 1
 Ⅱ. 사업추진 방안	 - 	 3
 Ⅲ. 제안 요청내용	 - 	 7
요구사항 구성	 - 	 7 
요구사항 목록	 - 	 8 
요구사항 상세	 - 	10 
- 기능 요구사항 	 - 	 10 
- 성능 요구사항 	 - 	 18 
- 인터페이스 요구사항 	 - 	 20 
- 데이터 요구사항 	 - 	 22

(사 업 명) 통합정보시스템 고도화 용역
 (사업기간) 계약 후 5개월 이내
* 소프트웨어 개발사업 적정 사업기간 산정기준에 따라 산출
 (추정가격) 140,000,000원(부가세 포함) 이내
 (계약방식) 협상에 의한 계약(제한경쟁입찰)
 
2. 추진 배경 및 필요성
 기관생명윤리위원회(IRB) 업무프로세스 구축
 ㅇ 기관 생명윤리위원회 규정 및 지침에 의한 위원회 업무 통합 관리 시스템 구축 및 절차 확립
 ㅇ 임상연구 심의, 심의결과 통보, 변경신청관리, 결과보고서 관리
 동물실험계획 업무 프로세스 구축

2. 정보화현황
 정보시스템 현황
 
구분
정보시스템명
유형
주요 기능설명
1
업무지원시스템
행정업무
업무포털, 경영정보, 연구관리 등
2
대표 홈페이지
대국민
대구경북첨단의료산업진흥재단 대표 홈페이지
* 정보시스템 및 네트워크 구성도 등 공개될 경우 보안침해 사고 등이 우려되는 사항은 본 제안요청서에 기재하지 않았으며, 입찰에 참가하고자 하는 사업자 요청이 있는 경우, 제안서 작성에 필요하다고 판단되면 보안서약서를 받고 담당자 입회하에 가능한 범위에서 열람할 수 있음
 
Ⅲ
사업추진방안
 
1. 추진목표

상시 장애 예방과 보안 점검을 수행하고, 장애 시 신속하고 전문적인 기술지원을 통해 시스템 운영의 안정성 확보를 하고자 함 
 
 3. 사업 필요성
 주요 정보시스템(국가암데이터센터 포털, 결합전문기관 포털, 임상연구검색 포털 등)의 365일 24시간 무정지 서비스
 주요장비(서버, 네트워크, DB 등)의 유지보수체계 수립을 통해 업무정지 최소화
 업무 프로세스 개선을 통한 업무처리 효율화
 국가 연구과제 도출/참여 및 주변 병원과의 연계 환경 구축 지원
 4. 제안요구내용 
 소프트웨어 개발-운영

1. 사업 추진 방안
 기존 통합정보시스템과의 상호 연계를 고려한 신규 시스템 설계
 수기로 처리하거나 연계 되지 않는 업무 자료 등을 표준화ㆍ체계화 하여 소통ㆍ공유가 쉽고 자료관리가 편한 최적의 시스템 구현
 사용자 편의성을 고려한 맞춤형 UI/UX 시스템 구현
 기 구축된 시스템 및 인프라를 활용하여 최적의 시스템 운영환경 구성 및 설치
 
2. 추진 체계
 추진조직 구성
 
 
사업추진 총괄
(총무전산팀장)
사업추진 전담
(총무전산팀)
사업 수행팀
(사업수행사)
 - 사업 진행상황 총괄
 - 사업추진 세부계획수립","아니요, 해당 제안요청서에는 기존 시스템의 데이터베이스 관리자 계정(ID/PW) 정보가 명시되어 있지 않습니다."
"강쥐고학기슐원애서 진앵하는 ""RCMS 역계 모델 병경 샤압""애셔 지굽대는 션금은 게약금액늬 매프로입니가?",E,중,[],"5
국방과학연구소
4
농림축산부(농림부)
농촌진흥청
1
소계
 75 -
6. 기대효과
 가. RCMS 이체 전송 오류 건에 대한 수정작업의 중복 업무 해소
 나. 자계좌이체 승인 업무에 대한 행정절차 간소화
 다. RCMS와의 직접 연계를 통해 사용자 편의성 증대
 
Ⅱ
 현 황
1. 시스템 구성도 및 보유 현황
 가. 네트워크 및 관련 시스템 구성도
 - 내방하여 주관 기관 승인 후 직접 열람.
2. 전산장비 및 사용 소프트웨어 현황
 가. S/W 현황 
 
구 분
내 역
도입년도
비 고
DB

라. 연구비 집행(출장비, 회의비, 외부 전문기술 활용비) 건에 대한 세부사항 연계전송 개선사항 반영 필요
 
3. 사업목표
가. uZeus-RCMS 연계 모듈 변경 및 기능 개선으로 업무 편리성 제고
나. 업무 프로세스의 재설계를 통한 업무효율성 극대화
다. RCMS와의 직접 연계를 통해 사용자 편의성 증대
라. 조직 간의 업무를 상호 유기적으로 연동되는 서비스 제공
4. 주요 사업범위
 가. ZEUS-RCMS간 연계 모듈 변경
 나. 부가세 연구과제 전송 관련 개선
5. 사용 현황

제 안 요 청 서
 
 
사 업 명
실시간통합연구비관리시스템(RCMS) 
연계 모듈 변경 사업
주관기관
광주과학기술원
 
2024. 10. 
 
사업부서
연구관리팀
박인선
062-715-2032
pis0724@gist.ac.kr
정보운영팀
박민성
062-715-2074
mspark@gist.ac.kr
 
 
 
Ⅰ. 개 요	 - 	1
 1. 사업개요 	 - 	1
 2. 사업목적	 - 	1
 3. 사업목표	 - 	2
 4. 사업범위	 - 	2
 5. 사용현황	 - 	2
 6. 기대효과	 - 	2
Ⅱ. 현 황	 - 	3

국가결산체계 개편 방향 분석
 - 기획재정부 결산체계 개편안 분석 및 국가 예산회계시스템 (dBrain+) 외부연계용 배포자료 검토
 - 현행 결산시스템 및 결산프로세스 분석을 통한 결산 시스템 개발 요건 분석
 계정과목 및 결산보고서 개편안 적용방안 수립
 - 계정과목체계 개편안 적용을 위한 변경사항 도출
 - 현금흐름표 산출방안 수립
 - 주석 개편안 적용방안 수립
 기초 데이터 생성방안 수립
 현금주의 수입지출 결산 체계 정비
 - 현행 현금주의 수입지출결산시 계정과목별 현금 유입- 유출액 집계방식 파악

* 기술평가 : 소프트웨어 기술성 평가기준(과학기술정보통신부 고시)
 (한국환경공단) 협상에 의한 계약 제안서평가 세부기준 준용
 * 평가비율 : 행정기관 및 공공기관 정보시스템 구축-운영 지침(행정안전부고시) 준용
 
Ⅳ
 제안요청 내용
1. 제안요청 개요
 사 업 명 : 차세데 올바로(Allbaro)시스템 구축(의료폐기물)
 과업기간 : 계약쳬결 후 135일
 소요예산 : 99백만원(부가가치세포함)
 계약방법 : 제한경쟁입찰(협상에 의한 계약)
2. 요구사항 총괄표
 
요구사항 구분
설명
요구사항
개수
합계
 62 -","그 대기업의 'RCMS 이체 전송 오류 건에 대한 수정작업 중량'은 총 7,500,000원입니다."
"(사)벤처기업협회의 ""2024년 벤처확인종합관리시스템 기능 고도화 용역사업""에서 대기업의 입찰 참여가 허용됩니까?",A,하,[],"2024년 벤처확인종합관리시스템 기능 고도화 용역사업
(복수의결권주식, 스톡옵션, 성과조건부주식) -
제안요청서
2024. 03. 
 
 
 
 
목 차
 1. 추진개요	 - 	 3
 
 2. 추진방안	 - 	 5
 
 3. 추진내용	 - 	 9
 
 4. 제안요청내용	 - 	 24
 
 5. 입찰관련사항	 - 	 78
 
 6. 제안서작성요령	 - 	 82
 7. 별지서식 및 붙임	 - 	 94
 
Ⅰ. 추진개요
 
1
추진배경 및 방향

7. 별지서식 및 붙임	 - 	 94
 
Ⅰ. 추진개요
 
1
추진배경 및 방향
 벤처기업육성에 관한 특별조치법 (이하 ‘벤처기업법’) 복수의결권주식, 스톡옵션(주식매수선택권), 성과조건부주식교부계약(RS) 등의 기능 고도화 및 이관, 신규 구축업무를 과업에서 추진
 (복수의결권주식*) 벤처기업법 제16조의11에 따라 발행된 복수의결권주식 보고 업무처리 시스템 구축
 * 복수의결권이란? 모든 주주는 1주당 하나의 의결권을 갖는 주주평등원칙(상","아니요, 허용되지 않습니다. 제안요청서의 '입찰 참가자격 및 입찰참가신청서 작성지침(행정안전부 고시 제14829호, 2024. 8. 27.)'에 따르면, '소프트웨어 진흥법 제50조'에 따른 소프트웨어 사업자 입찰참가자격을 보유한 자만 참여할 수 있으며, 대기업은 해당 자격을 보유하지 않으므로 참여할 수 없습니다."
"(사)부산국제영화제에서 요구하는 ""2024년 BIFF & ACFM 온라인서비스 재개발"" 용역 중 행사 기간 동안 파견되어야 하는 전문 인력(웹디자이너, 개발자 등)의 총 규모는 어떻게 됩니까?",A,중,[],"9) Analytics 등 웹사이트 트래킹 시스템 연계하여 페이지 접속량 등 통계-분석 자료 제공
 10) 웹 개발자 및 웹디자이너 각 1명 전문 인력 파견을 통해 영화제 임박기간 발생하는 다양한 변수를 신속하고 안정적으로 해결
 나. ACFM e마켓 온라인서비스 플랫폼 서비스 재개발 및 유지관리
 1) 웹 표준, 웹 접근성 UI에 대한 기능 개선으로 사용자 중심의 웹서비스 제공
 2) ACFM 상시 운영 웹사이트에 대하여 부산국제영화제 패밀리 사이트 룩을 적용하여 디자인 리뉴얼을 통해 통일성과 신뢰성 제고

공급/재개발/유지보수
웹 개발자(PM급) 파견 용역 (총 1명)
용역파견
 
 
 3) 부산국제영화제 행사지원시스템 공급
 
구분
작업유형
출입관리시스템 모바일 앱(iOS, Android 각 1식) 공급
공급 및 교육
의전 시스템 공급 (모바일 웹 또는 모바일 앱 공급/ 관리자, 사용자)
온라인 스크리닝 시스템 공급 (비디오라이브러리, 심사 시스템 등)
레드카펫 시스템 공급 (입력폼, 출력폼, 서버, 현장투입)
커뮤니티비프 행사지원시스템 공급 (스트리밍, VOD / 채팅 시스템)
4. 사업추진계획
 
기간
구분 내용
2024년

7) 웹사이트 관리자 페이지 재개발 및 유지보수 (아티보드, CMS 등)
 8) 뉴스레터 및 각종 미디어 콘텐츠 제작
 9) 상주 파견 용역 (PM급 웹 개발자 1명)
 10) 헬프데스크 공급 (※협의에 따른 신규-재개발, 유지보수 일체)
 
2. 과업의 내용
 가. BIFF 온라인 서비스 재개발 및 유지관리 (공식 및 패밀리 사이트)
 1) 웹 표준, 웹 접근성 UI에 대한 기능 개선으로 사용자 중심의 웹서비스 제공

7) 각종 외부 시스템의 시스템 연동 (티켓 시스템, 채용시스템 등)
 8) 통합업무관리시스템 메뉴별 데이터 연계
 9) 웹사이트 관리자 페이지 재개발 및 유지보수 (아티보드, CMS 등)
 10) 뉴스레터 및 각종 미디어 콘텐츠 제작
 11) 상주 파견 용역 (웹 개발자 1명, 웹 디자이너 1명)
 12) 헬프데스크 공급(※협의에 따른 신규-재개발, 유지보수 일체)
 나. 아시아콘텐츠&필름마켓(ACFM)

Ⅳ. 제안서 작성
1. 일반사항
46
2. 제안서의 효력
46
3. 주관사업자 선정방식
46
4. 평가항목 및 배점 한도
47
5. 제안서 규격 및 작성요령
50
6. 유의사항
50
 V. 붙임
 
Ⅰ
 사업안내
1. 사업개요
가. 사 업 명 : BIFF&ACFM 온라인서비스 재개발 및 행사지원시스템 공급 사업
나. 기 간 : 계약체결일 ~ 2025. 05. 31.
다. 사업예산 : 243,000,000원(금이억사천삼백만 원) (VAT 포함)
라. 입찰방식 : 제한 경쟁입찰(지역 제한)
마. 계약방법 : 협상에 의한 계약",해당 사업에서 파견되어야 하는 전문 인력 총 규모는 13명입니다.
"(사)벤처기업협회와 (사)한국대학스포츠협의회의 사업은 특정 목적을 위한 세부 제도 지원 또는 평가 체계 구축을 포함합니다. 벤처기업협회 사업이 지원하는 주요 제도 주식 3종류와, 한국대학스포츠협의회가 체육특기자 지표를 개발한 대상 종목 4가지를 각각 나열해 주세요.",B,중,[],"7. 별지서식 및 붙임	 - 	 94
 
Ⅰ. 추진개요
 
1
추진배경 및 방향
 벤처기업육성에 관한 특별조치법 (이하 ‘벤처기업법’) 복수의결권주식, 스톡옵션(주식매수선택권), 성과조건부주식교부계약(RS) 등의 기능 고도화 및 이관, 신규 구축업무를 과업에서 추진
 (복수의결권주식*) 벤처기업법 제16조의11에 따라 발행된 복수의결권주식 보고 업무처리 시스템 구축
 * 복수의결권이란? 모든 주주는 1주당 하나의 의결권을 갖는 주주평등원칙(상

2024년 벤처확인종합관리시스템 기능 고도화 용역사업
(복수의결권주식, 스톡옵션, 성과조건부주식) -
제안요청서
2024. 03. 
 
 
 
 
목 차
 1. 추진개요	 - 	 3
 
 2. 추진방안	 - 	 5
 
 3. 추진내용	 - 	 9
 
 4. 제안요청내용	 - 	 24
 
 5. 입찰관련사항	 - 	 78
 
 6. 제안서작성요령	 - 	 82
 7. 별지서식 및 붙임	 - 	 94
 
Ⅰ. 추진개요
 
1
추진배경 및 방향","벤처기업협회 사업은 '복수의결권주식', '스톡옵션(주식매수선택권)', '성과조건부주식교부계약(RS)' 3종류를 지원합니다. 한국대학스포츠협의회 사업은 '체육특기자 지표'를 개발하여 '농구', '축구', '테니스', '야구' 4가지 종목을 대상으로 합니다."
"(사)한국대학스포츠협의회의 ""KUSF 체육특기자 경기기록 관리시스템 개발"" 사업에 참여하기 위한 입찰보증금 납부 기한과 구체적인 납부계좌 번호는 제안요청서의 몇 페이지에 나와 있습니까?",D,상,[],"4. 안내 사항	 - 	 55
 5. 용역사업 보안 사항 관련	 - 	 61
 
 * [붙임] 입찰 및 제안 관련 서식	 - 	 64
 
I
 사업 개요
1. 사업 개요
 ㅇ 과 업 명: KUSF 체육특기자 경기기록 관리시스템 개발
* 본 사업은 “소프트웨어 개발사업 적정 사업기간 산정 기준에 따른 사업” 임
 ㅇ 소요예산: 1억 5천만 원(부가가치세 포함) 
 ㅇ 사업기간: 계약체결 후 2024년 12월 31일까지
 ㅇ 사업주관: 한국대학스포츠협의회(이하 “KUSF”)

KUSF 체육특기자 경기기록 관리시스템 개발 제안요청서
2024. 8. 
 
 
 
 목 차 
Ⅰ. 사업 개요	 - 	 3
 1. 사업 개요	 - 	 3
 2. 추진배경 및 필요성	 - 	 3
 3. 사업 범위	 - 	 4
 4. 기대효과	 - 	 4
Ⅱ. 주요 현황	 - 	 5
 1. KUSF 현황	 - 	 5
 2. 체육특기자 경기력 평가지표 개발 결과	 - 	 7
Ⅲ. 사업 추진 계획	 - 	 10
 1. 추진내용	 - 	 10
 2. 추진 체계	 - 	 11
 3. 사업 추진 일정	 - 	 11

ㅇ 사업주관: 한국대학스포츠협의회(이하 “KUSF”)
 ㅇ 사업내용: KUSF 체육특기자 경기기록 관리시스템 신규 개발
2. 추진배경 및 필요성
 ㅇ (추진배경) 현행 대입 체육특기자 선발에 경기실적으로만 당락을 결정하는 문제 해결을 위한 가이드라인 및 권고 발표
* 스포츠혁신위원회, 2019. 6. 4. 발표, 체육특기자 선발 제도 개선 2차 권고문
(학교스포츠 정상화를 위한 선수육성시스템 혁신 및 일반학생의 스포츠 참여 활성화 권고)
 
 체육특기자 진학(대학입시)에 대한 권고 (2019. 6. 4.)

평가지표 
시뮬레이션
 * 연구기관: 용인대학교 산학협력단(연구책임자: 신승윤 교수) 
 ㅇ (필요성) 체육특기자 경기력 평가지표 산출하고, 경기력 평가지표 산출을 위한 종목별 특성에 맞는 경기기록을 수집하기 위해 신규 시스템을 개발하여 운영하고자 함 
3. 사업 범위
 ㅇ 신규 개발 대상:‘KUSF 체육특기자 경기기록 관리시스템’ 
* 관련 홈페이지-관리자페이지 모두 포함하여 개발
 ㅇ 체육특기자 경기력 평가지표 관련 대회경기기록 입력 페이지 개발
 - 대상종목: 농구, 배구, 야구, 축구 중 농구를 선별적으로 우선함

7. 주관부서 및 담당자	 - 	02
Ⅱ. 제안요청 내용
1. 목표시스템 개념도	 - 	03
2. 인프라구성 예상도	 - 	03
3. 개발 범위	 - 	04
4. 요구사항 목록	 - 	07
5. 요구사항 상세	 - 	09
Ⅲ. 제안관련 사항
1. 입찰 참가자격	 - 	52
2. 입찰 및 낙찰방식	 - 	52
3. 평가 및 협상적격자 선정 방법	 - 	53
4. 유의사항	 - 	54
5. 제안요청 설명회	 - 	55
6. 제안서 제출 및 제안발표	 - 	56
7. 제안서 작성요령 및 목차	 - 	56
8. 최소요구조건	 - 	60",제안요청서의 '[붙임] 입찰 및 제안 관련 서식' 열람 페이지 14에서 입찰보증금 납부 기한과 구체적인 납부계좌 번호가 확인할 수 있습니다.
"(사)밴처기엽협훼의 시스템 고도와 사업예서 제안서 명가 비률은 가굑명가와 기슐명가루 나뉘는대, 각각 매프로입니가?",E,중,[],"4. 가격제안서 작성요령	 - 	84 
 5. 제안서 목차 및 작성방법	 - 	85 
 6. 제출서류	 - 	87 
 
Ⅰ
제안 개요
 1. 사업개요 -
 사 업 명 : 자금이체시스템 고도화
 사업기간 : 착수일로부터 6개월 이내
 사업예산 : 498,000,000원 범위내 ( 사억구천팔백만원 , 부가가치세 포함)
 계약방법 : 제한경쟁입찰 (협상에 의한 계약)
 2. 추진 배경 - 및 필요성

[첨부] 제안서식 및 입찰관련 서식	 - 	60
 
I
 사업 안내
1. 사업개요
 사 업 명 : 내일채움공제 시스템 고도화 용역 
 사업기간 : 계약체결일로부터 6개월
 사업예산 : 295,240,000 원(부가세포함)
 입찰 및 사업자 선정 방식 : 제한경쟁입찰(협상에 의한 계약)
2. 사업목적
 공제시스템 상품별 재정추계모형 재정비 및 전산고도화를 통해 추계 정확도를 높여 상품별 성과의 신뢰성 향상

1. 제안 시 전제조건	 - 	42
2. 제안서 작성 시 지침	 - 	42
3. 보안유지	 - 	44
4. 제안서의 효력	 - 	44
5. 기타사항	 - 	44
6. 제안발표	 - 	45
7. 제안서 평가기준	 - 	4 6
8. 제안서 서식 파일	 - 	49
사업개요
사업개요
사업명 : 경민대학교 차세대 종합정보시스템 고도화
사업기간 : 계약일 ~ 2025년 02월
소요예산 : 450,000,000원(부가가치세포함)
입찰방식 : 제안경쟁 입찰
계약방식 : 협상에 의한 계약 체결
추진배경 및 필요성

4. 제안사 유의사항	 - 	 44
Ⅵ. 제안서 작성기준
 1. 제안서 작성방법	 - 	 49
 2. 입찰 및 제안서 관련 분임 및 별지서식	 - 	 51
[붙임] 각종 제출서류 양식	 - 	 84
 
 
Ⅰ
사업안내
1. 사업의 개요
 사 업 명: 그룹웨어시스템 고도화 구축 용역
 사업기간: 착수일로부터 3개월
 사업예산: 177,142,000원(부가가치세 포함)
 계약방법: 제한경쟁입찰(협상에 의한 계약)
 
 ※ 본 사업은 소프트웨어 진흥법 제50조에 따라 과업내용 확정을 위하여 과업심의위원회를 (√)개최

2. 제안서 목차 및 설명	 - 	39
<부록> 제안 관련 서식	 - 	41
 1. 일반현황 및 연혁	 - 	42
 2. 재정상태 현황 (최근 3년)	 - 	43
 3. 제안사 주요사업실적 (최근 3년)	 - 	44
 4. 소프트웨어 하도급/재하도급 계약승인신청서	 - 	45
 5. 하도급 적정성 판단 자기평가표	 - 	47
참고 1. 하도급계약의 적정성 판단 세부기준	 - 	48
참고 2. 계약의 공정성(하도급대금 지급방식의 적정성) 판단기준	ᣐ - 	50
 6. 하도급 대금지급 비율 명세서	 - 	51","[사]벤처기업협회 사업의 시스템 고도화 예산은 498,000,000원이며, 사업 제안서 작성 관련 비용은 294,240,000원입니다."
2025 구미아시아육상경기선수권대회의 종합정보시스템 및 홈페이지 구축 용역에서 현장 IT팀은 대회를 위해 언제부터 언제까지 경기장에 상주해야 합니까?,A,하,[],"무선통신
 베뉴 내 제반 운영을 조율하고 보안을 위해 모든 고객 그룹에게 무선주파수 할당 및 무선기기 보급
대회관리시스템
필수 모듈
 인증시스템 개발 구축
선택 모듈
 선수촌 숙박 관리, 입국/출국, 참가비 납입, 인력관리, 선수촌 요구사항 처리, 수송관리, 요율표, 자산/물자관리, 티켓팅 시스템, 유니폼 관리, 식음료 관리지원 등 개발 구축
결과시스템
대회결과시스템
 시간 계측, 채점, 데이터처리, 중앙 결과 데이터베이스 개발 구축
TV그래픽스

배정예산 : 220,000,000원 예정(부가세 포함)
 사업추진방식 : 협상에 의한 계약
 
2
 추진배경 및 필요성
 추진배경 및 필요성 
 전국장애인체육대회(동계, 학생, 하계) 운영을 위한 시스템 및 홈페이지 안정
성 확보 
 각종 다양한 외부정보 제공 및 자료요구에 대한 대응 능력 강화 
 각종 데이터 검색 및 정보조회 등 각종 정보 제공 및 관리의 편의성
 과 편리성 도모
 스포츠지원 포탈 운영을 통해 선수데이터 검색 및 통계자료 조회기능 제
 공 및 일반인들이 접근 가능한 체육회 관련 사이트 접근용이

평가지표 
시뮬레이션
 * 연구기관: 용인대학교 산학협력단(연구책임자: 신승윤 교수) 
 ㅇ (필요성) 체육특기자 경기력 평가지표 산출하고, 경기력 평가지표 산출을 위한 종목별 특성에 맞는 경기기록을 수집하기 위해 신규 시스템을 개발하여 운영하고자 함 
3. 사업 범위
 ㅇ 신규 개발 대상:‘KUSF 체육특기자 경기기록 관리시스템’ 
* 관련 홈페이지-관리자페이지 모두 포함하여 개발
 ㅇ 체육특기자 경기력 평가지표 관련 대회경기기록 입력 페이지 개발
 - 대상종목: 농구, 배구, 야구, 축구 중 농구를 선별적으로 우선함",본 사업 기간 동안 현장 IT팀은 대회 시작일(2024년 12월 24일)부터 대회 종료일(2025년 9월 30일)을 포함하여 6개월 이내에 경기장에 상주해야 합니다.
"한국보건산업진흥원의 ""의료기기산업 종합정보시스템 기능개선 사업(2차)"" 제안서 지침에 따르면, 본 사업의 하도급은 허용됩니까? 또한 하자담보 책임기간은 어떻게 규정되어 있습니까?",A,중,[],"(4) 계약업체의 책임이 없는 사유로 사업기간 연장, 납품기일 지연 등이 발생하여 과업이 추가로 필요한 경우, 조건 및 비용에 대하여 상호 충분히 협의하여 진행하겠습니다.
 
(5) 한국보건산업진흥원이 부담해야 할 행정절차, 민원해결, 환경관리 등에 관한 책임이나 그에 소요되는 비용을 계약업체에게 부담하는 행위를 하지 않습니다.
 
(6) 한국보건산업진흥원의 손해배상 책임을 관계법령 등에 규정된 기준에 비해 과도하게 경감하거나 계약업체의 손해배상 책임, 하자담보 책임 등을 과도하게 가중하는 행위를 하지 않습니다.

(4) 계약업체의 책임이 없는 사유로 사업기간 연장, 납품기일 지연 등이 발생하여 과업이 추가로 필요한 경우, 조건 및 비용에 대하여 상호 충분히 협의하여 진행하겠습니다.
 
(5) 한국보건산업진흥원이 부담해야 할 행정절차, 민원해결, 환경관리 등에 관한 책임이나 그에 소요되는 비용을 계약업체에게 부담하는 행위를 하지 않습니다.
 
(6) 한국보건산업진흥원의 손해배상 책임을 관계법령 등에 규정된 기준에 비해 과도하게 경감하거나 계약업체의 손해배상 책임, 하자담보 책임 등을 과도하게 가중하는 행위를 하지 않습니다.

하도급 적정성 판단 세부기준 명기
하도급 비율(10%) 초과 시 공동수급체 구성 요청
5
SW 작업장소(원격개발)
사업 수행을 위하여 필요한 계약상대자의 작업장소는 주관기관과 계약상대자가 상호 협의하여 결정함
6
SW사업 산출물 활용 보장
사업 수행과 관련한 모든 산출물의 저작권에 대한 권리는 주관기관과 사업자가 공동으로 소유함을 원칙으로 하되 세부사항은 협의하여 결정함
7
개발SW의 공동활용 사전명시
개발 소프트웨어가 타 기관에 공동활용 되는지 사전에 안내하고, 공동활용 시 타 기관을 명시하여야 함
8
하자담보 책임기간 및 범위

제 안 요 청 서 
 
사 업 명
의료기기산업 종합정보시스템(정보관리기관) 기능개선 사업(올인원 플랫폼 구현 등)
주관기관
한국보건산업진흥원
2024. 08.
 
담당
의료기기화장품산업단
의료기기산업혁신팀
팀 장 윤 태 영
Tel 043-713-8880
담 당 자 김 지 애
Tel 043-713-8884
 
 목 차
 I. 사업개요
 1. 사업개요	 - 	 4 
 2. 추진배경 및 필요성	 - 	 4 
 3. 과업내용	 - 	 5 
 4. 기대효과 	 - 	 5 
Ⅱ. 사업추진방안
 1. 추진목표	 - 	 7

(9) 하도급대금이나 임금이 체불되지 않도록 하도급대금-노무비를 직접 지급하거나, 직접 지급효과가 있는 대금 직불시스템(하도급 지키미 이용 등)을 통해 대금을 지급합니다.
(10) 한국보건산업진흥원은 사업 수행과정에서 느끼는 애로-불만사항을 제보할 수 있도록 온라인 제보센터를 설치해 운영하고 있습니다. 
 
 < 한국보건산업진흥원 애로사항 등 익명제보시스템 (레드휘슬) 안내 >
 
1. 신고대상 및 내용
 KHIDI 임직원이 업체를 부당하게 대우하거나 불공정하게 업무를 처리하는 경우","본 사업의 하도급은 허용되지 않습니다. 하자담보 책임기간은 계약이 체결될 때 정한 기간 review 후 변경 가능하며, 계약서에 명확히 기재되어 있어야 합니다."
"세 사업의 제안요청서를 검토할 때, 과업 심의 또는 법제도 준수 여부 점검표를 명시적으로 문서 내에 포함하고 있는 문서는 어느 기관의 사업입니까?",B,중,[],"대표홈페이지(www.khidi.or.kr) 접속 – 고객참여 - 신고센터
3. 신고 시 유의사항: 신고자 및 신고내용은 비공개로 처리되나, 제보자의 인적사항(성명, 연락처 등)이 허위이거나, 불분명할 경우 접수 처리 불가
 ※당사자의 개인정보는 개인정보보호법 제3조(개인정보 보호 원칙)에 따라 공개되지 않으며, 민원처리 외의 다른 용도로 사용되지 않음
 
<법제도 준수 여부 점검표>
 
구분
준수 항목
준수 내용
1
과업심의위원회
제안요청서에 과업내용 확정 심의 여부 및 과업변경 요청 가능 명시
2
상용SW 직접구매

2. 제안서 작성지침(권고사항) 및 유의사항	 - 	48
 3. 제안서 목차(안)	 - 	50
Ⅴ. 기타 사항(SW사업 법-제도 준수사항 등)	 - 	 51
[별첨1] 소프트웨어사업 법제도 관리-감독 자가점검표	 - 	 56
[별첨2] 소프트웨어사업 과업심의위원회 과업내용 확정 종합 심의결과서	h - 	 57
[별첨3] 소프트웨어사업 과업심의위원회 적정 사업기간 종합 산정서	- - 	 58

Ⅳ. 제안서 작성 요령	 - 	 42
 1. 제안서의 효력	 - 	42
 2. 제안서 작성지침(권고사항) 및 유의사항	 - 	42
 3. 제안서 목차(안)	 - 	44
Ⅴ. 기타 사항(SW사업 법-제도 준수사항 등)	 - 	 45
[별첨1] 소프트웨어사업 법제도 관리-감독 자가점검표	 - 	 50
[별첨2] 소프트웨어사업 과업심의위원회 과업내용 확정 종합 심의결과서	h - 	 51
[별첨3] 소프트웨어사업 과업심의위원회 적정 사업기간 종합 산정서	- - 	 52

제안서에는 본 사업에 대한 이해 하에 전체적인 사업 추진 방안을 제시해야 하며, 본 제안요청사항이 추구하는 목표를 달성하기 위한 추진 전략과 제안사의 역할을 명확히 제시하여야 한다.
본 사업은 관련 부서와 반드시 업무협의를 수행하여야 한다.
입찰 공고문, 제안요청서 및 이에 근거한 별첨(붙임 등) 등에 명시되지 않은 사항은 지방자치단체를 당사자로 하는 계약에 관한 법률, 소프트웨어 진흥법, 국제표준규격 등 관련 규정 및 발주기관의 계약 요령에 따른다.
2. 사업 추진 내용
과업 범위

제안요청서에 과업내용 확정 심의 여부 및 과업변경 요청 가능 명시
2
상용SW 직접구매 
및 SW품질성능 평가시험(BMT)
대상 사업이 아님
3
중소 SW사업자의 사업 참여지원
제안요청서에 대기업참여하한 적용 및 입찰참가자격 명시, 상출제기업 참여제한 명시
4
하도급 제한
(사전승인, 50%초과 금지, 다시 하도급 금지,
계획서 제출요청, 적정성판단기준 명시, 
하도급 10%초과시 공동수급체 구성)
하도급 계약 전에 주관기관(KHIDI)으로부터 사전승인을 받아야 함
하도급 비율(50%) 제한 및 재하도급 원칙적 금지",세 사업 중에서 과업 심의 또는 법제도 준수 여부 점검표를 명시적으로 제안서에 포함하고 있는 것은 한국은행의 '정보화 사업'입니다.
"(재)예술경영지원센터의 ""통합 정보시스템 구축 사전 컨설팅"" 제안요청서에 따르면, 기존 시스템의 데이터베이스 구동을 위해 할당된 가상화 호스팅 서버의 CPU 코어 수와 메모리 용량 사양은 어떻게 됩니까?",D,상,[],"제 안 요 청 서
 
사 업 명
 통합 정보시스템 구축 사전 컨설팅
주관기관
재단법인 예술경영지원센터
2024년 04월
 
 
구 분
소 속
전화번호
 이메일
입찰관련
경영지원팀
02-708-2212
ksj37@gokams.or.kr
사업관련
(한국 미술시장 정보시스템)
시각정보팀
02-2098-2946
shwan@gokams.or.kr
 
 Ⅰ. 사업개요
 
 
1
 사업일반
 사 업 명 : 통합 정보시스템 구축 사전 컨설팅
 사업기간 : 계약체결일로부터 ~ 2024년 11월 29일

서버, HW, SW, NW
대외비
 ㅇ 하드웨어 구성 목록
 
구분
항목
사양
가상화 호스팅
서버
 대외비
 ㅇ 소프트웨어 구성 목록
 
운영체제
WEB
WAS
DBMS
 대외비
 시스템 운영 솔루션
 
솔루션 명
주요기능
제조사 정보
Oracle
DBMS
오라클
NICE 실명인증
실명, 기업인증
NICE정보통신
WebtoB/Jeus
WEB/WAS
티맥스소프트
계
 
 Ⅲ. 사업 추진계획
 
1
 추진체계
 추진체계도	- - 	
 
사업 주최 : 문화체육관광부
사업 주관 : 재단법인 예술경영지원센터

Ⅳ. 제안요청내용
 
1
사업추진 내용
 환경 및 현황분석
 ㅇ 내‧외부 환경, 관련 법령, 정보기술 등 대내-외 환경 분석
 - 미술진흥법을 비롯한 관련 정부 정책 및 법‧제도 분석을 통해 사업에 영향을 미칠 수 있는 요구사항 도출
 - 통합정보시스템 구축과 연관된 최신 기술 사례 및 적용 기술 분석
 - 현행 한국미술정보시스템 운영 현황분석 및 개선과제 도출
 - 관계자, 일반인 등을 대상으로 한 정보 수요조사 수행
ㅇ 한국미술시장정보시스템 이용자 조사
 - 현재 한국미술시장정보시스템 이용자 조사 및 유형 분류

사업기간 : 계약체결일로부터 ~ 2024년 11월 29일
 사업예산 : 50,000,000(금 오천만원/VAT포함)
 사업추진방식 : 제한경쟁입찰(협상에 의한 계약)
 
2
 추진목적
 ㅇ 미술진흥법 제23조에 의거 통합미술정보시스템 구축‧운영
 ㅇ 통합미술정보시스템으로의 시스템 개편 및 고도화 전략 수립을 위한 기반 마련 필요성 대두 
 ㅇ 이용자 기반의 통합미술정보시스템 구축 방향 수립을 위한 사전 분석
 
3
 사업내용
 ㅇ 환경 및 현황분석
 ㅇ 통합미술정보시스템 구축 데이터 분석 및 설계

- 국내 미술품 경매회사 거래 정보 데이터 기반 분석 리포트 제공
 - 국내 경매회사 거래 정보 데이터, 미술시장조사 데이터 기반 통계 제공
 
 
 
국내 경매시장 분석 통계
미술시장조사 분석 통계
 ㅇ 기타
 - 국내 미술시장 관련 뉴스 제공
 - 미술시장 분석 보고서 및 시각예술분야 연구자료 제공
 - 미술작품 UCI 시스템 및 이미지 검증 프로그램 연계 운영
 
2
 정보화 현황
 시스템 장비 현황
 ㅇ 서버, HW, SW, NW 구성도
 
서버, HW, SW, NW
대외비
 ㅇ 하드웨어 구성 목록
 
구분
항목
사양",제안요청서에는 기존 시스템의 가상화 호스팅 서버의 CPU 코어 수나 메모리 용량 사양이 기재되어 있지 않습니다.
"구뉘 아시아육샹갱기섄슈권댜회 죠직위언회에서 추진하는 ""졍압정버시스탬"" 규측의 개약 맞이막날(총료일)은 메칠이야?",E,중,[],"ㅇ 제안설명회/평가: 2024년 12월 18일(수) 14시, 신보 본점 3층 상황실
ㅇ 협상: 협상 개시 통보일로부터 10일 이내
ㅇ 계약체결: 협상이 완료된 후 10일 이내
 [ 제안요청 시 유의사항 ]
 
 상기 일정 및 장

추진일정
ㅇ 입찰공고/마감: 2024년 12월 30일(목) ~ 1월 15일(수) 14시
ㅇ 제안설명회/평가: 2025년 1월 17일(금) 14시, 신보 본점 5층 중회의실
ㅇ 협상: 협상 개시 통보일로부터 10일 이내
ㅇ 계약체결: 협상이 완료된 후 10일 이내
 [ 제안요청 시 유의사항 ]
 
 상기 일정 및 장소는 신용보증기금(이하 ‘신보’) 내부 사정에 따라 변경될 수 있음
 제안설명회 발표순서는 입찰 참가 접수순서의 역순임

추진일정
ㅇ 입찰공고/마감: 2024년 5월 30일(목) ~ 6월 10일(월) 14시
ㅇ 제안요청설명회: 2024년 6월 3일(월) 14시, 신보 본점 3층 상황실
ㅇ 제안설명회/평가: 2024년 6월 12일(수) 14시, 신보 본점 3층 상황실
ㅇ 협상: 협상 개시 통보일로부터 10일 이내
ㅇ 계약체결: 협상이 완료된 후 10일 이내
 [ 제안요청 시 유의사항 ]
 
 상기 일정 및 장소는 신용보증기금(이하 ‘신보’) 내부 사정에 따라 변경될 수 있음
 제안설명회 발표순서는 입찰 참가 접수순서의 역순임

5. 예산액 : 224백만원(VAT 포함)
 6. 계약방법 : 제한경쟁입찰(협상에 의한 계약)
 7. 추진일정 
 
선 정 절 차
일 정
비 고
입찰공고
'24. 5.3(금) ~ '24. 5.29(수)
제안서 접수마감
'24. 5.29(수) 15:00
본회 16층 정보보호본부
제안설명회 개최 및 평가
'24. 5.30(목) 10:00
별도 안내 예정
우선협상자 시담
'24. 5.31(금) ~ 6.7(금)
본회 16층 정보보호본부
계약체결
'24. 6월중

5. 용역비용 : 일57,000,000원 (VAT 포함)
6. 계약방법 : 일반경쟁입찰에 의한 우선협상대상자 선정 / 협상에 의한 계약
* 우선협상대상자란 종합기술평가점수가 100점의 85%(85점) 이상인자를 의미
 
 Ⅱ. 일정 및 내용
1. 추진일정
 
사업추진내용(공정률)
추 진 일 정
M
M+1
M+2
M+3
M+4
M+5
∙시스템 기능 개선
∙‘재생e 매칭 지원’ 기능 
 고도화
∙‘재생에너지 사용 자가진단’ 
 기능 고도화
∙콘텐츠 추가‧보강
∙홈페이지 메인/서브 화면 
 디자인 개선
∙관리자 기능 강화 및","한국아시아육주조합협회의 '농업정보시스템 구축 사업' 제안요청 기간은 2024년 12월 30일부터 1월 15일까지이며, 총 예산은 224백만원(VAT 포함)입니다."
"안양시 호계체육관 배드민턴장 및 탁구장 예약시스템 구축 용역에서 시스템을 개발할 때, 우선적으로 적용을 고려해야 하는 정부의 표준 프레임워크 이름은 무엇입니까?",A,하,[],"합니다. 다만, 제안서 평가결과 기술능력평가 점수가 기술능력평가분야 배점한도
 의 85% 이상인 자를 협상적격자로 선정
 
 
Ⅲ
 과업수행 지침
1. 기본사항
 본 제안요청서는 안양시 호계체육관 배드민턴장 및 탁구장 예약 시스템 구축 을 수행 하는 것에 그 목적이 있으며, 설치-구축업체(이하 “사업자”)는 안양시(이하“발주자”) 사업을 신의-성실의 원칙에 따라 수행하여야 한다.
 본 제안요청서는 사업자가 임의로 해석할 수 없으며, 내용이 불분명하거나 기재되지 않은 사항은 상호협의하여 결정한다.

3. 주요 사업범위
 호계체육관 배드민턴장 및 탁구장 예약 시스템 구축(웹 서비스)
 1) 반응형 웹을 기반으로 예약시스템을 구축하고, 키오스크와 연계하여 시설 내부에서 관리 및 운영이 가능하도록 구축
 2) 예약 시스템 운영을 위한 회원관리, 비회원관리, 매출관리, 키오스크 관리, 분석통계관리 등 운영관리 업무 및 입장시간 등에 대한 자동화 시스템 환경설정 기능 
 3) 고객이 언제 어디서나 편리하게 시설 예약이 가능한 시스템 구축

Ⅰ
 사업의 개요
 1. 사업일반
 사업명 : 호계체육관 배드민턴장 및 탁구장 예약 시스템 구축
 사업예산 : 49,500천원(부가가치세 포함) 
 사업기간 : 계약 후 120일
 계약방법 : 제한경쟁입찰(협상에 의한 계약)
 2. 추진배경 및 필요성
 고객의 니즈(요구사항)를 시스템에 즉시 반영하기 위한 웹 기반의 홈페이지 및 키오스크 예약관리시스템 구축 필요
 이용회원의 편리성 및 운영 효율성을 위한 자동화시스템 구축 필요

4) 반응형 웹기반의 홈페이지로 웹과 모바일에서 회원서비스 제공
 5) 행정안전부 자동감면 서비스 제공
 6) 운영 중인 안양도시공사 홈페이지를 활용하여 기능 개발
 (프로그램 이식성 및 호환성 제공)
 호계체육관 배드민턴장 및 탁구장 예약 시스템 구축(키오스크 서비스)
 1) 현장에서 키오스크를 이용하여 인포데스크 방문 없이 예약 및 결제가 가능하도록 관리하는 관리자 페이지 통합 구현

4. 기대효과
 가. 웹 기반의 예약시스템 구축으로 자동화 및 무인화, 다양한 접근성 제공 등 이용의 편의성 제공과 시설 이용 만족도 향상
 나. 데스크 업무 분산을 통한 서비스 품질 강화 및 업무의 효율성 확보
 다. 자동화 전산시스템을 통한 비대면 언택트 운영 실현
 1. 추진목표
Ⅱ
 사업추진 방안
 호계체육관 배드민턴장 및 탁구장 예약 시스템 구축으로 사용자 편리성 증대, 업무 효율성 증가 및 신뢰성 있는 서비스 및 데이터 통계 자료를 제공
2. 추진체계
 
사업총괄기관
안양시
실무지원
사업주관
실무지원",안양시 호계체육관 배드민턴장 및 탁구장 예약시스템 구축 용역에서 적용해야 할 정부의 표준 프레임워크는 'Web Content Accessibility Guidelines(WCAG) 2.1'입니다.
"경기도 안양시 호계체육관 예약시스템 사업과 경기도사회서비스원 연간 유지보수 사업은 규정과 관련된 접근 통제를 명시하고 있습니다. 안양시 사업에서 원격지 접속 시 지정 단말기 로그기록은 얼마 동안 보관해야 하며, 경기도사회서비스원 사업에서 비공개 처리된 하드웨어 구성도를 열람하기 위해 입찰참가업체가 발주기관 방문 시 제출해야 하는 서류는 무엇입니까?",B,중,[],"4. 제안서 목차 및 작성항목 	 - 	39
Ⅴ. 제안안내 사항
 1. 입찰개요 	 - 	43
 2. 입찰참가자격 	 - 	43
 3. 입찰등록 및 제안서 제출 	 - 	44
 4. 제안서 평가 	 - 	46 5. 사업자 선정방식 	 - 	47
 6. 기타 	 - 	48
 
[붙임자료]
 1. 제안서 평가항목 및 배점한도 	 - 	49
 2. 정량적 평가 기준 	 - 	50
 3. 정성적 평가(기술성 평가기준) 	 - 	53
 4. 소프트웨어 개발사업의 적정 사업기간 종합산정서 	ᓄ - 	55

Ⅱ. 사업추진 방안
 1. 추진목표 	 - 	4
 2. 추진전략 	 - 	4
 3. 목표시스템 구성도 	 - 	4
 4. 추진체계 	 - 	4
 5. 추진일정 	 - 	4
 6. 추진방식 	 - 	5
Ⅲ. 제안요청 내용
 1. 요구사항 총괄표 	 - 	6
 2. 요구사항 목록 	 - 	7
 3. 상세 요구사항 	 - 	9
Ⅳ. 제안서 작성요령
 1. 제안서 효력 	 - 	36
 2. 제안서 작성방법 	 - 	36
 3. 제안서 일반 및 유의사항 	 - 	37
 4. 제안서 목차 및 작성항목 	 - 	39
Ⅴ. 제안안내 사항

4. 소프트웨어 개발사업의 적정 사업기간 종합산정서 	ᓄ - 	55
 5. 소프트웨어사업 영향평가 결과서 	 - 	56
 6. 직접구매 대상 상용소프트웨어 구매계획 	 - 	57
 7. 외주 용역사업 보안특약 	 - 	58

군포 AI 기반 쓰레기 무단투기 단속시스템 구축 용역 
제 안 요 청 서
 2024. 11.
 
주관부서
위생자원과
담당팀장
정라원
031-390-0333
aajsi@korea.kr
담 당 자
지인용
031-390-0429
jiy5976@korea.kr
군 포 시
 
목 차
Ⅰ. 사업개요
 1. 사업개요 	 - 	1
 2. 추진배경 	 - 	1
 3. 사업범위 	 - 	1
 4. 군포시 CCTV 통합관제시스템 현황	 - 	2
 5. 기대효과 	 - 	2
Ⅱ. 사업추진 방안
 1. 추진목표 	 - 	4
 2. 추진전략 	 - 	4",안양시 사업에서는 '24시간 이상' 원격지 접속 시 지정 단말기 로그를 보관해야 합니다. 경기도사회서비스원 사업에서는 '하드웨어 사유서'를 제출하여 하드웨어 구성도를 열람합니다.
"경기도사회서비스원이 제공한 제안요청서의 '요구사항 총괄표'에는 기능 요구사항(SFR), 유지보수 수행(MPR), 유지보수 인력(MHR), 보안 요구사항(SER) 목록이 있습니다. 이 중에서 시스템 성능 향상을 위한 로드 밸런서(Load Balancer) 서버 이중화를 지시하는 구체적인 요구사항 식별 코드(예: SFR-00X)는 무엇입니까?",D,상,[],"Ⅱ. 사업추진 방안
 1. 추진목표 	 - 	4
 2. 추진전략 	 - 	4
 3. 목표시스템 구성도 	 - 	4
 4. 추진체계 	 - 	4
 5. 추진일정 	 - 	4
 6. 추진방식 	 - 	5
Ⅲ. 제안요청 내용
 1. 요구사항 총괄표 	 - 	6
 2. 요구사항 목록 	 - 	7
 3. 상세 요구사항 	 - 	9
Ⅳ. 제안서 작성요령
 1. 제안서 효력 	 - 	36
 2. 제안서 작성방법 	 - 	36
 3. 제안서 일반 및 유의사항 	 - 	37
 4. 제안서 목차 및 작성항목 	 - 	39
Ⅴ. 제안안내 사항

4. 제안서 목차 및 작성항목 	 - 	39
Ⅴ. 제안안내 사항
 1. 입찰개요 	 - 	43
 2. 입찰참가자격 	 - 	43
 3. 입찰등록 및 제안서 제출 	 - 	44
 4. 제안서 평가 	 - 	46 5. 사업자 선정방식 	 - 	47
 6. 기타 	 - 	48
 
[붙임자료]
 1. 제안서 평가항목 및 배점한도 	 - 	49
 2. 정량적 평가 기준 	 - 	50
 3. 정성적 평가(기술성 평가기준) 	 - 	53
 4. 소프트웨어 개발사업의 적정 사업기간 종합산정서 	ᓄ - 	55

4. 소프트웨어 개발사업의 적정 사업기간 종합산정서 	ᓄ - 	55
 5. 소프트웨어사업 영향평가 결과서 	 - 	56
 6. 직접구매 대상 상용소프트웨어 구매계획 	 - 	57
 7. 외주 용역사업 보안특약 	 - 	58

군포 AI 기반 쓰레기 무단투기 단속시스템 구축 용역 
제 안 요 청 서
 2024. 11.
 
주관부서
위생자원과
담당팀장
정라원
031-390-0333
aajsi@korea.kr
담 당 자
지인용
031-390-0429
jiy5976@korea.kr
군 포 시
 
목 차
Ⅰ. 사업개요
 1. 사업개요 	 - 	1
 2. 추진배경 	 - 	1
 3. 사업범위 	 - 	1
 4. 군포시 CCTV 통합관제시스템 현황	 - 	2
 5. 기대효과 	 - 	2
Ⅱ. 사업추진 방안
 1. 추진목표 	 - 	4
 2. 추진전략 	 - 	4",제안요청서의 요구사항 총괄표 내에서 성능 개선을 위한 로드 밸런서 서버 이중화 요구사항(SFR-01)은 '0'개(0개)입니다.
팽택시에서 발주한 BIS 버스정보시스탬 구츅 샤업에서 IT에쓰(ITS) 푠주적융검측기꽌하고 헵의해서 멀 바다야 헤요?,E,중,[],"- 웹 표준, 웹 호환성, 시큐어 코딩 준수로 정보 접근성 및 정보보안 강화
버스정보시스템(BIS) 기능 추가 및 개선
 - 버스의 실시간 버스운행정보 및 기반정보 등의 정보 연계 및 표출
 - 정확한 교통현황, 버스이용 수요조사 및 분석결과를 바탕으로 문제점을 제시하고 이에 대한 완화, 해결을 위한 적용방안이 일관성 있게 제시되어야 하며 구축된 시스템에 대한 효과분석이 이루어져야 함
 - 버스정보는 이용자별 특성을 감안하고, 광명시의 버스 운행 현황을 면밀히 분석하여 명확한 구현목표 설정 후 정보제공체계가 보장되어야 함

다. 사업예산 : 986,945,000원(금구억팔천육백구십사만오천원)
 라. 계약방법 : 제한경쟁입찰(협상에 의한 계약) 
2. 추진배경 및 필요성
 가. 버스정보시스템(이하 BIS)의 시범운영(2005년) 이후 대중교통 이용편의를 제공하기 위해 2006년부터 2023년까지 버스정류장 1,647개소에 버스정보단말기(이하 BIT)를 구축하여 운영하고 있으며, 시민들의 지속적인 확대 요구에 따라 미설치 버스정류장에 BIT를 확대 설치하고 시내-좌석-리무진버스 뿐만 아니라 지선-마을버스까지 BIS를 확대 운영하고 있음.

1.3 사업범위
1) 구축방향
 평택시 버스정보시스템(BIS) 구축사업과 경기도 교통정보센터(BMS/BIS)와의 연계 구축을 통해 시내버스의 정보수집, 가공, 분석 기능을 수행하며, 향후 확장사업을 고려하여 시스템을 구축한다.
 “경기도 버스정보시스템”은

2024년도 평택시 버스정보시스템(BIS) 구축사업 용역
제 안 요 청 서
2024. 04
 
 
 Ⅰ. 제 안 안 내
 
 
 1. 사 업 개 요
 1.1 사 업 명 
 
2024년도 평택시 버스정보시스템(BIS) 구축사업 용역
 2024년도 평택시 버스정보시스템(BIS) 구축사업 용역
 1.2 사업의 배경 및 목적

[붙임2] 기술적용계획표, 기술적용결과표	 - 	 112
 [붙임3] 과업내용 (확정) 종합 심의 결과서	 - 	 120
 [붙임4] 소프트웨어 개발사업의 적정 사업기간 종합 산정서	- - 	 121
 [붙임5] 입찰참가신청서, [붙임6] 가격제안서 	 - 	 124, 125
 
Ⅰ
 사업 개요
1. 개요 
사업명 : 버스정보시스템(BIS) 클라우드 적용 S/W 개발
사업예산 : 200,000,000원(VAT 포함)","아니요, 그건 한국도로교통공단의 '평택시 버스정보시스템(BIS) 구축사업'입니다."
국가과학기술지식정보서비스 통합정보시스템 고도화 용역에서 '정보시스템 운용 현황'은 누출 금지 정보의 범위에 포함되나요?,A,하,[],"(사 업 명) 통합정보시스템 고도화 용역
 (사업기간) 계약 후 5개월 이내
* 소프트웨어 개발사업 적정 사업기간 산정기준에 따라 산출
 (추정가격) 140,000,000원(부가세 포함) 이내
 (계약방식) 협상에 의한 계약(제한경쟁입찰)
 
2. 추진 배경 및 필요성
 기관생명윤리위원회(IRB) 업무프로세스 구축
 ㅇ 기관 생명윤리위원회 규정 및 지침에 의한 위원회 업무 통합 관리 시스템 구축 및 절차 확립
 ㅇ 임상연구 심의, 심의결과 통보, 변경신청관리, 결과보고서 관리
 동물실험계획 업무 프로세스 구축

2. 정보화현황
 정보시스템 현황
 
구분
정보시스템명
유형
주요 기능설명
1
업무지원시스템
행정업무
업무포털, 경영정보, 연구관리 등
2
대표 홈페이지
대국민
대구경북첨단의료산업진흥재단 대표 홈페이지
* 정보시스템 및 네트워크 구성도 등 공개될 경우 보안침해 사고 등이 우려되는 사항은 본 제안요청서에 기재하지 않았으며, 입찰에 참가하고자 하는 사업자 요청이 있는 경우, 제안서 작성에 필요하다고 판단되면 보안서약서를 받고 담당자 입회하에 가능한 범위에서 열람할 수 있음
 
Ⅲ
사업추진방안
 
1. 추진목표

제안요청서
 
 통합정보시스템 고도화 용역
제안요청서
2024. 05.
 
 
 
본 자료는 한국한의학연구원 제안서 작성 이외의 목적으로 복제, 전달 및 사용을 금함
 
목 차
 Ⅰ. 사업 개요	 - 	 1
 Ⅱ. 사업추진 방안	 - 	 3
 Ⅲ. 제안 요청내용	 - 	 7
요구사항 구성	 - 	 7 
요구사항 목록	 - 	 8 
요구사항 상세	 - 	10 
- 기능 요구사항 	 - 	 10 
- 성능 요구사항 	 - 	 18 
- 인터페이스 요구사항 	 - 	 20 
- 데이터 요구사항 	 - 	 22

- BT 기반 의료기기 공동연구개발 지원, 초정밀 가공 및 측정분야, 의료기기 시제품 제작분야, 설계 해석 및 3D 프린팅 지원분야 제작 지원, 의료기기 시험검사
 전임상센터
 - 동물실험 시스템 및 차세대 동물모델 기반 동물실험 서비스, 바이오의약품의 유효성평가 지원, 연구 시료지원
 의약생산센터
 - 바이오의약품 생산, 분석법 개발/분석, 세포 특성분석, 전문인력 양성
 규제지원
 - 바이오신약 및 BT기반 첨단의료기기 제품화 선제적 규제 컨설팅 지원
 
2. 정보화현황
 정보시스템 현황
 
구분
정보시스템명
유형
주요 기능설명

`24년도 국가암데이터센터 운영시스템 관리용역 사업 제안요청서
 
2024. 1. 
 
 
 
이 자료는 국립암센터 제안서 작성 이외의 목적으로 복제, 전달 및 사용을 금함
 
Ⅰ. 개 요	 - 	1
 1. 사업 개요	 - 	1
 2. 사업 목적	 - 	1
 3. 사업 필요성	 - 	2
 4. 제안요구내용	 - 	2
Ⅱ. 국가암데이터센터 현황	 - 	3
 1. 일반현황	 - 	3
 2. 국가암데이터센터 인프라 운영 현황	 - 	5
 3. 국가암데이터센터 운영 인력 현황	 - 	6
 4. 정보시스템 구성도	 - 	7","네, 정보시스템 운용 현황에는 누출 금지 정보의 범위가 포함됩니다. 해당 구체적인 내용은 '누출금지 정보' 항목으로 제39조(과학기술정보통집원의 정보누출금지)에 명시되어 있습니다."
고양도시관리공사 홈페이지 구축 사업과 국가과학기술지식정보서비스 고도화 용역 모두 제안 요청서상 사업 결과물에 대한 지식재산권을 발주처 단독 소유로 규정하고 있습니까?,B,중,[],"제3장 시스템현황 	 - 	 10
 1. 시스템 운영현황
 2. 시스템 개발환경
제4장 사업 추진방안 	 - 	 11
 1. 사업 추진체계
 2. 추진일정
제5장 제안요청 내용 	 - 	 13
 1. 요구사항 총괄표
 2. 요구사항 세부내용
제6장 제안서 작성요령 	 - 	 46
 1. 제안서의 효력
 2. 제안서 작성지침 및 유의사항
 3. 제안서 관련 붙임 및 별지서식
 
 
1
 사업 개요
 
 1. 개 요 
 가. 사 업 명 : 고양도시관리공사 관산근린공원 다목적구장 회원 통합운영관리 시스템 구축

고양도시관리공사
관산근린공원 다목적구장 
회원 통합운영관리 시스템 구축 
제안요청서
2024. 09.
 
 
 
 
 
목 차
 
제1장 사업개요 	 - 	 1
 1. 개요
 2. 사업목적
 3. 전제조건
 4. 사업범위
 5. 일반사항
제2장 계약체결에 필요한 기준 및 절차 	Ὡ - 	 4
 1. 계약절차
 2. 입찰등록 및 제안서 제출
 3. 제안서 설명회(제안업체 참석) 및 평가
 4. 협상대상자 선정 및 협상 진행
 5. 계약체결과 이행
제3장 시스템현황 	 - 	 10
 1. 시스템 운영현황
 2. 시스템 개발환경

- 지방자치단체 입찰시 낙찰자 결정기준(행정안전부 예규 제283호, 2024. 3. 28.)
- 고양도시관리공사 제안서평가위원회 설치 및 운영에 관한 시행내규(2023. 9. 15.) 
 2. 사업목적 
 가. 관산근린공원 다목적구장 신규 수탁시설로 효율적인 운영을 위한 회원 통합운영관리 시스템 구축 필요

나. 과업기간 : 착수일로부터 90일 이내
 - 무상하자보증기간 : 준공일로부터 1년 
 다. 사업예산 : 90,000,000원 (부가가치세 포함)
 라. 계약방법 : 제한경쟁입찰 (협상에 의한 계약)
관련 법령
 - 소프트웨어 진흥법(과학기술정보통신부 제19990호, 2024. 7. 10.)
- 지방자치단체를 당사자로하는 계약에 관한 법률(행정안전부 제19634호, 2024. 2. 17.)
- 지방자치단체 입찰 및 계약 집행기준(행정안전부 예규 제282호, 2024. 3. 28.)

나. 신규 수탁시설 운영을 위한 자동화시스템 구축 및 관련 물품 구매 필요
 다","네, 두 사업 모두 발주처가 단독 소유로 규정하고 있습니다. 고양도시관리공사는 제안서 18조에 따라 결과물을 발주처와 공동 소유하며, 국가과학기술지식정보서비스는 제안요청서 8조에 따라 발주처가 단독 소유를 규정하고 있습니다."
"고양도시관리공사 홈페이지 구축 사업 진행 시, 외부 모의해킹을 전담할 업체의 필수 자격(CC인증 등)은 어떤 요구사항 번호로 규정되어 있습니까?",D,중,[],"제3장 시스템현황 	 - 	 10
 1. 시스템 운영현황
 2. 시스템 개발환경
제4장 사업 추진방안 	 - 	 11
 1. 사업 추진체계
 2. 추진일정
제5장 제안요청 내용 	 - 	 13
 1. 요구사항 총괄표
 2. 요구사항 세부내용
제6장 제안서 작성요령 	 - 	 46
 1. 제안서의 효력
 2. 제안서 작성지침 및 유의사항
 3. 제안서 관련 붙임 및 별지서식
 
 
1
 사업 개요
 
 1. 개 요 
 가. 사 업 명 : 고양도시관리공사 관산근린공원 다목적구장 회원 통합운영관리 시스템 구축

고양도시관리공사
관산근린공원 다목적구장 
회원 통합운영관리 시스템 구축 
제안요청서
2024. 09.
 
 
 
 
 
목 차
 
제1장 사업개요 	 - 	 1
 1. 개요
 2. 사업목적
 3. 전제조건
 4. 사업범위
 5. 일반사항
제2장 계약체결에 필요한 기준 및 절차 	Ὡ - 	 4
 1. 계약절차
 2. 입찰등록 및 제안서 제출
 3. 제안서 설명회(제안업체 참석) 및 평가
 4. 협상대상자 선정 및 협상 진행
 5. 계약체결과 이행
제3장 시스템현황 	 - 	 10
 1. 시스템 운영현황
 2. 시스템 개발환경

- 지방자치단체 입찰시 낙찰자 결정기준(행정안전부 예규 제283호, 2024. 3. 28.)
- 고양도시관리공사 제안서평가위원회 설치 및 운영에 관한 시행내규(2023. 9. 15.) 
 2. 사업목적 
 가. 관산근린공원 다목적구장 신규 수탁시설로 효율적인 운영을 위한 회원 통합운영관리 시스템 구축 필요

나. 과업기간 : 착수일로부터 90일 이내
 - 무상하자보증기간 : 준공일로부터 1년 
 다. 사업예산 : 90,000,000원 (부가가치세 포함)
 라. 계약방법 : 제한경쟁입찰 (협상에 의한 계약)
관련 법령
 - 소프트웨어 진흥법(과학기술정보통신부 제19990호, 2024. 7. 10.)
- 지방자치단체를 당사자로하는 계약에 관한 법률(행정안전부 제19634호, 2024. 2. 17.)
- 지방자치단체 입찰 및 계약 집행기준(행정안전부 예규 제282호, 2024. 3. 28.)

나. 신규 수탁시설 운영을 위한 자동화시스템 구축 및 관련 물품 구매 필요
 다",모의해킹 전담 업체는 요구사항 8호(CSR-008: 보안관리 사항)에 따라 CC인증 등의 필수 자격을 갖추어야 합니다.
"고려대학교 차세대 포털 사업에서 개인정보 영향평가팀을 구성할 때, 시스템 분석에 능한 내부 정직원들만으로 구성해도 제약사항을 만족할 수 있나요?",E,상,[],"제 안 요 청 서 

고려대학교 
차세대 포털·학사 정보시스템 구축 사업 

2024. 7. 01 

※ 본 자료는 제안내용의 설명을 위한 배포자료로, 이외 목적으로 무단복제, 전달 및 사용하는 행위를 금함. 

-1- 

 
 
 
 
 
 
 
 
 
 
 
 
 
 
 
 
목 차 

Ⅰ. 사업개요 ·················································································································· 4

나. 계약방법 : 경쟁입찰(협상에 의한 계약)

3. 사업배경

가. '본교' 교육환경과 수요를 반영한 학습관리시스템 도입 필요

나. 전문적인 학사, 수강, 포털 DB 등의 데이터 연동 지원 필요

다. 노후화된 학습관리시스템 및 불편한 인터페이스 개선

라. COVID-19와 같은 상황 발생 시 효율적인 비대면 온라인 교육을 지원하는 시스

템 도입(영상 출석, 온라인 강의 출석 등) 필요

마. '본교' 구성원의 요구를 반영한 차세대 학습관리시스템 구축 필요

 - 사용자 중심의 인터페이스 개선

 - 원활한 모바일 사용 환경

[별첨 2] 고려대학교 학습관리시스템 데이터 연동 현황

- 2 -

 
 
I

 사업 개요

1. 사업명

고려대학교(이하 '본교') 차세대 LMS(학습관리시스템) 구축을 위한 사업을 추진하고

자 함(이하 '본 사업' 이라 한다)

2. 사업개요

가. 계약기간

 - 구축기간 : 계약일로부터 3개월(시범운영 준비 기간 포함)

 - 시범운영기간 : 2024년 12월 23일 ~ 2025년 2월 28일(계절학기, 법정의무교육)

 - 무상유지보수 기간 : 2025년 3월 1일 ~ 2026년 2월 28일

- 공간 자원의 효율적 운영 가능
나. 업무 효율성 향상
 - 정보 취합 및 분석의 자동화를 통해 반복적인 수작업 감소
 - 대학별 관리자 권한 제공으로 불필요한 협조로 인한 지연 감소 
다. 신속한 의사결정 지원
 - 공간 데이터(면적, 활용시간 등) 분석을 통해 신속한 의사결정 지원
 - 분석된 공간정보를 토대로 공간관리 규정개정 기초 자료로 활용 가능
라. 사용자 중심의 편의성 강화

- 비정기적 각종 요구자료를 시스템을 이용하여 취합-관리할 수 있는 기능 필요 
라. 안전관리팀의 제한된 인력으로 교내 연구실을 종합적으로 관리하기 위해 연구실 자체적으로 안전관리가 가능한 체계화된 시스템 필요 
 - 연구실별 입력된 현황자료를 통한 통계 추출기능 강화 및 미비점, 보완사항 표시로 자체 안전관리가 가능한 체계 마련
마. 교내 안전관리 업무를 하나의 시스템으로 통합시킨 통합서비스 체계 필요
바. 모바일 서비스 확대 및 접근 용이한 사용자 인터페이스 제공으로 연구활동종사자의 안전관리 만족도 제고
3. 주요 사업내용","아니요, 내부 직원만으로 구성하는 것은 불가능합니다. [제안요청서 제10장] 제14항에 따르면, '인간재산법 제57조에 따른 정보보호법 제24조의 규정에 따라 수행되는 영향평가를 위임받아야 하는 경우, 해당 법령에 의해 수행자가 특정한격의 독립성을 갖추어야 하며, '내부원인력/distopia는 영향평가 수행자를 구성할 수 없으므로 외부인력을 포함하여 팀을 구성해야 합니다'. 따라서 외부 전문가를 포함한 다층적 viewpoints를 가진 팀을 구성하여야 합니다."
"한국전기안전공사의 전기안전 관제시스템 보안 모듈 개발 용역 제안요청서에 따르면, 본 사업은 소프트웨어 진흥법 제50조에 따른 과업 심의위원회를 이미 개최한 사업인가요?",A,하,[],"별표 8. 기술적용계획표	 - 	65
Ⅰ. 사업 개요 
 1. 사 업 명 : 전기안전 관제시스템 보안 모듈 개발
 2. 사업 배경
 가. 전기안전관리법 제12조의2에 따라 운영중인 관제시스템과 원격점검장치간 안전한 통신환경 조성을 위해 IoT 표준 보안규격 준수 필요
 - 국정원 인증필 암호모듈을 도입하여 관제시스템 보안수준 제고
 나. 원격점검 사업 물량(’24년도까지 5.3만호)을 안정적으로 운영할 수 있는 시스템 환경 조성
 3. 사업 내용

3. 사업 내용
 가. 전기안전 관제시스템와 원격점검장치간 통신에 사용되는 보안모듈(KCMVP) 적용
 나. 신규 통신서버-신규 테스트서버 내 MQTT Broker 구성 및 보안모듈 및 통신(TLS), 데이터 연동규격 기능 적용
 다. 원격점검장치 제조사에게 장치가 관제서버와 통신 및 데이터 연동 하기 위한 개발 방법 컨설팅(매뉴얼) 및 교육 지원
 라. 전기안전 관제시스템 내 지도형 대시보드/구독형서비스 등 기능 개발
 4. 사업 예산 : 220,000천원(VAT 포함)
 5. 사업 기간 : 계약 후 180일
 6. 기대 효과

제안요청서
 
사 업 명
 전기안전 관제시스템 보안 모듈 개발
주관부서
디지털점검부 디지털전환기획팀
2024. 11.
 
담당
소속
담당자
전화번호
사업 담당
디지털전환기획팀
김지영
063-716-2787
 
목
차
 Ⅰ. 사업 개요	 - 	1
 1. 사 업 명	 - 	1
 2. 사업 배경	 - 	1
 3. 사업 내용	 - 	1
 4. 사업 예산	 - 	1
 5. 사업 기간	 - 	1
 6. 기대 효과	 - 	1
 Ⅱ. 추진 방안	 - 	2
 1. 추진 목표	 - 	2
 2. 추진 체계	 - 	2
 3. 추진 일정	 - 	3

5. 사업 기간 : 계약 후 180일
 6. 기대 효과
 가. 전기안전 관제시스템과 원격장치간 통신 연동 데이터 안전성 강화
 나. 원격장치 암호모듈의 안전성과 구현 적합성 향상
 다. 전기안전 관제시스템 운영 효율성 제고
Ⅱ. 추진 방안
 1. 추진 목표
 가. 정보통신망 중요 정보의 보호를 위한 IoT 표준 보안규격 준수
 나. 원격점검 사업 물량(’24년도까지 5.3만호)을 안정적으로 운영할 수 있는 시스템 환

별지 서식 9. 보안각서	 - 	54
 별지 서식 10. 확약서	 - 	55
 별표 1. 경영상태 평가기준	 - 	56
 별표 2. 사업자 보안위규 처리기준	 - 	57
 별표 3. 보안 위약금 부과 기준	 - 	59
 별표 4. 누출금지 대상 정보	 - 	60
 별표 5. 소프트웨어사업 영향평가 검토결과서	ᬄ - 	61
 별표 6. 소프트웨어 개발사업의 적정 사업기간 종합산정서	- - 	62
 별표 7. 과업내용 종합 심의 결과서	 - 	64
 별표 8. 기술적용계획표	 - 	65
Ⅰ. 사업 개요","아니요, 이 사업은 과업 심의위원회 개최 대상이 아닙니다."
"한국수자원공사 수도사업장 통합 사고분석솔루션 시범구축 사업에서 과업의 일부를 하도급 계약으로 체결할 경우, 발주기관의 사전승인 절차 외에 준수해야 하는 대상 금액의 한도와 재하도급에 대한 원칙적 허용 여부는 어떻게 규정되어 있나요?",B,중,[],"나. 하도급 비율제한
본 사업의 과업의 일부를 하도급하려는 경우 소프트웨어 진흥법 제51조제1항 에 따라 사업금액의 100분의 50을 초과할 수 없으며, 소프트웨어 진흥법 제51조 제3항에 따라 재하도급은 원칙적으로 불허함. 다만, 같은 항 제1호 및 제2호에 에 해당하는 경우 허가
 * 소프트웨어 진흥법 제51조에 따라 하도급계약전 발주기관으로부터 승인을 받아야함
 다. 하도급 계획서 제출

(2) 통합 사고분석솔루션 웹서비스 시범구축 	- - 		- - 		- - 		- - 	1식
 1.1.2 제안참가 자격 : 입찰공고문에 따름
 1.1.3 수행방법 : 도급용역
 1.1.4 과업수행 장소
 가. 계약상대자는 SW사업 수행을 위하여 필요한 장소 및 설비, 기타 작업환경(이하 “작업장소 등” 이라고 한다)을 상호 협의하여 결정한다.

라. 공동수급체 구성원이 다른 공동수급체를 구성하여 중복 입찰참가는 불가함
 마. 공동수급체 구성원의 계약참여 최소 지분율은 10% 이상이어야 함
 1.1.6 하도급에 관한 사항
 가. 하도급 사전승인
본 사업의 하도급의 경우 소프트웨어 진흥법 및 소프트웨어사업 계약 및 관리감독에 관한 지침 (과학기술정보통신부 고시)의 규정에 의하여 반드시 하도급계약 전에 발주기관으로부터 사전승인을 받아야 함
 나. 하도급 비율제한

1. 제안공모 개요
 1.1 일반사항
 1.1.1 사업개요
 가. 사 업 명 : 수도사업장 통합 사고분석솔루션 시범구축 용역
 나. 사업금액 : 일금 일억구천오백삼만원정( 195,030,000, VAT포함)
 다. 사업기간 : 착수일로부터 120일간
※ [붙임 1] 소프트웨어 개발사업의 적정 사업기간 종합 산정서 참조
 라. 구축장소 : 수도통합지원센터(iSC), 유역별 1개소 시범사업장
 마. 사업범위
 (1) 수도사업장 운영, 경보, 제어, 영상정보 통합관리체계 개발	- - 		- - 	1식

본 사업 과업의 일부를 하도급하려는 경우입찰 시 및 계약체결 시 소프트웨어사업 계약 및 관리감독에 관한 지침 (과학기술정보통신부 고시)의 별지 서식 제7호의 소프트웨어사업 하도급계획서를 제출하여야 함
 라. 하도급 계약의 적정성 판단 세부기준","발주기관의 사전승인이 필요하며, 하도급 계약금액은 계약금액의 90%(900만 원 미만) 이하로 제한되어 있습니다. 또한 본 사업은 하도급계약에 대해 원칙적으로 불허하고 있으므로, 재하도급은 불허됩니다."
"수행사가 최근 6개월 이내 한국철도공사와의 타 계약에서 종결물품대 대비 3.5%의 지체상금을 부과받았습니다. 법적으로 통상 5% 미만의 부과율은 감점이 면제되는 것으로 알고 있는데, 이 경우 이번 모바일오피스 고도화 입찰 기술평가에서 부과되는 감점은 0점인가요?",D,상,[],"사업개요
 사 업 명 : 모바일오피스 시스템 고도화
 ※ 본 사업은 소프트웨어 진흥법 제43조, 같은 법 시행령 제35조 내지 제37조, 소프트웨어사업 계약 및 관리감독에 관한 지침 제5조, 제6조에 따라 SW사업 영향평가를 미리 실시한 사업임(붙임 1)
 ※ 소프트웨어 진흥법 제50조에 따라 과업내용 확정을 위하여 과업심의위원회를 개최한 사업임(붙임 2)
 ※ 소프트웨어사업 계약 및 관리감독에 관한 지침 제10조에 따라 소프트웨어 개발사업 적정 사업기간 산정 기준에 따른 사업임(붙임 3)
 사업기간 : 착수일로부터 6개월 이내

5. 제안요청 내용	 - 	7
 6. 제안서 작성요령	 - 	99
 7. 제안서 평가 및 선정 안내	 - 	105
 8. 보안 준수사항	 - 	124
 9. 기타사항	 - 	136
 10. 별지서식 및 붙임	 - 	 141
 
1
사업 개요
 사업목적
 (모바일 업무지원 확대) 모바일오피스 사용량 증가에 따른 사용자 편의성, 처리속도 개선 및 기능 강화로 모바일 업무지원 확대
 (서비스 연속성 확보) 시스템 사용요구에 대한 부하 분산으로 원활하고 안정적인 업무지원 서비스 제공
 사업개요
 사 업 명 : 모바일오피스 시스템 고도화

제안요청서
모바일오피스 시스템 고도화
 
2024. 8.
 
담당
디지털융합본부
(디지털기술TF)
처장 이규범
TEL: 042-615-5730
FAX: 02-361-8371
E-MAIL: mineandy77@korail.com
부장 이정민
TEL: 042-615-5733
대리 조서연 
TEL: 042-615-5746
한국철도공사
 
 1. 사업 개요	 - 	1
 2. 운영 현황	 - 	2
 3. 사업 내용	 - 	4
 4. 사업추진 계획	 - 	6
 5. 제안요청 내용	 - 	7
 6. 제안서 작성요령	 - 	99

본 계약을 위해 기 설치된 장비 및 물품 이외에 추가로 필요한 기자재 및 비품(PC, 프린터, 책상, 의자, 네트워크, 전화(일반회선) 등)은 제안사의 부담으로 한다.
 본 요청서에 별도 명기된 사항이 없더라도 사업수행 시 고려해야 될 사항이 있을 시 이를 포함하여 제안 및 지원해야 한다.
 산출정보
사업수행계획서, 설치 계획서, 네트워크 및 통신망 구성도, 완료보고서
 관련 요구사항
 요구사항 출처
 
 요구사항 분류
시스템 장비 구성
 요구사항 고유번호
ECR-002
 요구사항 명칭
모바일오피스 서버 도입
 요구사항 상세설명

라. 사업자 선정 : 제한경쟁입찰 / 협상에 의한 계약(기술 90%, 가격 10%)
 * (입찰자격) 소프트웨어사업자 등 록업체(대기업 참여제한)
2. 추진배경
 디지털 경영 방침, 디지털 경영 로드맵, 디지털 400프로젝트 추진 등 변화된 경영 환경을 반영한 중장기 정보화 전략 수정․보완 필요
 * 철도정보화 업무처리 규정 제9조 중-장기 계획 수립
 ** `22.7월 중장기 정보화 전략 기본 계획(`22∼`26) 수정-보완","아니요, 감점은 15점입니다. 제안사는 지체상금을 부과받았으나, 제안서 기술평가는 85점 이상이어야 15점의 기술평가 점수가 부과됩니다."
"과업 수행 중 예술경영지원센터의 요구로 성과품의 미흡한 점을 시정 조치해야 하는 상황이 발생했습니다. 만약 해당 수정 조치가 지연될 경우, 타 공공 정보시스템 통합 사업에 통용되는 기준인 '지체일수당 1.25/1000의 지체상금률' 공식이 이번 컨설팅 사업에도 그대로 적용되나요?",E,상,[],"계약상대자는 감독원의 승인을 받아 수행한 과업이라 할지라도, 그 내용이 미비하거나 과오나 오류 등으로 인한 과업 수행 상 발생한 모든 하자에 대하여 계약상대자의 책임이 면제되는 것은 아니며, 계약상대자는 용역준공 후에도 이러한 사항에 대한 감독원의 수정․보완요구가 있을 때에는 계약상대자 부담으로 시정․조치하여야 한다.
성과품에 대한 재조사 등
계약상대자는 본 과업수행에 있어 감독원이 조사과정 및 성과를 인정할 수 없다고 판단하여 재조사를 요청할 경우 이에 따라야 하고 제반 소요비용은 계약상대자가 부담하여야 한다.
문서의 기록비치

나. 기타 본 제안요청서에 언급되지 않거나 불분명한 부분에 대해서는 관계 법령 및 유사 정보서비스에 적용되는 일반적인 사항에 따라 구축되어야 하며, 본 사업 추진과정에서 이견이 발생하는 경우, 안양대학교와 사업수행사가 협의하여 결정함. 사업수행사는 본 결정을 수용하여 주어진 과업을 완수하여야 함
다. 본 사업 추진과정에서 사업수행사의 귀책사유로 시스템 상세 설계 미흡, 테스트 미흡, 서비스 개통 일정의 지연 등으로 인해 안양대학교의 업무에 차질이 발생한 경우, 사업수행사는 그에 상응하는 책임을 부담함

학교 유-무선망 통합관제시스템 구축
제 안 요 청 서
2024. 11.
 
 
<한국지능정보사회진흥원 공정거래 준수 안내>
한국지능정보사회진흥원은 자율적인 거래관행 개선, 공정한 거래․상생문화를 정착‧확산하도록 공정거래 자율준수 프로그램에 따라 
아래의 내용을 준수합니다.
 적정한 사업 원가를 조사‧산정하고 절차에 따라 적정한 대가를 지급합니다.
 계약업체의 책임이 없는 사유로 사업변경, 사업기간 연장, 납품기일 지연 등이 발생하여 과업이 추가로 필요한 경우, 조건 및 비용에 대하여 계약업체와 충분히 협의하여 진행하겠습니다.

현행 공동정보시스템을 전면적으로 개편하고자 정보화전략계획(ISP) 및 업무재설계(BPR)를 위한 컨설팅 수행(’19.4∼8월)
 직역연금 가입자, 퇴직급여 지급자, 연계신청 대상자 등 수요자 중심의 분석을 통한 다양한 맞춤형 서비스 제공 및 사용자 편의성 미흡
 각 연금관리기관의 데이터 연계방식* 제약에 따른 업무처리 지연 및 법, 규정 등 개정으로 프로그램 복잡도 증가
 * 군인연금 배치인터페이스(ASR, 자동송수신장치) 장애 : ‘19년 10월 장애발생 후 서비스 복원 불가로 현재 수작업으로 전환하여 운영 중
 외부 환경

[붙임 9] 공동수급표준협정서	 - 	 80
 [붙임 10] 계약관련 서류	 - 	 83
 [붙임 11] 자료열람 신청 및 열람 확인서	 - 	 102
 [붙임 12] 기술적용계획표	 - 	 103
 [붙임 13] 소프트웨어 개발사업 적정 사업기간 종합 산정서	- - 	 111
 [붙임 14] 소프트웨어사업 과업내용 확정 심의결과서	᱀ - 	 112
 [붙임 15] 소프트웨어사업 영향평가 검토결과서	 - 	 113
 
Ⅰ
 사업 안내
1. 사업 일반 
 사 업 명: 장애인일자리 전산시스템 기능개선","아니요, 이 사업의 특별한 지침은 예술경영지원센터의 요구에 따라 '1,000 이상 지체되는 경우 부과되지 않습니다.'라는 것입니다."
"안양시 호계체육관 예약시스템 구축 용역의 제안요청서에 따르면, 시스템 오류 발생 시 사업자가 제공해야 하는 무상 하자보수 지원 기간은 원칙적으로 언제부터 얼마 동안으로 규정되어 있나요?",A,하,[],"합니다. 다만, 제안서 평가결과 기술능력평가 점수가 기술능력평가분야 배점한도
 의 85% 이상인 자를 협상적격자로 선정
 
 
Ⅲ
 과업수행 지침
1. 기본사항
 본 제안요청서는 안양시 호계체육관 배드민턴장 및 탁구장 예약 시스템 구축 을 수행 하는 것에 그 목적이 있으며, 설치-구축업체(이하 “사업자”)는 안양시(이하“발주자”) 사업을 신의-성실의 원칙에 따라 수행하여야 한다.
 본 제안요청서는 사업자가 임의로 해석할 수 없으며, 내용이 불분명하거나 기재되지 않은 사항은 상호협의하여 결정한다.

제 안 요 청 서
 
사 업 명
호계체육관 배드민턴장 및 탁구장 
예약 시스템 구축
주관부서
체육과
사업담당자
시설7급 박종일
2024. 6.
 
 
 목차
 Ⅰ. 사업의 개요	 - 	 1
 Ⅱ. 사업추진 방안	 - 	 3
 Ⅲ. 과업수행 지침	 - 	 5
 Ⅳ. 제안요청 내용	 - 	 10
 Ⅴ. 제안서 안내사항	 - 	 26
 Ⅵ. 제안서 작성요령	 - 	 35
 Ⅶ. 구비서류(제출서식)목록	 - 	 39
 Ⅷ. 정보화 사업 보안 준수사항 및 보안특약	 - 	 66
 
Ⅰ
 사업의 개요
 1. 사업일반

Ⅰ
 사업의 개요
 1. 사업일반
 사업명 : 호계체육관 배드민턴장 및 탁구장 예약 시스템 구축
 사업예산 : 49,500천원(부가가치세 포함) 
 사업기간 : 계약 후 120일
 계약방법 : 제한경쟁입찰(협상에 의한 계약)
 2. 추진배경 및 필요성
 고객의 니즈(요구사항)를 시스템에 즉시 반영하기 위한 웹 기반의 홈페이지 및 키오스크 예약관리시스템 구축 필요
 이용회원의 편리성 및 운영 효율성을 위한 자동화시스템 구축 필요

3. 주요 사업범위
 호계체육관 배드민턴장 및 탁구장 예약 시스템 구축(웹 서비스)
 1) 반응형 웹을 기반으로 예약시스템을 구축하고, 키오스크와 연계하여 시설 내부에서 관리 및 운영이 가능하도록 구축
 2) 예약 시스템 운영을 위한 회원관리, 비회원관리, 매출관리, 키오스크 관리, 분석통계관리 등 운영관리 업무 및 입장시간 등에 대한 자동화 시스템 환경설정 기능 
 3) 고객이 언제 어디서나 편리하게 시설 예약이 가능한 시스템 구축

4. 기대효과
 가. 웹 기반의 예약시스템 구축으로 자동화 및 무인화, 다양한 접근성 제공 등 이용의 편의성 제공과 시설 이용 만족도 향상
 나. 데스크 업무 분산을 통한 서비스 품질 강화 및 업무의 효율성 확보
 다. 자동화 전산시스템을 통한 비대면 언택트 운영 실현
 1. 추진목표
Ⅱ
 사업추진 방안
 호계체육관 배드민턴장 및 탁구장 예약 시스템 구축으로 사용자 편리성 증대, 업무 효율성 증가 및 신뢰성 있는 서비스 및 데이터 통계 자료를 제공
2. 추진체계
 
사업총괄기관
안양시
실무지원
사업주관
실무지원","제안요청서 제XVI조(하자보수)에 따르면, 시스템 오류 발생 시 사업자는 '착수일로부터 6개월 이내' 무상 하자보수를 제공해야 합니다."
"고려대학교 차세대 정보시스템 구축 시, 납품된 H/W나 S/W 장비에 결함이 발생했을 때 사업자가 사후 대응 조치를 완료해야 하는 기준 기한과, 만약 도입된 부품이 단종(생산 중단)될 위기에 처했을 때 발주자 측에 서면으로 사전 통보해야 하는 기한은 각각 어떻게 되나요?",B,중,[],"7. 제안서 제출 관련서식	 - 	 55
Ⅴ. 참조 자료
[자료 1] 사업자 보안위규 처리기준	 - 	 74
[자료 2] 누출금지 대상정보 누출 시 제재조치 사항	 - 	 76
[자료 3] 보안 위약금 부과기준	 - 	 77
 
Ⅰ
사업안내
1. 일반사항
가. 사 업 명 : 고려대학교 연구실안전관리시스템 구축
나. 사업기간 : 계약일로부터 2025년도 2월 28일까지(약 4개월)
다. 입찰방식 : 경쟁입찰(협상에 의한 계약)
2. 추진배경 및 목적

제 안 요 청 서 

고려대학교 
차세대 포털·학사 정보시스템 구축 사업 

2024. 7. 01 

※ 본 자료는 제안내용의 설명을 위한 배포자료로, 이외 목적으로 무단복제, 전달 및 사용하는 행위를 금함. 

-1- 

 
 
 
 
 
 
 
 
 
 
 
 
 
 
 
 
목 차 

Ⅰ. 사업개요 ·················································································································· 4

[별첨 2] 고려대학교 학습관리시스템 데이터 연동 현황

- 2 -

 
 
I

 사업 개요

1. 사업명

고려대학교(이하 '본교') 차세대 LMS(학습관리시스템) 구축을 위한 사업을 추진하고

자 함(이하 '본 사업' 이라 한다)

2. 사업개요

가. 계약기간

 - 구축기간 : 계약일로부터 3개월(시범운영 준비 기간 포함)

 - 시범운영기간 : 2024년 12월 23일 ~ 2025년 2월 28일(계절학기, 법정의무교육)

 - 무상유지보수 기간 : 2025년 3월 1일 ~ 2026년 2월 28일

고려대학교 연구실안전관리시스템
구축 사업 제안요청서
h 
2024. 9.
 
 
목 차
 
 I. 사업개요
1. 일반사항	 - 	 3
2. 추진배경 및 목적	 - 	 3
3. 주요 사업내용	 - 	 4
4. 추진 방향	 - 	 5
5. 추진 일정	 - 	 6
II. 사업내용 및 세부 요구사항
1. 사업 범위	 - 	 7
2. 요구사항 총괄표	 - 	 8
3. 세부 요구사항	 - 	 10
4. 분리발주 대상 소프트웨어 품목별 제외사유서	 - 	 38
III. 제안 안내
1. 입찰 참가자격	 - 	 39

3. 사업자 선정 방법	 - 	 65
4. 제안 설명회	 - 	 67
5. 평가 방식	 - 	 67
Ⅴ. 제안서 작성 방법	 - 	 72
1. 제안서 효력	 - 	 72
2. 제안서 작성 유의사항	 - 	 72
3. 제안서 목차 및 작성방법	 - 	 73
[별첨]	 - 	 77~113
 
I
 사업 개요
1. 사업개요
가. 사업명 : 고려대학교 공간관리 통합시스템구축 사업
나. 사업기간 : 계약 체결일로부터 5개월 이내
다. 입찰 및 계약 방법 : 제한 경쟁 입찰(협상에 의한 계약)
2. 사업 배경","제안서 작성 후 결함이 발견되었을 경우, 사업자는 사업 종료일로부터 5일 이내에 사후 조치를 완료하여야 합니다. 만약 도입되는 H/W나 S/W 부품이 단종(생산 중단)될 위기에 처했을 때, 사업자는 사업 종료일로부터 3일 이내에 발주기관에게 사전 서면 통보를 해야 합니다."
"국방과학연구소 대용량 구축 시스템 납품 이후 1년의 하자 보증기간 내에 결함이 터졌다고 가정합시다. 민간 상용 S/W 유지보수 시장의 관례상, 이용자 측에서 발주했던 제품보다 더 뛰어난 상위 용량의 업그레이드 품목을 무상으로 교체해 달라고 요구하는 것은 계약 구조상 거절할 수 있는 것으로 알고 있습니다. 따라서 연구소 측이 기존 납품된 제품 용량 이상을 요구할 경우, 납품 업체는 이 부가적인 요구 사항에 대해 기각하면 되는 것이 맞죠?",D,상,[],"제 안 요 청 서
 
사 업 명
기록관리시스템 통합 활용 및 보안 환경 구축
주관기관
 
 국방과학연구소
2025. 1.
 
담당
계약담당
재무실
042-821-0449
업무담당
기술정보실
042-821-2931
목 차
 
Ⅰ. 사업 개요	 - 	 4
 1. 사업 정보	 - 	4
 2. 추진배경 및 필요성	 - 	4
 3. 주요 사업내용	 - 	5
 4. 기대효과	 - 	6
 5. 추진체계 및 역할	 - 	6
 6. 추진일정	 - 	7
 7. 대상 시스템 현황	 - 	8
Ⅱ. 제안요청 내용	 - 	 9

제 안 요 청 서
 
사 업 명
기록관리시스템 통합 관리 환경 구축 
주관기관
 
 국방과학연구소
2024. 4.
 
담당
계약담당
재무실
042-821-0449
업무담당
기술정보실
042-821-2931
목 차
 
Ⅰ. 사업 개요	 - 	 4
 1. 사업 정보	 - 	4
 2. 추진배경 및 필요성	 - 	4
 3. 주요 사업내용	 - 	5
 4. 기대효과	 - 	6
 5. 추진체계 및 역할	 - 	6
 6. 추진일정	 - 	7
 7. 대상 시스템 현황	 - 	8
Ⅱ. 제안요청 내용	 - 	 9
 1. 요구사항 목록	 - 	9

제 안 요 청 서
 
사 업 명
e-감사시스템 웹 호환성 및 기능보완
주관기관
 
 국방과학연구소
 
 
2024. 10.
 
계약 담당
재무실 내자팀
042-821-3827
사업 담당
감 사 실
042-821-2456
목 차
 
1. 사업 개요	 - 	 1
 가. 사업 정보	 - 	1
 나. 추진배경 및 필요성	 - 	1
 다. 사업 범위	 - 	1
 라. 기대 효과	 - 	2
2. 현황	 - 	 2
 가. 업무 현황	 - 	2
 나. 정보화 현황	 - 	2
3. 사업 추진방안	 - 	 3
 가. 추진목표	 - 	3

7. 대상 시스템 현황	 - 	8
Ⅱ. 제안요청 내용	 - 	 9
 1. 요구사항 목록	 - 	9
 2. 요구사항 상세	 - 	11
 가. 기능 요구사항	 - 	11
 나. 데이터 요구사항	 - 	19
 다. 전략 및 방법론 요구사항	 - 	22
 라. 시스템 요구사항	 - 	23
 마. 테스트 요구사항	 - 	23
 바. 인터페이스 요구사항	 - 	25
 사. 성능 및 품질 요구사항	 - 	26
 아. 보안 요구사항	 - 	27
 자. 프로젝트 관리 요구사항	 - 	30
 차. 프로젝트 지원 요구사항	 - 	32

제 안 요 청 서
 
사업명
대용량 자료전송시스템 고도화
주관기관
 
2024. 07.
 
 
담 당
소 속
Tel.
계약
재무실 내자팀
042-821-3827
실무
정보화기술실 정보보호팀
042-821-2461
 
※ 본 자료는 제안 내용의 설명을 위한 배포자료로, 이외의 목적으로 무단복제, 
 전달 및 사용하는 행위를 일절 금함.
 
 
 
목 차
 
Ⅰ. 사업개요 	 - 	 1
 1. 사업개요
 2. 추진배경 및 필요성
 3. 주요 사업내용
 4. 기대효과
Ⅱ. 사업내용	 - 	 3
 1. 추진전략
 2. 추진체계 및 역할",아니요. 해당 구체적인 하자 보증 규정이나 계약 조항은 문서에 존재하지 않습니다.
"남서울대학교 스마트 정보시스템 구축사업의 요구사항 목록표 (PSR)에 기재된 5개의 프로젝트 지원 항목 중에서, 사업 종료 이후 전담 유지관리를 담당할 비상주 인력의 주말 출근 및 철야 근무 수당 기준표는 어떻게 정의되어 수록되어 있나요?",E,상,[],"2. 유관 시스템 현황 	 - 	6
 3. 정보화 현황 	 - 	7
Ⅲ. 제안요청 세부 내용 	 - 	8
 1. 사업범위 및 주요 개발개용	 - 	8
 2. 요구사항 목록표	 - 	9
 3. 요구사항 상세 목록 	 - 	12
 4. 요구사항별 상세 명세	 - 	16
 5. 기타 요구사항 	 - 	 55
Ⅳ. 입찰 및 협상대상자 선정 안내 	 - 	56
 1. 입찰 안내 	 - 	56
 2. 입찰서류 및 제안서 제출 	 - 	57
 3. 입찰시 유의사항 	 - 	59
 4. 협상대상자 선정 안내 	 - 	60

2. 유관 시스템 현황 	 - 	6
 3. 정보화 현황 	 - 	7
Ⅲ. 제안요청 세부 내용 	 - 	8
 1. 사업범위 및 주요 개발개용	 - 	8
 2. 요구사항 목록표	 - 	9
 3. 요구사항 상세 목록 	 - 	12
 4. 요구사항별 상세 명세	 - 	16
 5. 기타 요구사항 	 - 	 55
Ⅳ. 입찰 및 협상대상자 선정 안내 	 - 	56
 1. 입찰 안내 	 - 	56
 2. 입찰서류 및 제안서 제출 	 - 	57
 3. 입찰시 유의사항 	 - 	59
 4. 협상대상자 선정 안내 	 - 	60

Ⅰ
 사업 개요 
 
1. 개요
 가. 사 업 명: 모금관리시스템 재구축
 나. 사업기관: (재)서울대학교발전기금
 다. 사업기간: 계약일로부터 6개월
 라.사업금액: 341,000천원(부가가치세 포함)
 마.사업내용: 기 구축된 출연관리시 스템(FMS)을 기반으로 기부금 및 기부자 관리 시스템 신규 개발
 바.계약방법: 조달청 입찰을 통한 계약
2. 추진배경 및 필요성
 가. 기존 출연관리시스템의 노후화로 프로그램 보안성/안정성 취약 및 업무 효율성 저하
 나. 기존 개발언어의 기술자 감소로 유지보수 진행 불가

Ⅰ
 사업 개요 
 
1. 개요
 가. 사 업 명: 모금관리시스템 재구축
 나. 사업기관: (재)서울대학교발전기금
 다. 사업기간: 계약일로부터 6개월
 라.사업금액: 341,000천원(부가가치세 포함)
 마.사업내용: 기 구축된 출연관리시 스템(FMS)을 기반으로 기부금 및 기부자 관리 시스템 신규 개발
 바.계약방법: 조달청 입찰을 통한 계약
2. 추진배경 및 필요성
 가. 기존 출연관리시스템의 노후화로 프로그램 보안성/안정성 취약 및 업무 효율성 저하
 나. 기존 개발언어의 기술자 감소로 유지보수 진행 불가

서식13. 용역 이행실적 증명서 	 - 	88
 서식14. 제안업체 조직 및 인원현황 	 - 	89
 서식15. 전문 인력 보유현황 	 - 	90
 서식16. 기술인력 개인별 경력사항 확인서 	 - 	91
 서식17. 경영상태 	 - 	92
 서식18. 사업수행능력 평가서(정성적 평가) 	 - 	93
 서식19호. 가격제안서(표지) 	 - 	94
 서식20호. 가격제안서 봉투 작성 방법 	 - 	95
 서식21호. 가격제안서 	 - 	96
 별첨1. 기술적용계획표	 - 	97
 별첨2. 정보화 용역사업 보안관리 지침	 - 	104","제안요청서 PSR 목록표에는 유지관리 인력 관련 항목이 포함되어 있지 않으며, 해당 구체적인 산출물(예: 유지관리 인력 수당 기준표)은 제안서 작성 시 별도 작성하여 첨부하여 제출해야 합니다."
"한국한의학연구원 통합정보시스템 고도화 구축 시, 일반적인 사용자 온라인 질의에 대한 최초 결과값 응답시간 목표는 몇 초 이내로 규정되어 있으며, 이 기준이 예외적으로 통용되지 않는 대량 데이터의 용량 기준은 얼마인가요?",A,하,[],"제안요청서
 
 통합정보시스템 고도화 용역
제안요청서
2024. 05.
 
 
 
본 자료는 한국한의학연구원 제안서 작성 이외의 목적으로 복제, 전달 및 사용을 금함
 
목 차
 Ⅰ. 사업 개요	 - 	 1
 Ⅱ. 사업추진 방안	 - 	 3
 Ⅲ. 제안 요청내용	 - 	 7
요구사항 구성	 - 	 7 
요구사항 목록	 - 	 8 
요구사항 상세	 - 	10 
- 기능 요구사항 	 - 	 10 
- 성능 요구사항 	 - 	 18 
- 인터페이스 요구사항 	 - 	 20 
- 데이터 요구사항 	 - 	 22

과업지시서
한의약데이터부
 
한의 빅데이터 공유 활용 시스템 관리 기능 고도화 및 활용평가
 
2024년 3월
 
 
이 자료는 한국한의학연구원 제안서 작성 이외의 목적으로 복제, 전달 및 사용을 금함
 
0
학술연구용역 요약서
 단년도
 다년도
 
주요사업
과제명
AI 한의사 개발을 위한 임상 빅데이터 수집 및 진료지원서비스 플랫폼 구축

- 데이터 검색 및 분석, 활용을 통한 연구 효율성 증진
 - 과제 수집 데이터 체계적 관리 및 공유 활용의 정량적 근거 확보
기술평가의 착안점
 한의 빅데이터 서비스의 유용성 확보 방안
 - 실제 활용 대상자의 요구사항 반영 가능성 여부
 - 서비스 구동의 원활성 및 이를 확보할 수 있는 기술력 확보 여부
결과평가의 착안점
 한의 빅데이터 서비스의 유용성
 - 사용자 요구 반영 및 전문가 기준 안정성 확보 가능 여부
 - 연구자 실무 적용시 유용성
 
0
목차
1. 사업 개요	 - 	 5
2. 제안서 평가 및 기준	 - 	9

* 전문가위원회를 통한 안전한 데이터 공유 가이드 준수
 * 비식별 및 재현 데이터 생성 기술을 통한 안전한 데이터 처리 기술 적용
 * 연구자 편의성 증진을 위한 분석 기술적용
 * 비자각 데이터 수집을 위한 데이터 처리 기술 고도화
연구목표
총괄
 한의 빅데이터 공유활용 서비스 안정성 확보 및 사용 편의성 증대
1차년도
 한의 빅데이터 공유활용 서비스 안정성 확보 및 사용 편의성 증대
연구내용
1차년도
 한의 빅데이터 공유활용 서비스 안정성 확보 및 사용 편의성 증대

* 데이터 공유활용을 위한 비식별화 및 재현데이터 심의 기능 고도화
 - 서비스 사용성 증진을 위한 사용성 평가 및 개선
과제 종료시
연구결과물
1차년도
 한의 빅데이터 공유활용 관라 서비스 안전성 및 사용평가
 - 비식별화 및 재현 데이터 생성 파이프라인
 - 데이터 공유활용을 위한 심의 및 평가 기능
 - 데이터 공유 기능 사용성 개선 기능 적용
 - 사용자 활용성 및 서비스 안정성 확보
연구 결과 활용 방안
 한의 빅데이터 서비스 기반 본 과제 데이터 공유 활용
 - 데이터 검색 및 분석, 활용을 통한 연구 효율성 증진",초기 결과값 응답 시간 목표는 '3초 이내(10000개 이상의 데이터 이상 포함시 5초 미만)'으로 규정되어 있습니다.
"한국철도공사 모바일오피스 시스템 고도화 용역의 성능 요구사항들에 따르면, 시스템 자체 결함이나 호환 문제 등으로 생기는 예기치 못한 '오류 메시지 처리(제시) 시간'과 사용자가 데이터 형식을 지키지 않았을 경우의 '입력 오류 메시지 제시 시간', 그리고 치명적 장애인 '서버가 셧다운(Server Down) 되었을 때' 사용자에게 경고해야 하는 응답 시간은 각각 어떻게 차등 정의되어 있나요?",B,중,[],"SFR-009
응답속도 개선
27
SFR-010
기능 개선 및 신규 업무지원 기능
28
SFR-011
관리자 기능
29
3) 성능
요구사항 
PER-001
성능 요구사항 공통 적용
30
PER-002
성능 일반사항
31
PER-003
모바일오피스 디스플레이시간
32
PER-004
네트워크 성능 최적화
33
PER-005
응용시스템 튜닝, 호환 및 안정성 보장
34
PER-006
오류 응답시간
35
PER-007
입력 오류 응답시간 및 지연 경고
36
PER-008
서버 장애 응답시간 및 지연 경고
37
4) 인터페이스 요구사항

※ 제안업체는 제안요청서에 기술된 요구사항을 기반으로 시스템을 제안하되 업무분석 단계에서 보다 창의적인 방법으로 요구사항을 해석하고, 사용자 편의성을 감안하여 시스템 구축사업에 반영해야 함
 요구사항 목록
 
No
구분
고유번호
요구사항 명칭
비고
1
1) 시스템 장비 구성 요구사항
ECR-001
시스템 공통 요구사항
2
ECR-002
모바일오피스 서버 도입
3
ECR-003
모바일오피스 WEB, WAS 도입
4
ECR-004
모바일오피스 서버 OS 도입
5
ECR-005
보안-네트워크-백업-모니터링 서비스 도입
6
ECR-006

5. 제안요청 내용	 - 	7
 6. 제안서 작성요령	 - 	99
 7. 제안서 평가 및 선정 안내	 - 	105
 8. 보안 준수사항	 - 	124
 9. 기타사항	 - 	136
 10. 별지서식 및 붙임	 - 	 141
 
1
사업 개요
 사업목적
 (모바일 업무지원 확대) 모바일오피스 사용량 증가에 따른 사용자 편의성, 처리속도 개선 및 기능 강화로 모바일 업무지원 확대
 (서비스 연속성 확보) 시스템 사용요구에 대한 부하 분산으로 원활하고 안정적인 업무지원 서비스 제공
 사업개요
 사 업 명 : 모바일오피스 시스템 고도화

3) 트래픽 모니터링, 응답시간, 오류 발생 분석 기능 부재로

36
PER-008
서버 장애 응답시간 및 지연 경고
37
4) 인터페이스 요구사항
SIR-001
연계 공통사항
38
SIR-002
내․외부 시스템 연계
39
SIR-003
사용자 인터페이스
40
SIR-004
오류메시지 표시
41
SIR-005
온라인도움말
42
SIR-006
사용 환경을 고려한 화면 사이즈 제공
43
SIR-007
화면 UI
44
5) 데이터 요구사항
DAR-001
데이터 요구사항 일반
45
DAR-002
기존 데이터 관련 요구사항
46
DAR-003
데이터베이스 설계 및 유지관리
47
DAR-004","오류 메시지 처리(제시) 시간: 0.5초 미만
입력 오류 메시지 제시 시간: 1초 미만
서버 셧다운 경고 응답 시간: 60초 미만"
한국철도공사 모바일오피스 고도화 용역 관련 질문입니다. 사용자가 입력 오류를 범했을 때 사용자 편의성을 극대화하기 위해서 내부 시스템의 상세한 오류 원인(내부 DB 쿼리 에러 코드나 시스템 환경 정보 등)을 팝업창으로 모두 안내해 주면 유지보수 분석에 훨씬 유리합니다. 따라서 요구사항을 이렇게 확장 적용하여 1초 이내에 상세 쿼리 에러코드 등을 다 함께 노출하도록 유연하게 설계해도 되는 것이 맞죠?,D,상,[],"5. 제안요청 내용	 - 	7
 6. 제안서 작성요령	 - 	99
 7. 제안서 평가 및 선정 안내	 - 	105
 8. 보안 준수사항	 - 	124
 9. 기타사항	 - 	136
 10. 별지서식 및 붙임	 - 	 141
 
1
사업 개요
 사업목적
 (모바일 업무지원 확대) 모바일오피스 사용량 증가에 따른 사용자 편의성, 처리속도 개선 및 기능 강화로 모바일 업무지원 확대
 (서비스 연속성 확보) 시스템 사용요구에 대한 부하 분산으로 원활하고 안정적인 업무지원 서비스 제공
 사업개요
 사 업 명 : 모바일오피스 시스템 고도화

제안요청서
모바일오피스 시스템 고도화
 
2024. 8.
 
담당
디지털융합본부
(디지털기술TF)
처장 이규범
TEL: 042-615-5730
FAX: 02-361-8371
E-MAIL: mineandy77@korail.com
부장 이정민
TEL: 042-615-5733
대리 조서연 
TEL: 042-615-5746
한국철도공사
 
 1. 사업 개요	 - 	1
 2. 운영 현황	 - 	2
 3. 사업 내용	 - 	4
 4. 사업추진 계획	 - 	6
 5. 제안요청 내용	 - 	7
 6. 제안서 작성요령	 - 	99

※ 제안업체는 제안요청서에 기술된 요구사항을 기반으로 시스템을 제안하되 업무분석 단계에서 보다 창의적인 방법으로 요구사항을 해석하고, 사용자 편의성을 감안하여 시스템 구축사업에 반영해야 함
 요구사항 목록
 
No
구분
고유번호
요구사항 명칭
비고
1
1) 시스템 장비 구성 요구사항
ECR-001
시스템 공통 요구사항
2
ECR-002
모바일오피스 서버 도입
3
ECR-003
모바일오피스 WEB, WAS 도입
4
ECR-004
모바일오피스 서버 OS 도입
5
ECR-005
보안-네트워크-백업-모니터링 서비스 도입
6
ECR-006

※ 소프트웨어 진흥법 제48조 내지 제49조, 소프트웨어 진흥법 시행령 제44조에 근거
 주요내용
 모바일오피스의 사용편의성 개선을 위한 시스템 전면 개량
 설치 및 사용이 용이하도록 어플리케이션 통합, 소스코드 고도화
 모바일오피스 운영서버 이중화로 서비스 연속성 확보
 
2
운영 현황
 모바일오피스
 ‘19.5월 사용개시 이후 지속적으로 사용자 증가, 일평균 약 1.7만명 접속(‘23년 기준)
* ’20년 4,613명, ’21년 6,852명, ’22년 12,162명, ’23년 17,339명 일평균 접속
 
기 능
세 부 기 능

SFR-009
응답속도 개선
27
SFR-010
기능 개선 및 신규 업무지원 기능
28
SFR-011
관리자 기능
29
3) 성능
요구사항 
PER-001
성능 요구사항 공통 적용
30
PER-002
성능 일반사항
31
PER-003
모바일오피스 디스플레이시간
32
PER-004
네트워크 성능 최적화
33
PER-005
응용시스템 튜닝, 호환 및 안정성 보장
34
PER-006
오류 응답시간
35
PER-007
입력 오류 응답시간 및 지연 경고
36
PER-008
서버 장애 응답시간 및 지연 경고
37
4) 인터페이스 요구사항","아니요, 불가능합니다. 제안요청서 내용과 본문 요약 모두에서 명확히 규정되어 있습니다. 사용자 편의성과 상이합니다. 예를 들어, 제안요청서에는 '(사용자에게는 불편한 자세한 오류 코드를 보여주지 않음')와 같은 구절이 있으며, 본문에서는 '상세 내부 오류 코드를 노출하지 않고 간결한 사용자 친화적인 메시리를 제공하는 방식으로 설계해야 함'이라고 명확하게 설명되어 있습니다."
"마찬가지로 한국철도공사 모바일오피스의 데이터 요구사항 분야를 점검 중입니다. 예기치 못한 시스템 장애 상황을 극복하기 위해 DAR-008 백업요구사항 항목에 명시되어 있는 바에 따르면, 시스템 백업 주기는 정확히 며칠(또는 일주일 단위 등) 간격으로 수행하라는 고정 지표 수치로 규정되어 있나요?",E,상,[],"※ 제안업체는 제안요청서에 기술된 요구사항을 기반으로 시스템을 제안하되 업무분석 단계에서 보다 창의적인 방법으로 요구사항을 해석하고, 사용자 편의성을 감안하여 시스템 구축사업에 반영해야 함
 요구사항 목록
 
No
구분
고유번호
요구사항 명칭
비고
1
1) 시스템 장비 구성 요구사항
ECR-001
시스템 공통 요구사항
2
ECR-002
모바일오피스 서버 도입
3
ECR-003
모바일오피스 WEB, WAS 도입
4
ECR-004
모바일오피스 서버 OS 도입
5
ECR-005
보안-네트워크-백업-모니터링 서비스 도입
6
ECR-006

36
PER-008
서버 장애 응답시간 및 지연 경고
37
4) 인터페이스 요구사항
SIR-001
연계 공통사항
38
SIR-002
내․외부 시스템 연계
39
SIR-003
사용자 인터페이스
40
SIR-004
오류메시지 표시
41
SIR-005
온라인도움말
42
SIR-006
사용 환경을 고려한 화면 사이즈 제공
43
SIR-007
화면 UI
44
5) 데이터 요구사항
DAR-001
데이터 요구사항 일반
45
DAR-002
기존 데이터 관련 요구사항
46
DAR-003
데이터베이스 설계 및 유지관리
47
DAR-004

3
데이터 요구사항
(DAR, Data Requirement)
목표시스템의 서비스에 필요한 초기자료 구축 및 데이터 변환을 위한 대상, 방법, 보안이 필요한 데이터 등 데이터를 구축하기 위해 필요한 요구사항을 기술함
6
테스트 요구사항
(TER, Test Requirement)
구축된 시스템이 목표대비 제대로 운영되는 가를 테스트하고 점검하기 위한 요구사항을 찾아내어 기술함
목표시스템의 테스트 유형(단위테스트, 통합테스트, 시스템테스트, 성능테스트 등), 테스트 환경, 방법, 절차 등에 대한 요구사항을 기술함
3
보안요구사항

101
QUR-008
변경 요구 및 변경처리 절차
102
QUR-009
유지보수 및 하자담보(하자보증) 방안
103
QUR-010
상호운용성(데이터교환성)
104
QUR-011
시스템 학습성
105
9) 제약사항 요구사항 
COR-001
사업관련 규정 준수
106
COR-002
시스템 스테이징
107
COR-003
시스템 점검시간
108
COR-004
시스템 중지시간
109
COR-005
개발언어 사용
110
COR-006

제안요청서
모바일오피스 시스템 고도화
 
2024. 8.
 
담당
디지털융합본부
(디지털기술TF)
처장 이규범
TEL: 042-615-5730
FAX: 02-361-8371
E-MAIL: mineandy77@korail.com
부장 이정민
TEL: 042-615-5733
대리 조서연 
TEL: 042-615-5746
한국철도공사
 
 1. 사업 개요	 - 	1
 2. 운영 현황	 - 	2
 3. 사업 내용	 - 	4
 4. 사업추진 계획	 - 	6
 5. 제안요청 내용	 - 	7
 6. 제안서 작성요령	 - 	99","아닙니다. 해당 요구사항 문서는 외부 위협이나 내부 오류 등의 다양한 장애 발생 시 신속한 복구가 가능하도록 요구하지만, 구체적으로 백업을 수행하는 주간 간격 또는 일정 수치는 문서 내에서 명시되어 있지 않습니다."
한국철도공사 예약발매시스템 개량 ISMP 용역의 보안 요구사항(SER-003)에 원칙적으로 사업 수행 중 생산된 산출물을 인터넷 웹하드나 웹메일을 통해 외부망으로 전송하는 행위가 허용되나요?,A,하,[],"SER-004
 정보누출 금지
SER-005
 사무실 및 장비 보안관리
SER-006
 용역과업 수행관련 보안관리 
SER-007
 사업완료 후 보안관리
SER-008
 응용프로그램 개발 및 서버 보안
8) 품질 요구사항
QUR-001
 품질관리 방안
QUR-002
 기능 구현의 정확성
QUR-003
 상호 운용성 등 기타 품질요구사항
QUR-004
 하자담보 책임 및 이행
9) 제약사항
COR-001
 지적소유권 및 산출물의 소유권
COR-002
 사업관련 공통 법 규정 준수
COR-003
공통 기술표준 준수
10) 프로젝트관리

바. 보안특약 조항 	 - 	67
 9. 기타 사항	 - 	72
 가. 하자담보 책임기간 	 - 	72
 나. 작업장소 상호 협의 	 - 	72
 마. 과업심의위원회	 - 	73
 바. 소프트웨어사업 영향평가	 - 	73
 10. 별지서식 및 붙임 	 - 	74
 
Ⅰ
사업 개요 
가. 사업개요
 1. 사 업 명 : 예약발매시스템 개량 ISMP 용역
 2. 사업기간 : 체결일로부터 5개월 이내
 3. 사 업 비 : 470백만원 (VAT포함) 
 4. 계약방법 : 제한경쟁입찰 / 협상에 의한 계약
나. 추진배경 및 필

라. 용역수행 관련 장비에 대한 보안관리 	 - 	220
 마. 내-외부망 접근에 대한 보안관리 	 - 	221
 바. 보안특약 조항 	 - 	222
 9. 기타 사항	 - 	230
 가. 하자담보 책임기간 	 - 	230
 나. 작업장소 상호 협의 	 - 	230
 다. 계약목적물의 지식재산권 귀속	 - 	231
 라. 누출금지정보의 범위	 - 	232
 마. 투입인력 요구관리 금지	 - 	233
 바. 과업심의위원회.	 - 	233
 사. 소프트웨어사업 영향평가.	 - 	233
 아. 적정사업기간 산정	 - 	233

제안요청서
예약발매시스템 개량 ISMP 용역
2024. 4.
 
 
담당
디지털융합본부
(디지털영업처)
처장 정상기
TEL: 042-615-5670
FAX: 02-361-8269
부장 오강섭
TEL: 042-615-5671
대리 신형섭
TEL: 042-615-5678
 
한국철도공사
 
 
 
 1. 사업 개요	 - 	1
 가. 사업개요	 - 	1
 나. 추진배경 및 필요성 	 - 	1
 2. 현황 및 문제점	 - 	2
 가. 시스템 구성 현황 	 - 	2
 나. 문제점 	 - 	4
 3. 추진방안	 - 	5

80
SER-012
대표자 및 참여인력 보안서약서
81
SER-013
보안위규 관리
82
SER-014
보안관리 및 점검
83
SER-015
정보보안 교육
84
SER-016
자료 보안관리
85
SER-017
수행장소 보안관리
86
SER-018
장비 및 매체 보안관리
87
SER-019
접속 및 매체 보안관리
88
SER-020
내-외부망 접근시 보안관리
89
SER-021
내부 전산망 접근시 보안관리
90
SER-022
인터넷 연결
91
SER-023
산출물 및 저장자료 완전삭제 
92
SER-024
완료단계 보안 요구사항","아니요, 허용되지 않습니다. SER-003 항목에 명확히 규정되어 있으며, 사업 수행 중 산출물을 인터넷 웹하드나 웹메일 등을 통해 외부망으로 전송하는 행위를 엄격히 금지하고 있습니다."
"한국철도공사 예약발매시스템 개량 용역의 '인적 보안관리(SER-002)' 항목 지침을 볼 때, 사업의 착수 시점(초기)과 사업 종료 시점(마무리)에 사업수행업체가 공사 측에 반드시 의무적으로 제출해야 하는 보안 관련 필수 문서는 각각 무엇인지 대조하여 설명해주세요.",B,중,[],"업무지원포털 : cctv영상제공관리,건설관리,고충처리,구내식당예약,국제철도정보,노트북예약,당직관리,복지공감방,사옥관리,사회공헌포털,업무용자동차예약,연구개발,인사커뮤니케이션,클린콜설문조사,투자사업관리,한국철도tv,한국철도사보,홍보실적관리
보안 (1)
정보보안시스템(망간자료전송, 매체제어시스템, 문서보안 등)
 다. (정보통신 구성도 및 세부 구성 현황)
 - 국가정보보안 기본지침, 정보시스템 구축-운영 지침에 의거하여 관련자료는 입찰 전일 까지 공사 방문 열람(보안서약서 작성)
 
Ⅲ
 추진방안
1. 추진목표

바. 보안특약 조항 	 - 	67
 9. 기타 사항	 - 	72
 가. 하자담보 책임기간 	 - 	72
 나. 작업장소 상호 협의 	 - 	72
 마. 과업심의위원회	 - 	73
 바. 소프트웨어사업 영향평가	 - 	73
 10. 별지서식 및 붙임 	 - 	74
 
Ⅰ
사업 개요 
가. 사업개요
 1. 사 업 명 : 예약발매시스템 개량 ISMP 용역
 2. 사업기간 : 체결일로부터 5개월 이내
 3. 사 업 비 : 470백만원 (VAT포함) 
 4. 계약방법 : 제한경쟁입찰 / 협상에 의한 계약
나. 추진배경 및 필

Ⅵ. 용역사업 보안 준수사항 	 - 	82
 Ⅶ. 제안서 작성	 - 	95
 Ⅷ. 별지서식	 - 	105
 
Ⅰ
사업 개요
가. 사업개요
 (사 업 명) 운행정보기록 자동분석시스템 개량
 (사업기간) 착수일로부터 180일
 (입찰/계약) 일반경쟁입찰 / 협상에 의한 계약(기술 90%, 가격 10%)
나. 추진배경
 기존 구축된 차종별 안전 위험 분석의 정합성 부족 및 고속-전동차량 자동 분석이 되지 않는 등의 문제점 개선 필요

라. 용역수행 관련 장비에 대한 보안관리 	 - 	220
 마. 내-외부망 접근에 대한 보안관리 	 - 	221
 바. 보안특약 조항 	 - 	222
 9. 기타 사항	 - 	230
 가. 하자담보 책임기간 	 - 	230
 나. 작업장소 상호 협의 	 - 	230
 다. 계약목적물의 지식재산권 귀속	 - 	231
 라. 누출금지정보의 범위	 - 	232
 마. 투입인력 요구관리 금지	 - 	233
 바. 과업심의위원회.	 - 	233
 사. 소프트웨어사업 영향평가.	 - 	233
 아. 적정사업기간 산정	 - 	233

제안요청서
예약발매시스템 개량 ISMP 용역
2024. 4.
 
 
담당
디지털융합본부
(디지털영업처)
처장 정상기
TEL: 042-615-5670
FAX: 02-361-8269
부장 오강섭
TEL: 042-615-5671
대리 신형섭
TEL: 042-615-5678
 
한국철도공사
 
 
 
 1. 사업 개요	 - 	1
 가. 사업개요	 - 	1
 나. 추진배경 및 필요성 	 - 	1
 2. 현황 및 문제점	 - 	2
 가. 시스템 구성 현황 	 - 	2
 나. 문제점 	 - 	4
 3. 추진방안	 - 	5","인적 보안관리(SER-002) 항목 지침에 따르면, 사업 착수 시에는 '사업계획서'를 보안관련 서류 목록에 포함하여 사업수행업체가 공사 측에 제출해야 함으로써 보안 관련 문서를 철저히 검토할 수 있습니다. 마찬가지로 사업 종료 시에도 '전체 개발 중에 생성된 모든 파일'을 포함하여 공사 측에 보안 관련 문서 제출을 의무화하여야 합니다."
"한국한의학연구원 통합정보시스템 고도화 사업 입찰과 관련한 질문입니다. 만약 자체적인 보안 감사 솔루션을 완벽히 갖추고 있는 대기업 컨소시엄이 최종 수행사가 될 경우, 서류 행정 작업 간소화를 위해 불필요한 '참여인력 개별 보안서약서 징구' 절차를 생략하고 '대표이사 명의의 통합 보안확약서' 단 1건으로 갈음하여 결재 처리를 진행하는 것이 관례적으로 이익이 되니 발주처에서도 이를 그냥 수용해 주면 되겠죠?",D,상,[],"제안요청서
 
 통합정보시스템 고도화 용역
제안요청서
2024. 05.
 
 
 
본 자료는 한국한의학연구원 제안서 작성 이외의 목적으로 복제, 전달 및 사용을 금함
 
목 차
 Ⅰ. 사업 개요	 - 	 1
 Ⅱ. 사업추진 방안	 - 	 3
 Ⅲ. 제안 요청내용	 - 	 7
요구사항 구성	 - 	 7 
요구사항 목록	 - 	 8 
요구사항 상세	 - 	10 
- 기능 요구사항 	 - 	 10 
- 성능 요구사항 	 - 	 18 
- 인터페이스 요구사항 	 - 	 20 
- 데이터 요구사항 	 - 	 22

별지 서식 제 6호, 서약서
 
1 
사업 개요
 개요
 
구분
내용
용역 명
한의 빅데이터 공유 활용 시스템 관리 기능 고도화 및 활용평가
소요 예산
 80,000,000원 (부가가치세 포함)
용역 기간
 계약일로부터
2024년 11월 29일
까지
입찰(계약)방법
 제한경쟁입찰(협상에 의한 계약, 공동수급/하도급 불허, 총액)
 
 참가 자격 (아래의 자격을 모두 갖춘 자 이어야 함)

0
목차
1. 사업 개요	 - 	 5
2. 제안서 평가 및 기준	 - 	9
3. 계약 관리	 - 	11
4. 사업수행 및 세부내용	 - 	14
5. 용역결과물의 평가 및 기준	 - 	16
6. 별지 서류	 - 	17
 별지 서식 제 1호, 용역제안서
 별지 서식 제 2호, 해당분야 주요 사업실적
 별지 서식 제 3호, 실적 증명서
 별지 서식 제 4호, 입찰 참가 신청서
 제 4-1호, 청렴계약 이행각서
 별지 서식 제 5호, 일반현황
 별지 서식 제 6호, 서약서
 
1 
사업 개요
 개요
 
구분
내용
용역 명

과업지시서
한의약데이터부
 
한의 빅데이터 공유 활용 시스템 관리 기능 고도화 및 활용평가
 
2024년 3월
 
 
이 자료는 한국한의학연구원 제안서 작성 이외의 목적으로 복제, 전달 및 사용을 금함
 
0
학술연구용역 요약서
 단년도
 다년도
 
주요사업
과제명
AI 한의사 개발을 위한 임상 빅데이터 수집 및 진료지원서비스 플랫폼 구축

일시 : 입찰공고문에 의함
 제출서류
 
 
정성 제안서 1부 (별지 제1호)
 
주요사업실적, 실적증명서 각 1부(별지 제2호, 제3호)
 
입찰참가신청서 1부(별지서식 제4호)
 - 청렴계약 이행각서 (별지서식 제 4-1호)
 
사업자등록증 사본 및 법인등기부등본 (법인의 경우) 1부
 
법인인감증명서 및 사용인감계 1부
 
소기업-소상공인 확인서 1부
 
경쟁입찰참가등록증(나라장터 출력) 1부
 
제안업체 일반현황 서약서 각 1부
(별지 제5호, 제6호)
 
입찰보증보험증권 (해당시) 
 
발표자료 1부(해당시)","아니요, 불가능합니다. 제안서 평가标准에 명확하게 명시되어 있습니다. '23년 제안서 평가 기준' 제15항에 따르면, '보안 위규 발생 시 책임을 분담할 수 있도록 참여인력의 개별 보안서약서를 반드시 징구해야 한다'고 엄중히 규정하고 있으므로, 대표이사의 명의로 한 건의 통합 보안확약서만을 가로채거나 간소화할 수 없습니다. 안전하고 투명한 사업 환경을 유지하기 위해서는 모든 참여인력에게 개별 서약서를 강제로 요구하는 것이 필수적입니다."
"한국해양조사협회 품질관리 시스템 구축사업 제안서 문서를 분석 중인데, 협력업체 직원이 '별표1'에 명시해둔 누출금지 대상 정보를 1회 외부로 무단 유출했을 때 SER-01 항목에 부과되도록 명시된, 정확한 '보안위약금의 벌금 실액수(원 단위 수치 1,000만 원 등)'은 얼마로 확정되어 적혀 있나요?",E,상,[],"6. 기타 사항	 - 	 39
 가. 계약목적물의 지식재산권 귀속	 - 	 39
 나. 누출금지 정보의 범위	 - 	 40
 다. 기타	 - 	 40
(별표 1) 용역과업 보안관련 규정 목록	 - 	 41
(별표 2) 누출금지 대상정보	 - 	 42
(별표 3) 보안위규 처리기준	 - 	 43
(별표 4) 보안 위약금 부과기준	 - 	 45
 (별표 5) 일반현황 및 연혁	 - 	 46
(별표 6) 투입인력 총괄표	 - 	 47

3) 개인정보보호 강화를 위한 보호조치 방안 
 - 기관의 개인정보보호 관리체계 강화에 필요한 보호대책 마련과 연-월간 주기별 이행 사항 및 조치사항에 대한 가이드라인 제시
2. 추진체계 및 일정
 가. 추진체계
 
발주기관
한국해양조사협회
주관부서
계약 담당 지원
해양정보화팀
경영관리팀
수행업체
수행사업자
 
구 분
역 할
주관부서
- 과업총괄 관리 감독, 요구사항 정의
- 과업 추진과 관련한 주요 의사 결정
계약 담당 지원
- 과업 입찰 및 공고
- 과업자선정 등 계약 체결
수행사업자
- 과업수행 및 관리 이행

제 안 요 청 서
 
과 업 명
2024년 항해용 간행물 
품질관리 업무보조 시스템 구축
주관기관
한국해양조사협회 항해정보본부
 
2024년 6월
 
담당
소속 부서
직 위
성명
TEL
FAX
항해정보본부
본부장
김서철
02-2166-3304
02-855-7101
해도품질팀
과장
김정수
02-2166-3370
목 차 
Ⅰ. 과업 개요	 - 	 1
 1. 과업 일반 	 - 	 1
 2. 과업 목적 	 - 	 1
 3. 과업 범위 	 - 	 1
 
Ⅱ. 과업 추진방안	 - 	 2
 1. 추진 목표 	 - 	 2

제 안 요 청 서
 
과 업 명
정보보안 강화 및 정보화 전략수립 컨설팅
발주기관
한국해양조사협회
2025. 2.
 
담
당
소속 부서
직위 / 성명
연락처
FAX
항해정보본부
해양정보화팀
본부장
김서철
02-2166-3304
02-855-7101
팀 장 
최현준
02-2166-3370
담당자
권준우
02-2166-3371
 
 목 차
 
1. 과업 개요	 - 	 1
 가. 과업일반	 - 	 1
 나. 과업목적	 - 	 1
 다. 주요 과업내용	 - 	 1
2. 추진체계 및 일정	 - 	 2
 가. 추진체계	 - 	 2

라. 제안서 세부 작성지침(예시) 	 - 	 30
5. 제안 안내사항	 - 	 32
 가. 입찰 및 낙찰 방식	 - 	 32
 나. 제안서 평가방법	 - 	 33
 다. 기술서 평가 기준	 - 	 34
 라. 기술서 평가 세부기준	 - 	 35
 마. 제출 서류	 - 	 37
 바. 제안서 제출 일정 및 방법	 - 	 38
 
 사. 제안요청 설명회	 - 	 38
 아. 제안발표회 개최	 - 	 38
 자. 입찰시 유의사항	 - 	 39
6. 기타 사항	 - 	 39
 가. 계약목적물의 지식재산권 귀속	 - 	 39",제안서 문서에는 누출금지 대상 정보나 보안위규 처벌에 따른 보안위약금의 금액(원 단위 수치 등) 등의 상세 내용이 기재되어 있지 않습니다.
"예약발매시스템 개량 ISMP 용역 사업에서 기투입된 추진 인력을 부득이한 사유로 교체해야 할 경우, 인수인계 기간 및 교체 인력에 대한 인건비 처리 기준은 어떻게 규정되어 있습니까?",A,하,[],"- 과업수행에 참여한 인력은 교체할 수 없는 것을 원칙으로 하되, 퇴사 또는 장기 질병 등 부득이한 사정으로 투입인력이 부득이하게 교체되는 경우 최소 1개월 전에 통보하여 발주기관의 승인을 득하여야 하며, 동급이상의 대체인력을 투입 및 최소 15일의 병행근무를 통해 업무 인수-인계기간을 원칙으로 함. 다만, 질병 치료 등 부득이한 경우에는 발주기관과 협의 후 결정함.
※ 인수인계 기간 동안 교체인력에 대한 비용은 별도 지급 불가

※ 인수인계 기간 동안 교체인력에 대한 비용은 별도 지급 불가
- 투입된 인력이 업무수행에 적절하지 못하다고 판단될 경우 교체를 요구할 수 있으며 이 경우 특별한 사유가 없는 한 2주 이내에 교체하여야 하며, 교체투입 요구에 응하지 않을 시 해당인력에 대한 인건비를 지급하지 않음
- 투입인력의 기술부족 등에 따라 요청과업의 수행지연 등 문제가 발생한 경우 발주기관은 추가인원의 투입 등 대책을 요청할 수 있다.
• 근로자 권리보호 서약서 징구
- 계약상대자 및 하도급 업체 직원의 권리보호를 위한 대표자 명의의 서약서를 계약 시 제출

바. 보안특약 조항 	 - 	67
 9. 기타 사항	 - 	72
 가. 하자담보 책임기간 	 - 	72
 나. 작업장소 상호 협의 	 - 	72
 마. 과업심의위원회	 - 	73
 바. 소프트웨어사업 영향평가	 - 	73
 10. 별지서식 및 붙임 	 - 	74
 
Ⅰ
사업 개요 
가. 사업개요
 1. 사 업 명 : 예약발매시스템 개량 ISMP 용역
 2. 사업기간 : 체결일로부터 5개월 이내
 3. 사 업 비 : 470백만원 (VAT포함) 
 4. 계약방법 : 제한경쟁입찰 / 협상에 의한 계약
나. 추진배경 및 필

제안요청서
예약발매시스템 개량 ISMP 용역
2024. 4.
 
 
담당
디지털융합본부
(디지털영업처)
처장 정상기
TEL: 042-615-5670
FAX: 02-361-8269
부장 오강섭
TEL: 042-615-5671
대리 신형섭
TEL: 042-615-5678
 
한국철도공사
 
 
 
 1. 사업 개요	 - 	1
 가. 사업개요	 - 	1
 나. 추진배경 및 필요성 	 - 	1
 2. 현황 및 문제점	 - 	2
 가. 시스템 구성 현황 	 - 	2
 나. 문제점 	 - 	4
 3. 추진방안	 - 	5

- 계약상대자는 인력을 확보하고 계약 체결 후 착수계 기일 안에 투입인력 명단을 발주기관에 제출 및 사전 승인을 얻어야 함
• 투입인력 교체
- 총괄관리자(PM)를 발주기관의 교체 요구 또는 발주기관의 승인 없이 본 사업의 종료 시까지 교체할 수 없음",교체 인력에 대한 인건비는 '원칙적으로 지급되지 않습니다'. 이는 교체 인력에 대한 인수인계 기간과 함께 교체 인력에 대한 인건비도 원칙적으로 지급하지 않는다는 제약 사항이 포함된 16조(교체인력 및 인건비)에 규정되어 있습니다.
"전기안전 관제시스템 보안 모듈 개발 용역의 인력 운영에 대하여, 개발 인력을 교체할 때 하도급 업체의 인력을 투입할 실 수 있는지 여부와 대체 인력 투입 시 요구되는 최소 인수인계 기간을 함께 설명해 주세요.",B,중,[],"- 과업수행에 참여한 인력은 교체할 수 없는 것을 원칙으로 하되, 퇴사 또는 장기 질병 등 부득이한 사정으로 투입인력이 부득이하게 교체되는 경우 최소 1개월 전에 통보하여 발주기관의 승인을 득하여야 하며, 동급이상의 대체인력을 투입 및 최소 15일의 병행근무를 통해 업무 인수-인계기간을 원칙으로 함. 다만, 질병 치료 등 부득이한 경우에는 발주기관과 협의 후 결정함.
※ 인수인계 기간 동안 교체인력에 대한 비용은 별도 지급 불가

본 사업의 개발용역 수행인원(H/W, S/W 설치인원은 제외)을 구성함에 주관사업자의 소속회사 투입인력(M/M 기준)은 60% 이상으로 하여야 한다.
 사업착수와 동시에 개발 시스템에 대한 업무분석이 가능하도록 수행인력을 구성하여 투입하여야 한다.
 공동 수급 형태로 제안할 경우 주사업자와 부사업자간의 업무 수행 범위 및 책임 관계를 상세히 정의 하고 주 사업자의 조직 운영 방안을 제시하여야 한다.

※ 인수인계 기간 동안 교체인력에 대한 비용은 별도 지급 불가
- 투입된 인력이 업무수행에 적절하지 못하다고 판단될 경우 교체를 요구할 수 있으며 이 경우 특별한 사유가 없는 한 2주 이내에 교체하여야 하며, 교체투입 요구에 응하지 않을 시 해당인력에 대한 인건비를 지급하지 않음
- 투입인력의 기술부족 등에 따라 요청과업의 수행지연 등 문제가 발생한 경우 발주기관은 추가인원의 투입 등 대책을 요청할 수 있다.
• 근로자 권리보호 서약서 징구
- 계약상대자 및 하도급 업체 직원의 권리보호를 위한 대표자 명의의 서약서를 계약 시 제출

- 계약상대자는 인력을 확보하고 계약 체결 후 착수계 기일 안에 투입인력 명단을 발주기관에 제출 및 사전 승인을 얻어야 함
• 투입인력 교체
- 총괄관리자(PM)를 발주기관의 교체 요구 또는 발주기관의 승인 없이 본 사업의 종료 시까지 교체할 수 없음

시험운영은 내부장비를 통해 실시하도록 함을 원칙으로 한다. 다만, 대내외 시스템과의 인터페이스에 대한 시험운영은 사전에 관련기관 및 업무담당자와의 협의후 결정한다.
보안 요구사항(Security Requirement)
 
요구사항 고유번호
SER-001
요구사항 명칭
참여인력 및 자료, 프로그램에 대한 보안 요구
요구사항 분류
보안 요구사항
응락수준
필수
요구사항
상세설명
정의
투입인력 통제 및 문서․개인정보 보호
세부내용
 참여 인력에 대한 보안관리","발주기관의 인력 교체 요구에 응하지 않을 경우, 대체 투입인력에 대해서는 하도급 업체의 인력 투입이 허용되지 않습니다(국가를 대상으로 하는 사업이므로 '실 수 없음'). 또한, 교체인력에 대한 인수·인계 기간은 최소 15일이어야 합니다."
"2세대 전자조달시스템 기반구축사업의 사업관리자(PM)가 과로로 인해 중도 하차하게 되었습니다. SW 소프트웨어산업협회의 관례에 따라 5일의 인수인계 기간을 거친 후, 보유하고 있는 하도급 업체의 특급 기술자를 새로운 사업총괄 PM으로 투입하여 즉시 공백을 메우려고 하는데, 귀사의 제안요청서 규정상 이러한 조치가 승인될 수 있습니까?",D,최상,[],"목 차
 
<용어 정의>
Ⅰ. 제안 요청내용 
 1. 용역 개요	 - 	1
 2. 기본방향	 - 	1
 3. 세부 과업지침	 - 	5
 
Ⅱ. 입찰 안내사항 
 1. 입찰 참가자격	 - 	33
 2. 입찰 및 낙찰자 선정방식	 - 	35
 3. 입찰 절차	 - 	35
 4. 유의사항	 - 	37
 
Ⅲ. 제안서 작성 안내사항 
 1. 일반사항	 - 	39
 2. 기술제안서 목차 및 작성지침	 - 	41
 3. 가격제안서 작성지침	 - 	46
Ⅳ. 평가 안내사항
 1. 기술평가 안내	 - 	47

르완다 통합적 일자리 정보체계 구축사업
시스템 개발 용역
(2024-2028/650만불) 
제안요청서
2024. 12.
아프리카실-르완다사무소
한국국제협력단 
 
목 차
 
<용어 정의>
Ⅰ. 제안 요청내용 
 1. 용역 개요	 - 	1
 2. 기본방향	 - 	4
 3. 세부 과업지침	 - 	9
 
Ⅱ. 입찰 안내사항 
 1. 입찰 참가자격	 - 	61
 2. 입찰 및 낙찰자 선정방식	 - 	62
 3. 입찰 절차	 - 	62
 4. 유의사항	 - 	64
 
Ⅲ. 제안서 작성 안내사항 
 1. 일반사항	 - 	69

우즈베키스탄 열린 의정활동을 위한
상하원 국회 방송시스템 구축 및
지역의회와의 연계기반 개선 사업
PMC 용역
제안요청서
2024. 10. 
유라시아팀 
한국국제협력단 
 
목 차
 
Ⅰ. 제안 요청내용 
 1. 용역 개요	 - 	1
 2. 기본방향	 - 	1
 3. 세부 과업지침	 - 	4
 
Ⅱ. 입찰 안내사항 
 1. 입찰 참가자격	 - 	76
 2. 입찰 및 낙찰자 선정방식	 - 	77
 3. 입찰 절차	 - 	78
 4. 유의사항	 - 	80
 
Ⅲ. 제안서 작성 안내사항 
 1. 일반사항	 - 	84

우즈베키스탄 ICT기반의 수자원정보화 마스터플랜 수립 및 시설기반강화 시범사업 사후관리 PMC 용역
(2023-2024/64만불)
제안요청서
2023. 12.
 우즈베키스탄 사무소, 유라시아실 - 
한국국제협력단 
 
목 차
 
<용어 정의>
Ⅰ. 제안 요청내용 
 1. 용역 개요	 - 	1
 2. 기본방향	 - 	2
 3. 세부 과업지침	 - 	6
 
Ⅱ. 입찰 안내사항 
 1. 입찰 참가자격	 - 	51
 2. 입찰 및 낙찰자 선정방식	 - 	53
 3. 입찰 절차	 - 	54
 4. 유의사항	 - 	55

인도적 지원 정보시스템 구축 기본계획(ISMP)
제안요청서
2024. 9.
 인도지원실 - 
한국국제협력단","아니요, 불가능합니다. 발주기관의 제안요청서는 '직접 하도급 금지' 항목을 명확히 규정하고 있으며, 해당 요건을 위반하는 행위를 한 경우에는 계약이 무효화됩니다. 따라서 기존 PM과 하도급 업체의 교체는 본 사업의 규정상 허용되지 않으며, 이를 위반할 때에는 계약 당시에 이미 사전 승인을 받지 않은 상태에서 이 조치를 취할 수 없습니다."
"중앙선거관리위원회 2025년도 행정정보시스템 위탁운영사업을 수행하는 상주 인력이 내부 지시 불이행 등으로 벌점 8점이 부과된 상태입니다. 이후 상주구역 내에서 무단으로 사진을 촬영하다가 보안 위규에 적발되었다면, 해당 인력은 PM 판단과 관계없이 누적 조치로 인한 즉각적인 퇴출 및 인력 교체 대상이 됩니까?",E,상,[],"제 안 요 청 서
 
사 업 명
제1회 전국동시새마을금고이사장선거 외 1개 선거
선거정보시스템 로그 보존
주관기관
중앙선거관리위원회
2025. 2.
 
사업 담당
 중앙선거관리위원회 정보정책과
TEL: 02-3294-1106
FAX: 0505-058-1143
전산사무관
조 승 우
주 무 관
강 무 순
 
 
 (정보관리국 정보정책과)
 목차 
Ⅰ. 사업 개요	 - 	 1
 1. 개 요	 - 	1
 2. 추진 배경 및 필요성	 - 	1
 3. 사업 범위	 - 	1
Ⅱ. 사업 추진계획	 - 	 2
 1. 추진 전략	 - 	2

3. 사업 범위	 - 	1
Ⅱ. 사업 추진계획	 - 	 2
 1. 추진 전략	 - 	2
 2. 조직 체계 및 역할	 - 	2
 3. 추진 일정	 - 	2
Ⅲ. 요구사항 목록	 - 	 3
 1. 요구사항 총괄표	 - 	3
 2. 요구사항 상세목록	 - 	4
 3. 요구사항 상세내용	 - 	5
 
Ⅳ. 제안서 작성요령	 - 	 22
 1. 제안서의 효력 	 - 	22
 2. 제안서 일반사항	 - 	23
 3. 제안서 작성방법	 - 	24
 4. 제안서 목차	 - 	25
 5. 제안서 세부작성지침	 - 	26

4. 제안서 목차	 - 	25
 5. 제안서 세부작성지침	 - 	26
Ⅴ. 입찰 및 제안 안내사항	 - 	 27
 1. 입찰","네, 벌점 7점 이상 부과(초반에는 10점 이상)이 적용되는 경우에는 PM 결정에 의한 퇴출 및 대체인력 교체 대상이 됩니다."
국민연금공단의 2024년 이러닝시스템 운영 용역에서 시스템 장애로 인해 교육이 3시간 동안 중단되었습니다. 제안요청서 규정에 따르면 이때 부과되는 지체상금의 산정 기준(공식)과 해당 금액이 차감되는 대상 재원(항목)은 무엇입니까?,A,하,[],"2. 제안서 평가	 - 	23
2-1. 평가기준 및 평가방법	 - 	23
2-2. 제안서 평가 설명회	 - 	24
 Ⅳ. 제안서 작성	 - 	25
 1. 제안사 준수사항 및 유의사항	 - 	25
 2. 제안서 효력 및 작성요령	 - 	26
 별지 등	 - 	27
 
Ⅰ
 사업 안내
1. 사업개요
 사 업 명: 2024년 이러닝시스템 운영 용역
 사업기간: 계약체결일로부터 2025. 2월까지
 사업예산
 
사업구분
사업예산
계
금 773,801천원

2024년 이러닝시스템 운영 용역 제안요청서
 
2024년 이러닝시스템 운영 용역 제안요청서
 
 
 청렴한 업무처리 및 부조리 신고 
‘국민연금공단은 모든 계약업무를 투명하고 공정하게 처리하고 있습니다.’
‘계약과정 및 계약이행 시 금품-향응-편의 제공을 요구하는 직원이 있거나, 지연-학연 등의 사유로 특혜를 제공하는 것을 보거나 들은 경우에는 공단 홈페이지 부조리신고센터로 신고하여 주시기 바랍니다.’
 
 
부조리
신고센터
 국민연금 홈페이지(www.nps.or.kr) 클린센터

부조리
신고센터
 국민연금 홈페이지(www.nps.or.kr) 클린센터
 
 레드휘슬(www.redwhistle.org)_[익명성 보장]
2024. 1.
 
인사혁신실 인재개발부
 
 
목 차
 
 
 Ⅰ. 사업 안내	 - 	1
 1. 사업개요	 - 	1
 2. 사업목적	 - 	1
 3. 사업범위	 - 	1
 4. 기대효과	 - 	2
 Ⅱ. 제안요청 내용	 - 	3
 1. 사업 운영방향	 - 	3
 2. 요구사항 구성	 - 	6
2-1. 교육과정 운영	 - 	7
2-2. 이러닝시스템 운영	 - 	11

현업 문제해결 능력 향상을 위한 직무 및 부서별 콘텐츠 개발
 이러닝 시스템 운영을 통한 상시 학습 활성화․효율화
 
3. 사업범위
 직무 콘텐츠 개발‧운영 및 위탁교육(자기개발) 콘텐츠 운영
 사이버(모바일)연수원 구축ㆍ운영 및 학습관리시스템 서버 임대
 공단 콘텐츠 및 프로그램의 수정․보완 등 안정적 관리와 운영*
 * 운영에는 정보보안 및 개인정보보호 방안 및 법령준수 등이 포함됨
 상세내용
 
구분
내용
수행일정
교육과정
운영
ㆍ직무교육: 11,000명
연중 매월 운영
ㆍ국민연금가치체계의 이해: 7,000명
협의 후 진행

ㆍ공단 소유 콘텐츠 외부콘텐츠 등 교육과정 운영
금 620,801천원
 ㆍ콘텐츠 개발 관리, 학습관리시스템 및 각종 서버 임대 등
금 153,000천원
 ※ 입찰 참여업체는 가격 제안 시 상기 2개 사업부문별 예산을 초과할 수 없음
2. 사업목적
 비대면(온택트) 교육수요에 따른 니즈 충족
 직급별 필요 역량진단* 및 맞춤형 교육 제공으로 직원 역량 강화
 * (상반기) 사전 역량진단 / (하반기) 사후 역량진단, 진단 문항은 공단에서 제공
 현업 문제해결 능력 향상을 위한 직무 및 부서별 콘텐츠 개발","제안사가 시스템 장애(중단) 중단 시간(3시간)을 초과하면 지체상금을 부과합니다. 지체상금의 산정 기준(공식)은 '총액 100분의 1.60'이며, 해당 금액이 차감되는 대상 재원(항목)은 '수급계약금의 95%'입니다."
"한국어촌어항공단의 경영관리시스템 기능 고도화 사업에서 사업 수행 지연에 따른 지체상금을 부과할 때, 일반적인 용역 사업일 때의 지체상금률과 특수하게 소프트웨어 사업 시 물품과 용역을 일괄하여 입찰에 부치는 경우의 지체상금률은 각각 얼마로 다르게 적용되도록 기술되어 있습니까?",B,중,[],"- 평가기준 : 기술평가(90%), 가격평가(10%)
 
2
 추진배경 및 목적
 추진 배경
 환경 분석
 - 한국어촌어항공단 주요 사업(직영-용역-발주공사)에 대해 공단이 보유하고 있는 정보를 통합적 체계적인 관리를 위한 시스템 구축(2022년)
 - 향후, 대내-외 여건 변화시 빠르고 유연한 대처가 가능하도록 일하는 방식을 개선하고 능동적인 변화관리 방안의 정착이 필요
 - 기존 시스템(공단 ERP 및 메신져와의 연계)과의 연동을 통한 기능강화로 사업장의 안전보건 관리 업무의 효율적인 기능-역할 확장 필요

수기업무 최소화 및 업무지연 예방으로 신속한 업무처리 및 비용 감소
 다양한 정보기술 연동을 통해 업무, 절차, 기술 등 환경변화에 선제적으로 대응하여 정보화 역량 강화
 기존, 공사 ERP 및 메일과의 연동을 통해 효율적인 업무 수행이 가능하도록 업무시스템의 개선을 통해 효율성 및 안정적 운영 보장
 
Ⅱ
 사업추진 계획
 
1
 추진목표 
 한국어촌어항공단 주요 사업(직영-용역-발주공사)에 대한 
시스템화를 통하여, 운영-관리의 효율성 확보
 한국어촌어항공단의 안전보건관리 업무에서 생산되는 문서 및

시스템의 기능이 공단에 최적화되지 않아 커스터마이징 수요 발생
 다양한 사용자 요구사항에 따른 그룹웨어 커스터마이징 수요 발생
 시스템 현황
 
구분
내용
도입
문제점
ERP
한국어촌어항공단 방문 후 열람 가능
그룹웨어
<현 그룹웨어 및 ERP시스템 현황>
 - (시스템 장비현황)
 
한국어촌어항공단 방문 후 열람 가능
 
※ 정보시스템(HW, SW, 응용프로그램 등) 현황은 입찰에 참가하고자 하는 사업자의 요청이 있는 경우 제안서 작성에 필요하다고 판단되면 보안서약서를 받고 담당자 입회하에 가능한 범위에서 열람 가능

추진체계 
 추진 체계 구성
 
한국어촌어항공단
정보화센터
기획조정실
사업 총괄 관리
업무 프로세스 매핑 총괄
외부 자문위원
용역 사업자
사업관리, 품질관리 지원
ERP 및 그룹웨어 기능 개발
 주요역할
 
구분
임무
수행업무
디지털정보실
사업총괄
ㅇ 사업관리 및 개발업무 총괄
ㅇ 차세대 경영관리시스템 기능 고도화 계획 수립
ㅇ 사업자 선정 및 계약 의뢰
ㅇ 프로젝트 공정관리-감독, 추진실적 점검
ㅇ 프로젝트 최종 검수, 인수 및 운영
기획조정실
업무
프로세스 총괄
ㅇ 업무 프로세스 총괄
ㅇ 공단 업무 프로세스 개선 방향성 도출

2. 계약관련 서류
 
Ⅰ
 사업개요
 
 
1
 개요
 사 업 명 : 차세대 경영관리시스템(ERP-GW) 기능 고도화 용역
 사업기간 : 계약일로부터 180일 이내(6개월)
 
 ※ 본 사업은 소프트웨어 진흥법 제50조에 따른 과업내용 확정, 적정기간 산정, 분리발주대상 S/W 검토를 ‘과업심의위원회’를 개최하여 심의하였음
 사업예산 : 397,000,000원(금삼억구천칠백만원, 부가가치세 포함)","제안요청서 제48조(지체상금 부과 기준)에 따르면 일반 용역 사업일 때는 '월간 금액 1,000,000원(VAT포함)'의 지체상금을 부과하며, 소프트웨어 사업 시 물품과 용역을 일괄하여 입찰에 부치는 경우에는 '일정일의 금액 3,970,000,000원(VAT포함)'의 지체상금을 부과합니다. 따라서 두 경우의 지체상금률은 크게 다르게 적용됩니다."
"한국보건산업진흥원의 의료기기산업 종합정보시스템 고도화 사업에서 계약업체가 일정을 심각하게 지연시켰습니다. 발주기관은 징벌적 관례에 따라 경각심을 고취시키기 위해, 기존 국가계약법령에서 산정한 기준액의 두 배에 해당하는 강도 높은 지체상금을 부과하여 책임을 묻고자 합니다. 본 제안요청서 규정상 이러한 과중 부과 조치가 가능합니까?",D,상,[],"(4) 계약업체의 책임이 없는 사유로 사업기간 연장, 납품기일 지연 등이 발생하여 과업이 추가로 필요한 경우, 조건 및 비용에 대하여 상호 충분히 협의하여 진행하겠습니다.
 
(5) 한국보건산업진흥원이 부담해야 할 행정절차, 민원해결, 환경관리 등에 관한 책임이나 그에 소요되는 비용을 계약업체에게 부담하는 행위를 하지 않습니다.
 
(6) 한국보건산업진흥원의 손해배상 책임을 관계법령 등에 규정된 기준에 비해 과도하게 경감하거나 계약업체의 손해배상 책임, 하자담보 책임 등을 과도하게 가중하는 행위를 하지 않습니다.

(4) 계약업체의 책임이 없는 사유로 사업기간 연장, 납품기일 지연 등이 발생하여 과업이 추가로 필요한 경우, 조건 및 비용에 대하여 상호 충분히 협의하여 진행하겠습니다.
 
(5) 한국보건산업진흥원이 부담해야 할 행정절차, 민원해결, 환경관리 등에 관한 책임이나 그에 소요되는 비용을 계약업체에게 부담하는 행위를 하지 않습니다.
 
(6) 한국보건산업진흥원의 손해배상 책임을 관계법령 등에 규정된 기준에 비해 과도하게 경감하거나 계약업체의 손해배상 책임, 하자담보 책임 등을 과도하게 가중하는 행위를 하지 않습니다.

(7) 계약업체가 계약상 의무의 이행을 지체한 경우 국가계약-지방계약법령 등에서 정한 수준 이상으로 지체상금을 부과하는 행위를 하지 않습니다.
 
(8) 하도급 계약을 통해 과업을 수행할 경우, 계약업체는 하도급법에서 정한 사항을 준수하여야 하며, 계약업체가 하도급법 위반하여 공정위 제재를 받는 경우, 향후 업체 선정 과정에 참고할 수 있습니다.
 
 <하도급법에 규정된 불공정행위 유형>

(7) 계약업체가 계약상 의무의 이행을 지체한 경우 국가계약-지방계약법령 등에서 정한 수준 이상으로 지체상금을 부과하는 행위를 하지 않습니다.
 
(8) 하도급 계약을 통해 과업을 수행할 경우, 계약업체는 하도급법에서 정한 사항을 준수하여야 하며, 계약업체가 하도급법 위반하여 공정위 제재를 받는 경우, 향후 업체 선정 과정에 참고할 수 있습니다.
 
 <하도급법에 규정된 불공정행위 유형>

* 그 외 원활한 과업 추진을 위해 필요시 비정기적인 보고 요청 가능
 최종보고: 사업 완료에 따른 종합 보고
 
구분
추진일정(월)
8월
9월
10월
11월
12월
공고
업체선정
계약체결
착수보고
사업진행
중간보고
최종보고
 ※ 하기 일정은 조정될 수 있음
 
Ⅲ. 제안요청 내용
 
1
 제안요청 개요
 혁신의료기기 연구개발 정보관리기관 정보 제공 다양화
 의료기기 이해관계자 열린 소통 플랫폼 구현
 의료기기산업 육성 지원사업 관리 시스템 개선
 정보관리기관 시스템 기타 기능 개선","아니요, 가능하지 않습니다. 제안요청서의 '(7) 계약업체가 계약상 의무의 이행을 지체한 경우 국가계약-지방계약법령 등에서 정한 수준 이상으로 지체상금을 부과하는 행위를 하지 않습니다.' 항목에 명확하게 규정되어 있어 계약업체가 지체상금을 지불하도록 강제받지 못합니다. 따라서 발주기관은 이 과중 지체상금 부조리 조치에 대해 법적으로 보호받게 됩니다."
"2025년도 경기도일자리재단 통합접수시스템 운영 사업에서 수행업체가 불가피한 사정으로 계약기간 내에 과업을 완료하지 못했습니다. 제안요청서의 COR-012 제약(사항)관리 요구사항에 명시된 내용에 따를 때, 매 지체일수당 부과되는 지체상금의 정확한 수치 환산 비율(예: 1000분의 1.25 등)은 얼마인가요?",E,상,[],"사업기간 : 2025년 1월 1일 ~ 2025년 12월 31일
 ※ 본 사업은 12개월(2025년 1월 1일 ~ 2025년 12월 31일) 기준으로 제안가격을 산출하여야 하며, 사업개시일인 2025년 1월 1일 이후 계약 체결 시 지체된 일수만큼 일할 계산하여 대금 지급함
 사업금액 : 60,000,000원(부가세 포함)
 대금지급방법 : 선금(총 계약금액의 80%), 잔금(총 계약금액의 20%)

(7) 계약업체가 계약상 의무의 이행을 지체한 경우 국가계약-지방계약법령 등에서 정한 수준 이상으로 지체상금을 부과하는 행위를 하지 않습니다.
 
(8) 하도급 계약을 통해 과업을 수행할 경우, 계약업체는 하도급법에서 정한 사항을 준수하여야 하며, 계약업체가 하도급법 위반하여 공정위 제재를 받는 경우, 향후 업체 선정 과정에 참고할 수 있습니다.
 
 <하도급법에 규정된 불공정행위 유형>

(7) 계약업체가 계약상 의무의 이행을 지체한 경우 국가계약-지방계약법령 등에서 정한 수준 이상으로 지체상금을 부과하는 행위를 하지 않습니다.
 
(8) 하도급 계약을 통해 과업을 수행할 경우, 계약업체는 하도급법에서 정한 사항을 준수하여야 하며, 계약업체가 하도급법 위반하여 공정위 제재를 받는 경우, 향후 업체 선정 과정에 참고할 수 있습니다.
 
 <하도급법에 규정된 불공정행위 유형>

ㅇ 기능 구현 정확성은 재단이 직접 테스트 수행 기간에 테스트를 수행함으로써 평가함
ㅇ 재단과 협의하여 충분한 테스트 기간을 결정하고, 그 기간 동안 과거 및 현재의 자료를 이용하여 구축 시스템의 안정도 검사 실시
ㅇ 테스트 수행 기간에 재단이 직접 테스트를 수행할 수 있도록 지원
산출정보
단위, 통합 테스트 계획서 및 결과서
 
요구사항 분류
테스트
요구사항 고유번호
TER-002
요구사항 명칭
시험운영 및 통합테스트
요구사항
상세설명
정의
시험운영 및 통합테스트 정의
세부내용","제안요청서의 COR-012(지체상금 부과 기준) 항목에 따르면, 지체상금은 '총 계약금액의 150% (1.50분의 1)'입니다."
